ISO-10303-21;
HEADER;
FILE_DESCRIPTION (( 'STEP AP203' ),
    '1' );
FILE_NAME ('handel.stp',
    '2026-05-22T09:01:36',
    ( '' ),
    ( '' ),
    'SwSTEP 2.0',
    'SolidWorks 2022',
    '' );
FILE_SCHEMA (( 'CONFIG_CONTROL_DESIGN' ));
ENDSEC;

DATA;
#1 = CARTESIAN_POINT ( 'NONE',  ( -18.74240602893613783, 1.615406523570099839, -13.02842596631650984 ) ) ;
#2 = ORIENTED_EDGE ( 'NONE', *, *, #293, .T. ) ;
#3 = EDGE_CURVE ( 'NONE', #2026, #3797, #3026, .T. ) ;
#4 = CARTESIAN_POINT ( 'NONE',  ( 7.599999999999999645, 2.000000000000000000, -34.90000000000000568 ) ) ;
#5 = CARTESIAN_POINT ( 'NONE',  ( -12.50000000000000000, -25.73096446465114795, -43.37494407279647390 ) ) ;
#6 = ORIENTED_EDGE ( 'NONE', *, *, #586, .T. ) ;
#7 = ORIENTED_EDGE ( 'NONE', *, *, #909, .F. ) ;
#8 = CARTESIAN_POINT ( 'NONE',  ( -15.60000000000000142, 2.000000000000000000, -20.90000000000000568 ) ) ;
#9 = AXIS2_PLACEMENT_3D ( 'NONE', #1394, #3957, #2978 ) ;
#10 = CARTESIAN_POINT ( 'NONE',  ( 7.600000000000004086, 0.000000000000000000, -8.908039471232259096E-16 ) ) ;
#11 = CARTESIAN_POINT ( 'NONE',  ( 7.600000000000004086, 6.500000000000000000, -8.908039471232259096E-16 ) ) ;
#12 = DIRECTION ( 'NONE',  ( 1.000000000000000000, 0.000000000000000000, 0.000000000000000000 ) ) ;
#13 = ORIENTED_EDGE ( 'NONE', *, *, #2114, .F. ) ;
#14 = CARTESIAN_POINT ( 'NONE',  ( -4.000000000000000000, 24.50000000000000000, -12.80000000000000249 ) ) ;
#15 = EDGE_LOOP ( 'NONE', ( #2815, #2841, #452, #3522, #1448, #3326, #1971, #2319, #3076, #1074, #333 ) ) ;
#16 = CARTESIAN_POINT ( 'NONE',  ( -20.47162218736372097, 2.770108979992676801, -37.75619941306977267 ) ) ;
#17 = CIRCLE ( 'NONE', #4084, 4.999999999999998224 ) ;
#18 = DATE_TIME_ROLE ( 'classification_date' ) ;
#19 = CARTESIAN_POINT ( 'NONE',  ( 12.49999999999999645, -49.59946704211349555, -54.38797527067956850 ) ) ;
#20 = CARTESIAN_POINT ( 'NONE',  ( -7.500378102231104904, -22.99727922784137846, -47.56851524165816869 ) ) ;
#21 = VECTOR ( 'NONE', #3599, 1000.000000000000000 ) ;
#22 = CARTESIAN_POINT ( 'NONE',  ( 11.76911979248019158, 3.469446951953614189E-15, -40.00000000000000711 ) ) ;
#23 = ORIENTED_EDGE ( 'NONE', *, *, #1030, .F. ) ;
#24 = DIRECTION ( 'NONE',  ( 1.000000000000000000, 0.000000000000000000, 0.000000000000000000 ) ) ;
#25 = EDGE_CURVE ( 'NONE', #1405, #1389, #2625, .T. ) ;
#26 = FACE_OUTER_BOUND ( 'NONE', #1455, .T. ) ;
#27 = ORIENTED_EDGE ( 'NONE', *, *, #2822, .F. ) ;
#28 = DIRECTION ( 'NONE',  ( 1.000000000000000000, 0.000000000000000000, -0.000000000000000000 ) ) ;
#29 = EDGE_CURVE ( 'NONE', #3211, #1488, #4040, .T. ) ;
#30 = DIRECTION ( 'NONE',  ( -0.000000000000000000, -0.000000000000000000, -1.000000000000000000 ) ) ;
#31 = CARTESIAN_POINT ( 'NONE',  ( 12.50000000000000000, 2.000000000000000000, -21.90000000000000924 ) ) ;
#32 = AXIS2_PLACEMENT_3D ( 'NONE', #3033, #783, #2050 ) ;
#33 = ORIENTED_EDGE ( 'NONE', *, *, #172, .F. ) ;
#34 = ADVANCED_FACE ( 'NONE', ( #751 ), #2569, .T. ) ;
#35 = AXIS2_PLACEMENT_3D ( 'NONE', #1191, #2478, #2455 ) ;
#36 = CARTESIAN_POINT ( 'NONE',  ( -20.50000000000000000, 19.31717597600972880, -17.80000000000000426 ) ) ;
#37 = ORIENTED_EDGE ( 'NONE', *, *, #3964, .T. ) ;
#38 = APPROVAL_DATE_TIME ( #2583, #2710 ) ;
#39 = CARTESIAN_POINT ( 'NONE',  ( -15.59999999999999787, 7.500000000000000000, -38.00000000000000000 ) ) ;
#40 = CARTESIAN_POINT ( 'NONE',  ( -8.635762369322835141, -15.38084778003221409, -44.08068155302856894 ) ) ;
#41 = CARTESIAN_POINT ( 'NONE',  ( -15.59999999999999964, 4.163336342344340182E-15, 14.88122107133281524 ) ) ;
#43 = ORIENTED_EDGE ( 'NONE', *, *, #172, .T. ) ;
#42 = CARTESIAN_POINT ( 'NONE',  ( -18.00000000000000355, 24.00000000000000000, -12.80000000000000249 ) ) ;
#44 = CARTESIAN_POINT ( 'NONE',  ( 12.50000000000000000, -52.26104122192602830, 38.96161228923899245 ) ) ;
#45 = DIRECTION ( 'NONE',  ( 0.000000000000000000, 0.000000000000000000, 1.000000000000000000 ) ) ;
#46 = ORIENTED_EDGE ( 'NONE', *, *, #1762, .T. ) ;
#47 = ADVANCED_FACE ( 'NONE', ( #771 ), #2296, .F. ) ;
#48 = DIRECTION ( 'NONE',  ( 1.000000000000000000, -1.234678630588474831E-16, 0.000000000000000000 ) ) ;
#49 = CARTESIAN_POINT ( 'NONE',  ( -0.5000000000000004441, 3.851648071345041835, -15.30000000000000071 ) ) ;
#50 = DIRECTION ( 'NONE',  ( -2.668805347656628651E-16, -1.000000000000000000, 0.000000000000000000 ) ) ;
#51 = EDGE_LOOP ( 'NONE', ( #3577, #119, #335, #1464, #824, #1384 ) ) ;
#52 = AXIS2_PLACEMENT_3D ( 'NONE', #1332, #3570, #729 ) ;
#53 = LINE ( 'NONE', #976, #428 ) ;
#54 = EDGE_LOOP ( 'NONE', ( #695, #315 ) ) ;
#55 = SHAPE_DEFINITION_REPRESENTATION ( #2444, #2642 ) ;
#56 = VECTOR ( 'NONE', #2705, 1000.000000000000000 ) ;
#57 = CARTESIAN_POINT ( 'NONE',  ( 9.167114548073005409, -49.98103845713236382, -59.27862533276113055 ) ) ;
#58 = CARTESIAN_POINT ( 'NONE',  ( -19.06953381770518519, -3.576165455737029930, -18.76485250651251846 ) ) ;
#60 = ORIENTED_EDGE ( 'NONE', *, *, #651, .F. ) ;
#59 = CARTESIAN_POINT ( 'NONE',  ( 7.500000000000000888, -5.087574398201583747, -76.71747411510716574 ) ) ;
#61 = CARTESIAN_POINT ( 'NONE',  ( 2.999999999999998224, 24.50000000000000000, -7.299999999999990941 ) ) ;
#62 = CYLINDRICAL_SURFACE ( 'NONE', #3721, 2.000000000000001776 ) ;
#63 = EDGE_LOOP ( 'NONE', ( #129, #475 ) ) ;
#64 = VERTEX_POINT ( 'NONE', #1101 ) ;
#65 = DIRECTION ( 'NONE',  ( -0.000000000000000000, -0.000000000000000000, 1.000000000000000000 ) ) ;
#66 = ADVANCED_FACE ( 'NONE', ( #1695, #3576 ), #3973, .F. ) ;
#67 = CARTESIAN_POINT ( 'NONE',  ( -20.00318570246331973, 1.392714216128525528, -14.19210724046966554 ) ) ;
#68 = CARTESIAN_POINT ( 'NONE',  ( -12.50000000000000000, -58.04782015010812302, -42.98464839224138245 ) ) ;
#69 = ORIENTED_EDGE ( 'NONE', *, *, #2828, .T. ) ;
#70 = EDGE_CURVE ( 'NONE', #1422, #4057, #3593, .T. ) ;
#71 = LINE ( 'NONE', #2871, #750 ) ;
#72 = DESIGN_CONTEXT ( 'detailed design', #2688, 'design' ) ;
#73 = VERTEX_POINT ( 'NONE', #2955 ) ;
#74 = EDGE_CURVE ( 'NONE', #1376, #905, #2424, .T. ) ;
#75 = DIRECTION ( 'NONE',  ( -0.000000000000000000, -0.000000000000000000, 1.000000000000000000 ) ) ;
#76 = CARTESIAN_POINT ( 'NONE',  ( -20.14326177083082214, 0.0001121966109786116245, -15.58180718147454868 ) ) ;
#78 = ORIENTED_EDGE ( 'NONE', *, *, #283, .F. ) ;
#77 = DIRECTION ( 'NONE',  ( -0.000000000000000000, -0.000000000000000000, 1.000000000000000000 ) ) ;
#79 = LINE ( 'NONE', #2899, #213 ) ;
#80 = CIRCLE ( 'NONE', #2280, 2.000000000000001776 ) ;
#81 =( BOUNDED_CURVE ( )  B_SPLINE_CURVE ( 3, ( #2584, #22, #3484, #1939 ),
 .UNSPECIFIED., .F., .T. ) 
 B_SPLINE_CURVE_WITH_KNOTS ( ( 4, 4 ),
 ( 0.000000000000000000, 0.7863929337716271117 ),
 .UNSPECIFIED. ) 
 CURVE ( )  GEOMETRIC_REPRESENTATION_ITEM ( )  RATIONAL_B_SPLINE_CURVE ( ( 1.000000000000000000, 0.9491260514455468478, 0.9491260514455468478, 1.000000000000000000 ) ) 
 REPRESENTATION_ITEM ( '' )  );
#82 = EDGE_CURVE ( 'NONE', #3215, #4067, #1703, .T. ) ;
#83 = DIRECTION ( 'NONE',  ( 0.000000000000000000, 0.000000000000000000, -1.000000000000000000 ) ) ;
#84 = CARTESIAN_POINT ( 'NONE',  ( 2.500000000000005773, 24.50000000000000000, -6.800000000000002487 ) ) ;
#85 = ORIENTED_EDGE ( 'NONE', *, *, #2267, .F. ) ;
#86 = VERTEX_POINT ( 'NONE', #466 ) ;
#87 = DIRECTION ( 'NONE',  ( 0.000000000000000000, 0.000000000000000000, 1.000000000000000000 ) ) ;
#88 = VECTOR ( 'NONE', #3942, 1000.000000000000000 ) ;
#89 = VERTEX_POINT ( 'NONE', #2664 ) ;
#90 = DIRECTION ( 'NONE',  ( 1.000000000000000000, 0.000000000000000000, 0.000000000000000000 ) ) ;
#91 = DIRECTION ( 'NONE',  ( -1.000000000000000000, -0.000000000000000000, 0.000000000000000000 ) ) ;
#92 = ORIENTED_EDGE ( 'NONE', *, *, #2180, .F. ) ;
#93 = ADVANCED_FACE ( 'NONE', ( #122 ), #1673, .F. ) ;
#94 = AXIS2_PLACEMENT_3D ( 'NONE', #832, #2100, #526 ) ;
#95 = CYLINDRICAL_SURFACE ( 'NONE', #215, 10.00000000000000000 ) ;
#96 = CARTESIAN_POINT ( 'NONE',  ( -4.000000000000000000, 19.25000000000000000, -59.56998842140697548 ) ) ;
#97 = FACE_OUTER_BOUND ( 'NONE', #140, .T. ) ;
#98 = CIRCLE ( 'NONE', #2421, 1.000000000000000888 ) ;
#100 = ORIENTED_EDGE ( 'NONE', *, *, #3109, .F. ) ;
#99 = LINE ( 'NONE', #3251, #1110 ) ;
#101 = EDGE_CURVE ( 'NONE', #3215, #1679, #2936, .T. ) ;
#102 = DIRECTION ( 'NONE',  ( -0.3234176703671924891, 0.8085441759179816668, 0.4915865397703340633 ) ) ;
#103 = VECTOR ( 'NONE', #733, 1000.000000000000000 ) ;
#104 = CARTESIAN_POINT ( 'NONE',  ( -8.546633369868304797, 27.12499999999999645, -59.56998842140697548 ) ) ;
#105 = CARTESIAN_POINT ( 'NONE',  ( 7.500000000000000888, -38.27104994509839031, -32.91353655732997652 ) ) ;
#106 = ORIENTED_EDGE ( 'NONE', *, *, #252, .F. ) ;
#107 = ADVANCED_FACE ( 'NONE', ( #425 ), #2331, .T. ) ;
#108 = DIRECTION ( 'NONE',  ( 0.000000000000000000, 0.000000000000000000, -1.000000000000000000 ) ) ;
#109 = CIRCLE ( 'NONE', #3239, 2.000000000000003553 ) ;
#110 = ORIENTED_EDGE ( 'NONE', *, *, #1245, .F. ) ;
#111 = LINE ( 'NONE', #2982, #496 ) ;
#112 = EDGE_LOOP ( 'NONE', ( #921, #962 ) ) ;
#113 = CIRCLE ( 'NONE', #1320, 1.099999999999999423 ) ;
#114 = CARTESIAN_POINT ( 'NONE',  ( -7.842747827504696012, -50.00000000000000000, -59.56998842140698258 ) ) ;
#115 = CIRCLE ( 'NONE', #4125, 5.000000000000002665 ) ;
#116 = EDGE_CURVE ( 'NONE', #3808, #2910, #3574, .T. ) ;
#117 = CARTESIAN_POINT ( 'NONE',  ( 7.599999999999999645, 0.000000000000000000, -38.00000000000000000 ) ) ;
#119 = ORIENTED_EDGE ( 'NONE', *, *, #1704, .T. ) ;
#118 = CARTESIAN_POINT ( 'NONE',  ( -20.41410051746963106, 2.000000000000000000, -33.89999999999999858 ) ) ;
#120 = CARTESIAN_POINT ( 'NONE',  ( -10.00331581901592770, -12.77879843462393161, -25.97738598513832287 ) ) ;
#121 = FACE_BOUND ( 'NONE', #3916, .T. ) ;
#122 = FACE_OUTER_BOUND ( 'NONE', #622, .T. ) ;
#123 = ORIENTED_EDGE ( 'NONE', *, *, #1985, .F. ) ;
#124 = DIRECTION ( 'NONE',  ( -1.000000000000000000, 0.000000000000000000, 0.000000000000000000 ) ) ;
#125 = EDGE_CURVE ( 'NONE', #1422, #3154, #1303, .T. ) ;
#126 = VERTEX_POINT ( 'NONE', #230 ) ;
#127 = CIRCLE ( 'NONE', #542, 39.21139182335095086 ) ;
#128 = CARTESIAN_POINT ( 'NONE',  ( -20.32299928755316998, 1.187896989108941925, -15.08712108282156628 ) ) ;
#129 = ORIENTED_EDGE ( 'NONE', *, *, #1853, .T. ) ;
#130 = CIRCLE ( 'NONE', #1999, 2.000000000000001776 ) ;
#131 = DIRECTION ( 'NONE',  ( -1.000000000000000000, 0.000000000000000000, 0.000000000000000000 ) ) ;
#132 = CARTESIAN_POINT ( 'NONE',  ( -10.00331581901592415, -15.37633217284855469, -21.70505424722460219 ) ) ;
#133 = FACE_OUTER_BOUND ( 'NONE', #1638, .T. ) ;
#134 = CARTESIAN_POINT ( 'NONE',  ( 11.40288615195596122, -1.597821454072987590, -13.26746487848713585 ) ) ;
#135 = VERTEX_POINT ( 'NONE', #3124 ) ;
#136 = DIRECTION ( 'NONE',  ( 0.000000000000000000, 0.000000000000000000, 1.000000000000000000 ) ) ;
#137 = DIRECTION ( 'NONE',  ( -0.003960390527118990214, 0.8520182524821987569, 0.5234970990789279410 ) ) ;
#138 = CARTESIAN_POINT ( 'NONE',  ( 12.50000000000000533, 2.000000000000000000, -19.90000000000000924 ) ) ;
#139 = CARTESIAN_POINT ( 'NONE',  ( 10.61965544928550997, -3.583978968983737357, -14.19197806341733958 ) ) ;
#140 = EDGE_LOOP ( 'NONE', ( #1309, #2291, #2015 ) ) ;
#141 = DIRECTION ( 'NONE',  ( 1.000000000000000000, 0.000000000000000000, 0.000000000000000000 ) ) ;
#142 = ADVANCED_FACE ( 'NONE', ( #1522 ), #2793, .F. ) ;
#143 = AXIS2_PLACEMENT_3D ( 'NONE', #3032, #155, #2741 ) ;
#144 = AXIS2_PLACEMENT_3D ( 'NONE', #2066, #170, #90 ) ;
#145 = EDGE_LOOP ( 'NONE', ( #4012, #363, #1328, #1230 ) ) ;
#146 = AXIS2_PLACEMENT_3D ( 'NONE', #3861, #2925, #3903 ) ;
#147 = EDGE_CURVE ( 'NONE', #791, #974, #768, .T. ) ;
#148 = CARTESIAN_POINT ( 'NONE',  ( 7.500000000000000888, -81.44548052105768932, 47.55891605489174623 ) ) ;
#149 = CARTESIAN_POINT ( 'NONE',  ( -19.59772745054539556, 2.139424023157835197, -13.41912791241024117 ) ) ;
#150 = PLANE ( 'NONE',  #2891 ) ;
#151 = EDGE_LOOP ( 'NONE', ( #3327, #447, #3531, #223 ) ) ;
#152 = EDGE_CURVE ( 'NONE', #509, #2582, #2903, .T. ) ;
#153 = CARTESIAN_POINT ( 'NONE',  ( -7.500000000000000000, -52.26104122192602830, 38.96161228923899245 ) ) ;
#154 = CARTESIAN_POINT ( 'NONE',  ( 7.500000000000000888, -52.26104122192602830, 38.96161228923899245 ) ) ;
#155 = DIRECTION ( 'NONE',  ( -1.000000000000000000, -0.000000000000000000, 0.000000000000000000 ) ) ;
#156 = FACE_BOUND ( 'NONE', #706, .T. ) ;
#157 = EDGE_LOOP ( 'NONE', ( #3691, #1651, #3976, #3196 ) ) ;
#158 = ORIENTED_EDGE ( 'NONE', *, *, #1118, .T. ) ;
#159 = DIRECTION ( 'NONE',  ( 0.000000000000000000, 0.000000000000000000, -1.000000000000000000 ) ) ;
#160 = CIRCLE ( 'NONE', #3842, 1.099999999999999423 ) ;
#161 = CARTESIAN_POINT ( 'NONE',  ( 7.599999999999999645, 0.000000000000000000, -17.80000000000000782 ) ) ;
#162 = CARTESIAN_POINT ( 'NONE',  ( 12.50000000000000000, -26.89356550409317137, -32.67924315023918780 ) ) ;
#163 = ORIENTED_EDGE ( 'NONE', *, *, #346, .T. ) ;
#164 = EDGE_LOOP ( 'NONE', ( #1211, #1696, #722, #916 ) ) ;
#165 = CARTESIAN_POINT ( 'NONE',  ( 7.599999999999999645, 6.499999999999999112, -38.00000000000000000 ) ) ;
#166 = EDGE_CURVE ( 'NONE', #648, #547, #1167, .T. ) ;
#167 = VERTEX_POINT ( 'NONE', #893 ) ;
#168 = VECTOR ( 'NONE', #1012, 1000.000000000000000 ) ;
#169 = DIRECTION ( 'NONE',  ( 0.000000000000000000, -1.000000000000000000, 0.000000000000000000 ) ) ;
#170 = DIRECTION ( 'NONE',  ( 0.000000000000000000, 0.000000000000000000, -1.000000000000000000 ) ) ;
#171 = CARTESIAN_POINT ( 'NONE',  ( -13.93754314304520925, -16.60217601944652799, -38.79880690473616056 ) ) ;
#172 = EDGE_CURVE ( 'NONE', #3642, #1266, #3637, .T. ) ;
#173 = CYLINDRICAL_SURFACE ( 'NONE', #2294, 20.00000000000000000 ) ;
#174 = ORIENTED_EDGE ( 'NONE', *, *, #2366, .T. ) ;
#175 = CARTESIAN_POINT ( 'NONE',  ( -20.26325510479677661, 0.7815080560599310111, -21.49130674456887391 ) ) ;
#176 = CARTESIAN_POINT ( 'NONE',  ( -12.50000000000000000, -49.59940323465188783, -54.38728604831039348 ) ) ;
#177 = CARTESIAN_POINT ( 'NONE',  ( 12.50000000000000000, 2.000000000000000000, -37.90000000000001279 ) ) ;
#178 = CIRCLE ( 'NONE', #3042, 1.099999999999996758 ) ;
#179 = ORIENTED_EDGE ( 'NONE', *, *, #1664, .F. ) ;
#180 = ORIENTED_EDGE ( 'NONE', *, *, #1306, .F. ) ;
#181 = CARTESIAN_POINT ( 'NONE',  ( -18.77620951860486187, -4.272571759089336396, -35.85571707088331550 ) ) ;
#182 = CIRCLE ( 'NONE', #3990, 1.100000000000000311 ) ;
#183 = CARTESIAN_POINT ( 'NONE',  ( 7.500000000000000888, -38.27104994509839031, -32.91353655732997652 ) ) ;
#184 = CARTESIAN_POINT ( 'NONE',  ( -19.23315025113367582, 1.819853730714943163, -13.24364343756938212 ) ) ;
#185 = CARTESIAN_POINT ( 'NONE',  ( 0.5466333698683003561, 21.87500000000000000, -14.80000000000000782 ) ) ;
#186 = ORIENTED_EDGE ( 'NONE', *, *, #3164, .F. ) ;
#187 = CARTESIAN_POINT ( 'NONE',  ( -11.00000000000000000, 24.50000000000000000, -7.299999999999990941 ) ) ;
#188 = VERTEX_POINT ( 'NONE', #3758 ) ;
#189 = DIRECTION ( 'NONE',  ( 1.000000000000000000, 3.541727096785980494E-15, 0.000000000000000000 ) ) ;
#190 = EDGE_CURVE ( 'NONE', #858, #1991, #3057, .T. ) ;
#191 = FACE_BOUND ( 'NONE', #1470, .T. ) ;
#192 = LINE ( 'NONE', #924, #1894 ) ;
#193 = DIRECTION ( 'NONE',  ( -0.000000000000000000, -1.000000000000000000, -0.000000000000000000 ) ) ;
#194 = ORIENTED_EDGE ( 'NONE', *, *, #1193, .F. ) ;
#195 = EDGE_CURVE ( 'NONE', #4067, #1428, #2473, .T. ) ;
#196 = CARTESIAN_POINT ( 'NONE',  ( -9.167128170774132556, -49.98103813543725948, -59.27862042766686557 ) ) ;
#197 = FACE_BOUND ( 'NONE', #4092, .T. ) ;
#198 = EDGE_LOOP ( 'NONE', ( #4015, #231, #2567, #2457 ) ) ;
#199 = ORIENTED_EDGE ( 'NONE', *, *, #1327, .T. ) ;
#200 = CIRCLE ( 'NONE', #1460, 75.99948021134780163 ) ;
#201 = DIRECTION ( 'NONE',  ( -1.000000000000000000, -0.000000000000000000, -0.000000000000000000 ) ) ;
#202 = EDGE_CURVE ( 'NONE', #1008, #167, #3105, .T. ) ;
#203 = CARTESIAN_POINT ( 'NONE',  ( 7.500000000000000888, -9.086390166513892197, -17.40216771640798399 ) ) ;
#204 = CARTESIAN_POINT ( 'NONE',  ( -19.08262545539455601, 1.936853968535672710, -13.08986337428186886 ) ) ;
#205 = B_SPLINE_CURVE_WITH_KNOTS ( 'NONE', 3,
 ( #2950, #694, #1668, #1962 ),
 .UNSPECIFIED., .F., .F.,
 ( 4, 4 ),
 ( 0.000000000000000000, 0.0001714550984384894468 ),
 .UNSPECIFIED. ) ;
#206 = CARTESIAN_POINT ( 'NONE',  ( 10.00000000000000000, 0.9517243909168746629, -15.30000000000000249 ) ) ;
#207 = ORIENTED_EDGE ( 'NONE', *, *, #2689, .T. ) ;
#208 = EDGE_CURVE ( 'NONE', #1266, #1604, #2081, .T. ) ;
#209 = CARTESIAN_POINT ( 'NONE',  ( 2.546633369868304353, 21.87500000000000000, -14.80000000000000782 ) ) ;
#210 = CARTESIAN_POINT ( 'NONE',  ( -19.99969943311785059, -0.1065133231666148539, -15.39443796207368287 ) ) ;
#211 = ORIENTED_EDGE ( 'NONE', *, *, #4090, .T. ) ;
#212 = DIRECTION ( 'NONE',  ( 0.000000000000000000, 0.000000000000000000, 1.000000000000000000 ) ) ;
#213 = VECTOR ( 'NONE', #442, 1000.000000000000000 ) ;
#214 = DIRECTION ( 'NONE',  ( 0.000000000000000000, 0.000000000000000000, -1.000000000000000000 ) ) ;
#215 = AXIS2_PLACEMENT_3D ( 'NONE', #3322, #781, #516 ) ;
#216 = CARTESIAN_POINT ( 'NONE',  ( -0.5000000000000004441, 3.851648071345041835, -38.00000000000000000 ) ) ;
#217 = CARTESIAN_POINT ( 'NONE',  ( -8.546633369868304797, 27.12499999999999645, -59.56998842140697548 ) ) ;
#218 = VERTEX_POINT ( 'NONE', #3353 ) ;
#219 = AXIS2_PLACEMENT_3D ( 'NONE', #1326, #1990, #334 ) ;
#220 = CARTESIAN_POINT ( 'NONE',  ( 12.50000000000000355, 2.000000000000000000, -35.90000000000000568 ) ) ;
#221 = CARTESIAN_POINT ( 'NONE',  ( 0.5466333698683039088, 21.87500000000000000, -14.80000000000000782 ) ) ;
#222 = DIRECTION ( 'NONE',  ( 0.000000000000000000, 0.000000000000000000, 1.000000000000000000 ) ) ;
#223 = ORIENTED_EDGE ( 'NONE', *, *, #4134, .F. ) ;
#224 = ADVANCED_FACE ( 'NONE', ( #546 ), #1776, .F. ) ;
#225 = ORIENTED_EDGE ( 'NONE', *, *, #3263, .T. ) ;
#226 = CARTESIAN_POINT ( 'NONE',  ( -17.74858008149626087, -6.290252133478525742, -37.55650242481885215 ) ) ;
#227 = DIRECTION ( 'NONE',  ( -1.000000000000000000, -0.000000000000000000, 0.000000000000000000 ) ) ;
#228 = CARTESIAN_POINT ( 'NONE',  ( 0.5466333698683039088, 21.87500000000000000, -14.80000000000000782 ) ) ;
#229 = AXIS2_PLACEMENT_3D ( 'NONE', #3606, #691, #418 ) ;
#230 = CARTESIAN_POINT ( 'NONE',  ( 10.50000000000000000, 2.000000000000000444, -17.90000000000000568 ) ) ;
#231 = ORIENTED_EDGE ( 'NONE', *, *, #2077, .T. ) ;
#232 = EDGE_CURVE ( 'NONE', #3154, #1422, #2230, .T. ) ;
#233 = DIRECTION ( 'NONE',  ( 1.000000000000000000, 0.000000000000000000, 0.000000000000000000 ) ) ;
#234 = AXIS2_PLACEMENT_3D ( 'NONE', #371, #1659, #1341 ) ;
#235 = DIRECTION ( 'NONE',  ( 1.000000000000000000, 0.000000000000000000, -1.172110456741086321E-16 ) ) ;
#236 = EDGE_CURVE ( 'NONE', #2590, #1892, #4011, .T. ) ;
#237 = ORIENTED_EDGE ( 'NONE', *, *, #1635, .F. ) ;
#238 = CARTESIAN_POINT ( 'NONE',  ( -6.546633369868300356, 27.12499999999999645, -17.80000000000000782 ) ) ;
#239 = AXIS2_PLACEMENT_3D ( 'NONE', #1122, #2387, #276 ) ;
#240 = FACE_OUTER_BOUND ( 'NONE', #1803, .T. ) ;
#241 = DIRECTION ( 'NONE',  ( -1.000000000000000000, -0.000000000000000000, 0.000000000000000000 ) ) ;
#242 = CARTESIAN_POINT ( 'NONE',  ( -20.49584549509193465, 3.425545171384517307, -34.48354432292334337 ) ) ;
#243 = ORIENTED_EDGE ( 'NONE', *, *, #3164, .T. ) ;
#244 =( BOUNDED_CURVE ( )  B_SPLINE_CURVE ( 3, ( #3375, #1205, #3080, #4095 ),
 .UNSPECIFIED., .F., .T. ) 
 B_SPLINE_CURVE_WITH_KNOTS ( ( 4, 4 ),
 ( 5.023212924997171314, 5.092895357497054576 ),
 .UNSPECIFIED. ) 
 CURVE ( )  GEOMETRIC_REPRESENTATION_ITEM ( )  RATIONAL_B_SPLINE_CURVE ( ( 1.000000000000000000, 0.9995954041478168905, 0.9995954041478168905, 1.000000000000000000 ) ) 
 REPRESENTATION_ITEM ( '' )  );
#245 = VECTOR ( 'NONE', #30, 1000.000000000000000 ) ;
#246 = CARTESIAN_POINT ( 'NONE',  ( 10.24676030599044019, -6.559902440869866957, -41.72746460340179908 ) ) ;
#247 = FACE_BOUND ( 'NONE', #4091, .T. ) ;
#248 = ORIENTED_EDGE ( 'NONE', *, *, #1450, .F. ) ;
#249 = ORIENTED_EDGE ( 'NONE', *, *, #1619, .F. ) ;
#250 = B_SPLINE_CURVE_WITH_KNOTS ( 'NONE', 3,
 ( #329, #2904, #2525, #1600, #3810, #970, #2575, #1863, #638, #3834 ),
 .UNSPECIFIED., .F., .F.,
 ( 4, 2, 2, 2, 4 ),
 ( 0.000000000000000000, 0.001295702014660404756, 0.002591404029320809512, 0.005182808058641619024, 0.01036561611728323805 ),
 .UNSPECIFIED. ) ;
#251 = DIRECTION ( 'NONE',  ( 1.000000000000000000, 0.000000000000000000, 0.000000000000000000 ) ) ;
#252 = EDGE_CURVE ( 'NONE', #1978, #3612, #705, .T. ) ;
#253 = DIRECTION ( 'NONE',  ( -1.000000000000000000, -0.000000000000000000, 0.000000000000000000 ) ) ;
#254 = CARTESIAN_POINT ( 'NONE',  ( -4.000000000000000000, 19.25000000000000000, -17.80000000000000782 ) ) ;
#255 = DIRECTION ( 'NONE',  ( -0.000000000000000000, -0.000000000000000000, 1.000000000000000000 ) ) ;
#256 = ORIENTED_EDGE ( 'NONE', *, *, #125, .T. ) ;
#257 = DIRECTION ( 'NONE',  ( -1.000000000000000000, -0.000000000000000000, 0.000000000000000000 ) ) ;
#258 = VECTOR ( 'NONE', #1532, 1000.000000000000000 ) ;
#259 = EDGE_CURVE ( 'NONE', #2104, #2435, #3358, .T. ) ;
#260 = DIRECTION ( 'NONE',  ( -1.000000000000000000, -0.000000000000000000, 1.239088197126291063E-16 ) ) ;
#261 = ORIENTED_EDGE ( 'NONE', *, *, #3104, .F. ) ;
#262 = CARTESIAN_POINT ( 'NONE',  ( -18.00000000000000355, 24.00000000000000000, -15.30000000000000249 ) ) ;
#263 = EDGE_CURVE ( 'NONE', #3394, #347, #1469, .T. ) ;
#264 = CARTESIAN_POINT ( 'NONE',  ( -18.34390979013056722, 1.297723559749210498, -12.95447211691328881 ) ) ;
#265 = CARTESIAN_POINT ( 'NONE',  ( -0.5533666301316948477, 21.87500000000000000, -59.56998842140697548 ) ) ;
#266 = FACE_OUTER_BOUND ( 'NONE', #373, .T. ) ;
#267 = VERTEX_POINT ( 'NONE', #3442 ) ;
#268 = DIRECTION ( 'NONE',  ( -1.000000000000000000, -0.000000000000000000, -0.000000000000000000 ) ) ;
#269 = CARTESIAN_POINT ( 'NONE',  ( -7.500000000000000000, -43.33338686551969232, -31.98202041779980931 ) ) ;
#270 =( BOUNDED_CURVE ( )  B_SPLINE_CURVE ( 3, ( #1667, #3588, #3908, #1387 ),
 .UNSPECIFIED., .F., .T. ) 
 B_SPLINE_CURVE_WITH_KNOTS ( ( 4, 4 ),
 ( 0.9171336611167621999, 1.024522741109004764 ),
 .UNSPECIFIED. ) 
 CURVE ( )  GEOMETRIC_REPRESENTATION_ITEM ( )  RATIONAL_B_SPLINE_CURVE ( ( 1.000000000000000000, 0.9990391963328604241, 0.9990391963328604241, 1.000000000000000000 ) ) 
 REPRESENTATION_ITEM ( '' )  );
#271 = ORIENTED_EDGE ( 'NONE', *, *, #2105, .F. ) ;
#272 = ORIENTED_EDGE ( 'NONE', *, *, #2086, .F. ) ;
#273 = CARTESIAN_POINT ( 'NONE',  ( 0.000000000000000000, 0.000000000000000000, 0.000000000000000000 ) ) ;
#274 = CARTESIAN_POINT ( 'NONE',  ( -18.79376670484671052, 1.835356876960707151, -12.96126582670269833 ) ) ;
#275 = CARTESIAN_POINT ( 'NONE',  ( -12.96387371621803908, -20.46698219112116490, -40.27072511488133699 ) ) ;
#276 = DIRECTION ( 'NONE',  ( -1.000000000000000000, 0.000000000000000000, 0.000000000000000000 ) ) ;
#277 = VECTOR ( 'NONE', #773, 1000.000000000000000 ) ;
#278 = EDGE_LOOP ( 'NONE', ( #3590, #3561, #883, #1351 ) ) ;
#279 = DIRECTION ( 'NONE',  ( 1.000000000000000000, 0.000000000000000000, 0.000000000000000000 ) ) ;
#280 = AXIS2_PLACEMENT_3D ( 'NONE', #2475, #3173, #279 ) ;
#281 = DIRECTION ( 'NONE',  ( -0.000000000000000000, -0.000000000000000000, -1.000000000000000000 ) ) ;
#282 = EDGE_LOOP ( 'NONE', ( #1872, #492 ) ) ;
#283 = EDGE_CURVE ( 'NONE', #3236, #3373, #2417, .T. ) ;
#284 = DIRECTION ( 'NONE',  ( 0.000000000000000000, 0.000000000000000000, 1.000000000000000000 ) ) ;
#285 = CARTESIAN_POINT ( 'NONE',  ( -19.85350466435541250, 1.668739971482374074, -13.83986741118914310 ) ) ;
#286 = CARTESIAN_POINT ( 'NONE',  ( 10.50000000000000000, 2.000000000000000000, -36.90000000000000568 ) ) ;
#287 = CARTESIAN_POINT ( 'NONE',  ( -8.648054930162167864, -15.37140308255223431, -44.08572250564217399 ) ) ;
#288 = VERTEX_POINT ( 'NONE', #1250 ) ;
#289 = EDGE_CURVE ( 'NONE', #1749, #1633, #433, .T. ) ;
#290 = AXIS2_PLACEMENT_3D ( 'NONE', #2097, #2770, #1449 ) ;
#291 = DIRECTION ( 'NONE',  ( 0.000000000000000000, -0.3337848580975577573, 0.9426492818141820607 ) ) ;
#292 = CARTESIAN_POINT ( 'NONE',  ( 11.50000000000000000, 6.500000000000000000, -39.00000000000000000 ) ) ;
#293 = EDGE_CURVE ( 'NONE', #2264, #1258, #81, .T. ) ;
#294 = ORIENTED_EDGE ( 'NONE', *, *, #1988, .T. ) ;
#295 = ORIENTED_EDGE ( 'NONE', *, *, #4059, .F. ) ;
#296 = AXIS2_PLACEMENT_3D ( 'NONE', #2011, #1705, #2396 ) ;
#297 = CALENDAR_DATE ( 2026, 22, 5 ) ;
#298 = DIRECTION ( 'NONE',  ( -1.000000000000000000, -0.000000000000000000, 0.000000000000000000 ) ) ;
#299 = CARTESIAN_POINT ( 'NONE',  ( -12.64534695068253711, -21.71589613206634084, -46.78002838553393872 ) ) ;
#300 = VECTOR ( 'NONE', #2462, 1000.000000000000000 ) ;
#301 = LINE ( 'NONE', #361, #3906 ) ;
#302 = EDGE_LOOP ( 'NONE', ( #4108, #256 ) ) ;
#303 = CARTESIAN_POINT ( 'NONE',  ( 12.50000000000000000, -33.51298582741227960, -82.87340924047713031 ) ) ;
#304 = CARTESIAN_POINT ( 'NONE',  ( 10.50000000000000000, 2.000000000000000000, -20.90000000000000924 ) ) ;
#305 = ORIENTED_EDGE ( 'NONE', *, *, #1171, .F. ) ;
#306 = EDGE_LOOP ( 'NONE', ( #738, #2189, #2861, #4048 ) ) ;
#307 = AXIS2_PLACEMENT_3D ( 'NONE', #2603, #1976, #3929 ) ;
#308 = CARTESIAN_POINT ( 'NONE',  ( -18.50000000000000355, 2.000000000000000000, -34.89999999999999858 ) ) ;
#309 = EDGE_CURVE ( 'NONE', #1633, #1234, #301, .T. ) ;
#310 = CARTESIAN_POINT ( 'NONE',  ( -0.5533666301316991776, 27.12500000000000711, -14.80000000000000782 ) ) ;
#311 = AXIS2_PLACEMENT_3D ( 'NONE', #2174, #928, #3162 ) ;
#312 = DIRECTION ( 'NONE',  ( 0.000000000000000000, 0.5000000000000011102, 0.8660254037844379305 ) ) ;
#313 = CARTESIAN_POINT ( 'NONE',  ( -7.500000000000000888, -23.11079073049727128, -47.63818905538877146 ) ) ;
#314 = CARTESIAN_POINT ( 'NONE',  ( 7.500000000000000888, -50.00000000000000711, -59.56998842140697548 ) ) ;
#315 = ORIENTED_EDGE ( 'NONE', *, *, #283, .T. ) ;
#316 = FACE_OUTER_BOUND ( 'NONE', #278, .T. ) ;
#317 = ADVANCED_FACE ( 'NONE', ( #1570, #2814, #3869 ), #2498, .F. ) ;
#318 = CARTESIAN_POINT ( 'NONE',  ( -18.55959667720274098, 1.876311481284836935, -12.89059864266194566 ) ) ;
#319 = ORIENTED_EDGE ( 'NONE', *, *, #2442, .T. ) ;
#320 = FACE_OUTER_BOUND ( 'NONE', #430, .T. ) ;
#321 = CARTESIAN_POINT ( 'NONE',  ( -10.50000000000000000, 24.00000000000000000, -12.80000000000000249 ) ) ;
#322 = CARTESIAN_POINT ( 'NONE',  ( 12.50000000000000000, 0.9517243909168746629, -15.30000000000000249 ) ) ;
#323 = ORIENTED_EDGE ( 'NONE', *, *, #3541, .T. ) ;
#324 = CARTESIAN_POINT ( 'NONE',  ( -15.59999999999999964, 2.000000000000000000, -36.90000000000000568 ) ) ;
#325 = CARTESIAN_POINT ( 'NONE',  ( -20.31231831143310629, 1.115450339321911288, -37.69848012743854326 ) ) ;
#326 = VERTEX_POINT ( 'NONE', #3229 ) ;
#327 = ORIENTED_EDGE ( 'NONE', *, *, #2061, .F. ) ;
#328 = AXIS2_PLACEMENT_3D ( 'NONE', #3747, #1512, #535 ) ;
#329 = CARTESIAN_POINT ( 'NONE',  ( -13.93754314304520747, -16.60217601944652088, -38.79880690473616056 ) ) ;
#330 = CIRCLE ( 'NONE', #394, 2.000000000000001776 ) ;
#331 = LINE ( 'NONE', #992, #245 ) ;
#332 = DIRECTION ( 'NONE',  ( -1.000000000000000000, 0.000000000000000000, 0.000000000000000000 ) ) ;
#333 = ORIENTED_EDGE ( 'NONE', *, *, #3674, .T. ) ;
#334 = DIRECTION ( 'NONE',  ( -1.000000000000000000, 0.000000000000000000, 0.000000000000000000 ) ) ;
#335 = ORIENTED_EDGE ( 'NONE', *, *, #4000, .F. ) ;
#336 = ADVANCED_FACE ( 'NONE', ( #915 ), #1878, .F. ) ;
#337 = CARTESIAN_POINT ( 'NONE',  ( -20.49961887392643334, 3.675881998702645426, -37.00934887086612690 ) ) ;
#338 = DIRECTION ( 'NONE',  ( -1.000000000000000000, -0.000000000000000000, 0.000000000000000000 ) ) ;
#339 = CARTESIAN_POINT ( 'NONE',  ( -13.47351060213029506, -18.15553419930870760, -39.31080946909789020 ) ) ;
#340 = DIRECTION ( 'NONE',  ( -1.000000000000000000, -0.000000000000000000, 1.239088197126291063E-16 ) ) ;
#341 = ADVANCED_FACE ( 'NONE', ( #1002, #2835, #380 ), #2231, .F. ) ;
#342 = DIRECTION ( 'NONE',  ( 1.000000000000000000, 0.000000000000000000, 0.000000000000000000 ) ) ;
#343 = CARTESIAN_POINT ( 'NONE',  ( -20.20147587872004991, 0.4039329159696321003, -34.66701091467932372 ) ) ;
#344 = B_SPLINE_CURVE_WITH_KNOTS ( 'NONE', 3,
 ( #1094, #114, #1386, #1707, #196, #3346, #439, #2071, #2344, #500, #3287, #3625, #3965, #2030, #1770, #1725, #2676, #1445, #176, #1467 ),
 .UNSPECIFIED., .F., .F.,
 ( 4, 2, 2, 2, 2, 2, 2, 2, 2, 4 ),
 ( 8.673617379884034509E-19, 0.001013284287672055594, 0.002026568575344110321, 0.003039852863016165047, 0.004053137150688219774, 0.005066421438360274067, 0.006079705726032329227, 0.007092990013704384387, 0.007599632157540411534, 0.008106274301376437813 ),
 .UNSPECIFIED. ) ;
#345 = EDGE_LOOP ( 'NONE', ( #2388, #3773, #2492, #3781 ) ) ;
#346 = EDGE_CURVE ( 'NONE', #435, #64, #3780, .T. ) ;
#347 = VERTEX_POINT ( 'NONE', #2207 ) ;
#348 = CARTESIAN_POINT ( 'NONE',  ( -0.5533666301316948477, 21.87500000000000000, -14.80000000000000782 ) ) ;
#349 = B_SPLINE_CURVE_WITH_KNOTS ( 'NONE', 3,
 ( #1367, #3305, #2343, #3624, #761, #175, #3009, #1112, #2379, #797, #3926, #2069, #1444, #2719, #4001, #3369, #1055, #2322, #1106, #3658, #1439, #2942, #2005, #1989, #1382, #1363, #1741, #3619, #412, #3002 ),
 .UNSPECIFIED., .F., .F.,
 ( 4, 2, 2, 2, 2, 2, 2, 2, 2, 2, 2, 2, 2, 2, 4 ),
 ( 0.002357782176183497586, 0.003143314928519359407, 0.003536081304687287499, 0.003928847680855216892, 0.004321614057023144551, 0.004714380433191073944, 0.005107146809359002469, 0.005499913185526930995, 0.005892679561694860388, 0.006285445937862788046, 0.007070978690198645965, 0.007463745066366572756, 0.007856511442534498679, 0.008249277818702424603, 0.008642044194870350526 ),
 .UNSPECIFIED. ) ;
#350 = CIRCLE ( 'NONE', #869, 111.6486471906048621 ) ;
#351 = DIRECTION ( 'NONE',  ( 1.000000000000000000, 0.000000000000000000, 0.000000000000000000 ) ) ;
#352 = DIRECTION ( 'NONE',  ( -1.734723475976806848E-16, 0.000000000000000000, -1.000000000000000000 ) ) ;
#353 = ORIENTED_EDGE ( 'NONE', *, *, #1417, .F. ) ;
#354 = CYLINDRICAL_SURFACE ( 'NONE', #2018, 2.499999999999998668 ) ;
#355 = VERTEX_POINT ( 'NONE', #608 ) ;
#356 = CIRCLE ( 'NONE', #1683, 2.000000000000001776 ) ;
#357 = CARTESIAN_POINT ( 'NONE',  ( 10.87518904075848525, -49.90673852500722063, -58.19017163407401938 ) ) ;
#358 = EDGE_CURVE ( 'NONE', #2101, #905, #3839, .T. ) ;
#359 = CARTESIAN_POINT ( 'NONE',  ( -19.84551363609126184, -1.636215909771832955, -17.90429635852484225 ) ) ;
#360 = AXIS2_PLACEMENT_3D ( 'NONE', #2654, #3945, #1769 ) ;
#361 = CARTESIAN_POINT ( 'NONE',  ( 12.50000000000000355, 2.000000000000000000, -36.90000000000000568 ) ) ;
#363 = ORIENTED_EDGE ( 'NONE', *, *, #1565, .T. ) ;
#362 = CARTESIAN_POINT ( 'NONE',  ( -8.546633369868304797, 21.87500000000000711, -14.80000000000000782 ) ) ;
#364 = CARTESIAN_POINT ( 'NONE',  ( 12.50000000000000178, 4.885674384018713567, -39.16001855534803155 ) ) ;
#365 = CARTESIAN_POINT ( 'NONE',  ( -20.20201816517436200, 0.4113122644866252231, -37.12190162539986460 ) ) ;
#366 = ADVANCED_FACE ( 'NONE', ( #3463 ), #2526, .T. ) ;
#367 = VERTEX_POINT ( 'NONE', #1089 ) ;
#368 = CARTESIAN_POINT ( 'NONE',  ( 8.518925773636135901, -7.437707864246396738, -16.20946997031227355 ) ) ;
#369 = ADVANCED_FACE ( 'NONE', ( #3028 ), #173, .T. ) ;
#370 = DIRECTION ( 'NONE',  ( -1.000000000000000000, -0.000000000000000000, 1.239088197126291063E-16 ) ) ;
#371 = CARTESIAN_POINT ( 'NONE',  ( 12.50000000000000000, -38.27104994509839031, -32.91353655732997652 ) ) ;
#372 = AXIS2_PLACEMENT_3D ( 'NONE', #4099, #1229, #1902 ) ;
#373 = EDGE_LOOP ( 'NONE', ( #1042, #3748, #2672, #3197 ) ) ;
#374 = CIRCLE ( 'NONE', #3504, 5.000000000000000888 ) ;
#375 = CARTESIAN_POINT ( 'NONE',  ( -4.000000000000000000, 29.75000000000000355, -6.800000000000002487 ) ) ;
#376 = VERTEX_POINT ( 'NONE', #497 ) ;
#377 = PRODUCT_RELATED_PRODUCT_CATEGORY ( 'detail', '', ( #3722 ) ) ;
#378 = LINE ( 'NONE', #2637, #3919 ) ;
#379 = CARTESIAN_POINT ( 'NONE',  ( -20.16924803651570031, 0.1305560024879076630, -15.80263824013470852 ) ) ;
#380 = FACE_OUTER_BOUND ( 'NONE', #3117, .T. ) ;
#382 = EDGE_LOOP ( 'NONE', ( #1188, #69, #2401, #561, #2257, #3628, #2626, #3468, #2465, #3713, #3980, #837, #2779, #3453 ) ) ;
#381 = CYLINDRICAL_SURFACE ( 'NONE', #1182, 0.9999999999999991118 ) ;
#383 = DIRECTION ( 'NONE',  ( 0.000000000000000000, -0.3337848580975577573, 0.9426492818141820607 ) ) ;
#384 = ADVANCED_FACE ( 'NONE', ( #3005 ), #150, .T. ) ;
#385 = CARTESIAN_POINT ( 'NONE',  ( -7.500378102231111122, -22.99727922784138556, -47.56851524165815448 ) ) ;
#386 = ORIENTED_EDGE ( 'NONE', *, *, #3502, .T. ) ;
#387 = CARTESIAN_POINT ( 'NONE',  ( -8.546633369868304797, 27.12499999999999645, -14.80000000000000782 ) ) ;
#388 = ADVANCED_FACE ( 'NONE', ( #3660 ), #794, .T. ) ;
#389 = DIRECTION ( 'NONE',  ( 0.000000000000000000, 0.000000000000000000, -1.000000000000000000 ) ) ;
#390 = LINE ( 'NONE', #3858, #1573 ) ;
#391 = VECTOR ( 'NONE', #1058, 1000.000000000000000 ) ;
#392 = ORIENTED_EDGE ( 'NONE', *, *, #2292, .F. ) ;
#393 = ADVANCED_FACE ( 'NONE', ( #819 ), #2090, .F. ) ;
#394 = AXIS2_PLACEMENT_3D ( 'NONE', #898, #591, #1548 ) ;
#395 = CARTESIAN_POINT ( 'NONE',  ( -18.54606747302926095, 1.932417857895744495, -12.88539714793905588 ) ) ;
#396 = ORIENTED_EDGE ( 'NONE', *, *, #857, .F. ) ;
#397 = CIRCLE ( 'NONE', #2717, 10.00000000000000000 ) ;
#398 = FACE_OUTER_BOUND ( 'NONE', #2347, .T. ) ;
#400 = ORIENTED_EDGE ( 'NONE', *, *, #3459, .F. ) ;
#399 = CARTESIAN_POINT ( 'NONE',  ( 7.599999999999999645, 11.50000000000000000, -17.80000000000000782 ) ) ;
#401 = CARTESIAN_POINT ( 'NONE',  ( 12.20780984008271375, 1.114909981453249266, -39.70640302256013143 ) ) ;
#402 = DIRECTION ( 'NONE',  ( 1.000000000000000000, -0.000000000000000000, 0.000000000000000000 ) ) ;
#403 = DIRECTION ( 'NONE',  ( 0.000000000000000000, 0.000000000000000000, 1.000000000000000000 ) ) ;
#404 =( BOUNDED_SURFACE ( )  B_SPLINE_SURFACE ( 3, 2, ( 
 ( #2699, #2985, #1071 ),
 ( #478, #4023, #3010 ),
 ( #517, #3323, #743 ),
 ( #3306, #1157, #1746 ) ),
 .UNSPECIFIED., .F., .F., .F. ) 
 B_SPLINE_SURFACE_WITH_KNOTS ( ( 4, 4 ),
 ( 3, 3 ),
 ( 0.9171336611167616448, 1.024522741109004986 ),
 ( 0.000000000000000000, 1.000000000000000000 ),
 .UNSPECIFIED. ) 
 GEOMETRIC_REPRESENTATION_ITEM ( )  RATIONAL_B_SPLINE_SURFACE ( (
 ( 1.000000000000000000, 0.7828927050716154579, 1.000000000000000000),
 ( 1.000000000000000000, 0.7795225597442376753, 1.000000000000000000),
 ( 1.000000000000000000, 0.7759918643931116300, 1.000000000000000000),
 ( 1.000000000000000000, 0.7723146905175275467, 1.000000000000000000) ) ) 
 REPRESENTATION_ITEM ( '' )  SURFACE ( )  );
#405 = ORIENTED_EDGE ( 'NONE', *, *, #3639, .F. ) ;
#406 = LINE ( 'NONE', #3557, #1273 ) ;
#407 = ADVANCED_FACE ( 'NONE', ( #1249 ), #1787, .T. ) ;
#408 = VECTOR ( 'NONE', #3898, 1000.000000000000000 ) ;
#409 = APPROVAL_PERSON_ORGANIZATION ( #3735, #1722, #1474 ) ;
#410 = ORIENTED_EDGE ( 'NONE', *, *, #2622, .T. ) ;
#411 = CIRCLE ( 'NONE', #682, 1.099999999999999423 ) ;
#412 = CARTESIAN_POINT ( 'NONE',  ( -20.40189386587418596, 1.868719930846871380, -17.89999999999999858 ) ) ;
#413 = CARTESIAN_POINT ( 'NONE',  ( 12.50000000000000000, 2.000000000000000000, -35.90000000000000568 ) ) ;
#414 = EDGE_CURVE ( 'NONE', #2101, #3503, #1763, .T. ) ;
#415 = ORIENTED_EDGE ( 'NONE', *, *, #3304, .F. ) ;
#416 = ADVANCED_FACE ( 'NONE', ( #2563 ), #4085, .T. ) ;
#417 = CARTESIAN_POINT ( 'NONE',  ( -10.54663336986830835, 27.12499999999999645, -17.80000000000000782 ) ) ;
#418 = DIRECTION ( 'NONE',  ( -1.000000000000000000, 0.000000000000000000, -0.000000000000000000 ) ) ;
#420 = EDGE_LOOP ( 'NONE', ( #3880, #873, #1381, #2872 ) ) ;
#419 = DIRECTION ( 'NONE',  ( 0.000000000000000000, 0.000000000000000000, -1.000000000000000000 ) ) ;
#421 = DIRECTION ( 'NONE',  ( 0.000000000000000000, 0.000000000000000000, 1.000000000000000000 ) ) ;
#422 = AXIS2_PLACEMENT_3D ( 'NONE', #3609, #3950, #1075 ) ;
#423 = CARTESIAN_POINT ( 'NONE',  ( -1.999999999999999112, 29.75000000000000355, -14.80000000000000782 ) ) ;
#424 = CIRCLE ( 'NONE', #3553, 2.000000000000000888 ) ;
#425 = FACE_OUTER_BOUND ( 'NONE', #3135, .T. ) ;
#426 = EDGE_LOOP ( 'NONE', ( #2, #1647, #1299, #1967, #955, #3959, #2983 ) ) ;
#427 = CARTESIAN_POINT ( 'NONE',  ( -15.59999999999999964, 7.500000000000001776, -38.26794919243113213 ) ) ;
#428 = VECTOR ( 'NONE', #1308, 1000.000000000000000 ) ;
#429 = TOROIDAL_SURFACE ( 'NONE', #1152, 17.50000000000000000, 2.500000000000000000 ) ;
#430 = EDGE_LOOP ( 'NONE', ( #174, #927, #1009, #978 ) ) ;
#431 = EDGE_CURVE ( 'NONE', #547, #1457, #3425, .T. ) ;
#432 = DIRECTION ( 'NONE',  ( -1.000000000000000000, 0.000000000000000000, 0.000000000000000000 ) ) ;
#433 = CIRCLE ( 'NONE', #1901, 0.9999999999999981126 ) ;
#434 = CARTESIAN_POINT ( 'NONE',  ( -14.64569927344219558, -14.63575181639449951, -38.19466942818446142 ) ) ;
#435 = VERTEX_POINT ( 'NONE', #1591 ) ;
#436 = VECTOR ( 'NONE', #2345, 1000.000000000000000 ) ;
#437 = EDGE_CURVE ( 'NONE', #795, #3337, #2756, .T. ) ;
#438 = DIRECTION ( 'NONE',  ( 0.000000000000000000, 0.000000000000000000, -1.000000000000000000 ) ) ;
#439 = CARTESIAN_POINT ( 'NONE',  ( -10.07441685698128708, -49.95073695595600327, -58.82492826288738286 ) ) ;
#441 = ORIENTED_EDGE ( 'NONE', *, *, #2341, .F. ) ;
#440 = DIRECTION ( 'NONE',  ( 0.000000000000000000, 0.000000000000000000, 1.000000000000000000 ) ) ;
#442 = DIRECTION ( 'NONE',  ( -0.000000000000000000, -0.000000000000000000, 1.000000000000000000 ) ) ;
#443 = ADVANCED_FACE ( 'NONE', ( #629 ), #2894, .F. ) ;
#444 = VECTOR ( 'NONE', #3274, 1000.000000000000000 ) ;
#445 = DIRECTION ( 'NONE',  ( 0.000000000000000000, 0.000000000000000000, 1.000000000000000000 ) ) ;
#446 = DIRECTION ( 'NONE',  ( 0.000000000000000000, 0.000000000000000000, -1.000000000000000000 ) ) ;
#447 = ORIENTED_EDGE ( 'NONE', *, *, #811, .F. ) ;
#448 = DIRECTION ( 'NONE',  ( 0.000000000000000000, 0.000000000000000000, -1.000000000000000000 ) ) ;
#449 = CIRCLE ( 'NONE', #3367, 24.12275219432791573 ) ;
#450 = AXIS2_PLACEMENT_3D ( 'NONE', #1542, #4096, #935 ) ;
#451 = B_SPLINE_CURVE_WITH_KNOTS ( 'NONE', 3,
 ( #3749, #580, #2807, #4087, #1221, #2488, #3771, #2392, #574, #3404, #2736, #1194, #3426, #1761, #1842, #4058, #3111, #814, #3044, #2126 ),
 .UNSPECIFIED., .F., .F.,
 ( 4, 2, 2, 2, 2, 2, 2, 2, 2, 4 ),
 ( 4.336808689942017736E-18, 0.0005354866989201274505, 0.0008032300483801788158, 0.001070973397840230181, 0.001338716747300281546, 0.001606460096760332695, 0.002141946795680449954, 0.002677433494600566996, 0.003212920193520683605, 0.004283893591360918122 ),
 .UNSPECIFIED. ) ;
#452 = ORIENTED_EDGE ( 'NONE', *, *, #1296, .T. ) ;
#453 = PRODUCT_DEFINITION ( '未知', '', #4074, #72 ) ;
#454 = DIRECTION ( 'NONE',  ( -1.000000000000000000, -0.000000000000000000, 0.000000000000000000 ) ) ;
#455 = FACE_OUTER_BOUND ( 'NONE', #1333, .T. ) ;
#456 = ORIENTED_EDGE ( 'NONE', *, *, #3523, .F. ) ;
#457 = VECTOR ( 'NONE', #529, 1000.000000000000000 ) ;
#458 = CARTESIAN_POINT ( 'NONE',  ( 12.50000000000000000, -5.087574398201583747, -76.71747411510716574 ) ) ;
#459 = DIRECTION ( 'NONE',  ( 0.000000000000000000, 0.000000000000000000, 1.000000000000000000 ) ) ;
#461 = ORIENTED_EDGE ( 'NONE', *, *, #3366, .F. ) ;
#460 = DIRECTION ( 'NONE',  ( -1.000000000000000000, 0.000000000000000000, 0.000000000000000000 ) ) ;
#462 = ADVANCED_FACE ( 'NONE', ( #2949 ), #2013, .T. ) ;
#463 = CARTESIAN_POINT ( 'NONE',  ( -14.59999999999999609, 7.500000000000000000, -38.00000000000000000 ) ) ;
#464 = CARTESIAN_POINT ( 'NONE',  ( 0.000000000000000000, 34.00000000000000000, -17.80000000000000782 ) ) ;
#465 = LINE ( 'NONE', #2120, #1859 ) ;
#466 = CARTESIAN_POINT ( 'NONE',  ( 2.546633369868300356, 27.12500000000000000, -14.80000000000000782 ) ) ;
#467 = ORIENTED_EDGE ( 'NONE', *, *, #1498, .T. ) ;
#468 = ADVANCED_FACE ( 'NONE', ( #133 ), #1960, .F. ) ;
#469 = CARTESIAN_POINT ( 'NONE',  ( -4.000000000000000000, 29.75000000000000355, -59.56998842140697548 ) ) ;
#470 = EDGE_CURVE ( 'NONE', #288, #1598, #3268, .T. ) ;
#471 = ORIENTED_EDGE ( 'NONE', *, *, #1039, .T. ) ;
#472 = AXIS2_PLACEMENT_3D ( 'NONE', #3470, #3218, #2168 ) ;
#473 = CARTESIAN_POINT ( 'NONE',  ( -18.82035244020326203, 2.039161642250276962, -12.96694896969266075 ) ) ;
#474 = CARTESIAN_POINT ( 'NONE',  ( 12.50000000000000000, 3.778655449509106923, -32.80000000000000426 ) ) ;
#475 = ORIENTED_EDGE ( 'NONE', *, *, #82, .T. ) ;
#476 = AXIS2_PLACEMENT_3D ( 'NONE', #986, #590, #3852 ) ;
#477 = FACE_OUTER_BOUND ( 'NONE', #867, .T. ) ;
#478 = CARTESIAN_POINT ( 'NONE',  ( -16.47497420592293693, -10.06256448519264346, -23.02581595857421348 ) ) ;
#479 = DIRECTION ( 'NONE',  ( -1.000000000000000000, 0.000000000000000000, -0.000000000000000000 ) ) ;
#480 = VERTEX_POINT ( 'NONE', #1403 ) ;
#481 = ORIENTED_EDGE ( 'NONE', *, *, #1498, .F. ) ;
#482 = CARTESIAN_POINT ( 'NONE',  ( -14.60552475310174536, 0.000000000000000000, -40.00000000000000000 ) ) ;
#483 = EDGE_CURVE ( 'NONE', #3642, #3654, #3868, .T. ) ;
#484 = CARTESIAN_POINT ( 'NONE',  ( -12.91045269915381333, -20.13231671741366213, -24.39173809242716473 ) ) ;
#485 = CARTESIAN_POINT ( 'NONE',  ( -19.78000396489011692, 1.703759678610335948, -13.75465142049038825 ) ) ;
#486 = DIRECTION ( 'NONE',  ( 1.000000000000000000, 0.000000000000000000, 0.000000000000000000 ) ) ;
#487 = ORIENTED_EDGE ( 'NONE', *, *, #74, .F. ) ;
#488 = AXIS2_PLACEMENT_3D ( 'NONE', #802, #201, #3350 ) ;
#489 = CARTESIAN_POINT ( 'NONE',  ( 2.500000000000000444, 24.00000000000000000, -15.30000000000000249 ) ) ;
#490 = EDGE_CURVE ( 'NONE', #2582, #1644, #270, .T. ) ;
#491 = AXIS2_PLACEMENT_3D ( 'NONE', #816, #3114, #2108 ) ;
#492 = ORIENTED_EDGE ( 'NONE', *, *, #1726, .T. ) ;
#493 = CARTESIAN_POINT ( 'NONE',  ( -20.50000000000000000, 24.00000000000000000, -38.00000000000000000 ) ) ;
#494 = VECTOR ( 'NONE', #2305, 1000.000000000000000 ) ;
#495 = EDGE_CURVE ( 'NONE', #974, #791, #4033, .T. ) ;
#496 = VECTOR ( 'NONE', #1764, 1000.000000000000000 ) ;
#497 = CARTESIAN_POINT ( 'NONE',  ( -18.00000000000000355, 3.851648071345041835, -12.80000000000000249 ) ) ;
#498 = VERTEX_POINT ( 'NONE', #117 ) ;
#499 = DIRECTION ( 'NONE',  ( -0.000000000000000000, -0.000000000000000000, -1.000000000000000000 ) ) ;
#500 = CARTESIAN_POINT ( 'NONE',  ( -11.32772119728334026, -49.87059198994789710, -57.68889042549287893 ) ) ;
#501 = CARTESIAN_POINT ( 'NONE',  ( -16.32653298261185526, -4.722782157556417282, -40.00000000000000000 ) ) ;
#502 = ORIENTED_EDGE ( 'NONE', *, *, #1762, .F. ) ;
#503 = CARTESIAN_POINT ( 'NONE',  ( -19.01379058473177608, -3.715523538170548257, -35.39622720260773292 ) ) ;
#504 = CARTESIAN_POINT ( 'NONE',  ( -19.66342151534481530, 1.947569695447920024, -13.51308238715737708 ) ) ;
#505 = DIRECTION ( 'NONE',  ( -1.000000000000000000, -0.000000000000000000, -0.000000000000000000 ) ) ;
#506 = ORIENTED_EDGE ( 'NONE', *, *, #1472, .F. ) ;
#507 = EDGE_CURVE ( 'NONE', #801, #3697, #1360, .T. ) ;
#508 = CARTESIAN_POINT ( 'NONE',  ( 1.646633369868302665, 21.87500000000000000, -6.800000000000002487 ) ) ;
#509 = VERTEX_POINT ( 'NONE', #3888 ) ;
#510 = ADVANCED_FACE ( 'NONE', ( #3250, #1021 ), #1040, .T. ) ;
#511 = CARTESIAN_POINT ( 'NONE',  ( -20.44764623454270946, 2.393265344126592975, -17.92923149608655820 ) ) ;
#512 = CARTESIAN_POINT ( 'NONE',  ( 12.50000000000000000, -5.087574398201583747, -76.71747411510716574 ) ) ;
#513 = DIRECTION ( 'NONE',  ( 0.000000000000000000, 0.000000000000000000, 1.000000000000000000 ) ) ;
#514 = ORIENTED_EDGE ( 'NONE', *, *, #3280, .T. ) ;
#515 = ADVANCED_FACE ( 'NONE', ( #744 ), #1033, .T. ) ;
#516 = DIRECTION ( 'NONE',  ( 1.000000000000000000, 0.000000000000000000, 0.000000000000000000 ) ) ;
#517 = CARTESIAN_POINT ( 'NONE',  ( -15.57553537234902663, -12.31116156912742454, -24.56405903277666880 ) ) ;
#518 = EDGE_CURVE ( 'NONE', #2836, #2988, #3227, .T. ) ;
#519 = CARTESIAN_POINT ( 'NONE',  ( 0.000000000000000000, 31.50000000000000000, -15.30000000000000249 ) ) ;
#520 = TOROIDAL_SURFACE ( 'NONE', #328, 107.3535982180401902, 5.000000000000000000 ) ;
#521 = VERTEX_POINT ( 'NONE', #2308 ) ;
#522 = ORIENTED_EDGE ( 'NONE', *, *, #1561, .F. ) ;
#523 = CARTESIAN_POINT ( 'NONE',  ( -18.58915959024232123, -4.684945757777235542, -36.19861453366564774 ) ) ;
#524 = CIRCLE ( 'NONE', #3928, 1.999999999999988010 ) ;
#525 = CARTESIAN_POINT ( 'NONE',  ( 11.02930992590490966, -4.071799458767983104, -41.07225518985608659 ) ) ;
#526 = DIRECTION ( 'NONE',  ( 0.000000000000000000, -0.3484703979719337430, 0.9373197862721570628 ) ) ;
#527 = ORIENTED_EDGE ( 'NONE', *, *, #1661, .F. ) ;
#528 = FACE_OUTER_BOUND ( 'NONE', #659, .T. ) ;
#529 = DIRECTION ( 'NONE',  ( 0.000000000000000000, 0.000000000000000000, -1.000000000000000000 ) ) ;
#530 = EDGE_LOOP ( 'NONE', ( #1442, #1416, #502, #1599 ) ) ;
#531 = CARTESIAN_POINT ( 'NONE',  ( -18.50000000000000355, 2.000000000000000444, -37.90000000000001279 ) ) ;
#532 = ADVANCED_FACE ( 'NONE', ( #97 ), #1950, .T. ) ;
#533 = CARTESIAN_POINT ( 'NONE',  ( -10.50000000000000000, 34.00000000000000000, -17.80000000000000782 ) ) ;
#534 = CARTESIAN_POINT ( 'NONE',  ( -16.72521939169758554, -1.438700556383763596, -13.44256294724627132 ) ) ;
#535 = DIRECTION ( 'NONE',  ( 0.000000000000000000, 0.000000000000000000, 1.000000000000000000 ) ) ;
#536 = ORIENTED_EDGE ( 'NONE', *, *, #2127, .T. ) ;
#537 = EDGE_CURVE ( 'NONE', #2046, #3717, #2399, .T. ) ;
#538 = DIRECTION ( 'NONE',  ( 0.000000000000000000, 0.000000000000000000, 1.000000000000000000 ) ) ;
#539 = FACE_BOUND ( 'NONE', #3949, .T. ) ;
#540 = ORIENTED_EDGE ( 'NONE', *, *, #236, .T. ) ;
#541 = EDGE_LOOP ( 'NONE', ( #1338, #1493 ) ) ;
#542 = AXIS2_PLACEMENT_3D ( 'NONE', #2842, #2040, #753 ) ;
#543 = CYLINDRICAL_SURFACE ( 'NONE', #2070, 1.099999999999999423 ) ;
#544 = CARTESIAN_POINT ( 'NONE',  ( -18.50000000000000355, 2.000000000000000444, -21.90000000000000924 ) ) ;
#545 = CARTESIAN_POINT ( 'NONE',  ( -20.27837412088101843, 1.027822141822855917, -14.84903467530611110 ) ) ;
#546 = FACE_OUTER_BOUND ( 'NONE', #777, .T. ) ;
#547 = VERTEX_POINT ( 'NONE', #177 ) ;
#548 = CYLINDRICAL_SURFACE ( 'NONE', #2129, 1.000000000000000888 ) ;
#549 = TOROIDAL_SURFACE ( 'NONE', #2875, 1.999999999999985345, 5.000000000000000000 ) ;
#550 = CARTESIAN_POINT ( 'NONE',  ( -20.07072719608475353, 0.7009907043517838998, -14.81428089476388799 ) ) ;
#551 = EDGE_LOOP ( 'NONE', ( #2647, #461, #248, #726, #1393 ) ) ;
#552 = LINE ( 'NONE', #493, #2628 ) ;
#553 = AXIS2_PLACEMENT_3D ( 'NONE', #649, #3188, #2631 ) ;
#554 = CARTESIAN_POINT ( 'NONE',  ( 9.012554197933338784, -6.559485751691390476, -15.67916951476825638 ) ) ;
#555 = AXIS2_PLACEMENT_3D ( 'NONE', #3345, #499, #2636 ) ;
#556 = CARTESIAN_POINT ( 'NONE',  ( -0.5000000000000004441, 3.851648071345041835, -15.30000000000000071 ) ) ;
#557 = CARTESIAN_POINT ( 'NONE',  ( -20.47157295813758182, 2.769176799069256845, -34.04340279578961059 ) ) ;
#558 = ORIENTED_EDGE ( 'NONE', *, *, #2946, .F. ) ;
#559 = EDGE_CURVE ( 'NONE', #2606, #367, #2088, .T. ) ;
#560 = CARTESIAN_POINT ( 'NONE',  ( -9.646633369868302665, 27.12499999999999645, -6.800000000000002487 ) ) ;
#561 = ORIENTED_EDGE ( 'NONE', *, *, #29, .T. ) ;
#562 = ORIENTED_EDGE ( 'NONE', *, *, #1372, .F. ) ;
#563 = CARTESIAN_POINT ( 'NONE',  ( -20.48039470108383142, 2.951289803769569620, -37.67028367425901791 ) ) ;
#564 = APPLICATION_PROTOCOL_DEFINITION ( 'international standard', 'config_control_design', 1994, #2688 ) ;
#565 = CARTESIAN_POINT ( 'NONE',  ( -18.69962007605499821, 2.000069657722108207, -12.92278701931710927 ) ) ;
#566 = AXIS2_PLACEMENT_3D ( 'NONE', #1708, #1688, #763 ) ;
#567 = DIRECTION ( 'NONE',  ( -0.000000000000000000, -0.000000000000000000, 1.000000000000000000 ) ) ;
#568 = EDGE_LOOP ( 'NONE', ( #1808, #211, #3833, #730 ) ) ;
#569 = ADVANCED_FACE ( 'NONE', ( #2363 ), #1095, .F. ) ;
#570 = CARTESIAN_POINT ( 'NONE',  ( -10.50000000000000000, 31.50000000000000000, -12.80000000000000249 ) ) ;
#571 = AXIS2_PLACEMENT_3D ( 'NONE', #2849, #906, #291 ) ;
#572 = DIRECTION ( 'NONE',  ( 0.000000000000000000, 0.000000000000000000, -1.000000000000000000 ) ) ;
#573 = VERTEX_POINT ( 'NONE', #3664 ) ;
#574 = CARTESIAN_POINT ( 'NONE',  ( -16.83576152329415265, -7.260858611702298404, -38.95938492307920598 ) ) ;
#575 = AXIS2_PLACEMENT_3D ( 'NONE', #4030, #1499, #3992 ) ;
#576 = CARTESIAN_POINT ( 'NONE',  ( 0.5466333698683003561, 21.87500000000000000, -17.80000000000000782 ) ) ;
#577 = CARTESIAN_POINT ( 'NONE',  ( -12.69647538366610462, -9.086390166513892197, -17.40216771640798399 ) ) ;
#578 = CARTESIAN_POINT ( 'NONE',  ( -18.00000000000000355, 5.145245553423833051, -12.80000000000000249 ) ) ;
#579 = ORIENTED_EDGE ( 'NONE', *, *, #1645, .F. ) ;
#580 = CARTESIAN_POINT ( 'NONE',  ( -17.34622374609130802, -6.929163149356593721, -38.10578550457411495 ) ) ;
#581 = CARTESIAN_POINT ( 'NONE',  ( -20.47162218736372097, 2.770108979992675469, -21.75619941306977267 ) ) ;
#582 = ORIENTED_EDGE ( 'NONE', *, *, #1980, .T. ) ;
#583 = ORIENTED_EDGE ( 'NONE', *, *, #909, .T. ) ;
#584 =( NAMED_UNIT ( * ) PLANE_ANGLE_UNIT ( ) SI_UNIT ( $, .RADIAN. ) );
#585 = CARTESIAN_POINT ( 'NONE',  ( -18.65578938634338257, 1.766402209687133240, -12.91584718453211522 ) ) ;
#586 = EDGE_CURVE ( 'NONE', #367, #4133, #3763, .T. ) ;
#587 = DIRECTION ( 'NONE',  ( -1.000000000000000000, 0.000000000000000000, 0.000000000000000000 ) ) ;
#588 = CARTESIAN_POINT ( 'NONE',  ( -4.000000000000000000, 19.25000000000000000, -14.80000000000000782 ) ) ;
#589 = ORIENTED_EDGE ( 'NONE', *, *, #29, .F. ) ;
#590 = DIRECTION ( 'NONE',  ( -0.000000000000000000, 0.8520249343832134725, 0.5235012045729033892 ) ) ;
#591 = DIRECTION ( 'NONE',  ( -1.000000000000000000, -0.000000000000000000, 0.000000000000000000 ) ) ;
#592 = EDGE_CURVE ( 'NONE', #2470, #2068, #2188, .T. ) ;
#593 = EDGE_LOOP ( 'NONE', ( #1198, #2611, #1109, #3187 ) ) ;
#594 = DIRECTION ( 'NONE',  ( 0.000000000000000000, 0.000000000000000000, 1.000000000000000000 ) ) ;
#595 = ADVANCED_FACE ( 'NONE', ( #823 ), #2677, .T. ) ;
#596 = DIRECTION ( 'NONE',  ( 0.000000000000000000, 0.000000000000000000, -1.000000000000000000 ) ) ;
#597 = CARTESIAN_POINT ( 'NONE',  ( 12.50000000000000000, 6.500000000000000000, 0.000000000000000000 ) ) ;
#598 = CARTESIAN_POINT ( 'NONE',  ( -7.500000000000000000, -27.51982409687722608, -27.58760532789578690 ) ) ;
#599 = ORIENTED_EDGE ( 'NONE', *, *, #689, .T. ) ;
#600 = CARTESIAN_POINT ( 'NONE',  ( 12.50000000000000355, 2.000000000000000000, -35.90000000000000568 ) ) ;
#601 = B_SPLINE_CURVE_WITH_KNOTS ( 'NONE', 3,
 ( #3096, #246, #3008, #1514, #2378, #2787, #4064, #780 ),
 .UNSPECIFIED., .F., .F.,
 ( 4, 2, 2, 4 ),
 ( 0.006583433321367819155, 0.01135465434671197385, 0.01374026485938405207, 0.01612587537205613028 ),
 .UNSPECIFIED. ) ;
#602 = CARTESIAN_POINT ( 'NONE',  ( -10.50000000000000000, 31.50000000000000000, -12.80000000000000249 ) ) ;
#603 = ORIENTED_EDGE ( 'NONE', *, *, #2771, .T. ) ;
#604 = VERTEX_POINT ( 'NONE', #501 ) ;
#605 = FACE_BOUND ( 'NONE', #2558, .T. ) ;
#606 = CARTESIAN_POINT ( 'NONE',  ( -18.10321237734626720, 1.706448650264327904, -12.80804901622473402 ) ) ;
#607 = CARTESIAN_POINT ( 'NONE',  ( -19.34234039438976183, -2.894149014027252775, -13.68555949277351935 ) ) ;
#608 = CARTESIAN_POINT ( 'NONE',  ( -18.34390979013056722, 1.297723559749210498, -12.95447211691328881 ) ) ;
#609 = AXIS2_PLACEMENT_3D ( 'NONE', #3065, #3725, #169 ) ;
#610 = LOCAL_TIME ( 17, 1, 36.00000000000000000, #3822 ) ;
#611 = EDGE_LOOP ( 'NONE', ( #323, #2621, #1356, #1903, #1243, #4022 ) ) ;
#612 = DIRECTION ( 'NONE',  ( 0.000000000000000000, 0.000000000000000000, 1.000000000000000000 ) ) ;
#613 = EDGE_CURVE ( 'NONE', #3023, #2606, #1965, .T. ) ;
#614 = AXIS2_PLACEMENT_3D ( 'NONE', #1231, #1944, #1253 ) ;
#615 = CARTESIAN_POINT ( 'NONE',  ( 7.599999999999999645, 2.000000000000000000, -35.90000000000000568 ) ) ;
#616 = ORIENTED_EDGE ( 'NONE', *, *, #1711, .F. ) ;
#617 = ORIENTED_EDGE ( 'NONE', *, *, #3700, .T. ) ;
#618 = CARTESIAN_POINT ( 'NONE',  ( 8.009339492895110268, -8.279091886910551423, -16.78377729766713955 ) ) ;
#619 = CARTESIAN_POINT ( 'NONE',  ( -13.93754314304520747, -16.60217601944652088, -38.79880690473616056 ) ) ;
#620 = DIRECTION ( 'NONE',  ( 0.000000000000000000, 0.000000000000000000, 1.000000000000000000 ) ) ;
#621 = CARTESIAN_POINT ( 'NONE',  ( -2.899999999999999911, 29.75000000000000355, -59.56998842140697548 ) ) ;
#622 = EDGE_LOOP ( 'NONE', ( #1277, #2586, #2685, #2137 ) ) ;
#623 = EDGE_CURVE ( 'NONE', #2232, #801, #2763, .T. ) ;
#624 = AXIS2_PLACEMENT_3D ( 'NONE', #3272, #747, #421 ) ;
#625 = CIRCLE ( 'NONE', #2403, 4.999999999999996447 ) ;
#626 = DIRECTION ( 'NONE',  ( 0.000000000000000000, 0.000000000000000000, -1.000000000000000000 ) ) ;
#627 = VERTEX_POINT ( 'NONE', #3051 ) ;
#628 = CARTESIAN_POINT ( 'NONE',  ( -18.40056873483234057, 1.614271763410878524, -12.84924648976852524 ) ) ;
#629 = FACE_OUTER_BOUND ( 'NONE', #868, .T. ) ;
#630 = AXIS2_PLACEMENT_3D ( 'NONE', #2692, #818, #3282 ) ;
#631 = DIRECTION ( 'NONE',  ( -1.000000000000000000, 0.000000000000000000, 0.000000000000000000 ) ) ;
#632 = VERTEX_POINT ( 'NONE', #1446 ) ;
#633 = CARTESIAN_POINT ( 'NONE',  ( 7.500000000000000888, -62.72657105156391566, 68.51754911016466565 ) ) ;
#634 = CARTESIAN_POINT ( 'NONE',  ( -12.51252031446024660, -23.01419208996520638, -47.57890684328538811 ) ) ;
#635 = ORIENTED_EDGE ( 'NONE', *, *, #1379, .T. ) ;
#636 = ORIENTED_EDGE ( 'NONE', *, *, #1980, .F. ) ;
#637 = AXIS2_PLACEMENT_3D ( 'NONE', #185, #1793, #4070 ) ;
#638 = CARTESIAN_POINT ( 'NONE',  ( -12.50684469948772382, -24.23521499604917295, -42.30282265959073129 ) ) ;
#639 = CARTESIAN_POINT ( 'NONE',  ( 11.96025423663084908, -1.480442620192205405, -14.47199841614792781 ) ) ;
#640 = AXIS2_PLACEMENT_3D ( 'NONE', #973, #2239, #1623 ) ;
#641 = DIRECTION ( 'NONE',  ( 0.000000000000000000, 0.000000000000000000, -1.000000000000000000 ) ) ;
#642 = DIRECTION ( 'NONE',  ( -1.000000000000000000, -0.000000000000000000, -0.000000000000000000 ) ) ;
#643 = EDGE_CURVE ( 'NONE', #3236, #3271, #1427, .T. ) ;
#644 = CARTESIAN_POINT ( 'NONE',  ( 12.50000000000000000, -81.44548052105768932, 47.55891605489174623 ) ) ;
#645 = ORIENTED_EDGE ( 'NONE', *, *, #890, .T. ) ;
#646 = CARTESIAN_POINT ( 'NONE',  ( 2.500000000000000444, 34.00000000000000000, -15.30000000000000249 ) ) ;
#647 = ADVANCED_FACE ( 'NONE', ( #156, #4047, #1806, #2072, #197, #3325, #539, #1468 ), #1890, .T. ) ;
#648 = VERTEX_POINT ( 'NONE', #4024 ) ;
#649 = CARTESIAN_POINT ( 'NONE',  ( -18.50000000000000355, 2.000000000000000000, -35.90000000000000568 ) ) ;
#650 = CIRCLE ( 'NONE', #1584, 1.099999999999999645 ) ;
#651 = EDGE_CURVE ( 'NONE', #2545, #2707, #1158, .T. ) ;
#652 = CARTESIAN_POINT ( 'NONE',  ( 12.50000000000000000, 6.500000000000000000, -39.00000000000000000 ) ) ;
#653 = CARTESIAN_POINT ( 'NONE',  ( -13.48465269617542894, -17.91086536202086776, -44.97672767272479177 ) ) ;
#654 = CARTESIAN_POINT ( 'NONE',  ( 12.46722656355139769, 0.2500767183741174904, -15.06385893650493379 ) ) ;
#655 = ORIENTED_EDGE ( 'NONE', *, *, #1804, .T. ) ;
#656 = DIRECTION ( 'NONE',  ( 0.000000000000000000, 0.000000000000000000, 1.000000000000000000 ) ) ;
#657 = CARTESIAN_POINT ( 'NONE',  ( -12.50000000000000000, -25.77747210701755876, -43.40814824203093991 ) ) ;
#658 = ORIENTED_EDGE ( 'NONE', *, *, #1067, .F. ) ;
#659 = EDGE_LOOP ( 'NONE', ( #2819, #3106, #1831, #2615, #1780, #3006, #3309 ) ) ;
#660 = TOROIDAL_SURFACE ( 'NONE', #1718, 39.21139182335095086, 5.000000000000000000 ) ;
#661 = DIRECTION ( 'NONE',  ( -1.000000000000000000, 0.000000000000000000, 0.000000000000000000 ) ) ;
#662 = CIRCLE ( 'NONE', #2977, 29.12275219432791573 ) ;
#663 = DIRECTION ( 'NONE',  ( 0.000000000000000000, 0.000000000000000000, 1.000000000000000000 ) ) ;
#664 = DIRECTION ( 'NONE',  ( 0.000000000000000000, -0.1894724223053841083, 0.9818860428714374367 ) ) ;
#665 = ORIENTED_EDGE ( 'NONE', *, *, #483, .F. ) ;
#666 = EDGE_CURVE ( 'NONE', #435, #2988, #1830, .T. ) ;
#667 = DIRECTION ( 'NONE',  ( 0.000000000000000000, -0.5322420507829883629, 0.8465922273316232038 ) ) ;
#668 = ORIENTED_EDGE ( 'NONE', *, *, #1030, .T. ) ;
#669 = EDGE_CURVE ( 'NONE', #3759, #218, #3347, .T. ) ;
#670 = CARTESIAN_POINT ( 'NONE',  ( 11.88115020374016773, -49.80592452707233520, -56.83140831822669270 ) ) ;
#671 = DIRECTION ( 'NONE',  ( 0.000000000000000000, 0.000000000000000000, 1.000000000000000000 ) ) ;
#672 = CARTESIAN_POINT ( 'NONE',  ( 10.34756863130000504, -1.168954174834758719, -12.91327364373639419 ) ) ;
#674 = VERTEX_POINT ( 'NONE', #2446 ) ;
#673 = CARTESIAN_POINT ( 'NONE',  ( -1.453366630131703641, 21.87500000000000000, -14.80000000000000782 ) ) ;
#675 = EDGE_CURVE ( 'NONE', #826, #1991, #2298, .T. ) ;
#676 = DIRECTION ( 'NONE',  ( 0.000000000000000000, 0.000000000000000000, 1.000000000000000000 ) ) ;
#677 = CARTESIAN_POINT ( 'NONE',  ( -12.50404761463796710, -23.11640924939345609, -47.64162735209056621 ) ) ;
#678 = AXIS2_PLACEMENT_3D ( 'NONE', #2998, #108, #2609 ) ;
#679 = ORIENTED_EDGE ( 'NONE', *, *, #4109, .T. ) ;
#680 = ORIENTED_EDGE ( 'NONE', *, *, #74, .T. ) ;
#681 = DIRECTION ( 'NONE',  ( 0.000000000000000000, 0.000000000000000000, -1.000000000000000000 ) ) ;
#682 = AXIS2_PLACEMENT_3D ( 'NONE', #1616, #676, #24 ) ;
#683 = LOCAL_TIME ( 17, 1, 36.00000000000000000, #1833 ) ;
#684 = CARTESIAN_POINT ( 'NONE',  ( -1.453366630131703641, 21.87500000000000000, -14.80000000000000782 ) ) ;
#685 = CYLINDRICAL_SURFACE ( 'NONE', #1091, 2.000000000000001776 ) ;
#686 = ORIENTED_EDGE ( 'NONE', *, *, #2809, .T. ) ;
#687 = DIRECTION ( 'NONE',  ( 0.000000000000000000, 0.000000000000000000, 1.000000000000000000 ) ) ;
#688 = EDGE_LOOP ( 'NONE', ( #1435, #2499, #225, #2794 ) ) ;
#689 = EDGE_CURVE ( 'NONE', #3316, #3986, #1232, .T. ) ;
#690 = CARTESIAN_POINT ( 'NONE',  ( 9.783423192697229709, -49.96229281006137057, -58.99677171989223723 ) ) ;
#691 = DIRECTION ( 'NONE',  ( 0.000000000000000000, 0.000000000000000000, -1.000000000000000000 ) ) ;
#692 = AXIS2_PLACEMENT_3D ( 'NONE', #3302, #3281, #432 ) ;
#693 = DIRECTION ( 'NONE',  ( 0.000000000000000000, 0.000000000000000000, 1.000000000000000000 ) ) ;
#695 = ORIENTED_EDGE ( 'NONE', *, *, #3775, .T. ) ;
#694 = CARTESIAN_POINT ( 'NONE',  ( -12.50010817612305480, -25.68447633168722177, -43.34168708916219259 ) ) ;
#696 = CARTESIAN_POINT ( 'NONE',  ( -12.50000000000000000, -42.38602475399277125, -36.89145063215699594 ) ) ;
#697 = ORIENTED_EDGE ( 'NONE', *, *, #1645, .T. ) ;
#698 = ADVANCED_FACE ( 'NONE', ( #2845 ), #1700, .T. ) ;
#699 =( BOUNDED_CURVE ( )  B_SPLINE_CURVE ( 3, ( #3812, #971, #3877, #619 ),
 .UNSPECIFIED., .F., .T. ) 
 B_SPLINE_CURVE_WITH_KNOTS ( ( 4, 4 ),
 ( 1.190289949682531656, 1.259972382182414918 ),
 .UNSPECIFIED. ) 
 CURVE ( )  GEOMETRIC_REPRESENTATION_ITEM ( )  RATIONAL_B_SPLINE_CURVE ( ( 1.000000000000000000, 0.9995954041478168905, 0.9995954041478168905, 1.000000000000000000 ) ) 
 REPRESENTATION_ITEM ( '' )  );
#700 = VERTEX_POINT ( 'NONE', #3535 ) ;
#701 = CARTESIAN_POINT ( 'NONE',  ( -10.50000000000000000, 31.50000000000000000, -12.80000000000000249 ) ) ;
#702 = CARTESIAN_POINT ( 'NONE',  ( 0.000000000000000000, 6.500000000000000000, 0.000000000000000000 ) ) ;
#703 = CARTESIAN_POINT ( 'NONE',  ( -19.30225327886196141, 1.117553772034084458, -15.30000000000000426 ) ) ;
#704 = CYLINDRICAL_SURFACE ( 'NONE', #2831, 5.000000000000000000 ) ;
#705 = CIRCLE ( 'NONE', #94, 5.000000000000002665 ) ;
#706 = EDGE_LOOP ( 'NONE', ( #2598, #1917 ) ) ;
#707 = AXIS2_PLACEMENT_3D ( 'NONE', #1602, #4128, #1262 ) ;
#708 = CYLINDRICAL_SURFACE ( 'NONE', #146, 1.000000000000000888 ) ;
#709 = ORIENTED_EDGE ( 'NONE', *, *, #3836, .F. ) ;
#710 = CARTESIAN_POINT ( 'NONE',  ( -17.33885883809240269, -7.902852904768997711, -21.37147705767823069 ) ) ;
#711 = DIRECTION ( 'NONE',  ( -1.000000000000000000, 0.000000000000000000, 0.000000000000000000 ) ) ;
#713 = ORIENTED_EDGE ( 'NONE', *, *, #3643, .T. ) ;
#712 = FACE_OUTER_BOUND ( 'NONE', #2735, .T. ) ;
#714 = AXIS2_PLACEMENT_3D ( 'NONE', #576, #596, #1844 ) ;
#715 = CARTESIAN_POINT ( 'NONE',  ( -15.59999999999999964, 5.741025403784433934, -41.31458256229943515 ) ) ;
#716 = EDGE_CURVE ( 'NONE', #1604, #3654, #160, .T. ) ;
#717 = CARTESIAN_POINT ( 'NONE',  ( -20.35994805422653897, 1.476484310142901046, -37.84775943238933849 ) ) ;
#718 = VERTEX_POINT ( 'NONE', #3838 ) ;
#719 = DIRECTION ( 'NONE',  ( -1.000000000000000000, 0.000000000000000000, 0.000000000000000000 ) ) ;
#720 = EDGE_CURVE ( 'NONE', #1660, #2232, #3569, .T. ) ;
#721 = CARTESIAN_POINT ( 'NONE',  ( -8.546633369868301244, 21.87499999999999289, -6.800000000000002487 ) ) ;
#722 = ORIENTED_EDGE ( 'NONE', *, *, #1893, .F. ) ;
#723 = ADVANCED_FACE ( 'NONE', ( #3878 ), #2529, .T. ) ;
#724 = CIRCLE ( 'NONE', #3587, 2.500000000000000444 ) ;
#725 = CARTESIAN_POINT ( 'NONE',  ( 10.98166342752868019, 0.9517243909168746629, -13.00079646071674766 ) ) ;
#726 = ORIENTED_EDGE ( 'NONE', *, *, #1039, .F. ) ;
#727 = DIRECTION ( 'NONE',  ( -1.000000000000000000, 0.000000000000000000, 0.000000000000000000 ) ) ;
#728 = CARTESIAN_POINT ( 'NONE',  ( -20.29184555669679924, 0.9736540720703449336, -15.29999999999999893 ) ) ;
#730 = ORIENTED_EDGE ( 'NONE', *, *, #3078, .F. ) ;
#729 = DIRECTION ( 'NONE',  ( -0.9284766908852596368, -0.3713906763541028888, 0.000000000000000000 ) ) ;
#731 = CARTESIAN_POINT ( 'NONE',  ( -13.96394253887224224, -16.34014365281938552, -27.18634746835139993 ) ) ;
#732 = FACE_OUTER_BOUND ( 'NONE', #63, .T. ) ;
#733 = DIRECTION ( 'NONE',  ( -0.000000000000000000, -0.000000000000000000, -1.000000000000000000 ) ) ;
#734 = ORIENTED_EDGE ( 'NONE', *, *, #2946, .T. ) ;
#735 = EDGE_CURVE ( 'NONE', #1251, #3601, #2922, .T. ) ;
#736 = DIRECTION ( 'NONE',  ( 0.000000000000000000, 0.000000000000000000, 1.000000000000000000 ) ) ;
#737 = CIRCLE ( 'NONE', #678, 2.000000000000003997 ) ;
#738 = ORIENTED_EDGE ( 'NONE', *, *, #1111, .T. ) ;
#739 = CARTESIAN_POINT ( 'NONE',  ( -14.38690506440366512, -15.28273733899083098, -38.39344047686081751 ) ) ;
#740 = ORIENTED_EDGE ( 'NONE', *, *, #537, .T. ) ;
#741 = CIRCLE ( 'NONE', #2335, 1.099999999999997646 ) ;
#742 = CARTESIAN_POINT ( 'NONE',  ( -4.000000000000000000, 24.50000000000000000, -6.800000000000002487 ) ) ;
#743 = CARTESIAN_POINT ( 'NONE',  ( -10.93315197516343851, -13.20467640676066523, -20.38470988581554977 ) ) ;
#744 = FACE_OUTER_BOUND ( 'NONE', #1305, .T. ) ;
#746 = ORIENTED_EDGE ( 'NONE', *, *, #3989, .T. ) ;
#745 = CYLINDRICAL_SURFACE ( 'NONE', #1437, 10.00000000000000000 ) ;
#747 = DIRECTION ( 'NONE',  ( 1.000000000000000000, -0.000000000000000000, -0.000000000000000000 ) ) ;
#748 = FACE_OUTER_BOUND ( 'NONE', #765, .T. ) ;
#749 = AXIS2_PLACEMENT_3D ( 'NONE', #3961, #1398, #1681 ) ;
#750 = VECTOR ( 'NONE', #3584, 1000.000000000000000 ) ;
#751 = FACE_OUTER_BOUND ( 'NONE', #151, .T. ) ;
#752 = VERTEX_POINT ( 'NONE', #68 ) ;
#753 = DIRECTION ( 'NONE',  ( 0.000000000000000000, 0.000000000000000000, 1.000000000000000000 ) ) ;
#754 = ORIENTED_EDGE ( 'NONE', *, *, #933, .T. ) ;
#755 = EDGE_CURVE ( 'NONE', #2277, #1008, #3631, .T. ) ;
#756 = AXIS2_PLACEMENT_3D ( 'NONE', #2618, #1994, #1331 ) ;
#757 = CARTESIAN_POINT ( 'NONE',  ( -10.00331581901589573, -11.50552233521462142, -43.02982898859949046 ) ) ;
#758 = EDGE_LOOP ( 'NONE', ( #1836, #1851, #1278, #2095 ) ) ;
#759 = CIRCLE ( 'NONE', #311, 1.000000000000000888 ) ;
#760 = ADVANCED_FACE ( 'NONE', ( #2610 ), #685, .F. ) ;
#761 = CARTESIAN_POINT ( 'NONE',  ( -20.29571572540881874, 0.9982902302159601948, -21.63596005422833457 ) ) ;
#762 = CARTESIAN_POINT ( 'NONE',  ( -8.583646704875272704, -19.18794444304838365, -23.90449141699480506 ) ) ;
#763 = DIRECTION ( 'NONE',  ( -1.000000000000000000, 0.000000000000000000, 0.000000000000000000 ) ) ;
#764 = AXIS2_PLACEMENT_3D ( 'NONE', #2706, #3611, #3315 ) ;
#765 = EDGE_LOOP ( 'NONE', ( #3371, #1942, #2490, #3205 ) ) ;
#766 = CARTESIAN_POINT ( 'NONE',  ( -14.64569927344222577, -14.63575181639444978, -38.19466942818444721 ) ) ;
#767 = EDGE_CURVE ( 'NONE', #188, #3601, #374, .T. ) ;
#768 = CIRCLE ( 'NONE', #3098, 2.000000000000001776 ) ;
#769 = CARTESIAN_POINT ( 'NONE',  ( -17.42371287606481189, -6.806116351296234157, -37.99999999999999289 ) ) ;
#770 = CARTESIAN_POINT ( 'NONE',  ( -19.85201008178043836, 1.636827377767448022, -13.86679299875227933 ) ) ;
#771 = FACE_OUTER_BOUND ( 'NONE', #568, .T. ) ;
#772 = ORIENTED_EDGE ( 'NONE', *, *, #2638, .T. ) ;
#773 = DIRECTION ( 'NONE',  ( -0.000000000000000000, 1.000000000000000000, -0.000000000000000000 ) ) ;
#774 = ORIENTED_EDGE ( 'NONE', *, *, #666, .T. ) ;
#775 = CARTESIAN_POINT ( 'NONE',  ( 2.500000000000000444, 31.50000000000000000, -12.80000000000000249 ) ) ;
#776 = CARTESIAN_POINT ( 'NONE',  ( 9.896030570664885673, -1.871548532312898860, -12.88886055319354718 ) ) ;
#777 = EDGE_LOOP ( 'NONE', ( #4100, #746, #2975, #2650 ) ) ;
#778 = AXIS2_PLACEMENT_3D ( 'NONE', #644, #1913, #2867 ) ;
#779 = ADVANCED_FACE ( 'NONE', ( #1281 ), #2552, .F. ) ;
#780 = CARTESIAN_POINT ( 'NONE',  ( 7.500000000000000888, -13.79968390544198087, -43.63396646515118960 ) ) ;
#781 = DIRECTION ( 'NONE',  ( 0.000000000000000000, 0.000000000000000000, 1.000000000000000000 ) ) ;
#782 = FACE_OUTER_BOUND ( 'NONE', #593, .T. ) ;
#783 = DIRECTION ( 'NONE',  ( -0.000000000000000000, -0.000000000000000000, -1.000000000000000000 ) ) ;
#784 = ORIENTED_EDGE ( 'NONE', *, *, #2976, .F. ) ;
#785 = DIRECTION ( 'NONE',  ( 0.000000000000000000, 1.000000000000000000, 0.000000000000000000 ) ) ;
#786 = FACE_BOUND ( 'NONE', #1665, .T. ) ;
#787 = CARTESIAN_POINT ( 'NONE',  ( -20.10935824501294533, 1.618254540597324986, -14.16264878002027672 ) ) ;
#788 = CARTESIAN_POINT ( 'NONE',  ( 10.30872666022511908, -4.203375317642971787, -14.44979616666813982 ) ) ;
#789 = ORIENTED_EDGE ( 'NONE', *, *, #3070, .F. ) ;
#790 = DIRECTION ( 'NONE',  ( 0.000000000000000000, -1.000000000000000000, 0.000000000000000000 ) ) ;
#791 = VERTEX_POINT ( 'NONE', #2886 ) ;
#792 = CIRCLE ( 'NONE', #3879, 2.500000000000000444 ) ;
#793 = DIRECTION ( 'NONE',  ( 1.000000000000000000, 0.000000000000000000, 0.000000000000000000 ) ) ;
#794 = CYLINDRICAL_SURFACE ( 'NONE', #1297, 2.499999999999998668 ) ;
#795 = VERTEX_POINT ( 'NONE', #31 ) ;
#796 = TOROIDAL_SURFACE ( 'NONE', #2062, 107.3535982180401902, 5.000000000000000000 ) ;
#797 = CARTESIAN_POINT ( 'NONE',  ( -20.17613168110423416, 0.2662230877958993713, -20.90547994601257287 ) ) ;
#798 = CARTESIAN_POINT ( 'NONE',  ( -4.000000000000000000, 29.75000000000000355, -14.80000000000000782 ) ) ;
#799 = ADVANCED_FACE ( 'NONE', ( #1304 ), #1768, .T. ) ;
#800 = CARTESIAN_POINT ( 'NONE',  ( 7.500000000000000888, -33.51298582741227960, -82.87340924047713031 ) ) ;
#801 = VERTEX_POINT ( 'NONE', #3560 ) ;
#802 = CARTESIAN_POINT ( 'NONE',  ( 12.50000000000000000, -38.27104994509839031, -32.91353655732997652 ) ) ;
#803 = CARTESIAN_POINT ( 'NONE',  ( -14.64569927344222577, -14.63575181639444978, -24.28513790046453025 ) ) ;
#804 = CARTESIAN_POINT ( 'NONE',  ( -8.546633369868304797, 27.12499999999999645, -6.800000000000002487 ) ) ;
#805 = EDGE_CURVE ( 'NONE', #2606, #2232, #390, .T. ) ;
#806 = CARTESIAN_POINT ( 'NONE',  ( -18.50000000000000355, 2.000000000000000444, -37.90000000000001279 ) ) ;
#807 = ORIENTED_EDGE ( 'NONE', *, *, #2514, .T. ) ;
#808 = CIRCLE ( 'NONE', #1016, 5.000000000000000000 ) ;
#809 = CARTESIAN_POINT ( 'NONE',  ( 12.50000000000000000, -58.69318445466325329, -45.75267965576891527 ) ) ;
#810 = AXIS2_PLACEMENT_3D ( 'NONE', #1849, #1222, #1805 ) ;
#811 = EDGE_CURVE ( 'NONE', #1400, #1264, #2353, .T. ) ;
#812 = AXIS2_PLACEMENT_3D ( 'NONE', #3604, #3982, #438 ) ;
#813 = EDGE_LOOP ( 'NONE', ( #400, #1690, #353, #2400 ) ) ;
#814 = CARTESIAN_POINT ( 'NONE',  ( -16.29946807374618700, -5.436337831538752496, -39.98434432818991979 ) ) ;
#815 = EDGE_CURVE ( 'NONE', #267, #3974, #2906, .T. ) ;
#816 = CARTESIAN_POINT ( 'NONE',  ( 12.50000000000000000, 7.764008331169537591, -39.40007923888819619 ) ) ;
#817 = AXIS2_PLACEMENT_3D ( 'NONE', #2151, #620, #1177 ) ;
#818 = DIRECTION ( 'NONE',  ( -0.000000000000000000, -0.000000000000000000, -1.000000000000000000 ) ) ;
#819 = FACE_OUTER_BOUND ( 'NONE', #820, .T. ) ;
#820 = EDGE_LOOP ( 'NONE', ( #295, #327, #754, #3378 ) ) ;
#821 = CYLINDRICAL_SURFACE ( 'NONE', #1409, 34.21139182335095086 ) ;
#822 = CARTESIAN_POINT ( 'NONE',  ( -7.500000000000000000, -27.51982409687722608, -27.58760532789578690 ) ) ;
#823 = FACE_OUTER_BOUND ( 'NONE', #997, .T. ) ;
#824 = ORIENTED_EDGE ( 'NONE', *, *, #1088, .T. ) ;
#825 = AXIS2_PLACEMENT_3D ( 'NONE', #1291, #3802, #671 ) ;
#826 = VERTEX_POINT ( 'NONE', #1323 ) ;
#827 = DIRECTION ( 'NONE',  ( -1.000000000000000000, -0.000000000000000000, 0.000000000000000000 ) ) ;
#828 = B_SPLINE_CURVE_WITH_KNOTS ( 'NONE', 3,
 ( #3149, #364, #3253, #2916, #3630, #401 ),
 .UNSPECIFIED., .F., .F.,
 ( 4, 2, 4 ),
 ( -4.679157622731872882E-05, 0.002245275333016811311, 0.004537342242260941974 ),
 .UNSPECIFIED. ) ;
#829 = VECTOR ( 'NONE', #4056, 1000.000000000000000 ) ;
#830 = CARTESIAN_POINT ( 'NONE',  ( -6.546633369868302132, 21.87500000000000711, -14.80000000000000782 ) ) ;
#831 = LINE ( 'NONE', #1431, #56 ) ;
#832 = CARTESIAN_POINT ( 'NONE',  ( -7.500000000000000888, -25.77747210701755876, -32.27420425925657810 ) ) ;
#833 = VERTEX_POINT ( 'NONE', #2594 ) ;
#834 = FACE_OUTER_BOUND ( 'NONE', #3400, .T. ) ;
#835 = ADVANCED_FACE ( 'NONE', ( #1013 ), #704, .T. ) ;
#836 = DIRECTION ( 'NONE',  ( -1.000000000000000000, 0.000000000000000000, 0.000000000000000000 ) ) ;
#837 = ORIENTED_EDGE ( 'NONE', *, *, #2667, .F. ) ;
#838 = DIRECTION ( 'NONE',  ( -1.000000000000000000, -0.000000000000000000, 0.000000000000000000 ) ) ;
#839 = EDGE_CURVE ( 'NONE', #188, #4066, #2959, .T. ) ;
#840 = VECTOR ( 'NONE', #2205, 1000.000000000000000 ) ;
#841 = FACE_OUTER_BOUND ( 'NONE', #15, .T. ) ;
#842 = LINE ( 'NONE', #597, #3755 ) ;
#843 = CARTESIAN_POINT ( 'NONE',  ( -9.646633369868300889, 21.87499999999999289, -6.800000000000002487 ) ) ;
#844 = ORIENTED_EDGE ( 'NONE', *, *, #1678, .F. ) ;
#845 = CARTESIAN_POINT ( 'NONE',  ( -18.40132645779437581, 1.395676407278876763, -12.94222682192486396 ) ) ;
#846 = CARTESIAN_POINT ( 'NONE',  ( -7.500378102231104016, -22.99727922784137846, -47.56851524165816869 ) ) ;
#847 = CIRCLE ( 'NONE', #1380, 2.000000000000000888 ) ;
#848 = ORIENTED_EDGE ( 'NONE', *, *, #358, .F. ) ;
#849 = EDGE_LOOP ( 'NONE', ( #2555, #3804, #396, #2762 ) ) ;
#850 = CARTESIAN_POINT ( 'NONE',  ( -20.50000000000000000, 6.978292623476201051, -39.17157287525380838 ) ) ;
#851 = AXIS2_PLACEMENT_3D ( 'NONE', #2704, #445, #3935 ) ;
#852 = CARTESIAN_POINT ( 'NONE',  ( -20.26800129934423111, 0.8096781016356573435, -15.03318282001502837 ) ) ;
#853 = DIRECTION ( 'NONE',  ( 1.000000000000000000, 0.000000000000000000, 0.000000000000000000 ) ) ;
#854 = ORIENTED_EDGE ( 'NONE', *, *, #2114, .T. ) ;
#855 = DIRECTION ( 'NONE',  ( -1.000000000000000000, 0.000000000000000000, 0.000000000000000000 ) ) ;
#856 = CARTESIAN_POINT ( 'NONE',  ( -4.000000000000000000, 29.75000000000000355, -14.80000000000000782 ) ) ;
#857 = EDGE_CURVE ( 'NONE', #376, #3391, #1362, .T. ) ;
#858 = VERTEX_POINT ( 'NONE', #3071 ) ;
#859 = FACE_BOUND ( 'NONE', #1523, .T. ) ;
#860 = DIRECTION ( 'NONE',  ( -1.000000000000000000, -0.000000000000000000, 0.000000000000000000 ) ) ;
#861 = CARTESIAN_POINT ( 'NONE',  ( 7.500000000000000888, -43.33338686551969232, -31.98202041779980931 ) ) ;
#862 = ADVANCED_FACE ( 'NONE', ( #2134 ), #3410, .F. ) ;
#863 = DIRECTION ( 'NONE',  ( -1.000000000000000000, -0.000000000000000000, -0.000000000000000000 ) ) ;
#864 = VERTEX_POINT ( 'NONE', #1826 ) ;
#865 = CARTESIAN_POINT ( 'NONE',  ( -20.49245906889590785, 3.278588039923924669, -21.45050611165110865 ) ) ;
#866 = EDGE_CURVE ( 'NONE', #2722, #1405, #601, .T. ) ;
#867 = EDGE_LOOP ( 'NONE', ( #686, #1412, #2691, #3365 ) ) ;
#868 = EDGE_LOOP ( 'NONE', ( #3335, #1034, #2635, #2630 ) ) ;
#869 = AXIS2_PLACEMENT_3D ( 'NONE', #3059, #257, #3107 ) ;
#870 = DIRECTION ( 'NONE',  ( 0.000000000000000000, 0.000000000000000000, 1.000000000000000000 ) ) ;
#871 = FACE_OUTER_BOUND ( 'NONE', #198, .T. ) ;
#872 = DIRECTION ( 'NONE',  ( 1.000000000000000000, 0.000000000000000000, 0.000000000000000000 ) ) ;
#873 = ORIENTED_EDGE ( 'NONE', *, *, #3083, .F. ) ;
#874 = CARTESIAN_POINT ( 'NONE',  ( 0.000000000000000000, 6.500000000000000000, -40.00000000000000000 ) ) ;
#875 = CARTESIAN_POINT ( 'NONE',  ( -19.87376793108477813, -0.8606885134253086100, -16.01851111719352261 ) ) ;
#876 = ORIENTED_EDGE ( 'NONE', *, *, #2154, .T. ) ;
#877 = CARTESIAN_POINT ( 'NONE',  ( -20.48035300313971874, 2.950473865411153085, -18.12937095712764801 ) ) ;
#878 = AXIS2_PLACEMENT_3D ( 'NONE', #3714, #2990, #136 ) ;
#879 = DIRECTION ( 'NONE',  ( 1.000000000000000000, 0.000000000000000000, 0.000000000000000000 ) ) ;
#880 = AXIS2_PLACEMENT_3D ( 'NONE', #742, #2698, #2984 ) ;
#881 = CARTESIAN_POINT ( 'NONE',  ( -15.60000000000000142, 2.000000000000000000, -19.90000000000000568 ) ) ;
#882 = CARTESIAN_POINT ( 'NONE',  ( -7.500000000000000000, -62.92614559132137231, -48.41388990968385997 ) ) ;
#883 = ORIENTED_EDGE ( 'NONE', *, *, #1142, .T. ) ;
#884 = EDGE_CURVE ( 'NONE', #3612, #1607, #2092, .T. ) ;
#885 = CIRCLE ( 'NONE', #1082, 4.999999999999998224 ) ;
#886 = DIRECTION ( 'NONE',  ( 0.000000000000000000, 0.000000000000000000, 1.000000000000000000 ) ) ;
#887 = CARTESIAN_POINT ( 'NONE',  ( -12.50000000000000000, -33.51298582741227960, -82.87340924047713031 ) ) ;
#888 = ORIENTED_EDGE ( 'NONE', *, *, #470, .F. ) ;
#889 = ORIENTED_EDGE ( 'NONE', *, *, #2550, .F. ) ;
#890 = EDGE_CURVE ( 'NONE', #1192, #1607, #3428, .T. ) ;
#891 = CARTESIAN_POINT ( 'NONE',  ( 12.50000000000000533, 2.000000000000000000, -18.90000000000000568 ) ) ;
#892 = CARTESIAN_POINT ( 'NONE',  ( -12.51252031446023061, -23.01419208996519927, -47.57890684328541653 ) ) ;
#893 = CARTESIAN_POINT ( 'NONE',  ( -20.41410051746963461, 2.000000000000000444, -37.90000000000001279 ) ) ;
#894 = ORIENTED_EDGE ( 'NONE', *, *, #1147, .T. ) ;
#895 = EDGE_CURVE ( 'NONE', #4133, #2582, #1869, .T. ) ;
#896 = CARTESIAN_POINT ( 'NONE',  ( -13.23846783045673448, -7.433086464635772828, -16.20667941165548953 ) ) ;
#897 = AXIS2_PLACEMENT_3D ( 'NONE', #3261, #1580, #664 ) ;
#898 = CARTESIAN_POINT ( 'NONE',  ( 10.50000000000000000, 2.000000000000000000, -35.90000000000000568 ) ) ;
#899 = ORIENTED_EDGE ( 'NONE', *, *, #995, .T. ) ;
#900 = FACE_OUTER_BOUND ( 'NONE', #2723, .T. ) ;
#901 = CARTESIAN_POINT ( 'NONE',  ( -19.14164900645219447, 1.798170069710496088, -13.19207537410121134 ) ) ;
#902 = CARTESIAN_POINT ( 'NONE',  ( 2.500000000000000444, 24.00000000000000000, -15.30000000000000249 ) ) ;
#903 = AXIS2_PLACEMENT_3D ( 'NONE', #703, #3157, #2593 ) ;
#904 = CARTESIAN_POINT ( 'NONE',  ( -18.50000000000000355, 2.000000000000000000, -18.90000000000000213 ) ) ;
#905 = VERTEX_POINT ( 'NONE', #2510 ) ;
#906 = DIRECTION ( 'NONE',  ( 0.000000000000000000, 0.9426492818141821717, 0.3337848580975575907 ) ) ;
#907 = DIRECTION ( 'NONE',  ( -1.000000000000000000, 0.000000000000000000, 0.000000000000000000 ) ) ;
#908 = ORIENTED_EDGE ( 'NONE', *, *, #3807, .F. ) ;
#909 = EDGE_CURVE ( 'NONE', #3373, #3480, #3433, .T. ) ;
#910 = EDGE_LOOP ( 'NONE', ( #1283, #3296, #158, #2153 ) ) ;
#911 = CARTESIAN_POINT ( 'NONE',  ( -12.50000000000000000, -25.77747210701755876, -32.27420425925657099 ) ) ;
#912 = CARTESIAN_POINT ( 'NONE',  ( -7.500000000000000000, -50.00000000000000711, -59.56998842140697548 ) ) ;
#913 = AXIS2_PLACEMENT_3D ( 'NONE', #1314, #3607, #2273 ) ;
#914 = CARTESIAN_POINT ( 'NONE',  ( -13.26678930242911569, -7.346694126996504259, -16.06956068683826899 ) ) ;
#915 = FACE_OUTER_BOUND ( 'NONE', #426, .T. ) ;
#916 = ORIENTED_EDGE ( 'NONE', *, *, #975, .F. ) ;
#917 = FACE_BOUND ( 'NONE', #2729, .T. ) ;
#918 = AXIS2_PLACEMENT_3D ( 'NONE', #2818, #1233, #2502 ) ;
#919 = CARTESIAN_POINT ( 'NONE',  ( -20.41410051746963461, 2.000000000000000444, -37.90000000000001279 ) ) ;
#920 = EDGE_CURVE ( 'NONE', #1558, #3717, #759, .T. ) ;
#921 = ORIENTED_EDGE ( 'NONE', *, *, #3234, .T. ) ;
#922 = CARTESIAN_POINT ( 'NONE',  ( 0.5466333698683039088, 27.12500000000000000, -14.80000000000000782 ) ) ;
#923 = LINE ( 'NONE', #10, #2962 ) ;
#924 = CARTESIAN_POINT ( 'NONE',  ( -11.00000000000000000, 24.50000000000000000, -6.800000000000002487 ) ) ;
#925 = DIRECTION ( 'NONE',  ( 0.000000000000000000, 0.000000000000000000, 1.000000000000000000 ) ) ;
#926 = CYLINDRICAL_SURFACE ( 'NONE', #3183, 1.000000000000000888 ) ;
#927 = ORIENTED_EDGE ( 'NONE', *, *, #507, .F. ) ;
#928 = DIRECTION ( 'NONE',  ( 1.000000000000000000, -0.000000000000000000, -0.000000000000000000 ) ) ;
#929 = CARTESIAN_POINT ( 'NONE',  ( 7.599999999999999645, 2.000000000000000000, -35.90000000000000568 ) ) ;
#930 = EDGE_LOOP ( 'NONE', ( #1371, #243, #636, #1528 ) ) ;
#931 = ORIENTED_EDGE ( 'NONE', *, *, #2456, .T. ) ;
#932 = CARTESIAN_POINT ( 'NONE',  ( -5.100000000000000533, 29.75000000000000355, -59.56998842140697548 ) ) ;
#933 = EDGE_CURVE ( 'NONE', #632, #3703, #1536, .T. ) ;
#934 = CALENDAR_DATE ( 2026, 22, 5 ) ;
#935 = DIRECTION ( 'NONE',  ( 0.000000000000000000, 0.000000000000000000, 1.000000000000000000 ) ) ;
#936 = CARTESIAN_POINT ( 'NONE',  ( -8.212629501144448341, -16.95532491216890492, -44.61968286101181747 ) ) ;
#937 = CARTESIAN_POINT ( 'NONE',  ( 12.50000000000000178, 0.9517243909168747740, -13.62796801495690424 ) ) ;
#938 = AXIS2_PLACEMENT_3D ( 'NONE', #2299, #2279, #1049 ) ;
#939 = AXIS2_PLACEMENT_3D ( 'NONE', #273, #3777, #2495 ) ;
#940 = EDGE_LOOP ( 'NONE', ( #78, #3709, #3283, #7 ) ) ;
#941 = VECTOR ( 'NONE', #4101, 1000.000000000000000 ) ;
#942 = ADVANCED_FACE ( 'NONE', ( #316 ), #3138, .F. ) ;
#943 = CARTESIAN_POINT ( 'NONE',  ( -12.50822127144754070, -23.06527537528140215, -47.61027954757416580 ) ) ;
#944 = ORIENTED_EDGE ( 'NONE', *, *, #1733, .F. ) ;
#945 = ORIENTED_EDGE ( 'NONE', *, *, #2262, .T. ) ;
#946 = DIRECTION ( 'NONE',  ( 0.000000000000000000, 0.000000000000000000, 1.000000000000000000 ) ) ;
#947 = EDGE_CURVE ( 'NONE', #4072, #604, #451, .T. ) ;
#948 = DIRECTION ( 'NONE',  ( 0.000000000000000000, 0.000000000000000000, 1.000000000000000000 ) ) ;
#949 = DIRECTION ( 'NONE',  ( 0.000000000000000000, 0.8660254037844380415, -0.5000000000000012212 ) ) ;
#950 = DIRECTION ( 'NONE',  ( 0.000000000000000000, 0.000000000000000000, 1.000000000000000000 ) ) ;
#951 = DIRECTION ( 'NONE',  ( 0.000000000000000000, 0.000000000000000000, -1.000000000000000000 ) ) ;
#952 = ORIENTED_EDGE ( 'NONE', *, *, #3801, .T. ) ;
#953 = EDGE_CURVE ( 'NONE', #1274, #2924, #3544, .T. ) ;
#954 = CARTESIAN_POINT ( 'NONE',  ( 10.91006803448736662, -2.940416045642556764, -13.96242907796409050 ) ) ;
#955 = ORIENTED_EDGE ( 'NONE', *, *, #4119, .T. ) ;
#956 = DIRECTION ( 'NONE',  ( 1.000000000000000000, -0.000000000000000000, -0.000000000000000000 ) ) ;
#957 = PERSON_AND_ORGANIZATION ( #1505, #2199 ) ;
#958 = DIRECTION ( 'NONE',  ( -1.000000000000000000, -0.000000000000000000, 0.000000000000000000 ) ) ;
#959 = CARTESIAN_POINT ( 'NONE',  ( -20.95583260102386447, 1.139581502559660509, -12.43903076468233415 ) ) ;
#960 = AXIS2_PLACEMENT_3D ( 'NONE', #216, #1555, #2760 ) ;
#961 = CARTESIAN_POINT ( 'NONE',  ( 10.88525716825979650, 0.3974782906953117090, -12.96916532224975782 ) ) ;
#962 = ORIENTED_EDGE ( 'NONE', *, *, #2003, .T. ) ;
#963 = DIRECTION ( 'NONE',  ( 0.000000000000000000, 0.000000000000000000, -1.000000000000000000 ) ) ;
#964 = AXIS2_PLACEMENT_3D ( 'NONE', #1348, #3568, #711 ) ;
#965 = CARTESIAN_POINT ( 'NONE',  ( -20.26341289279200097, 0.7825019224736762258, -34.30787949707519857 ) ) ;
#966 = EDGE_LOOP ( 'NONE', ( #2448, #679, #3999, #2274 ) ) ;
#967 = EDGE_LOOP ( 'NONE', ( #2408, #2246, #2373, #635 ) ) ;
#968 = EDGE_CURVE ( 'NONE', #3503, #1376, #2158, .T. ) ;
#969 = AXIS2_PLACEMENT_3D ( 'NONE', #3984, #1114, #3711 ) ;
#970 = CARTESIAN_POINT ( 'NONE',  ( -13.10180238123682273, -19.74518710793371667, -39.94687280211547886 ) ) ;
#971 = CARTESIAN_POINT ( 'NONE',  ( -14.38685284350860272, -15.28286789122848432, -38.39348058595980717 ) ) ;
#972 = AXIS2_PLACEMENT_3D ( 'NONE', #96, #75, #1347 ) ;
#973 = CARTESIAN_POINT ( 'NONE',  ( 0.5466333698683039088, 21.87500000000000000, -59.56998842140697548 ) ) ;
#974 = VERTEX_POINT ( 'NONE', #4038 ) ;
#975 = EDGE_CURVE ( 'NONE', #604, #3759, #3166, .T. ) ;
#976 = CARTESIAN_POINT ( 'NONE',  ( -20.50000000000000000, -9.797174393178825657E-16, -17.80000000000001137 ) ) ;
#977 = EDGE_CURVE ( 'NONE', #1376, #3514, #552, .T. ) ;
#978 = ORIENTED_EDGE ( 'NONE', *, *, #4115, .F. ) ;
#979 = AXIS2_PLACEMENT_3D ( 'NONE', #3559, #3241, #1302 ) ;
#980 = CIRCLE ( 'NONE', #2839, 1.999999999999988010 ) ;
#981 = CARTESIAN_POINT ( 'NONE',  ( 0.5466333698683003561, 27.12500000000000711, -14.80000000000000782 ) ) ;
#982 = CARTESIAN_POINT ( 'NONE',  ( -7.635047339083576468, -20.04036592823374363, -45.90144174486570705 ) ) ;
#983 = DIRECTION ( 'NONE',  ( -0.000000000000000000, -0.000000000000000000, 1.000000000000000000 ) ) ;
#985 = ORIENTED_EDGE ( 'NONE', *, *, #3555, .T. ) ;
#984 = CARTESIAN_POINT ( 'NONE',  ( 0.000000000000000000, 11.50000000000000000, -22.80000000000000782 ) ) ;
#986 = CARTESIAN_POINT ( 'NONE',  ( 7.500000000000000888, -25.61478525070589640, -43.30839056974210166 ) ) ;
#987 = DIRECTION ( 'NONE',  ( 0.000000000000000000, 0.000000000000000000, -1.000000000000000000 ) ) ;
#988 = ORIENTED_EDGE ( 'NONE', *, *, #1417, .T. ) ;
#989 = CIRCLE ( 'NONE', #1516, 1.000000000000000888 ) ;
#990 = CARTESIAN_POINT ( 'NONE',  ( 7.500000000000000888, -9.086390166513892197, -17.40216771640798399 ) ) ;
#991 = EDGE_CURVE ( 'NONE', #573, #2082, #1895, .T. ) ;
#992 = CARTESIAN_POINT ( 'NONE',  ( -1.999999999999998224, 19.25000000000000000, -14.80000000000000782 ) ) ;
#993 = DIRECTION ( 'NONE',  ( -1.000000000000000000, -0.000000000000000000, -0.000000000000000000 ) ) ;
#994 = ORIENTED_EDGE ( 'NONE', *, *, #4000, .T. ) ;
#995 = EDGE_CURVE ( 'NONE', #3785, #1168, #98, .T. ) ;
#996 = DIRECTION ( 'NONE',  ( 0.000000000000000000, 0.000000000000000000, 1.000000000000000000 ) ) ;
#997 = EDGE_LOOP ( 'NONE', ( #3100, #2769, #848, #1932, #1244 ) ) ;
#998 = ADVANCED_FACE ( 'NONE', ( #1174 ), #2064, .F. ) ;
#999 = APPROVAL_STATUS ( 'not_yet_approved' ) ;
#1000 = CARTESIAN_POINT ( 'NONE',  ( 12.50000000000000000, -49.58383499913627901, -54.21912426924463801 ) ) ;
#1001 = CARTESIAN_POINT ( 'NONE',  ( -19.99887546527342508, -0.1158808930628479061, -15.40116816028988644 ) ) ;
#1002 = FACE_BOUND ( 'NONE', #2303, .T. ) ;
#1004 = EDGE_LOOP ( 'NONE', ( #1184, #3437, #3247, #3217 ) ) ;
#1003 = DIRECTION ( 'NONE',  ( 0.000000000000000000, 0.000000000000000000, 1.000000000000000000 ) ) ;
#1005 = DIRECTION ( 'NONE',  ( 0.000000000000000000, -0.5195067476449244381, 0.8544663475827429799 ) ) ;
#1006 = FACE_OUTER_BOUND ( 'NONE', #1062, .T. ) ;
#1007 = VECTOR ( 'NONE', #3317, 1000.000000000000000 ) ;
#1008 = VERTEX_POINT ( 'NONE', #531 ) ;
#1009 = ORIENTED_EDGE ( 'NONE', *, *, #2333, .F. ) ;
#1010 = LINE ( 'NONE', #1735, #277 ) ;
#1011 = VECTOR ( 'NONE', #1124, 1000.000000000000000 ) ;
#1012 = DIRECTION ( 'NONE',  ( -0.000000000000000000, -0.000000000000000000, -1.000000000000000000 ) ) ;
#1013 = FACE_OUTER_BOUND ( 'NONE', #611, .T. ) ;
#1014 = EDGE_LOOP ( 'NONE', ( #2042, #4103, #931, #3414 ) ) ;
#1015 = CARTESIAN_POINT ( 'NONE',  ( 12.50000000000000000, -50.00000000000000711, -59.56998842140697548 ) ) ;
#1016 = AXIS2_PLACEMENT_3D ( 'NONE', #3233, #1353, #383 ) ;
#1017 = VERTEX_POINT ( 'NONE', #1212 ) ;
#1018 = EDGE_CURVE ( 'NONE', #1633, #1749, #2660, .T. ) ;
#1019 = CIRCLE ( 'NONE', #3486, 2.000000000000001776 ) ;
#1020 = DIRECTION ( 'NONE',  ( -0.000000000000000000, -0.000000000000000000, -1.000000000000000000 ) ) ;
#1021 = FACE_BOUND ( 'NONE', #54, .T. ) ;
#1022 = AXIS2_PLACEMENT_3D ( 'NONE', #1579, #4127, #1261 ) ;
#1024 = VERTEX_POINT ( 'NONE', #238 ) ;
#1023 = DIRECTION ( 'NONE',  ( -0.000000000000000000, -0.000000000000000000, -1.000000000000000000 ) ) ;
#1025 = ADVANCED_FACE ( 'NONE', ( #4016, #859 ), #1436, .T. ) ;
#1026 = CARTESIAN_POINT ( 'NONE',  ( -12.50000000000000000, -25.77747210701755876, -32.27420425925657099 ) ) ;
#1027 = CIRCLE ( 'NONE', #2287, 2.000000000000001776 ) ;
#1028 = CARTESIAN_POINT ( 'NONE',  ( -15.59999999999999964, -1.910449006669870126E-15, -17.80000000000001137 ) ) ;
#1029 = DIRECTION ( 'NONE',  ( -1.000000000000000000, 0.000000000000000000, 0.000000000000000000 ) ) ;
#1030 = EDGE_CURVE ( 'NONE', #2359, #126, #2459, .T. ) ;
#1031 = DIRECTION ( 'NONE',  ( -1.000000000000000000, 0.000000000000000000, 0.000000000000000000 ) ) ;
#1032 = CARTESIAN_POINT ( 'NONE',  ( -11.07772805784262893, -10.09276783755715989, -37.48733836314016798 ) ) ;
#1033 = TOROIDAL_SURFACE ( 'NONE', #566, 7.500000000000000000, 2.500000000000000000 ) ;
#1034 = ORIENTED_EDGE ( 'NONE', *, *, #2669, .T. ) ;
#1035 = B_SPLINE_CURVE_WITH_KNOTS ( 'NONE', 3,
 ( #1026, #3913, #2587, #1979, #731, #2293 ),
 .UNSPECIFIED., .F., .F.,
 ( 4, 2, 4 ),
 ( 0.000000000000000000, 0.006488294783373414233, 0.01297658956674682847 ),
 .UNSPECIFIED. ) ;
#1036 = CARTESIAN_POINT ( 'NONE',  ( 10.50000000000000000, 2.000000000000000000, -21.90000000000000924 ) ) ;
#1037 = ORIENTED_EDGE ( 'NONE', *, *, #202, .T. ) ;
#1038 = CARTESIAN_POINT ( 'NONE',  ( -18.45502804163218968, -5.112429895919521350, -19.47086531052818259 ) ) ;
#1039 = EDGE_CURVE ( 'NONE', #1618, #1251, #1508, .T. ) ;
#1040 = PLANE ( 'NONE',  #229 ) ;
#1042 = ORIENTED_EDGE ( 'NONE', *, *, #3801, .F. ) ;
#1041 = DIRECTION ( 'NONE',  ( 1.000000000000000000, 0.000000000000000000, -0.000000000000000000 ) ) ;
#1043 = AXIS2_PLACEMENT_3D ( 'NONE', #1459, #4079, #879 ) ;
#1044 = DIRECTION ( 'NONE',  ( -1.000000000000000000, 0.000000000000000000, 0.000000000000000000 ) ) ;
#1045 = CARTESIAN_POINT ( 'NONE',  ( -8.546633369868304797, 27.12499999999999645, -17.80000000000000782 ) ) ;
#1046 = EDGE_CURVE ( 'NONE', #1192, #1978, #200, .T. ) ;
#1047 = CARTESIAN_POINT ( 'NONE',  ( 12.50000000000000000, -62.72657105156391566, 68.51754911016466565 ) ) ;
#1048 = ORIENTED_EDGE ( 'NONE', *, *, #3964, .F. ) ;
#1049 = DIRECTION ( 'NONE',  ( 0.000000000000000000, -0.5219757575972718833, 0.8529603205781345343 ) ) ;
#1050 = AXIS2_PLACEMENT_3D ( 'NONE', #4021, #1154, #1846 ) ;
#1051 = VERTEX_POINT ( 'NONE', #8 ) ;
#1052 = VECTOR ( 'NONE', #2682, 1000.000000000000000 ) ;
#1053 = CARTESIAN_POINT ( 'NONE',  ( -14.33962125945590138, -15.35051735432040587, -44.04235819244549788 ) ) ;
#1054 = ORIENTED_EDGE ( 'NONE', *, *, #2028, .T. ) ;
#1055 = CARTESIAN_POINT ( 'NONE',  ( -20.12817636371165619, 0.01297923489078144782, -19.63732523268113894 ) ) ;
#1056 = DIRECTION ( 'NONE',  ( -1.000000000000000000, 0.000000000000000000, 0.000000000000000000 ) ) ;
#1057 = DIRECTION ( 'NONE',  ( 1.000000000000000000, 0.000000000000000000, -0.000000000000000000 ) ) ;
#1059 = ORIENTED_EDGE ( 'NONE', *, *, #3912, .F. ) ;
#1058 = DIRECTION ( 'NONE',  ( -0.000000000000000000, -0.000000000000000000, -1.000000000000000000 ) ) ;
#1060 = DIRECTION ( 'NONE',  ( 1.000000000000000000, 0.000000000000000000, 0.000000000000000000 ) ) ;
#1061 = CARTESIAN_POINT ( 'NONE',  ( -4.000000000000000000, 24.50000000000000000, -6.800000000000002487 ) ) ;
#1062 = EDGE_LOOP ( 'NONE', ( #3385, #456, #3723, #1674 ) ) ;
#1063 = CARTESIAN_POINT ( 'NONE',  ( -12.50000000000000000, -26.89356550409317137, -32.67924315023918780 ) ) ;
#1064 = EDGE_CURVE ( 'NONE', #2590, #288, #3203, .T. ) ;
#1065 = AXIS2_PLACEMENT_3D ( 'NONE', #2191, #1279, #284 ) ;
#1066 = VERTEX_POINT ( 'NONE', #1321 ) ;
#1067 = EDGE_CURVE ( 'NONE', #86, #521, #1127, .T. ) ;
#1068 = CYLINDRICAL_SURFACE ( 'NONE', #630, 2.000000000000000888 ) ;
#1069 = VERTEX_POINT ( 'NONE', #3492 ) ;
#1070 = DIRECTION ( 'NONE',  ( 0.000000000000000000, 0.000000000000000000, 1.000000000000000000 ) ) ;
#1071 = CARTESIAN_POINT ( 'NONE',  ( -12.69647538366610817, -9.086390166513872657, -17.40216771640797688 ) ) ;
#1072 = CARTESIAN_POINT ( 'NONE',  ( -9.646633369868300889, 21.87499999999999289, -59.56998842140697548 ) ) ;
#1074 = ORIENTED_EDGE ( 'NONE', *, *, #414, .T. ) ;
#1073 = LINE ( 'NONE', #2738, #3650 ) ;
#1075 = DIRECTION ( 'NONE',  ( -1.000000000000000000, 0.000000000000000000, -0.000000000000000000 ) ) ;
#1076 = CARTESIAN_POINT ( 'NONE',  ( -9.199845548317920674, -17.25285723022842177, -22.84596217436707732 ) ) ;
#1077 = TOROIDAL_SURFACE ( 'NONE', #2476, 75.99948021134781584, 5.000000000000000000 ) ;
#1078 = CARTESIAN_POINT ( 'NONE',  ( -20.08375689144534704, 1.112884270279277610, -14.49167654195644417 ) ) ;
#1079 = DIRECTION ( 'NONE',  ( 0.000000000000000000, 0.000000000000000000, 1.000000000000000000 ) ) ;
#1080 = ORIENTED_EDGE ( 'NONE', *, *, #1443, .T. ) ;
#1081 = DIRECTION ( 'NONE',  ( 1.000000000000000000, 0.000000000000000000, 0.000000000000000000 ) ) ;
#1082 = AXIS2_PLACEMENT_3D ( 'NONE', #3562, #1916, #1663 ) ;
#1083 = EDGE_CURVE ( 'NONE', #3391, #1376, #1552, .T. ) ;
#1084 = ORIENTED_EDGE ( 'NONE', *, *, #755, .F. ) ;
#1085 =( BOUNDED_CURVE ( )  B_SPLINE_CURVE ( 3, ( #2184, #896, #2501, #3829 ),
 .UNSPECIFIED., .F., .T. ) 
 B_SPLINE_CURVE_WITH_KNOTS ( ( 4, 4 ),
 ( 2.114030247331009083, 2.224458992473031138 ),
 .UNSPECIFIED. ) 
 CURVE ( )  GEOMETRIC_REPRESENTATION_ITEM ( )  RATIONAL_B_SPLINE_CURVE ( ( 1.000000000000000000, 0.9989840491644682574, 0.9989840491644682574, 1.000000000000000000 ) ) 
 REPRESENTATION_ITEM ( '' )  );
#1086 = CARTESIAN_POINT ( 'NONE',  ( 12.50000000000000000, 7.764008331169537591, -15.30000000000000071 ) ) ;
#1087 = CARTESIAN_POINT ( 'NONE',  ( -19.08997138008882999, 2.106779247692923462, -13.08684740415944248 ) ) ;
#1088 = EDGE_CURVE ( 'NONE', #1397, #1963, #250, .T. ) ;
#1089 = CARTESIAN_POINT ( 'NONE',  ( 7.500000000000000888, -28.56248979458095860, -27.96599674116827217 ) ) ;
#1090 = VERTEX_POINT ( 'NONE', #2591 ) ;
#1091 = AXIS2_PLACEMENT_3D ( 'NONE', #1952, #642, #1912 ) ;
#1092 = EDGE_CURVE ( 'NONE', #3337, #795, #4006, .T. ) ;
#1093 = CARTESIAN_POINT ( 'NONE',  ( -15.57597825705679817, -12.31005435735798059, -24.56338585936613583 ) ) ;
#1094 = CARTESIAN_POINT ( 'NONE',  ( -7.500000000000000000, -50.00000000000000711, -59.56998842140697548 ) ) ;
#1095 = CYLINDRICAL_SURFACE ( 'NONE', #32, 2.000000000000001776 ) ;
#1096 = AXIS2_PLACEMENT_3D ( 'NONE', #1375, #2974, #1029 ) ;
#1097 = VERTEX_POINT ( 'NONE', #348 ) ;
#1098 = CARTESIAN_POINT ( 'NONE',  ( -19.67157287525381548, 6.500000000000000000, -40.00000000000000000 ) ) ;
#1099 = CARTESIAN_POINT ( 'NONE',  ( 11.50000000000000000, 6.500000000000000000, -40.00000000000000000 ) ) ;
#1100 = CARTESIAN_POINT ( 'NONE',  ( -20.07072719608475353, 0.7009907043517790148, -14.81428089476388799 ) ) ;
#1101 = CARTESIAN_POINT ( 'NONE',  ( -20.50000000000000000, 3.851648071345041835, -20.65590966383835081 ) ) ;
#1102 = ORIENTED_EDGE ( 'NONE', *, *, #1111, .F. ) ;
#1103 = DIRECTION ( 'NONE',  ( -1.000000000000000000, 0.000000000000000000, 0.000000000000000000 ) ) ;
#1104 = VERTEX_POINT ( 'NONE', #308 ) ;
#1105 = ADVANCED_FACE ( 'NONE', ( #900 ), #3856, .T. ) ;
#1106 = CARTESIAN_POINT ( 'NONE',  ( -20.14569154476155788, 0.1033923839865561606, -19.25193779421670470 ) ) ;
#1107 = CARTESIAN_POINT ( 'NONE',  ( -7.500000000000000000, -33.51298582741227960, -82.87340924047713031 ) ) ;
#1108 = DIRECTION ( 'NONE',  ( 0.000000000000000000, 0.000000000000000000, 1.000000000000000000 ) ) ;
#1109 = ORIENTED_EDGE ( 'NONE', *, *, #152, .F. ) ;
#1110 = VECTOR ( 'NONE', #1650, 1000.000000000000000 ) ;
#1111 = EDGE_CURVE ( 'NONE', #4133, #2910, #2330, .T. ) ;
#1112 = CARTESIAN_POINT ( 'NONE',  ( -20.21661886624167082, 0.4954938192369900407, -21.22423338752172128 ) ) ;
#1113 = CYLINDRICAL_SURFACE ( 'NONE', #2217, 30.00000000000000000 ) ;
#1114 = DIRECTION ( 'NONE',  ( -1.000000000000000000, 0.000000000000000000, 0.000000000000000000 ) ) ;
#1115 = ORIENTED_EDGE ( 'NONE', *, *, #559, .T. ) ;
#1116 = CARTESIAN_POINT ( 'NONE',  ( 12.50000000000000000, 6.500000000000000000, -22.80000000000000782 ) ) ;
#1117 = DIRECTION ( 'NONE',  ( 1.000000000000000000, 0.000000000000000000, -1.172110456741086321E-16 ) ) ;
#1118 = EDGE_CURVE ( 'NONE', #326, #73, #2800, .T. ) ;
#1119 = CIRCLE ( 'NONE', #2185, 2.000000000000001776 ) ;
#1120 = DIRECTION ( 'NONE',  ( 0.000000000000000000, 0.000000000000000000, -1.000000000000000000 ) ) ;
#1121 = CARTESIAN_POINT ( 'NONE',  ( -19.88567111510543484, 1.848721466888394449, -13.77278523122774168 ) ) ;
#1122 = CARTESIAN_POINT ( 'NONE',  ( -8.546633369868301244, 21.87499999999999289, -14.80000000000000782 ) ) ;
#1123 = ORIENTED_EDGE ( 'NONE', *, *, #735, .F. ) ;
#1124 = DIRECTION ( 'NONE',  ( -0.000000000000000000, -0.000000000000000000, -1.000000000000000000 ) ) ;
#1125 = ORIENTED_EDGE ( 'NONE', *, *, #1935, .F. ) ;
#1126 = DIRECTION ( 'NONE',  ( 0.000000000000000000, -1.000000000000000000, 0.000000000000000000 ) ) ;
#1127 = CIRCLE ( 'NONE', #3471, 1.999999999999996669 ) ;
#1128 = CARTESIAN_POINT ( 'NONE',  ( 10.50000000000000000, 2.000000000000000000, -35.90000000000000568 ) ) ;
#1129 = ORIENTED_EDGE ( 'NONE', *, *, #2312, .F. ) ;
#1130 = CIRCLE ( 'NONE', #2461, 111.6486471906048621 ) ;
#1131 = FACE_OUTER_BOUND ( 'NONE', #2023, .T. ) ;
#1132 = CARTESIAN_POINT ( 'NONE',  ( -6.546633369868300356, 27.12499999999999645, -14.80000000000000782 ) ) ;
#1133 = CARTESIAN_POINT ( 'NONE',  ( -7.500126172457844298, -23.05401911864866804, -47.60337736832402555 ) ) ;
#1134 = EDGE_LOOP ( 'NONE', ( #1948, #899, #3931, #3774 ) ) ;
#1135 = EDGE_CURVE ( 'NONE', #89, #1447, #130, .T. ) ;
#1136 = EDGE_LOOP ( 'NONE', ( #3993, #1223 ) ) ;
#1137 = CARTESIAN_POINT ( 'NONE',  ( -18.50000000000000355, 2.000000000000000444, -21.90000000000000924 ) ) ;
#1138 = PERSON_AND_ORGANIZATION ( #1505, #2199 ) ;
#1139 = DIRECTION ( 'NONE',  ( -1.000000000000000000, -0.000000000000000000, 1.239088197126291063E-16 ) ) ;
#1140 = CARTESIAN_POINT ( 'NONE',  ( 12.50000000000000355, 2.000000000000000000, -36.90000000000000568 ) ) ;
#1141 = VERTEX_POINT ( 'NONE', #1640 ) ;
#1142 = EDGE_CURVE ( 'NONE', #1749, #1104, #1235, .T. ) ;
#1143 = CIRCLE ( 'NONE', #3958, 7.500000000000000000 ) ;
#1144 = DIRECTION ( 'NONE',  ( 0.000000000000000000, -1.000000000000000000, 0.000000000000000000 ) ) ;
#1145 = AXIS2_PLACEMENT_3D ( 'NONE', #292, #3412, #626 ) ;
#1146 = DIRECTION ( 'NONE',  ( 0.000000000000000000, 0.000000000000000000, 1.000000000000000000 ) ) ;
#1147 = EDGE_CURVE ( 'NONE', #1968, #864, #3536, .T. ) ;
#1148 = ORIENTED_EDGE ( 'NONE', *, *, #1534, .F. ) ;
#1149 = DIRECTION ( 'NONE',  ( -1.000000000000000000, 0.000000000000000000, -0.000000000000000000 ) ) ;
#1150 = B_SPLINE_CURVE_WITH_KNOTS ( 'NONE', 3,
 ( #118, #2152, #3728, #557, #3430, #2805, #242, #2785, #4082, #1218 ),
 .UNSPECIFIED., .F., .F.,
 ( 4, 2, 2, 2, 4 ),
 ( 0.008642044194870348792, 0.009230856811678289642, 0.009819669428486228757, 0.01040848204529416787, 0.01099729466210210872 ),
 .UNSPECIFIED. ) ;
#1151 = DIRECTION ( 'NONE',  ( 0.000000000000000000, 0.000000000000000000, -1.000000000000000000 ) ) ;
#1152 = AXIS2_PLACEMENT_3D ( 'NONE', #556, #2170, #3707 ) ;
#1153 = CARTESIAN_POINT ( 'NONE',  ( -2.899999999999999911, 29.75000000000000355, -14.80000000000000782 ) ) ;
#1154 = DIRECTION ( 'NONE',  ( 0.000000000000000000, 0.000000000000000000, 1.000000000000000000 ) ) ;
#1155 = EDGE_LOOP ( 'NONE', ( #1729, #3585, #1914, #1346 ) ) ;
#1156 = B_SPLINE_CURVE_WITH_KNOTS ( 'NONE', 3,
 ( #1000, #19, #2288, #2323, #1937, #2617, #3226, #3605, #670, #3566, #1958, #357, #2912, #1290, #690, #57, #3524, #2602, #2562, #1629 ),
 .UNSPECIFIED., .F., .F.,
 ( 4, 2, 2, 2, 2, 2, 2, 2, 2, 4 ),
 ( -1.676696277725907912E-05, 0.0004919516879837007367, 0.001000670338744660522, 0.002018107640266580093, 0.003035544941788499446, 0.004052982243310418800, 0.005070419544832338588, 0.006087856846354257508, 0.007105294147876177295, 0.008122731449398097950 ),
 .UNSPECIFIED. ) ;
#1157 = CARTESIAN_POINT ( 'NONE',  ( -13.89486409540257483, -16.51283976149355937, -22.39603916748628620 ) ) ;
#1158 = LINE ( 'NONE', #621, #3228 ) ;
#1159 = ORIENTED_EDGE ( 'NONE', *, *, #2667, .T. ) ;
#1160 = VECTOR ( 'NONE', #505, 1000.000000000000000 ) ;
#1161 = VERTEX_POINT ( 'NONE', #3198 ) ;
#1162 = CARTESIAN_POINT ( 'NONE',  ( -17.42371287606481189, -6.806116351296234157, -37.99999999999999289 ) ) ;
#1163 = EDGE_CURVE ( 'NONE', #2082, #3391, #3155, .T. ) ;
#1164 = VECTOR ( 'NONE', #1747, 1000.000000000000000 ) ;
#1165 = DATE_AND_TIME ( #4028, #2732 ) ;
#1166 = CARTESIAN_POINT ( 'NONE',  ( 12.20780984008271375, 1.114909981453249266, -39.70640302256013143 ) ) ;
#1167 = LINE ( 'NONE', #3377, #1307 ) ;
#1168 = VERTEX_POINT ( 'NONE', #1909 ) ;
#1169 = CLOSED_SHELL ( 'NONE', ( #1329, #224, #760, #47, #3259, #3841, #2436, #3864, #142, #998, #569, #443, #2754, #462, #3732, #1377, #3616, #1837, #1816, #2500, #1615, #1276, #1199, #3886, #3168, #942, #468, #1526, #779, #3436, #1680, #4076, #384, #2007, #3830, #1594, #341, #647, #723, #1656, #3520, #2991, #3649, #1860, #3750, #2713, #336, #2926, #2923, #1105, #1413, #2881, #2210, #317, #2673, #2355, #862, #107, #4039, #1910, #1025, #3336, #3472, #2730, #510, #3357, #1588, #2744, #1959, #1257, #1758, #393, #2059, #3956, #3285, #3934, #416, #2463, #835, #3730, #2412, #2160, #2858, #3549, #698, #3310, #2383, #3666, #799, #4054, #2035, #407, #34, #3421, #3881, #1608, #2798, #2725, #3567, #2718, #366, #2377, #1395, #595, #515, #388, #2627, #369, #3596, #3499, #3240, #532, #2192, #3324, #3693, #1992, #2468, #3977, #66, #93 ) ) ;
#1170 = CARTESIAN_POINT ( 'NONE',  ( 12.50000000000000000, -28.56248979458095860, -27.96599674116827217 ) ) ;
#1171 = EDGE_CURVE ( 'NONE', #2336, #2641, #3230, .T. ) ;
#1172 = EDGE_LOOP ( 'NONE', ( #1183, #2665 ) ) ;
#1173 = CIRCLE ( 'NONE', #903, 1.000000000000001110 ) ;
#1174 = FACE_OUTER_BOUND ( 'NONE', #688, .T. ) ;
#1175 = EDGE_CURVE ( 'NONE', #833, #1797, #127, .T. ) ;
#1176 = DIRECTION ( 'NONE',  ( -1.000000000000000000, -0.000000000000000000, -0.000000000000000000 ) ) ;
#1177 = DIRECTION ( 'NONE',  ( 1.000000000000000000, 0.000000000000000000, 0.000000000000000000 ) ) ;
#1178 = DIRECTION ( 'NONE',  ( -1.000000000000000000, 0.000000000000000000, 0.000000000000000000 ) ) ;
#1179 = EDGE_LOOP ( 'NONE', ( #186, #562, #740, #1777 ) ) ;
#1180 = DIRECTION ( 'NONE',  ( -1.000000000000000000, 0.000000000000000000, 0.000000000000000000 ) ) ;
#1181 = DIRECTION ( 'NONE',  ( 0.000000000000000000, 0.000000000000000000, 1.000000000000000000 ) ) ;
#1182 = AXIS2_PLACEMENT_3D ( 'NONE', #2309, #2605, #2897 ) ;
#1183 = ORIENTED_EDGE ( 'NONE', *, *, #1438, .T. ) ;
#1184 = ORIENTED_EDGE ( 'NONE', *, *, #1423, .F. ) ;
#1185 = CARTESIAN_POINT ( 'NONE',  ( 0.000000000000000000, 6.500000000000000000, -40.00000000000000000 ) ) ;
#1186 = CARTESIAN_POINT ( 'NONE',  ( 1.646633369868300001, 27.12500000000000711, -59.56998842140697548 ) ) ;
#1187 = CARTESIAN_POINT ( 'NONE',  ( -19.57803470338116369, -2.162735774705394576, -17.51014806669209634 ) ) ;
#1188 = ORIENTED_EDGE ( 'NONE', *, *, #1352, .T. ) ;
#1189 = CARTESIAN_POINT ( 'NONE',  ( -8.546633369868304797, 21.87500000000000711, -14.80000000000000782 ) ) ;
#1190 = CARTESIAN_POINT ( 'NONE',  ( 7.500000000000000888, -33.51298582741227960, -82.87340924047713031 ) ) ;
#1191 = CARTESIAN_POINT ( 'NONE',  ( -18.00000000000000355, 3.851648071345041835, -15.30000000000000249 ) ) ;
#1192 = VERTEX_POINT ( 'NONE', #1063 ) ;
#1193 = EDGE_CURVE ( 'NONE', #3271, #3480, #2869, .T. ) ;
#1194 = CARTESIAN_POINT ( 'NONE',  ( -16.59812253667685411, -7.056167669564850975, -39.39364380958267731 ) ) ;
#1195 = PLANE ( 'NONE',  #491 ) ;
#1196 = CARTESIAN_POINT ( 'NONE',  ( 0.5466333698683039088, 21.87500000000000000, -59.56998842140697548 ) ) ;
#1197 = DIRECTION ( 'NONE',  ( 1.000000000000000000, 0.000000000000000000, 0.000000000000000000 ) ) ;
#1198 = ORIENTED_EDGE ( 'NONE', *, *, #1737, .T. ) ;
#1199 = ADVANCED_FACE ( 'NONE', ( #3276 ), #2352, .F. ) ;
#1200 = AXIS2_PLACEMENT_3D ( 'NONE', #3938, #141, #1414 ) ;
#1201 = CARTESIAN_POINT ( 'NONE',  ( -1.453366630131703641, 21.87500000000000000, -17.80000000000000782 ) ) ;
#1202 = ORIENTED_EDGE ( 'NONE', *, *, #2970, .F. ) ;
#1203 = ORIENTED_EDGE ( 'NONE', *, *, #1664, .T. ) ;
#1204 = CIRCLE ( 'NONE', #3813, 6.999999999999998224 ) ;
#1205 = CARTESIAN_POINT ( 'NONE',  ( -9.425822798326475294, -13.02552114058234167, -43.43010081537647693 ) ) ;
#1206 = DIRECTION ( 'NONE',  ( -1.000000000000000000, 0.000000000000000000, 0.000000000000000000 ) ) ;
#1207 = ORIENTED_EDGE ( 'NONE', *, *, #953, .T. ) ;
#1208 = DIRECTION ( 'NONE',  ( 1.000000000000000000, 0.000000000000000000, -0.000000000000000000 ) ) ;
#1209 = CARTESIAN_POINT ( 'NONE',  ( 13.82776389208204293, 6.500000000000000000, -40.00000000000000000 ) ) ;
#1210 = CIRCLE ( 'NONE', #3339, 0.9999999999999991118 ) ;
#1211 = ORIENTED_EDGE ( 'NONE', *, *, #947, .F. ) ;
#1212 = CARTESIAN_POINT ( 'NONE',  ( -20.41410051746963106, 2.000000000000000000, -33.89999999999999858 ) ) ;
#1213 = AXIS2_PLACEMENT_3D ( 'NONE', #2812, #4094, #2536 ) ;
#1214 = EDGE_CURVE ( 'NONE', #2447, #3182, #1358, .T. ) ;
#1215 = CARTESIAN_POINT ( 'NONE',  ( 12.50000000000000000, -33.51298582741227960, -82.87340924047713031 ) ) ;
#1216 = VECTOR ( 'NONE', #1553, 1000.000000000000000 ) ;
#1217 = FACE_OUTER_BOUND ( 'NONE', #4083, .T. ) ;
#1218 = CARTESIAN_POINT ( 'NONE',  ( -20.50000000000000000, 3.851648071345041391, -35.14409033616166056 ) ) ;
#1219 = ORIENTED_EDGE ( 'NONE', *, *, #259, .F. ) ;
#1220 = CIRCLE ( 'NONE', #3493, 6.999999999999985789 ) ;
#1221 = CARTESIAN_POINT ( 'NONE',  ( -17.09790294666459332, -7.196165398620022913, -38.49829661024748617 ) ) ;
#1222 = DIRECTION ( 'NONE',  ( -0.9284766908852594147, -0.3713906763541037215, 0.000000000000000000 ) ) ;
#1223 = ORIENTED_EDGE ( 'NONE', *, *, #1118, .F. ) ;
#1224 = ORIENTED_EDGE ( 'NONE', *, *, #2077, .F. ) ;
#1225 = DIRECTION ( 'NONE',  ( -0.000000000000000000, -0.000000000000000000, 1.000000000000000000 ) ) ;
#1226 = FACE_OUTER_BOUND ( 'NONE', #3844, .T. ) ;
#1227 = DIRECTION ( 'NONE',  ( -1.000000000000000000, 0.000000000000000000, 0.000000000000000000 ) ) ;
#1228 = AXIS2_PLACEMENT_3D ( 'NONE', #41, #1631, #1961 ) ;
#1229 = DIRECTION ( 'NONE',  ( 1.000000000000000000, 0.000000000000000000, -1.172110456741086321E-16 ) ) ;
#1230 = ORIENTED_EDGE ( 'NONE', *, *, #3724, .T. ) ;
#1231 = CARTESIAN_POINT ( 'NONE',  ( 12.50000000000000000, -6.938893903907228378E-15, -12.80000000000000249 ) ) ;
#1232 = CIRCLE ( 'NONE', #3766, 1.000000000000000888 ) ;
#1233 = DIRECTION ( 'NONE',  ( 0.000000000000000000, 0.000000000000000000, -1.000000000000000000 ) ) ;
#1234 = VERTEX_POINT ( 'NONE', #2666 ) ;
#1235 = LINE ( 'NONE', #3533, #2532 ) ;
#1236 = APPROVAL ( #999, '未指定' ) ;
#1237 = LINE ( 'NONE', #3789, #4114 ) ;
#1238 = DIRECTION ( 'NONE',  ( 0.000000000000000000, 0.000000000000000000, -1.000000000000000000 ) ) ;
#1239 = CARTESIAN_POINT ( 'NONE',  ( -7.636389833277316797, -20.02870354776973016, -45.89578406204999084 ) ) ;
#1240 = ORIENTED_EDGE ( 'NONE', *, *, #1556, .T. ) ;
#1241 = EDGE_CURVE ( 'NONE', #2470, #1841, #2731, .T. ) ;
#1242 = CARTESIAN_POINT ( 'NONE',  ( 10.98166342752868019, 0.9517243909168746629, -13.00079646071674766 ) ) ;
#1243 = ORIENTED_EDGE ( 'NONE', *, *, #2052, .F. ) ;
#1244 = ORIENTED_EDGE ( 'NONE', *, *, #1214, .F. ) ;
#1245 = EDGE_CURVE ( 'NONE', #2447, #1748, #792, .T. ) ;
#1246 = DIRECTION ( 'NONE',  ( -1.000000000000000000, 0.000000000000000000, -0.000000000000000000 ) ) ;
#1247 = CARTESIAN_POINT ( 'NONE',  ( -5.099999999999999645, 19.25000000000000000, -6.800000000000002487 ) ) ;
#1248 = AXIS2_PLACEMENT_3D ( 'NONE', #2874, #3870, #1003 ) ;
#1249 = FACE_OUTER_BOUND ( 'NONE', #3012, .T. ) ;
#1250 = CARTESIAN_POINT ( 'NONE',  ( 10.50000000000000000, 2.000000000000000000, -34.90000000000000568 ) ) ;
#1251 = VERTEX_POINT ( 'NONE', #2958 ) ;
#1252 = EDGE_CURVE ( 'NONE', #2541, #2068, #2920, .T. ) ;
#1253 = DIRECTION ( 'NONE',  ( 0.000000000000000000, 2.551063935260010491E-16, -1.000000000000000000 ) ) ;
#1254 = AXIS2_PLACEMENT_3D ( 'NONE', #1045, #1120, #1998 ) ;
#1255 = CARTESIAN_POINT ( 'NONE',  ( -20.35968247332217729, 1.483189737908540362, -33.96352765266604479 ) ) ;
#1256 = EDGE_LOOP ( 'NONE', ( #2863, #1477, #2884, #1240, #2513 ) ) ;
#1257 = ADVANCED_FACE ( 'NONE', ( #1339 ), #2334, .F. ) ;
#1258 = VERTEX_POINT ( 'NONE', #2629 ) ;
#1259 = DIRECTION ( 'NONE',  ( 0.000000000000000000, 0.000000000000000000, -1.000000000000000000 ) ) ;
#1260 = CARTESIAN_POINT ( 'NONE',  ( -18.50000000000000355, 2.000000000000000000, -35.89999999999999858 ) ) ;
#1261 = DIRECTION ( 'NONE',  ( 0.000000000000000000, 0.000000000000000000, 1.000000000000000000 ) ) ;
#1262 = DIRECTION ( 'NONE',  ( 0.000000000000000000, 0.000000000000000000, 1.000000000000000000 ) ) ;
#1263 = FACE_OUTER_BOUND ( 'NONE', #2797, .T. ) ;
#1264 = VERTEX_POINT ( 'NONE', #2022 ) ;
#1265 = CARTESIAN_POINT ( 'NONE',  ( -15.59999999999999964, 4.163336342344340182E-15, -38.00000000000000000 ) ) ;
#1266 = VERTEX_POINT ( 'NONE', #3918 ) ;
#1267 = DIRECTION ( 'NONE',  ( -0.000000000000000000, -0.000000000000000000, 1.000000000000000000 ) ) ;
#1268 = PERSON_AND_ORGANIZATION_ROLE ( 'creator' ) ;
#1269 = DIRECTION ( 'NONE',  ( 0.000000000000000000, 0.000000000000000000, -1.000000000000000000 ) ) ;
#1270 = EDGE_CURVE ( 'NONE', #3635, #1066, #3266, .T. ) ;
#1271 = CARTESIAN_POINT ( 'NONE',  ( -12.50032408762666059, -25.63802623017899052, -43.30839056974210166 ) ) ;
#1272 = DIRECTION ( 'NONE',  ( 0.000000000000000000, -1.000000000000000000, 0.000000000000000000 ) ) ;
#1273 = VECTOR ( 'NONE', #2939, 1000.000000000000000 ) ;
#1274 = VERTEX_POINT ( 'NONE', #427 ) ;
#1275 = CARTESIAN_POINT ( 'NONE',  ( -20.12817636371165619, 0.01297923489078115118, -35.63732523268113539 ) ) ;
#1276 = ADVANCED_FACE ( 'NONE', ( #3299 ), #2649, .F. ) ;
#1277 = ORIENTED_EDGE ( 'NONE', *, *, #2433, .F. ) ;
#1278 = ORIENTED_EDGE ( 'NONE', *, *, #2999, .T. ) ;
#1279 = DIRECTION ( 'NONE',  ( -1.000000000000000000, -0.000000000000000000, 0.000000000000000000 ) ) ;
#1280 = CARTESIAN_POINT ( 'NONE',  ( -20.09083017856038467, 0.9295385092680830130, -14.65007908310503915 ) ) ;
#1281 = FACE_OUTER_BOUND ( 'NONE', #967, .T. ) ;
#1282 = CARTESIAN_POINT ( 'NONE',  ( -9.032867283603701836, -14.19151518534260958, -43.73715011348061665 ) ) ;
#1283 = ORIENTED_EDGE ( 'NONE', *, *, #3362, .F. ) ;
#1284 = VECTOR ( 'NONE', #2227, 1000.000000000000000 ) ;
#1285 = B_SPLINE_CURVE_WITH_KNOTS ( 'NONE', 3,
 ( #1162, #226, #1750, #1429, #523, #181, #3014, #1730, #503, #3054 ),
 .UNSPECIFIED., .F., .F.,
 ( 4, 2, 2, 2, 4 ),
 ( 0.003491369402665578641, 0.005752781979583754604, 0.006883488268042850175, 0.007448841412272403165, 0.008014194556501956154 ),
 .UNSPECIFIED. ) ;
#1286 = VECTOR ( 'NONE', #2130, 1000.000000000000000 ) ;
#1287 = CARTESIAN_POINT ( 'NONE',  ( 11.50000000000000000, 0.000000000000000000, -40.00000000000000000 ) ) ;
#1288 = VERTEX_POINT ( 'NONE', #3238 ) ;
#1289 = CYLINDRICAL_SURFACE ( 'NONE', #1345, 2.800000000000000266 ) ;
#1290 = CARTESIAN_POINT ( 'NONE',  ( 10.07439744095898959, -49.95073777677083626, -58.82494039260621577 ) ) ;
#1291 = CARTESIAN_POINT ( 'NONE',  ( 12.50000000000000000, 2.000000000000000000, -35.90000000000000568 ) ) ;
#1292 = CARTESIAN_POINT ( 'NONE',  ( 12.50000000000000000, 0.000000000000000000, -40.00000000000000000 ) ) ;
#1294 = ORIENTED_EDGE ( 'NONE', *, *, #3127, .T. ) ;
#1293 = LINE ( 'NONE', #3231, #3860 ) ;
#1295 = DIRECTION ( 'NONE',  ( 0.000000000000000000, 0.000000000000000000, 1.000000000000000000 ) ) ;
#1296 = EDGE_CURVE ( 'NONE', #3443, #2479, #1010, .T. ) ;
#1297 = AXIS2_PLACEMENT_3D ( 'NONE', #3341, #1765, #3683 ) ;
#1298 = CYLINDRICAL_SURFACE ( 'NONE', #2648, 20.00000000000000000 ) ;
#1299 = ORIENTED_EDGE ( 'NONE', *, *, #866, .T. ) ;
#1300 = AXIS2_PLACEMENT_3D ( 'NONE', #600, #2466, #886 ) ;
#1301 = CARTESIAN_POINT ( 'NONE',  ( -18.21132606893727157, 3.172047639839183475, -12.80000000000000071 ) ) ;
#1302 = DIRECTION ( 'NONE',  ( -1.000000000000000000, 0.000000000000000000, 0.000000000000000000 ) ) ;
#1303 = CIRCLE ( 'NONE', #3846, 2.000000000000003997 ) ;
#1304 = FACE_OUTER_BOUND ( 'NONE', #3087, .T. ) ;
#1305 = EDGE_LOOP ( 'NONE', ( #2523, #487, #1879, #2755 ) ) ;
#1306 = EDGE_CURVE ( 'NONE', #2157, #4057, #737, .T. ) ;
#1307 = VECTOR ( 'NONE', #853, 1000.000000000000000 ) ;
#1308 = DIRECTION ( 'NONE',  ( 0.000000000000000000, -1.000000000000000000, 0.000000000000000000 ) ) ;
#1309 = ORIENTED_EDGE ( 'NONE', *, *, #263, .F. ) ;
#1310 = PERSON_AND_ORGANIZATION ( #1505, #2199 ) ;
#1311 = CARTESIAN_POINT ( 'NONE',  ( -19.06953381770518874, -3.576165455737033039, -18.76485250651252201 ) ) ;
#1312 = DIRECTION ( 'NONE',  ( -0.000000000000000000, -0.000000000000000000, 1.000000000000000000 ) ) ;
#1313 = DIRECTION ( 'NONE',  ( -0.000000000000000000, -0.000000000000000000, 1.000000000000000000 ) ) ;
#1315 = ORIENTED_EDGE ( 'NONE', *, *, #3333, .F. ) ;
#1314 = CARTESIAN_POINT ( 'NONE',  ( 12.50000000000000000, -62.72657105156391566, 68.51754911016466565 ) ) ;
#1316 = DIRECTION ( 'NONE',  ( 0.000000000000000000, 0.000000000000000000, -1.000000000000000000 ) ) ;
#1317 = CARTESIAN_POINT ( 'NONE',  ( -20.12821358393929216, 0.01316994205141628835, -36.16386042002196888 ) ) ;
#1318 = ORIENTED_EDGE ( 'NONE', *, *, #2245, .T. ) ;
#1319 = ORIENTED_EDGE ( 'NONE', *, *, #1046, .T. ) ;
#1320 = AXIS2_PLACEMENT_3D ( 'NONE', #2825, #3423, #2103 ) ;
#1321 = CARTESIAN_POINT ( 'NONE',  ( 2.999999999999998224, 24.50000000000000000, -12.80000000000000249 ) ) ;
#1322 = DIRECTION ( 'NONE',  ( -1.000000000000000000, 0.000000000000000000, 0.000000000000000000 ) ) ;
#1323 = CARTESIAN_POINT ( 'NONE',  ( -1.199999999999999734, 24.50000000000000000, -6.800000000000002487 ) ) ;
#1324 = EDGE_LOOP ( 'NONE', ( #1471, #2678, #3665, #2167 ) ) ;
#1325 = CIRCLE ( 'NONE', #1451, 1.099999999999997646 ) ;
#1326 = CARTESIAN_POINT ( 'NONE',  ( -4.000000000000000000, 29.75000000000000355, -14.80000000000000782 ) ) ;
#1327 = EDGE_CURVE ( 'NONE', #267, #2235, #1717, .T. ) ;
#1328 = ORIENTED_EDGE ( 'NONE', *, *, #1252, .T. ) ;
#1329 = ADVANCED_FACE ( 'NONE', ( #1378 ), #3260, .F. ) ;
#1330 = DIRECTION ( 'NONE',  ( -1.000000000000000000, 0.000000000000000000, 0.000000000000000000 ) ) ;
#1331 = DIRECTION ( 'NONE',  ( 1.000000000000000000, 0.000000000000000000, 0.000000000000000000 ) ) ;
#1333 = EDGE_LOOP ( 'NONE', ( #2208, #1500, #2937, #271 ) ) ;
#1332 = CARTESIAN_POINT ( 'NONE',  ( -10.00331581901592060, -12.77879843462392984, -38.19466942818444721 ) ) ;
#1334 = FACE_OUTER_BOUND ( 'NONE', #3147, .T. ) ;
#1335 = DIRECTION ( 'NONE',  ( 1.000000000000000000, 0.000000000000000000, 0.000000000000000000 ) ) ;
#1336 = TOROIDAL_SURFACE ( 'NONE', #4071, 7.500000000000000000, 2.500000000000000000 ) ;
#1337 = ORIENTED_EDGE ( 'NONE', *, *, #2970, .T. ) ;
#1338 = ORIENTED_EDGE ( 'NONE', *, *, #1947, .F. ) ;
#1339 = FACE_OUTER_BOUND ( 'NONE', #1014, .T. ) ;
#1340 = CARTESIAN_POINT ( 'NONE',  ( -20.08928824607633601, 0.9120084071039659124, -14.66267372509506117 ) ) ;
#1341 = DIRECTION ( 'NONE',  ( 0.000000000000000000, 0.000000000000000000, 1.000000000000000000 ) ) ;
#1342 = ORIENTED_EDGE ( 'NONE', *, *, #1296, .F. ) ;
#1343 = EDGE_CURVE ( 'NONE', #3797, #2026, #2599, .T. ) ;
#1344 = CARTESIAN_POINT ( 'NONE',  ( 11.04524538307989623, -2.640859022060620731, -13.85558170009329615 ) ) ;
#1345 = AXIS2_PLACEMENT_3D ( 'NONE', #2559, #1225, #251 ) ;
#1346 = ORIENTED_EDGE ( 'NONE', *, *, #1947, .T. ) ;
#1347 = DIRECTION ( 'NONE',  ( 1.000000000000000000, 0.000000000000000000, 0.000000000000000000 ) ) ;
#1348 = CARTESIAN_POINT ( 'NONE',  ( -4.000000000000000000, 24.50000000000000000, -6.800000000000002487 ) ) ;
#1349 = AXIS2_PLACEMENT_3D ( 'NONE', #3046, #3726, #3745 ) ;
#1351 = ORIENTED_EDGE ( 'NONE', *, *, #1726, .F. ) ;
#1350 = CARTESIAN_POINT ( 'NONE',  ( -20.50000000000000000, 24.00000000000000000, -17.80000000000001137 ) ) ;
#1352 = EDGE_CURVE ( 'NONE', #864, #2117, #406, .T. ) ;
#1353 = DIRECTION ( 'NONE',  ( -0.000000000000000000, 0.9426492818141821717, 0.3337848580975575907 ) ) ;
#1354 = CIRCLE ( 'NONE', #3690, 1.000000000000001554 ) ;
#1355 = CARTESIAN_POINT ( 'NONE',  ( -8.580318074411625417, -19.19969742516682842, -23.91068449769806392 ) ) ;
#1356 = ORIENTED_EDGE ( 'NONE', *, *, #1804, .F. ) ;
#1357 = EDGE_LOOP ( 'NONE', ( #180, #3540 ) ) ;
#1358 = LINE ( 'NONE', #701, #408 ) ;
#1359 = PLANE ( 'NONE',  #3214 ) ;
#1360 = CIRCLE ( 'NONE', #3699, 6.999999999999985789 ) ;
#1361 = VERTEX_POINT ( 'NONE', #508 ) ;
#1362 = CIRCLE ( 'NONE', #35, 2.500000000000000444 ) ;
#1363 = CARTESIAN_POINT ( 'NONE',  ( -20.34404778753807719, 1.355950206955560677, -18.00206252707496546 ) ) ;
#1364 = DIRECTION ( 'NONE',  ( -1.000000000000000000, -0.000000000000000000, 0.000000000000000000 ) ) ;
#1365 = ORIENTED_EDGE ( 'NONE', *, *, #3623, .F. ) ;
#1366 = AXIS2_PLACEMENT_3D ( 'NONE', #1047, #2000, #1079 ) ;
#1367 = CARTESIAN_POINT ( 'NONE',  ( -20.41410051746963461, 2.000000000000000444, -21.90000000000000924 ) ) ;
#1368 = CARTESIAN_POINT ( 'NONE',  ( -9.646633369868302665, 27.12499999999999645, -14.80000000000000782 ) ) ;
#1369 = CARTESIAN_POINT ( 'NONE',  ( -20.26800129934422401, 0.8096781016356565663, -15.03318282001501771 ) ) ;
#1371 = ORIENTED_EDGE ( 'NONE', *, *, #2592, .F. ) ;
#1370 = DIRECTION ( 'NONE',  ( 1.000000000000000000, 0.000000000000000000, 0.000000000000000000 ) ) ;
#1372 = EDGE_CURVE ( 'NONE', #2046, #1051, #3603, .T. ) ;
#1373 = CARTESIAN_POINT ( 'NONE',  ( 2.500000000000000444, 34.00000000000000000, -15.30000000000000249 ) ) ;
#1374 = DIRECTION ( 'NONE',  ( -0.000000000000000000, -0.000000000000000000, 1.000000000000000000 ) ) ;
#1375 = CARTESIAN_POINT ( 'NONE',  ( -8.546633369868304797, 27.12499999999999645, -14.80000000000000782 ) ) ;
#1376 = VERTEX_POINT ( 'NONE', #3020 ) ;
#1377 = ADVANCED_FACE ( 'NONE', ( #834 ), #548, .F. ) ;
#1378 = FACE_OUTER_BOUND ( 'NONE', #3403, .T. ) ;
#1379 = EDGE_CURVE ( 'NONE', #1361, #3052, #1736, .T. ) ;
#1380 = AXIS2_PLACEMENT_3D ( 'NONE', #2222, #951, #1582 ) ;
#1381 = ORIENTED_EDGE ( 'NONE', *, *, #3541, .F. ) ;
#1382 = CARTESIAN_POINT ( 'NONE',  ( -20.31228610446354210, 1.115216135539978337, -18.10163287945846022 ) ) ;
#1383 = CARTESIAN_POINT ( 'NONE',  ( -18.50000000000000355, 6.500000000000000000, -38.00000000000000000 ) ) ;
#1384 = ORIENTED_EDGE ( 'NONE', *, *, #3523, .T. ) ;
#1385 = DIRECTION ( 'NONE',  ( -1.000000000000000000, -0.000000000000000000, 0.000000000000000000 ) ) ;
#1386 = CARTESIAN_POINT ( 'NONE',  ( -8.179094762068112701, -49.99761625841652091, -59.53295083732949422 ) ) ;
#1387 = CARTESIAN_POINT ( 'NONE',  ( -10.00331581901592415, -15.37633217284855469, -21.70505424722460219 ) ) ;
#1389 = VERTEX_POINT ( 'NONE', #1839 ) ;
#1388 = CARTESIAN_POINT ( 'NONE',  ( -7.508177754568856166, -21.53326729915712789, -46.66899695616325516 ) ) ;
#1390 = FACE_OUTER_BOUND ( 'NONE', #3446, .T. ) ;
#1391 = CARTESIAN_POINT ( 'NONE',  ( -13.89486409540256773, -16.51283976149356292, -22.39603916748628265 ) ) ;
#1392 = CARTESIAN_POINT ( 'NONE',  ( 9.667053275746456009, -5.405448552420124564, -15.02093845068482736 ) ) ;
#1393 = ORIENTED_EDGE ( 'NONE', *, *, #1829, .T. ) ;
#1394 = CARTESIAN_POINT ( 'NONE',  ( -4.000000000000000000, 19.25000000000000000, -6.800000000000002487 ) ) ;
#1395 = ADVANCED_FACE ( 'NONE', ( #2060 ), #1336, .T. ) ;
#1396 = AXIS2_PLACEMENT_3D ( 'NONE', #3178, #594, #2820 ) ;
#1397 = VERTEX_POINT ( 'NONE', #3041 ) ;
#1398 = DIRECTION ( 'NONE',  ( 0.000000000000000000, 0.000000000000000000, -1.000000000000000000 ) ) ;
#1399 = CARTESIAN_POINT ( 'NONE',  ( -4.000000000000000000, 24.50000000000000000, -6.800000000000002487 ) ) ;
#1400 = VERTEX_POINT ( 'NONE', #809 ) ;
#1401 = CYLINDRICAL_SURFACE ( 'NONE', #360, 2.800000000000000266 ) ;
#1402 = DIRECTION ( 'NONE',  ( 0.000000000000000000, 0.000000000000000000, 1.000000000000000000 ) ) ;
#1403 = CARTESIAN_POINT ( 'NONE',  ( -1.453366630131692760, 27.12500000000000000, -17.80000000000000782 ) ) ;
#1404 = CARTESIAN_POINT ( 'NONE',  ( 11.81309926525269205, -1.766561646822728537, -14.37288354715283667 ) ) ;
#1405 = VERTEX_POINT ( 'NONE', #1817 ) ;
#1406 = CARTESIAN_POINT ( 'NONE',  ( 7.599999999999999645, 2.000000000000000000, -36.90000000000000568 ) ) ;
#1407 = CIRCLE ( 'NONE', #3411, 1.999999999999996669 ) ;
#1408 = DIRECTION ( 'NONE',  ( 0.000000000000000000, -0.5235012045728991703, 0.8520249343832160260 ) ) ;
#1409 = AXIS2_PLACEMENT_3D ( 'NONE', #458, #2048, #2361 ) ;
#1410 = CARTESIAN_POINT ( 'NONE',  ( -4.000000000000000000, 31.50000000000000000, -12.80000000000000249 ) ) ;
#1411 = DIRECTION ( 'NONE',  ( -1.000000000000000000, -0.000000000000000000, 0.000000000000000000 ) ) ;
#1412 = ORIENTED_EDGE ( 'NONE', *, *, #190, .T. ) ;
#1413 = ADVANCED_FACE ( 'NONE', ( #528 ), #1479, .F. ) ;
#1414 = DIRECTION ( 'NONE',  ( 0.000000000000000000, 0.000000000000000000, -1.000000000000000000 ) ) ;
#1415 = AXIS2_PLACEMENT_3D ( 'NONE', #3185, #667, #1933 ) ;
#1416 = ORIENTED_EDGE ( 'NONE', *, *, #2900, .F. ) ;
#1417 = EDGE_CURVE ( 'NONE', #2541, #3738, #350, .T. ) ;
#1418 = FACE_OUTER_BOUND ( 'NONE', #1772, .T. ) ;
#1419 = CARTESIAN_POINT ( 'NONE',  ( -20.32137237431604859, 1.382824414275436009, -14.85970847351506485 ) ) ;
#1420 = B_SPLINE_CURVE_WITH_KNOTS ( 'NONE', 3,
 ( #725, #2263, #1646, #3818, #3843, #2581, #1344, #954 ),
 .UNSPECIFIED., .F., .F.,
 ( 4, 2, 2, 4 ),
 ( 0.000000000000000000, 0.002037660713197143869, 0.003056491069795716671, 0.004075321426394289473 ),
 .UNSPECIFIED. ) ;
#1421 = CARTESIAN_POINT ( 'NONE',  ( -12.50000000000000000, 7.764008331169537591, -39.40007923888819619 ) ) ;
#1422 = VERTEX_POINT ( 'NONE', #209 ) ;
#1423 = EDGE_CURVE ( 'NONE', #3974, #3678, #3975, .T. ) ;
#1424 = DIRECTION ( 'NONE',  ( -1.000000000000000000, -0.000000000000000000, 0.000000000000000000 ) ) ;
#1425 = FACE_OUTER_BOUND ( 'NONE', #3354, .T. ) ;
#1426 = CARTESIAN_POINT ( 'NONE',  ( -14.60552475310174536, 0.000000000000000000, -40.00000000000000000 ) ) ;
#1427 = LINE ( 'NONE', #1492, #1164 ) ;
#1428 = VERTEX_POINT ( 'NONE', #187 ) ;
#1429 = CARTESIAN_POINT ( 'NONE',  ( -18.45834018904772122, -4.956822059869369745, -36.42643738981093549 ) ) ;
#1430 = CYLINDRICAL_SURFACE ( 'NONE', #2112, 1.099999999999997646 ) ;
#1431 = CARTESIAN_POINT ( 'NONE',  ( 12.50000000000000000, 7.764008331169537591, -39.00000000000000000 ) ) ;
#1432 = CARTESIAN_POINT ( 'NONE',  ( -10.50000000000000000, 24.00000000000000000, -15.30000000000000249 ) ) ;
#1433 = ORIENTED_EDGE ( 'NONE', *, *, #3206, .F. ) ;
#1434 = LINE ( 'NONE', #1170, #1738 ) ;
#1435 = ORIENTED_EDGE ( 'NONE', *, *, #1135, .F. ) ;
#1436 = PLANE ( 'NONE',  #3740 ) ;
#1437 = AXIS2_PLACEMENT_3D ( 'NONE', #3589, #2252, #1370 ) ;
#1438 = EDGE_CURVE ( 'NONE', #135, #3769, #2803, .T. ) ;
#1439 = CARTESIAN_POINT ( 'NONE',  ( -20.20147587872004991, 0.4039329159696338767, -18.66701091467932727 ) ) ;
#1440 = CARTESIAN_POINT ( 'NONE',  ( -9.177133666886078345, -13.79968390544198797, -43.63396646515118960 ) ) ;
#1441 = DIRECTION ( 'NONE',  ( 0.000000000000000000, 0.000000000000000000, 1.000000000000000000 ) ) ;
#1442 = ORIENTED_EDGE ( 'NONE', *, *, #1893, .T. ) ;
#1443 = EDGE_CURVE ( 'NONE', #3243, #2470, #1130, .T. ) ;
#1444 = CARTESIAN_POINT ( 'NONE',  ( -20.13817700115227538, 0.06447406990043327846, -20.42043767574450541 ) ) ;
#1445 = CARTESIAN_POINT ( 'NONE',  ( -12.49255015733340279, -49.61501892315815354, -54.55870852635043633 ) ) ;
#1446 = CARTESIAN_POINT ( 'NONE',  ( -6.000000000000000888, 29.75000000000000355, -14.80000000000000782 ) ) ;
#1447 = VERTEX_POINT ( 'NONE', #3655 ) ;
#1448 = ORIENTED_EDGE ( 'NONE', *, *, #1214, .T. ) ;
#1449 = DIRECTION ( 'NONE',  ( 1.000000000000000000, 0.000000000000000000, 0.000000000000000000 ) ) ;
#1450 = EDGE_CURVE ( 'NONE', #1251, #498, #2145, .T. ) ;
#1451 = AXIS2_PLACEMENT_3D ( 'NONE', #804, #3633, #2683 ) ;
#1452 = CARTESIAN_POINT ( 'NONE',  ( 1.646633369868300001, 27.12500000000000711, -14.80000000000000782 ) ) ;
#1453 = DIRECTION ( 'NONE',  ( 0.000000000000000000, 0.000000000000000000, 1.000000000000000000 ) ) ;
#1454 = DIRECTION ( 'NONE',  ( 0.000000000000000000, 0.000000000000000000, -1.000000000000000000 ) ) ;
#1455 = EDGE_LOOP ( 'NONE', ( #1125, #2878, #807, #655, #2890, #2840, #2340, #3129, #3125, #3457, #3798, #3099, #2668, #2811 ) ) ;
#1456 = CARTESIAN_POINT ( 'NONE',  ( 12.50000000000000000, 6.500000000000000000, -22.80000000000000782 ) ) ;
#1457 = VERTEX_POINT ( 'NONE', #2453 ) ;
#1458 = DIRECTION ( 'NONE',  ( -1.000000000000000000, 0.000000000000000000, 0.000000000000000000 ) ) ;
#1459 = CARTESIAN_POINT ( 'NONE',  ( 0.5466333698683039088, 21.87500000000000000, -6.800000000000002487 ) ) ;
#1460 = AXIS2_PLACEMENT_3D ( 'NONE', #1577, #28, #2258 ) ;
#1461 = CARTESIAN_POINT ( 'NONE',  ( -7.500000000000000888, -23.16759331903119445, -47.67294984492161092 ) ) ;
#1462 = CC_DESIGN_SECURITY_CLASSIFICATION ( #2870, ( #4074 ) ) ;
#1463 = FACE_OUTER_BOUND ( 'NONE', #2452, .T. ) ;
#1464 = ORIENTED_EDGE ( 'NONE', *, *, #3083, .T. ) ;
#1465 = EDGE_CURVE ( 'NONE', #3819, #3703, #3331, .T. ) ;
#1466 = AXIS2_PLACEMENT_3D ( 'NONE', #2521, #963, #4120 ) ;
#1467 = CARTESIAN_POINT ( 'NONE',  ( -12.50000000000000000, -49.58383499913627901, -54.21912426924463801 ) ) ;
#1468 = FACE_OUTER_BOUND ( 'NONE', #3859, .T. ) ;
#1469 = B_SPLINE_CURVE_WITH_KNOTS ( 'NONE', 3,
 ( #3082, #2774, #2748, #2430, #2121, #1187, #2451, #2143, #3419, #2163 ),
 .UNSPECIFIED., .F., .F.,
 ( 4, 2, 2, 2, 4 ),
 ( -3.014727354517055541E-05, 0.0007008934753140954417, 0.001431934224173361456, 0.002894015721891890665, 0.005818178717328938675 ),
 .UNSPECIFIED. ) ;
#1470 = EDGE_LOOP ( 'NONE', ( #3485, #1819 ) ) ;
#1471 = ORIENTED_EDGE ( 'NONE', *, *, #4109, .F. ) ;
#1472 = EDGE_CURVE ( 'NONE', #3601, #1766, #3675, .T. ) ;
#1473 = DIRECTION ( 'NONE',  ( -1.000000000000000000, 0.000000000000000000, 0.000000000000000000 ) ) ;
#1474 = APPROVAL_ROLE ( '' ) ;
#1475 = CARTESIAN_POINT ( 'NONE',  ( -19.03463554897396293, 2.098025587087917199, -13.05670889251337385 ) ) ;
#1476 = DIRECTION ( 'NONE',  ( 0.000000000000000000, 1.000000000000000000, 0.000000000000000000 ) ) ;
#1477 = ORIENTED_EDGE ( 'NONE', *, *, #2750, .T. ) ;
#1478 = CIRCLE ( 'NONE', #878, 1.000000000000000888 ) ;
#1479 = PLANE ( 'NONE',  #2265 ) ;
#1480 = AXIS2_PLACEMENT_3D ( 'NONE', #1821, #2823, #4105 ) ;
#1481 = VECTOR ( 'NONE', #2445, 1000.000000000000000 ) ;
#1482 = ORIENTED_EDGE ( 'NONE', *, *, #3920, .T. ) ;
#1483 = CARTESIAN_POINT ( 'NONE',  ( -14.59999999999999609, 6.500000000000000000, -40.00000000000000000 ) ) ;
#1484 = LINE ( 'NONE', #3363, #2817 ) ;
#1485 = VECTOR ( 'NONE', #2439, 1000.000000000000000 ) ;
#1486 = CARTESIAN_POINT ( 'NONE',  ( 7.500000000000000888, -57.00000000000000000, -44.68819555420293455 ) ) ;
#1487 = CARTESIAN_POINT ( 'NONE',  ( -18.50000000000000355, 2.000000000000000000, -35.90000000000000568 ) ) ;
#1488 = VERTEX_POINT ( 'NONE', #4032 ) ;
#1489 = VECTOR ( 'NONE', #3737, 1000.000000000000000 ) ;
#1490 = DIRECTION ( 'NONE',  ( -1.000000000000000000, -0.000000000000000000, 1.239088197126291063E-16 ) ) ;
#1491 = CARTESIAN_POINT ( 'NONE',  ( -18.55727227813555302, 1.819209402911289297, -12.89613736748122719 ) ) ;
#1492 = CARTESIAN_POINT ( 'NONE',  ( -5.099999999999999645, 19.25000000000000000, -59.56998842140697548 ) ) ;
#1493 = ORIENTED_EDGE ( 'NONE', *, *, #3263, .F. ) ;
#1494 = AXIS2_PLACEMENT_3D ( 'NONE', #153, #1424, #2697 ) ;
#1495 = ORIENTED_EDGE ( 'NONE', *, *, #3920, .F. ) ;
#1496 = DIRECTION ( 'NONE',  ( -1.000000000000000000, 0.000000000000000000, 0.000000000000000000 ) ) ;
#1497 = CARTESIAN_POINT ( 'NONE',  ( -18.53920617829746220, 1.933755530974278436, -12.87930661166904933 ) ) ;
#1498 = EDGE_CURVE ( 'NONE', #367, #1607, #1434, .T. ) ;
#1499 = DIRECTION ( 'NONE',  ( -0.3026522343312524344, 0.7566305858281312524, 0.5795789692903633439 ) ) ;
#1500 = ORIENTED_EDGE ( 'NONE', *, *, #623, .F. ) ;
#1501 = AXIS2_PLACEMENT_3D ( 'NONE', #2646, #486, #446 ) ;
#1502 = CARTESIAN_POINT ( 'NONE',  ( -15.59999999999999964, -1.910449006669870126E-15, 14.88122107133281524 ) ) ;
#1503 = CARTESIAN_POINT ( 'NONE',  ( -1.999999999999999112, 29.75000000000000355, -17.80000000000000782 ) ) ;
#1504 = EDGE_CURVE ( 'NONE', #3182, #2101, #3084, .T. ) ;
#1505 = PERSON ( '未指定', '未指定', '未指定', ('未指定'), ('未指定'), ('未指定') ) ;
#1506 = EDGE_LOOP ( 'NONE', ( #2830, #1084, #985, #617, #774, #3904 ) ) ;
#1507 = CIRCLE ( 'NONE', #3853, 1.100000000000000311 ) ;
#1508 = LINE ( 'NONE', #2780, #2389 ) ;
#1509 = EDGE_CURVE ( 'NONE', #3182, #3635, #1204, .T. ) ;
#1510 = FACE_BOUND ( 'NONE', #3840, .T. ) ;
#1511 = CARTESIAN_POINT ( 'NONE',  ( -15.11780776645532498, -4.065677757937884884, -14.35013253505343478 ) ) ;
#1512 = DIRECTION ( 'NONE',  ( -1.000000000000000000, -0.000000000000000000, 0.000000000000000000 ) ) ;
#1513 = EDGE_LOOP ( 'NONE', ( #908, #3477, #1715, #2073 ) ) ;
#1514 = CARTESIAN_POINT ( 'NONE',  ( 8.911318695756790476, -10.19347393172149019, -42.68431818330714123 ) ) ;
#1515 = PLANE ( 'NONE',  #2612 ) ;
#1516 = AXIS2_PLACEMENT_3D ( 'NONE', #615, #235, #572 ) ;
#1517 = ORIENTED_EDGE ( 'NONE', *, *, #3770, .T. ) ;
#1518 = EDGE_LOOP ( 'NONE', ( #2907, #2237, #4005, #3943 ) ) ;
#1519 =( BOUNDED_CURVE ( )  B_SPLINE_CURVE ( 3, ( #3329, #1098, #850, #2118 ),
 .UNSPECIFIED., .F., .T. ) 
 B_SPLINE_CURVE_WITH_KNOTS ( ( 4, 4 ),
 ( -1.776356839400250465E-15, 1.570796326794896558 ),
 .UNSPECIFIED. ) 
 CURVE ( )  GEOMETRIC_REPRESENTATION_ITEM ( )  RATIONAL_B_SPLINE_CURVE ( ( 1.000000000000000000, 0.8047378541243646044, 0.8047378541243646044, 1.000000000000000000 ) ) 
 REPRESENTATION_ITEM ( '' )  );
#1520 = CARTESIAN_POINT ( 'NONE',  ( -6.000000000000001776, 19.25000000000000000, -17.80000000000000782 ) ) ;
#1521 = DIRECTION ( 'NONE',  ( -0.000000000000000000, -0.000000000000000000, 1.000000000000000000 ) ) ;
#1522 = FACE_OUTER_BOUND ( 'NONE', #758, .T. ) ;
#1523 = EDGE_LOOP ( 'NONE', ( #713, #1517 ) ) ;
#1524 = DIRECTION ( 'NONE',  ( -1.000000000000000000, -0.000000000000000000, 0.000000000000000000 ) ) ;
#1525 = TOROIDAL_SURFACE ( 'NONE', #3866, 106.6486471906048337, 5.000000000000000000 ) ;
#1526 = ADVANCED_FACE ( 'NONE', ( #2879 ), #1547, .F. ) ;
#1527 = DIRECTION ( 'NONE',  ( -1.000000000000000000, -0.000000000000000000, 0.000000000000000000 ) ) ;
#1528 = ORIENTED_EDGE ( 'NONE', *, *, #537, .F. ) ;
#1529 = CARTESIAN_POINT ( 'NONE',  ( -0.5000000000000004441, 3.851648071345041835, -40.00000000000000000 ) ) ;
#1530 = CARTESIAN_POINT ( 'NONE',  ( -18.44693901683077542, 1.393963887582126970, -12.96469980721841964 ) ) ;
#1531 = DIRECTION ( 'NONE',  ( 0.000000000000000000, 0.000000000000000000, 1.000000000000000000 ) ) ;
#1532 = DIRECTION ( 'NONE',  ( 0.000000000000000000, -1.000000000000000000, -0.000000000000000000 ) ) ;
#1533 = ORIENTED_EDGE ( 'NONE', *, *, #495, .F. ) ;
#1534 = EDGE_CURVE ( 'NONE', #3480, #3271, #411, .T. ) ;
#1535 = B_SPLINE_CURVE_WITH_KNOTS ( 'NONE', 3,
 ( #4061, #4080, #2483, #3429 ),
 .UNSPECIFIED., .F., .F.,
 ( 4, 4 ),
 ( -2.828427683447646366E-05, 0.002971032530025557051 ),
 .UNSPECIFIED. ) ;
#1536 = LINE ( 'NONE', #3454, #3970 ) ;
#1537 = AXIS2_PLACEMENT_3D ( 'NONE', #1969, #736, #2002 ) ;
#1538 = CARTESIAN_POINT ( 'NONE',  ( -18.34390979013056722, 1.297723559749210498, -12.95447211691328881 ) ) ;
#1539 = EDGE_LOOP ( 'NONE', ( #4037, #1115, #467, #2883 ) ) ;
#1540 = VERTEX_POINT ( 'NONE', #3487 ) ;
#1541 = MECHANICAL_CONTEXT ( 'NONE', #1843, 'mechanical' ) ;
#1542 = CARTESIAN_POINT ( 'NONE',  ( -18.50000000000000355, 2.000000000000000000, -19.90000000000000924 ) ) ;
#1543 = CARTESIAN_POINT ( 'NONE',  ( -13.87766756686292524, -16.62968599457850161, -44.47817621939091026 ) ) ;
#1544 = CARTESIAN_POINT ( 'NONE',  ( -8.546633369868304797, 21.87500000000000711, -17.80000000000000782 ) ) ;
#1545 = ORIENTED_EDGE ( 'NONE', *, *, #2286, .F. ) ;
#1546 = CC_DESIGN_DATE_AND_TIME_ASSIGNMENT ( #3865, #18, ( #2870 ) ) ;
#1547 = CYLINDRICAL_SURFACE ( 'NONE', #3538, 1.099999999999999645 ) ;
#1548 = DIRECTION ( 'NONE',  ( 0.000000000000000000, 0.000000000000000000, 1.000000000000000000 ) ) ;
#1549 = VECTOR ( 'NONE', #2658, 1000.000000000000114 ) ;
#1550 = EDGE_CURVE ( 'NONE', #1488, #3040, #2203, .T. ) ;
#1551 = ORIENTED_EDGE ( 'NONE', *, *, #1142, .F. ) ;
#1552 = LINE ( 'NONE', #1928, #2989 ) ;
#1553 = DIRECTION ( 'NONE',  ( -0.000000000000000000, -1.000000000000000000, -0.000000000000000000 ) ) ;
#1554 = AXIS2_PLACEMENT_3D ( 'NONE', #512, #860, #2460 ) ;
#1555 = DIRECTION ( 'NONE',  ( 0.000000000000000000, -0.000000000000000000, 1.000000000000000000 ) ) ;
#1556 = EDGE_CURVE ( 'NONE', #3408, #2541, #2734, .T. ) ;
#1557 = FACE_OUTER_BOUND ( 'NONE', #164, .T. ) ;
#1558 = VERTEX_POINT ( 'NONE', #2816 ) ;
#1559 = CIRCLE ( 'NONE', #960, 20.00000000000000000 ) ;
#1560 = DIRECTION ( 'NONE',  ( -1.000000000000000000, -0.000000000000000000, 1.239088197126291063E-16 ) ) ;
#1561 = EDGE_CURVE ( 'NONE', #3986, #2264, #2254, .T. ) ;
#1562 = ORIENTED_EDGE ( 'NONE', *, *, #2781, .T. ) ;
#1563 = ORIENTED_EDGE ( 'NONE', *, *, #3917, .T. ) ;
#1564 = DIRECTION ( 'NONE',  ( 0.000000000000000000, 0.000000000000000000, 1.000000000000000000 ) ) ;
#1565 = EDGE_CURVE ( 'NONE', #1405, #2541, #3883, .T. ) ;
#1566 = PERSON_AND_ORGANIZATION ( #1505, #2199 ) ;
#1567 = CARTESIAN_POINT ( 'NONE',  ( -10.50000000000000000, 24.00000000000000000, -17.80000000000000782 ) ) ;
#1568 = CARTESIAN_POINT ( 'NONE',  ( -13.11082528684166171, -19.70232322710802464, -39.92858589837050687 ) ) ;
#1569 = VECTOR ( 'NONE', #2656, 1000.000000000000000 ) ;
#1570 = FACE_BOUND ( 'NONE', #3963, .T. ) ;
#1571 = ORIENTED_EDGE ( 'NONE', *, *, #2366, .F. ) ;
#1572 = PLANE ( 'NONE',  #1466 ) ;
#1573 = VECTOR ( 'NONE', #993, 1000.000000000000000 ) ;
#1574 = CARTESIAN_POINT ( 'NONE',  ( -8.546633369868301244, 21.87499999999999289, -14.80000000000000782 ) ) ;
#1575 = ORIENTED_EDGE ( 'NONE', *, *, #4007, .T. ) ;
#1576 = ORIENTED_EDGE ( 'NONE', *, *, #2456, .F. ) ;
#1577 = CARTESIAN_POINT ( 'NONE',  ( -12.50000000000000000, -52.26104122192602830, 38.96161228923899245 ) ) ;
#1578 = DIRECTION ( 'NONE',  ( -1.000000000000000000, -0.000000000000000000, 0.000000000000000000 ) ) ;
#1579 = CARTESIAN_POINT ( 'NONE',  ( -18.50000000000000355, 2.000000000000000000, -19.90000000000000924 ) ) ;
#1580 = DIRECTION ( 'NONE',  ( 0.000000000000000000, 0.9818860428714375477, 0.1894724223053841083 ) ) ;
#1581 = CIRCLE ( 'NONE', #979, 1.999999999999996669 ) ;
#1582 = DIRECTION ( 'NONE',  ( -1.000000000000000000, 0.000000000000000000, 0.000000000000000000 ) ) ;
#1583 = ORIENTED_EDGE ( 'NONE', *, *, #3775, .F. ) ;
#1584 = AXIS2_PLACEMENT_3D ( 'NONE', #981, #3586, #727 ) ;
#1585 = CARTESIAN_POINT ( 'NONE',  ( -18.53718352862692953, 1.707062289269395627, -12.90749693270972109 ) ) ;
#1586 = ORIENTED_EDGE ( 'NONE', *, *, #3939, .T. ) ;
#1587 = PLANE ( 'NONE',  #3821 ) ;
#1588 = ADVANCED_FACE ( 'NONE', ( #3529, #917 ), #1572, .T. ) ;
#1589 = CARTESIAN_POINT ( 'NONE',  ( -18.28011934702602659, 1.529170211317237849, -12.82733506071274299 ) ) ;
#1590 = CIRCLE ( 'NONE', #1050, 1.099999999999999645 ) ;
#1591 = CARTESIAN_POINT ( 'NONE',  ( -20.50000000000000000, 3.851648071345041391, -35.14409033616166056 ) ) ;
#1592 = DIRECTION ( 'NONE',  ( 0.000000000000000000, -0.9670319120830059845, -0.2546552198818735069 ) ) ;
#1593 = ORIENTED_EDGE ( 'NONE', *, *, #613, .F. ) ;
#1594 = ADVANCED_FACE ( 'NONE', ( #2542 ), #2837, .F. ) ;
#1595 = DIRECTION ( 'NONE',  ( 1.000000000000000000, 0.000000000000000000, -0.000000000000000000 ) ) ;
#1596 = VECTOR ( 'NONE', #402, 1000.000000000000000 ) ;
#1597 = CARTESIAN_POINT ( 'NONE',  ( -20.24728632317228261, 0.6809204338409098334, -37.40902684228044706 ) ) ;
#1598 = VERTEX_POINT ( 'NONE', #4 ) ;
#1599 = ORIENTED_EDGE ( 'NONE', *, *, #669, .F. ) ;
#1600 = CARTESIAN_POINT ( 'NONE',  ( -13.47506077372769262, -18.18009836244973343, -39.32893577527423901 ) ) ;
#1601 = CARTESIAN_POINT ( 'NONE',  ( 12.46610817761041012, 0.2361316864457927434, -15.05915416186111599 ) ) ;
#1602 = CARTESIAN_POINT ( 'NONE',  ( -7.500000000000000000, -38.27104994509839031, -32.91353655732997652 ) ) ;
#1603 = CARTESIAN_POINT ( 'NONE',  ( -8.043671335427680091, -17.72159831163377675, -44.91339549112159091 ) ) ;
#1604 = VERTEX_POINT ( 'NONE', #4073 ) ;
#1605 = CC_DESIGN_PERSON_AND_ORGANIZATION_ASSIGNMENT ( #1310, #2601, ( #4074 ) ) ;
#1606 = FACE_OUTER_BOUND ( 'NONE', #1134, .T. ) ;
#1607 = VERTEX_POINT ( 'NONE', #3212 ) ;
#1608 = ADVANCED_FACE ( 'NONE', ( #1904 ), #796, .T. ) ;
#1609 = CARTESIAN_POINT ( 'NONE',  ( -20.44773269891034673, 2.394465936625787439, -37.87051788294037635 ) ) ;
#1610 = PERSON_AND_ORGANIZATION ( #1505, #2199 ) ;
#1611 = CARTESIAN_POINT ( 'NONE',  ( 12.50000000000000000, 11.50000000000000000, -17.80000000000000782 ) ) ;
#1612 = CARTESIAN_POINT ( 'NONE',  ( -12.50697605148851999, -24.20695659541593869, -42.28256637726257594 ) ) ;
#1613 = CARTESIAN_POINT ( 'NONE',  ( 12.24195128324561743, -0.7737631138201827019, -14.71522085097850230 ) ) ;
#1614 = ORIENTED_EDGE ( 'NONE', *, *, #483, .T. ) ;
#1615 = ADVANCED_FACE ( 'NONE', ( #3805 ), #2209, .F. ) ;
#1616 = CARTESIAN_POINT ( 'NONE',  ( -4.000000000000000000, 19.25000000000000000, -6.800000000000002487 ) ) ;
#1617 = CARTESIAN_POINT ( 'NONE',  ( -12.50010814742286058, -25.68448250610132888, -43.34169151512767826 ) ) ;
#1618 = VERTEX_POINT ( 'NONE', #3760 ) ;
#1619 = EDGE_CURVE ( 'NONE', #2178, #2582, #1085, .T. ) ;
#1620 = ORIENTED_EDGE ( 'NONE', *, *, #1379, .F. ) ;
#1621 = CARTESIAN_POINT ( 'NONE',  ( -20.50000000000000000, 3.851648071345041835, -38.00000000000000000 ) ) ;
#1622 = DIRECTION ( 'NONE',  ( 1.172110456741086074E-16, 0.000000000000000000, 1.000000000000000000 ) ) ;
#1623 = DIRECTION ( 'NONE',  ( 1.000000000000000000, 0.000000000000000000, 0.000000000000000000 ) ) ;
#1624 = EDGE_LOOP ( 'NONE', ( #1562, #3275, #1318, #3511, #994 ) ) ;
#1625 = CIRCLE ( 'NONE', #3614, 1.000000000000000888 ) ;
#1626 = CIRCLE ( 'NONE', #692, 2.000000000000001776 ) ;
#1627 = CARTESIAN_POINT ( 'NONE',  ( -18.50000000000000355, 2.000000000000000000, -17.90000000000000568 ) ) ;
#1628 = ORIENTED_EDGE ( 'NONE', *, *, #236, .F. ) ;
#1629 = CARTESIAN_POINT ( 'NONE',  ( 7.500000000000000888, -50.00000000000000711, -59.56998842140697548 ) ) ;
#1630 = CARTESIAN_POINT ( 'NONE',  ( -20.53709370103210219, 0.09273425258026672668, -17.37365238250360377 ) ) ;
#1631 = DIRECTION ( 'NONE',  ( -1.000000000000000000, 2.668805347656628651E-16, 0.000000000000000000 ) ) ;
#1633 = VERTEX_POINT ( 'NONE', #324 ) ;
#1632 = PLANE ( 'NONE',  #1653 ) ;
#1634 = CARTESIAN_POINT ( 'NONE',  ( -8.546633369868301244, 21.87499999999999289, -59.56998842140697548 ) ) ;
#1635 = EDGE_CURVE ( 'NONE', #4113, #3094, #2931, .T. ) ;
#1636 = AXIS2_PLACEMENT_3D ( 'NONE', #1292, #3546, #1592 ) ;
#1637 = CARTESIAN_POINT ( 'NONE',  ( 10.00000000000000000, 24.00000000000000000, -15.30000000000000249 ) ) ;
#1638 = EDGE_LOOP ( 'NONE', ( #1684, #85, #3902, #2144 ) ) ;
#1639 = AXIS2_PLACEMENT_3D ( 'NONE', #2700, #3393, #4003 ) ;
#1640 = CARTESIAN_POINT ( 'NONE',  ( 7.600000000000001421, 2.000000000000000000, -20.90000000000000924 ) ) ;
#1641 = EDGE_CURVE ( 'NONE', #126, #2359, #3132, .T. ) ;
#1642 = FACE_OUTER_BOUND ( 'NONE', #1179, .T. ) ;
#1643 = CARTESIAN_POINT ( 'NONE',  ( -18.50000000000000355, 2.000000000000000000, -35.90000000000000568 ) ) ;
#1644 = VERTEX_POINT ( 'NONE', #1880 ) ;
#1645 = EDGE_CURVE ( 'NONE', #1797, #1258, #828, .T. ) ;
#1646 = CARTESIAN_POINT ( 'NONE',  ( 11.31134527852514360, -0.3536929835025232616, -13.21943193000998917 ) ) ;
#1647 = ORIENTED_EDGE ( 'NONE', *, *, #3206, .T. ) ;
#1648 = DIRECTION ( 'NONE',  ( 0.000000000000000000, 0.000000000000000000, 1.000000000000000000 ) ) ;
#1649 = CARTESIAN_POINT ( 'NONE',  ( -19.99916049316338373, -0.6646956528977060463, -16.34712879755995729 ) ) ;
#1651 = ORIENTED_EDGE ( 'NONE', *, *, #2600, .T. ) ;
#1650 = DIRECTION ( 'NONE',  ( -1.000000000000000000, -0.000000000000000000, -0.000000000000000000 ) ) ;
#1652 = DIRECTION ( 'NONE',  ( -0.000000000000000000, -0.000000000000000000, 1.000000000000000000 ) ) ;
#1653 = AXIS2_PLACEMENT_3D ( 'NONE', #362, #419, #2968 ) ;
#1654 = LINE ( 'NONE', #3213, #3249 ) ;
#1655 = VERTEX_POINT ( 'NONE', #766 ) ;
#1656 = ADVANCED_FACE ( 'NONE', ( #1670 ), #2034, .F. ) ;
#1657 = DIRECTION ( 'NONE',  ( 0.000000000000000000, 0.000000000000000000, 1.000000000000000000 ) ) ;
#1658 = LINE ( 'NONE', #3200, #168 ) ;
#1659 = DIRECTION ( 'NONE',  ( 1.000000000000000000, 0.000000000000000000, -0.000000000000000000 ) ) ;
#1660 = VERTEX_POINT ( 'NONE', #696 ) ;
#1661 = EDGE_CURVE ( 'NONE', #2479, #2447, #1143, .T. ) ;
#1662 = AXIS2_PLACEMENT_3D ( 'NONE', #1834, #1269, #2142 ) ;
#1663 = DIRECTION ( 'NONE',  ( 0.000000000000000000, -0.5239100750540697238, 0.8517735809807902569 ) ) ;
#1664 = EDGE_CURVE ( 'NONE', #367, #3211, #808, .T. ) ;
#1665 = EDGE_LOOP ( 'NONE', ( #1620, #784 ) ) ;
#1666 = DIRECTION ( 'NONE',  ( 0.000000000000000000, 0.000000000000000000, 1.000000000000000000 ) ) ;
#1667 = CARTESIAN_POINT ( 'NONE',  ( -12.69647538366610462, -9.086390166513892197, -17.40216771640798399 ) ) ;
#1669 = ORIENTED_EDGE ( 'NONE', *, *, #2135, .T. ) ;
#1668 = CARTESIAN_POINT ( 'NONE',  ( -12.49999999999999822, -25.73095848971003718, -43.37493980698252471 ) ) ;
#1670 = FACE_OUTER_BOUND ( 'NONE', #2391, .T. ) ;
#1671 = CARTESIAN_POINT ( 'NONE',  ( -14.64569927344221867, -14.63575181639444800, -25.97738598513832287 ) ) ;
#1672 = AXIS2_PLACEMENT_3D ( 'NONE', #3613, #3876, #87 ) ;
#1673 = CYLINDRICAL_SURFACE ( 'NONE', #1501, 2.000000000000001776 ) ;
#1674 = ORIENTED_EDGE ( 'NONE', *, *, #592, .F. ) ;
#1675 = ORIENTED_EDGE ( 'NONE', *, *, #1897, .T. ) ;
#1676 = CARTESIAN_POINT ( 'NONE',  ( 13.82776389208204293, 19.31717597600972880, -17.80000000000000426 ) ) ;
#1677 = AXIS2_PLACEMENT_3D ( 'NONE', #2371, #3379, #855 ) ;
#1678 = EDGE_CURVE ( 'NONE', #2951, #905, #2311, .T. ) ;
#1679 = VERTEX_POINT ( 'NONE', #61 ) ;
#1680 = ADVANCED_FACE ( 'NONE', ( #1334 ), #3591, .F. ) ;
#1681 = DIRECTION ( 'NONE',  ( -1.000000000000000000, 0.000000000000000000, 0.000000000000000000 ) ) ;
#1682 = DIRECTION ( 'NONE',  ( 1.000000000000000000, 0.000000000000000000, 0.000000000000000000 ) ) ;
#1683 = AXIS2_PLACEMENT_3D ( 'NONE', #2746, #785, #870 ) ;
#1684 = ORIENTED_EDGE ( 'NONE', *, *, #1988, .F. ) ;
#1685 = CIRCLE ( 'NONE', #3828, 5.000000000000000888 ) ;
#1686 = EDGE_CURVE ( 'NONE', #2420, #1361, #79, .T. ) ;
#1687 = DIRECTION ( 'NONE',  ( 1.000000000000000000, 0.000000000000000000, 0.000000000000000000 ) ) ;
#1688 = DIRECTION ( 'NONE',  ( 0.000000000000000000, 0.000000000000000000, -1.000000000000000000 ) ) ;
#1690 = ORIENTED_EDGE ( 'NONE', *, *, #3389, .T. ) ;
#1689 = CARTESIAN_POINT ( 'NONE',  ( -14.59999999999999609, 6.500000000000000000, 0.000000000000000000 ) ) ;
#1691 = CIRCLE ( 'NONE', #219, 1.100000000000000311 ) ;
#1692 = CARTESIAN_POINT ( 'NONE',  ( -9.177133666886074792, -15.07296000485135146, -38.79880690473616767 ) ) ;
#1693 = EDGE_CURVE ( 'NONE', #2264, #1789, #2275, .T. ) ;
#1694 = DIRECTION ( 'NONE',  ( -0.000000000000000000, -0.000000000000000000, -1.000000000000000000 ) ) ;
#1695 = FACE_OUTER_BOUND ( 'NONE', #3897, .T. ) ;
#1696 = ORIENTED_EDGE ( 'NONE', *, *, #2514, .F. ) ;
#1697 = DIRECTION ( 'NONE',  ( -0.000000000000000000, -0.000000000000000000, -1.000000000000000000 ) ) ;
#1698 = AXIS2_PLACEMENT_3D ( 'NONE', #588, #1313, #631 ) ;
#1699 = ORIENTED_EDGE ( 'NONE', *, *, #3989, .F. ) ;
#1700 = TOROIDAL_SURFACE ( 'NONE', #707, 24.12275219432791573, 5.000000000000000000 ) ;
#1701 = CARTESIAN_POINT ( 'NONE',  ( -9.425772665938715988, -13.02567720136876517, -43.43014191194565399 ) ) ;
#1702 = ORIENTED_EDGE ( 'NONE', *, *, #1088, .F. ) ;
#1703 = CIRCLE ( 'NONE', #2236, 6.500000000000005329 ) ;
#1704 = EDGE_CURVE ( 'NONE', #1978, #1756, #1035, .T. ) ;
#1705 = DIRECTION ( 'NONE',  ( 0.000000000000000000, 0.000000000000000000, -1.000000000000000000 ) ) ;
#1706 = B_SPLINE_CURVE_WITH_KNOTS ( 'NONE', 3,
 ( #550, #210, #875, #1881, #2411, #4102, #3720, #3128, #1796, #3108 ),
 .UNSPECIFIED., .F., .F.,
 ( 4, 2, 2, 2, 4 ),
 ( 7.589415207398532001E-19, 0.002954103824919768802, 0.004431155737379648650, 0.005169681693609587056, 0.005908207649839524594 ),
 .UNSPECIFIED. ) ;
#1707 = CARTESIAN_POINT ( 'NONE',  ( -8.839588968733190555, -49.98820320751631385, -59.38829124692995975 ) ) ;
#1708 = CARTESIAN_POINT ( 'NONE',  ( -10.50000000000000000, 24.00000000000000000, -15.30000000000000249 ) ) ;
#1710 = ORIENTED_EDGE ( 'NONE', *, *, #152, .T. ) ;
#1709 = FACE_BOUND ( 'NONE', #2197, .T. ) ;
#1711 = EDGE_CURVE ( 'NONE', #1274, #267, #3572, .T. ) ;
#1712 = DIRECTION ( 'NONE',  ( -1.000000000000000000, -0.000000000000000000, -0.000000000000000000 ) ) ;
#1713 = DIRECTION ( 'NONE',  ( -0.000000000000000000, -0.000000000000000000, 1.000000000000000000 ) ) ;
#1714 = CARTESIAN_POINT ( 'NONE',  ( 10.91006803448736662, -2.940416045642556764, -13.96242907796409050 ) ) ;
#1715 = ORIENTED_EDGE ( 'NONE', *, *, #1352, .F. ) ;
#1716 = EDGE_CURVE ( 'NONE', #1428, #1679, #2882, .T. ) ;
#1717 = LINE ( 'NONE', #1676, #1800 ) ;
#1718 = AXIS2_PLACEMENT_3D ( 'NONE', #59, #1977, #3930 ) ;
#1719 = ORIENTED_EDGE ( 'NONE', *, *, #289, .T. ) ;
#1720 = DIRECTION ( 'NONE',  ( 0.000000000000000000, 0.000000000000000000, 1.000000000000000000 ) ) ;
#1721 = DIRECTION ( 'NONE',  ( 0.000000000000000000, -1.000000000000000000, 0.000000000000000000 ) ) ;
#1722 = APPROVAL ( #3037, '未指定' ) ;
#1723 = ORIENTED_EDGE ( 'NONE', *, *, #3891, .T. ) ;
#1724 = CARTESIAN_POINT ( 'NONE',  ( 0.5466333698683003561, 21.87500000000000000, -14.80000000000000782 ) ) ;
#1725 = CARTESIAN_POINT ( 'NONE',  ( -12.44080139069122914, -49.65990599740062805, -55.06307141366557545 ) ) ;
#1726 = EDGE_CURVE ( 'NONE', #1234, #1104, #3893, .T. ) ;
#1727 = CARTESIAN_POINT ( 'NONE',  ( -19.31707384621195800, -2.957315384470089903, -18.04593387080516464 ) ) ;
#1729 = ORIENTED_EDGE ( 'NONE', *, *, #3153, .F. ) ;
#1728 = FACE_OUTER_BOUND ( 'NONE', #1518, .T. ) ;
#1730 = CARTESIAN_POINT ( 'NONE',  ( -18.95561104798587593, -3.856351510668088345, -35.51190574495822716 ) ) ;
#1731 = CARTESIAN_POINT ( 'NONE',  ( -13.42598692104288105, -18.14371035721402592, -28.33834344678250972 ) ) ;
#1732 = CARTESIAN_POINT ( 'NONE',  ( 2.500000000000005773, 24.50000000000000000, -6.800000000000002487 ) ) ;
#1733 = EDGE_CURVE ( 'NONE', #1389, #1397, #2397, .T. ) ;
#1734 = ORIENTED_EDGE ( 'NONE', *, *, #3602, .T. ) ;
#1735 = CARTESIAN_POINT ( 'NONE',  ( 10.00000000000000000, 34.00000000000000000, -12.80000000000000249 ) ) ;
#1736 = CIRCLE ( 'NONE', #3944, 1.099999999999998757 ) ;
#1737 = EDGE_CURVE ( 'NONE', #1756, #1644, #17, .T. ) ;
#1738 = VECTOR ( 'NONE', #2123, 1000.000000000000000 ) ;
#1739 = CC_DESIGN_APPROVAL ( #2710, ( #4074 ) ) ;
#1740 = ORIENTED_EDGE ( 'NONE', *, *, #2406, .F. ) ;
#1741 = CARTESIAN_POINT ( 'NONE',  ( -20.35968247332217729, 1.483189737908540806, -17.96352765266604479 ) ) ;
#1742 = FACE_OUTER_BOUND ( 'NONE', #2579, .T. ) ;
#1743 = DIRECTION ( 'NONE',  ( -1.000000000000000000, -0.000000000000000000, -0.000000000000000000 ) ) ;
#1744 = ORIENTED_EDGE ( 'NONE', *, *, #2580, .T. ) ;
#1745 = CARTESIAN_POINT ( 'NONE',  ( 10.70983187435701822, -5.087574398201587300, -41.33974624916847063 ) ) ;
#1746 = CARTESIAN_POINT ( 'NONE',  ( -10.00331581901592415, -15.37633217284854403, -21.70505424722460219 ) ) ;
#1747 = DIRECTION ( 'NONE',  ( -0.000000000000000000, -0.000000000000000000, 1.000000000000000000 ) ) ;
#1748 = VERTEX_POINT ( 'NONE', #1373 ) ;
#1749 = VERTEX_POINT ( 'NONE', #2643 ) ;
#1750 = CARTESIAN_POINT ( 'NONE',  ( -18.04730169059653377, -5.763793518693300477, -37.10687931065974254 ) ) ;
#1751 = CIRCLE ( 'NONE', #2549, 1.099999999999998757 ) ;
#1752 = CARTESIAN_POINT ( 'NONE',  ( -12.38514728629231421, -25.65404158018708003, -26.89395734815218120 ) ) ;
#1753 = TOROIDAL_SURFACE ( 'NONE', #2674, 106.6486471906048337, 5.000000000000000000 ) ;
#1754 = CARTESIAN_POINT ( 'NONE',  ( 12.04715499854104266, 0.05824925817396186395, -39.98466081888001611 ) ) ;
#1755 = CARTESIAN_POINT ( 'NONE',  ( 9.334171540997131089, -5.987291265804680407, -15.33365897456708460 ) ) ;
#1756 = VERTEX_POINT ( 'NONE', #3550 ) ;
#1757 = DIRECTION ( 'NONE',  ( 0.000000000000000000, 0.000000000000000000, 1.000000000000000000 ) ) ;
#1758 = ADVANCED_FACE ( 'NONE', ( #1390, #3932 ), #2327, .T. ) ;
#1759 = TOROIDAL_SURFACE ( 'NONE', #2616, 46.83023956003085431, 5.000000000000000000 ) ;
#1760 = ORIENTED_EDGE ( 'NONE', *, *, #1252, .F. ) ;
#1761 = CARTESIAN_POINT ( 'NONE',  ( -16.43607555337205284, -6.638410261935847601, -39.69107977454638814 ) ) ;
#1762 = EDGE_CURVE ( 'NONE', #218, #2868, #1519, .T. ) ;
#1763 = CIRCLE ( 'NONE', #3291, 7.500000000000001776 ) ;
#1764 = DIRECTION ( 'NONE',  ( -0.000000000000000000, -0.000000000000000000, -1.000000000000000000 ) ) ;
#1765 = DIRECTION ( 'NONE',  ( 0.000000000000000000, -1.000000000000000000, 0.000000000000000000 ) ) ;
#1766 = VERTEX_POINT ( 'NONE', #1116 ) ;
#1767 = EDGE_CURVE ( 'NONE', #3986, #2924, #2427, .T. ) ;
#1768 = TOROIDAL_SURFACE ( 'NONE', #2491, 75.99948021134781584, 5.000000000000000000 ) ;
#1769 = DIRECTION ( 'NONE',  ( 1.000000000000000000, 0.000000000000000000, 0.000000000000000000 ) ) ;
#1770 = CARTESIAN_POINT ( 'NONE',  ( -12.35209838018578132, -49.70312522854978710, -55.56256290503826989 ) ) ;
#1771 = DIRECTION ( 'NONE',  ( 0.000000000000000000, 0.000000000000000000, -1.000000000000000000 ) ) ;
#1772 = EDGE_LOOP ( 'NONE', ( #3817, #163, #3827, #2111, #2789, #2382, #2004, #945, #3342, #1852 ) ) ;
#1773 = DIRECTION ( 'NONE',  ( -0.3607637268967857636, 0.9019093172419645477, 0.2375060353499983123 ) ) ;
#1774 = PERSON_AND_ORGANIZATION ( #1505, #2199 ) ;
#1775 = CARTESIAN_POINT ( 'NONE',  ( -19.47865096921162475, 1.826384344554419226, -13.42376472099313034 ) ) ;
#1776 = CYLINDRICAL_SURFACE ( 'NONE', #3500, 2.000000000000001776 ) ;
#1777 = ORIENTED_EDGE ( 'NONE', *, *, #920, .F. ) ;
#1778 = DIRECTION ( 'NONE',  ( 0.000000000000000000, 0.000000000000000000, -1.000000000000000000 ) ) ;
#1779 = EDGE_CURVE ( 'NONE', #521, #86, #1407, .T. ) ;
#1780 = ORIENTED_EDGE ( 'NONE', *, *, #975, .T. ) ;
#1781 = DIRECTION ( 'NONE',  ( -0.000000000000000000, -0.000000000000000000, -1.000000000000000000 ) ) ;
#1782 = DIRECTION ( 'NONE',  ( 1.000000000000000000, 0.000000000000000000, -0.000000000000000000 ) ) ;
#1783 = CYLINDRICAL_SURFACE ( 'NONE', #3901, 2.000000000000001776 ) ;
#1784 = VERTEX_POINT ( 'NONE', #1137 ) ;
#1785 = VECTOR ( 'NONE', #2624, 1000.000000000000000 ) ;
#1786 = CARTESIAN_POINT ( 'NONE',  ( -16.49690488270454125, -1.642203910111573961, -40.00000000000000000 ) ) ;
#1787 =( BOUNDED_SURFACE ( )  B_SPLINE_SURFACE ( 3, 2, ( 
 ( #1938, #4097, #2813 ),
 ( #914, #2162, #3441 ),
 ( #3208, #1921, #1855 ),
 ( #3191, #607, #359 ),
 ( #3462, #3824, #1630 ),
 ( #2497, #959, #3779 ) ),
 .UNSPECIFIED., .F., .F., .F. ) 
 B_SPLINE_SURFACE_WITH_KNOTS ( ( 4, 2, 4 ),
 ( 3, 3 ),
 ( 4.058726314706554206, 4.295976774783380137, 4.533227234860205179 ),
 ( 0.000000000000000000, 1.000000000000000000 ),
 .UNSPECIFIED. ) 
 GEOMETRIC_REPRESENTATION_ITEM ( )  RATIONAL_B_SPLINE_SURFACE ( (
 ( 1.000000000000000000, 0.7828927050716154579, 1.000000000000000000),
 ( 1.000000000000000000, 0.7754484075540396537, 1.000000000000000000),
 ( 1.000000000000000000, 0.7672152971485229900, 1.000000000000000000),
 ( 1.000000000000000000, 0.7495053703913260312, 1.000000000000000000),
 ( 1.000000000000000000, 0.7400284689062703869, 1.000000000000000000),
 ( 1.000000000000000000, 0.7301313583598825208, 1.000000000000000000) ) ) 
 REPRESENTATION_ITEM ( '' )  SURFACE ( )  );
#1788 = DIRECTION ( 'NONE',  ( -1.000000000000000000, 0.000000000000000000, 0.000000000000000000 ) ) ;
#1789 = VERTEX_POINT ( 'NONE', #482 ) ;
#1790 = EDGE_LOOP ( 'NONE', ( #2138, #697, #2524, #522, #3058 ) ) ;
#1791 = DIRECTION ( 'NONE',  ( -0.000000000000000000, -0.000000000000000000, 1.000000000000000000 ) ) ;
#1792 = CARTESIAN_POINT ( 'NONE',  ( 10.70983187435701822, -5.087574398201587300, -41.33974624916847063 ) ) ;
#1793 = DIRECTION ( 'NONE',  ( 0.000000000000000000, 0.000000000000000000, -1.000000000000000000 ) ) ;
#1794 = ORIENTED_EDGE ( 'NONE', *, *, #2494, .T. ) ;
#1795 = DIRECTION ( 'NONE',  ( 1.000000000000000000, 0.000000000000000000, -0.000000000000000000 ) ) ;
#1796 = CARTESIAN_POINT ( 'NONE',  ( -19.13168726832251210, -3.420781829193697554, -18.58431115514050092 ) ) ;
#1797 = VERTEX_POINT ( 'NONE', #4008 ) ;
#1798 = DIRECTION ( 'NONE',  ( -0.000000000000000000, -0.000000000000000000, -1.000000000000000000 ) ) ;
#1799 = PLANE ( 'NONE',  #4093 ) ;
#1800 = VECTOR ( 'NONE', #719, 1000.000000000000000 ) ;
#1801 = CYLINDRICAL_SURFACE ( 'NONE', #3349, 1.099999999999998757 ) ;
#1802 = FACE_BOUND ( 'NONE', #282, .T. ) ;
#1803 = EDGE_LOOP ( 'NONE', ( #272, #3498, #3464, #3013 ) ) ;
#1804 = EDGE_CURVE ( 'NONE', #4072, #718, #1285, .T. ) ;
#1805 = DIRECTION ( 'NONE',  ( 0.3713906763541036660, -0.9284766908852593037, 0.000000000000000000 ) ) ;
#1806 = FACE_BOUND ( 'NONE', #541, .T. ) ;
#1807 = EDGE_LOOP ( 'NONE', ( #772, #2657, #13, #1593 ) ) ;
#1808 = ORIENTED_EDGE ( 'NONE', *, *, #2693, .F. ) ;
#1809 = DIRECTION ( 'NONE',  ( 1.000000000000000000, 0.000000000000000000, 0.000000000000000000 ) ) ;
#1810 = EDGE_CURVE ( 'NONE', #1288, #1789, #2703, .T. ) ;
#1811 = DIRECTION ( 'NONE',  ( -0.000000000000000000, -0.000000000000000000, -1.000000000000000000 ) ) ;
#1812 = CARTESIAN_POINT ( 'NONE',  ( -20.32352466773579280, 1.191510006869072269, -15.08353108225350248 ) ) ;
#1813 = DIRECTION ( 'NONE',  ( -1.000000000000000000, 0.000000000000000000, 0.000000000000000000 ) ) ;
#1814 = ORIENTED_EDGE ( 'NONE', *, *, #2693, .T. ) ;
#1815 = AXIS2_PLACEMENT_3D ( 'NONE', #1692, #2952, #2971 ) ;
#1816 = ADVANCED_FACE ( 'NONE', ( #3396 ), #543, .F. ) ;
#1817 = CARTESIAN_POINT ( 'NONE',  ( 7.500000000000000888, -13.79968390544198087, -43.63396646515118960 ) ) ;
#1818 = CARTESIAN_POINT ( 'NONE',  ( -10.54663336986830835, 27.12499999999999645, -14.80000000000000782 ) ) ;
#1819 = ORIENTED_EDGE ( 'NONE', *, *, #1092, .T. ) ;
#1820 = AXIS2_PLACEMENT_3D ( 'NONE', #3264, #3501, #2909 ) ;
#1821 = CARTESIAN_POINT ( 'NONE',  ( -4.000000000000000000, 29.75000000000000355, -14.80000000000000782 ) ) ;
#1822 = DIRECTION ( 'NONE',  ( 0.000000000000000000, -1.000000000000000000, 0.000000000000000000 ) ) ;
#1823 = CARTESIAN_POINT ( 'NONE',  ( 7.600000000000001421, 6.500000000000000000, -22.80000000000000782 ) ) ;
#1824 = VERTEX_POINT ( 'NONE', #3988 ) ;
#1825 = AXIS2_PLACEMENT_3D ( 'NONE', #2742, #3646, #2094 ) ;
#1826 = CARTESIAN_POINT ( 'NONE',  ( 12.50000000000000000, 24.00000000000000000, -17.80000000000000782 ) ) ;
#1827 = DIRECTION ( 'NONE',  ( 0.000000000000000000, 0.000000000000000000, -1.000000000000000000 ) ) ;
#1828 = ORIENTED_EDGE ( 'NONE', *, *, #4134, .T. ) ;
#1829 = EDGE_CURVE ( 'NONE', #1618, #3395, #1210, .T. ) ;
#1830 = CIRCLE ( 'NONE', #969, 2.000000000000001776 ) ;
#1831 = ORIENTED_EDGE ( 'NONE', *, *, #1693, .T. ) ;
#1832 = LINE ( 'NONE', #3845, #3004 ) ;
#1833 = COORDINATED_UNIVERSAL_TIME_OFFSET ( 8, 0, .AHEAD. ) ;
#1834 = CARTESIAN_POINT ( 'NONE',  ( -4.000000000000000000, 24.50000000000000000, -6.800000000000002487 ) ) ;
#1835 = CARTESIAN_POINT ( 'NONE',  ( -7.446633369868301600, 21.87499999999999289, -59.56998842140697548 ) ) ;
#1836 = ORIENTED_EDGE ( 'NONE', *, *, #125, .F. ) ;
#1837 = ADVANCED_FACE ( 'NONE', ( #2384 ), #3036, .F. ) ;
#1838 = VECTOR ( 'NONE', #255, 1000.000000000000000 ) ;
#1839 = CARTESIAN_POINT ( 'NONE',  ( -9.177133666886074792, -13.79968390544198087, -43.63396646515118960 ) ) ;
#1840 = CARTESIAN_POINT ( 'NONE',  ( 12.50000000000000000, -62.92614559132137231, -48.41388990968385997 ) ) ;
#1841 = VERTEX_POINT ( 'NONE', #2075 ) ;
#1842 = CARTESIAN_POINT ( 'NONE',  ( -16.39911955534703836, -6.474223012578292469, -39.76026625158810646 ) ) ;
#1843 = APPLICATION_CONTEXT ( 'configuration controlled 3d designs of mechanical parts and assemblies' ) ;
#1844 = DIRECTION ( 'NONE',  ( -1.000000000000000000, 0.000000000000000000, 0.000000000000000000 ) ) ;
#1845 = CARTESIAN_POINT ( 'NONE',  ( 10.00000000000000000, 24.00000000000000000, -12.80000000000000249 ) ) ;
#1846 = DIRECTION ( 'NONE',  ( 1.000000000000000000, 0.000000000000000000, 0.000000000000000000 ) ) ;
#1847 = EDGE_LOOP ( 'NONE', ( #2021, #2847 ) ) ;
#1848 = DIRECTION ( 'NONE',  ( -0.000000000000000000, -0.000000000000000000, 1.000000000000000000 ) ) ;
#1849 = CARTESIAN_POINT ( 'NONE',  ( -20.50000000000000000, 0.000000000000000000, -38.00000000000000000 ) ) ;
#1850 = TOROIDAL_SURFACE ( 'NONE', #2913, 39.21139182335095086, 5.000000000000000000 ) ;
#1851 = ORIENTED_EDGE ( 'NONE', *, *, #70, .T. ) ;
#1852 = ORIENTED_EDGE ( 'NONE', *, *, #518, .T. ) ;
#1853 = EDGE_CURVE ( 'NONE', #4067, #3215, #3143, .T. ) ;
#1854 = CARTESIAN_POINT ( 'NONE',  ( -18.33024648734960138, 1.284895239391516064, -12.95315662846988047 ) ) ;
#1855 = CARTESIAN_POINT ( 'NONE',  ( -18.53150423060482410, -4.921239423487924647, -19.35718379266047506 ) ) ;
#1856 = CARTESIAN_POINT ( 'NONE',  ( 0.5466333698683003561, 21.87500000000000000, -14.80000000000000782 ) ) ;
#1857 = ORIENTED_EDGE ( 'NONE', *, *, #3466, .T. ) ;
#1858 = DIRECTION ( 'NONE',  ( -1.000000000000000000, 0.000000000000000000, 0.000000000000000000 ) ) ;
#1859 = VECTOR ( 'NONE', #3398, 1000.000000000000000 ) ;
#1860 = ADVANCED_FACE ( 'NONE', ( #3668 ), #2365, .T. ) ;
#1861 = FACE_OUTER_BOUND ( 'NONE', #1807, .T. ) ;
#1862 = ORIENTED_EDGE ( 'NONE', *, *, #1064, .F. ) ;
#1863 = CARTESIAN_POINT ( 'NONE',  ( -12.61134919923887665, -22.77743732714439773, -41.42282573432251525 ) ) ;
#1864 = EDGE_CURVE ( 'NONE', #1447, #89, #80, .T. ) ;
#1865 = CARTESIAN_POINT ( 'NONE',  ( -19.48947547762716326, 1.823478700156982324, -13.43428808205089631 ) ) ;
#1866 = DIRECTION ( 'NONE',  ( 0.000000000000000000, 0.000000000000000000, 1.000000000000000000 ) ) ;
#1867 = CARTESIAN_POINT ( 'NONE',  ( 0.000000000000000000, 0.000000000000000000, -17.80000000000000782 ) ) ;
#1868 = ORIENTED_EDGE ( 'NONE', *, *, #195, .T. ) ;
#1869 = LINE ( 'NONE', #4110, #4036 ) ;
#1870 = DIRECTION ( 'NONE',  ( 0.000000000000000000, 0.000000000000000000, 1.000000000000000000 ) ) ;
#1871 = ORIENTED_EDGE ( 'NONE', *, *, #2406, .T. ) ;
#1872 = ORIENTED_EDGE ( 'NONE', *, *, #3070, .T. ) ;
#1873 = AXIS2_PLACEMENT_3D ( 'NONE', #3126, #3465, #612 ) ;
#1874 = CARTESIAN_POINT ( 'NONE',  ( -18.50000000000000355, 2.000000000000000000, -19.90000000000000568 ) ) ;
#1875 = B_SPLINE_CURVE_WITH_KNOTS ( 'NONE', 3,
 ( #2044, #128, #1419, #3027, #2320, #3962, #149, #3682, #1087, #473, #2633, #2652 ),
 .UNSPECIFIED., .F., .F.,
 ( 4, 2, 2, 2, 2, 4 ),
 ( 2.453269466693398698E-18, 0.0008980347111548496637, 0.001796069422309696725, 0.002694104133464544221, 0.003143121489041967535, 0.003592138844619391282 ),
 .UNSPECIFIED. ) ;
#1876 = DIRECTION ( 'NONE',  ( -0.000000000000000000, -0.000000000000000000, 1.000000000000000000 ) ) ;
#1877 = CARTESIAN_POINT ( 'NONE',  ( -13.31213802192727336, -18.54680804610902456, -45.24501028635160083 ) ) ;
#1878 = PLANE ( 'NONE',  #1636 ) ;
#1879 = ORIENTED_EDGE ( 'NONE', *, *, #968, .F. ) ;
#1880 = CARTESIAN_POINT ( 'NONE',  ( -10.00331581901592415, -15.37633217284855469, -21.70505424722460219 ) ) ;
#1881 = CARTESIAN_POINT ( 'NONE',  ( -19.61915826605236290, -1.926661821591409751, -17.00876718529723064 ) ) ;
#1882 = CIRCLE ( 'NONE', #3551, 1.000000000000000888 ) ;
#1883 = ORIENTED_EDGE ( 'NONE', *, *, #1064, .T. ) ;
#1884 = ORIENTED_EDGE ( 'NONE', *, *, #3109, .T. ) ;
#1885 = EDGE_CURVE ( 'NONE', #1607, #2232, #2940, .T. ) ;
#1886 = CARTESIAN_POINT ( 'NONE',  ( 2.500000000000000444, 24.00000000000000000, -17.80000000000000782 ) ) ;
#1887 = AXIS2_PLACEMENT_3D ( 'NONE', #887, #3455, #1870 ) ;
#1888 = CARTESIAN_POINT ( 'NONE',  ( 12.50000000000000000, 0.9517243909168762173, -15.30000000000000071 ) ) ;
#1889 = DIRECTION ( 'NONE',  ( -1.000000000000000000, 2.668805347656628651E-16, 0.000000000000000000 ) ) ;
#1890 = PLANE ( 'NONE',  #3091 ) ;
#1891 = DIRECTION ( 'NONE',  ( 0.000000000000000000, 0.000000000000000000, 1.000000000000000000 ) ) ;
#1892 = VERTEX_POINT ( 'NONE', #1406 ) ;
#1893 = EDGE_CURVE ( 'NONE', #3759, #2836, #356, .T. ) ;
#1894 = VECTOR ( 'NONE', #3133, 1000.000000000000000 ) ;
#1895 = B_SPLINE_CURVE_WITH_KNOTS ( 'NONE', 3,
 ( #3386, #3361, #511, #3743, #877, #4078, #3089, #2799, #3338, #3764 ),
 .UNSPECIFIED., .F., .F.,
 ( 4, 2, 2, 2, 4 ),
 ( 0.008642044194870350526, 0.009230856811678291376, 0.009819669428486232227, 0.01040848204529417134, 0.01099729466210211219 ),
 .UNSPECIFIED. ) ;
#1896 = CARTESIAN_POINT ( 'NONE',  ( 12.50000000000000000, 24.00000000000000000, -15.30000000000000249 ) ) ;
#1897 = EDGE_CURVE ( 'NONE', #1168, #3785, #1478, .T. ) ;
#1898 = ORIENTED_EDGE ( 'NONE', *, *, #4115, .T. ) ;
#1899 = CARTESIAN_POINT ( 'NONE',  ( -8.546633369868304797, 27.12499999999999645, -14.80000000000000782 ) ) ;
#1900 = CARTESIAN_POINT ( 'NONE',  ( -8.546633369868304797, 27.12499999999999645, -14.80000000000000782 ) ) ;
#1901 = AXIS2_PLACEMENT_3D ( 'NONE', #3803, #3209, #1272 ) ;
#1902 = DIRECTION ( 'NONE',  ( -1.172110456741086321E-16, 0.000000000000000000, -1.000000000000000000 ) ) ;
#1903 = ORIENTED_EDGE ( 'NONE', *, *, #947, .T. ) ;
#1904 = FACE_OUTER_BOUND ( 'NONE', #3582, .T. ) ;
#1905 = AXIS2_PLACEMENT_3D ( 'NONE', #1931, #3815, #950 ) ;
#1906 = CARTESIAN_POINT ( 'NONE',  ( -20.29603801205777103, 1.000503339965555183, -34.16271600157207189 ) ) ;
#1907 = EDGE_LOOP ( 'NONE', ( #2485, #2786 ) ) ;
#1908 = ORIENTED_EDGE ( 'NONE', *, *, #3280, .F. ) ;
#1909 = CARTESIAN_POINT ( 'NONE',  ( 10.50000000000000000, 2.000000000000000000, -18.90000000000000568 ) ) ;
#1910 = ADVANCED_FACE ( 'NONE', ( #2681 ), #1289, .F. ) ;
#1911 = CARTESIAN_POINT ( 'NONE',  ( 11.79151798417714225, -1.803437555626007605, -14.36007321710607876 ) ) ;
#1912 = DIRECTION ( 'NONE',  ( 0.000000000000000000, 0.000000000000000000, 1.000000000000000000 ) ) ;
#1913 = DIRECTION ( 'NONE',  ( -1.000000000000000000, -0.000000000000000000, -0.000000000000000000 ) ) ;
#1914 = ORIENTED_EDGE ( 'NONE', *, *, #2928, .T. ) ;
#1915 = AXIS2_PLACEMENT_3D ( 'NONE', #3543, #1020, #1330 ) ;
#1916 = DIRECTION ( 'NONE',  ( 0.000000000000000000, 0.8517735809807903680, 0.5239100750540698348 ) ) ;
#1917 = ORIENTED_EDGE ( 'NONE', *, *, #2979, .F. ) ;
#1918 = CARTESIAN_POINT ( 'NONE',  ( -6.800000000000000711, 24.50000000000000000, -6.800000000000002487 ) ) ;
#1919 = CARTESIAN_POINT ( 'NONE',  ( -19.06953381770518874, -3.576165455737033039, -18.76485250651252201 ) ) ;
#1920 = AXIS2_PLACEMENT_3D ( 'NONE', #2554, #4107, #332 ) ;
#1921 = CARTESIAN_POINT ( 'NONE',  ( -17.83961760373307115, -6.650955990665655904, -15.60249014332049100 ) ) ;
#1922 = CARTESIAN_POINT ( 'NONE',  ( 12.33817871148242595, -0.4359166547873778441, -14.83076101616362230 ) ) ;
#1923 = ORIENTED_EDGE ( 'NONE', *, *, #1509, .T. ) ;
#1924 = CARTESIAN_POINT ( 'NONE',  ( 7.500000000000000888, -5.087574398201583747, -76.71747411510716574 ) ) ;
#1925 = CIRCLE ( 'NONE', #1254, 2.000000000000003553 ) ;
#1926 = CARTESIAN_POINT ( 'NONE',  ( -12.50032408762666591, -25.63802623017897986, -43.30839056974207324 ) ) ;
#1927 = ORIENTED_EDGE ( 'NONE', *, *, #2286, .T. ) ;
#1928 = CARTESIAN_POINT ( 'NONE',  ( -20.50000000000000000, 24.00000000000000000, -15.30000000000000071 ) ) ;
#1929 = CC_DESIGN_PERSON_AND_ORGANIZATION_ASSIGNMENT ( #1610, #2537, ( #2870 ) ) ;
#1930 = CARTESIAN_POINT ( 'NONE',  ( 10.91006803448736662, -2.940416045642556764, -13.96242907796409050 ) ) ;
#1931 = CARTESIAN_POINT ( 'NONE',  ( 12.50000000000000000, 7.764008331169537591, -39.40007923888819619 ) ) ;
#1932 = ORIENTED_EDGE ( 'NONE', *, *, #1504, .F. ) ;
#1933 = DIRECTION ( 'NONE',  ( 0.000000000000000000, -0.8465922273316230928, -0.5322420507829883629 ) ) ;
#1934 = ORIENTED_EDGE ( 'NONE', *, *, #559, .F. ) ;
#1935 = EDGE_CURVE ( 'NONE', #2988, #167, #2065, .T. ) ;
#1936 = AXIS2_PLACEMENT_3D ( 'NONE', #469, #65, #1081 ) ;
#1937 = CARTESIAN_POINT ( 'NONE',  ( 12.44079239573832396, -49.65991131583631812, -55.06313221634196964 ) ) ;
#1938 = CARTESIAN_POINT ( 'NONE',  ( -12.69647538366609218, -9.086390166513917066, -17.40216771640799820 ) ) ;
#1939 = CARTESIAN_POINT ( 'NONE',  ( 12.20780984008271375, 1.114909981453249266, -39.70640302256013143 ) ) ;
#1940 = AXIS2_PLACEMENT_3D ( 'NONE', #3704, #838, #212 ) ;
#1942 = ORIENTED_EDGE ( 'NONE', *, *, #3643, .F. ) ;
#1941 = LINE ( 'NONE', #673, #391 ) ;
#1943 = EDGE_CURVE ( 'NONE', #3348, #2164, #1832, .T. ) ;
#1944 = DIRECTION ( 'NONE',  ( 0.000000000000000000, -1.000000000000000000, -2.551063935260010491E-16 ) ) ;
#1945 = CARTESIAN_POINT ( 'NONE',  ( -20.17406781646728220, 0.2542151766311398497, -34.88972496950849234 ) ) ;
#1946 = ORIENTED_EDGE ( 'NONE', *, *, #3782, .T. ) ;
#1947 = EDGE_CURVE ( 'NONE', #4118, #3048, #3680, .T. ) ;
#1948 = ORIENTED_EDGE ( 'NONE', *, *, #2140, .F. ) ;
#1949 = DIRECTION ( 'NONE',  ( 0.000000000000000000, 0.000000000000000000, -1.000000000000000000 ) ) ;
#1950 =( BOUNDED_SURFACE ( )  B_SPLINE_SURFACE ( 3, 2, ( 
 ( #728, #1369, #2289 ),
 ( #379, #76, #1001 ),
 ( #1649, #3288, #2639 ),
 ( #2967, #2270, #2986 ),
 ( #2031, #3307, #1727 ),
 ( #2914, #58, #2767 ) ),
 .UNSPECIFIED., .F., .F., .F. ) 
 B_SPLINE_SURFACE_WITH_KNOTS ( ( 4, 2, 4 ),
 ( 3, 3 ),
 ( -2.168404344971008868E-18, 0.002830138597550380108, 0.005660277195100762819 ),
 ( 0.000000000000000000, 1.000000000000000000 ),
 .UNSPECIFIED. ) 
 GEOMETRIC_REPRESENTATION_ITEM ( )  RATIONAL_B_SPLINE_SURFACE ( (
 ( 1.000000000000000000, 0.9540490434607168391, 1.000000000000000000),
 ( 1.000000000000000000, 0.9695774933631995385, 1.000000000000000000),
 ( 1.000000000000000000, 0.9810227867687134617, 1.000000000000000000),
 ( 1.000000000000000000, 0.9962353855487954268, 1.000000000000000000),
 ( 1.000000000000000000, 0.9999968832231147520, 1.000000000000000000),
 ( 1.000000000000000000, 1.000000000000000000, 1.000000000000000000) ) ) 
 REPRESENTATION_ITEM ( '' )  SURFACE ( )  );
#1951 = LINE ( 'NONE', #3221, #2578 ) ;
#1952 = CARTESIAN_POINT ( 'NONE',  ( -18.50000000000000355, 2.000000000000000000, -35.90000000000000568 ) ) ;
#1953 = EDGE_LOOP ( 'NONE', ( #1586, #540, #709, #888 ) ) ;
#1954 = CIRCLE ( 'NONE', #143, 2.000000000000001776 ) ;
#1955 = LINE ( 'NONE', #3245, #494 ) ;
#1956 = EDGE_LOOP ( 'NONE', ( #3647, #3279, #3110, #392 ) ) ;
#1957 = VECTOR ( 'NONE', #2597, 999.9999999999998863 ) ;
#1958 = CARTESIAN_POINT ( 'NONE',  ( 11.32769796754160296, -49.87059411720853319, -57.68891949700389432 ) ) ;
#1959 = ADVANCED_FACE ( 'NONE', ( #2139, #605 ), #1587, .T. ) ;
#1960 = CYLINDRICAL_SURFACE ( 'NONE', #756, 1.100000000000000311 ) ;
#1961 = DIRECTION ( 'NONE',  ( -2.668805347656628651E-16, -1.000000000000000000, 0.000000000000000000 ) ) ;
#1963 = VERTEX_POINT ( 'NONE', #3776 ) ;
#1962 = CARTESIAN_POINT ( 'NONE',  ( -12.50000000000000000, -25.77747210701755876, -43.40814824203093991 ) ) ;
#1964 = DIRECTION ( 'NONE',  ( -0.000000000000000000, -0.000000000000000000, 1.000000000000000000 ) ) ;
#1965 = CIRCLE ( 'NONE', #2957, 51.83023956003085431 ) ;
#1966 = CARTESIAN_POINT ( 'NONE',  ( -20.41410051746963106, 2.000000000000000000, -33.89999999999999858 ) ) ;
#1967 = ORIENTED_EDGE ( 'NONE', *, *, #25, .T. ) ;
#1968 = VERTEX_POINT ( 'NONE', #3820 ) ;
#1969 = CARTESIAN_POINT ( 'NONE',  ( -4.000000000000000000, 24.50000000000000000, -12.80000000000000249 ) ) ;
#1970 = DIRECTION ( 'NONE',  ( 1.000000000000000000, 0.000000000000000000, 0.000000000000000000 ) ) ;
#1971 = ORIENTED_EDGE ( 'NONE', *, *, #1270, .F. ) ;
#1972 =( BOUNDED_SURFACE ( )  B_SPLINE_SURFACE ( 3, 2, ( 
 ( #1100, #852, #2368 ),
 ( #1340, #545, #1812 ),
 ( #1078, #3376, #2405 ),
 ( #67, #2349, #3652 ),
 ( #3952, #787, #3056 ),
 ( #770, #2056, #2080 ),
 ( #485, #1121, #2386 ),
 ( #3671, #504, #3038 ),
 ( #1775, #4029, #2727 ),
 ( #184, #4010, #3695 ),
 ( #2099, #204, #1475 ),
 ( #4116, #274, #565 ),
 ( #1, #585, #1497 ),
 ( #4069, #628, #3461 ),
 ( #3778, #1589, #606 ),
 ( #1854, #2179, #2496 ) ),
 .UNSPECIFIED., .F., .F., .T. ) 
 B_SPLINE_SURFACE_WITH_KNOTS ( ( 4, 2, 2, 2, 2, 2, 2, 4 ),
 ( 3, 3 ),
 ( 0.01129186826512431491, 0.01202708224094873983, 0.01239468922886095142, 0.01276229621677316475, 0.01312990320468537635, 0.01349751019259758794, 0.01386511718050980127, 0.01423272416842201286 ),
 ( 0.000000000000000000, 1.000000000000000000 ),
 .UNSPECIFIED. ) 
 GEOMETRIC_REPRESENTATION_ITEM ( )  RATIONAL_B_SPLINE_SURFACE ( (
 ( 1.000000000000000000, 0.9540490434607168391, 1.000000000000000000),
 ( 1.000000000000000000, 0.9610484653846401715, 1.000000000000000000),
 ( 1.000000000000000000, 0.9672794885091644534, 1.000000000000000000),
 ( 1.000000000000000000, 0.9755873349528010330, 1.000000000000000000),
 ( 1.000000000000000000, 0.9781235746562418898, 1.000000000000000000),
 ( 1.000000000000000000, 0.9825853344745633100, 1.000000000000000000),
 ( 1.000000000000000000, 0.9844576531546475051, 1.000000000000000000),
 ( 1.000000000000000000, 0.9870599854480136548, 1.000000000000000000),
 ( 1.000000000000000000, 0.9877140533735503380, 1.000000000000000000),
 ( 1.000000000000000000, 0.9871226877888995554, 1.000000000000000000),
 ( 1.000000000000000000, 0.9858792250930525913, 1.000000000000000000),
 ( 1.000000000000000000, 0.9820102821255829451, 1.000000000000000000),
 ( 1.000000000000000000, 0.9793913761705715926, 1.000000000000000000),
 ( 1.000000000000000000, 0.9734278812891806743, 1.000000000000000000),
 ( 1.000000000000000000, 0.9700206433748393975, 1.000000000000000000),
 ( 1.000000000000000000, 0.9663766119457176673, 1.000000000000000000) ) ) 
 REPRESENTATION_ITEM ( '' )  SURFACE ( )  );
#1973 = DIRECTION ( 'NONE',  ( -1.000000000000000000, -0.000000000000000000, 0.000000000000000000 ) ) ;
#1974 = ORIENTED_EDGE ( 'NONE', *, *, #1678, .T. ) ;
#1975 = CARTESIAN_POINT ( 'NONE',  ( -17.87574075940871765, -6.560648101478208538, -20.34334828382430160 ) ) ;
#1976 = DIRECTION ( 'NONE',  ( 0.000000000000000000, 0.000000000000000000, -1.000000000000000000 ) ) ;
#1978 = VERTEX_POINT ( 'NONE', #911 ) ;
#1977 = DIRECTION ( 'NONE',  ( -1.000000000000000000, -0.000000000000000000, 0.000000000000000000 ) ) ;
#1979 = CARTESIAN_POINT ( 'NONE',  ( -13.43342535965969553, -18.11561845286712114, -28.32106957006777392 ) ) ;
#1980 = EDGE_CURVE ( 'NONE', #3717, #1558, #1882, .T. ) ;
#1981 = CARTESIAN_POINT ( 'NONE',  ( -20.34404778753808429, 1.355950206955557347, -34.00206252707498322 ) ) ;
#1982 = CARTESIAN_POINT ( 'NONE',  ( 2.546633369868304353, 21.87500000000000000, -14.80000000000000782 ) ) ;
#1983 = CIRCLE ( 'NONE', #918, 2.800000000000000266 ) ;
#1984 = DIRECTION ( 'NONE',  ( -1.000000000000000000, 0.000000000000000000, 0.000000000000000000 ) ) ;
#1985 = EDGE_CURVE ( 'NONE', #2641, #3443, #2516, .T. ) ;
#1986 = DIRECTION ( 'NONE',  ( 0.000000000000000000, 0.000000000000000000, 1.000000000000000000 ) ) ;
#1987 = ORIENTED_EDGE ( 'NONE', *, *, #2415, .F. ) ;
#1988 = EDGE_CURVE ( 'NONE', #674, #1824, #2873, .T. ) ;
#1989 = CARTESIAN_POINT ( 'NONE',  ( -20.29603801205777103, 1.000503339965556515, -18.16271600157206478 ) ) ;
#1990 = DIRECTION ( 'NONE',  ( -0.000000000000000000, -0.000000000000000000, 1.000000000000000000 ) ) ;
#1991 = VERTEX_POINT ( 'NONE', #1918 ) ;
#1992 = ADVANCED_FACE ( 'NONE', ( #3505 ), #2204, .F. ) ;
#1993 = DIRECTION ( 'NONE',  ( 0.000000000000000000, 0.000000000000000000, 1.000000000000000000 ) ) ;
#1994 = DIRECTION ( 'NONE',  ( -0.000000000000000000, -0.000000000000000000, 1.000000000000000000 ) ) ;
#1996 = VERTEX_POINT ( 'NONE', #3583 ) ;
#1995 = DIRECTION ( 'NONE',  ( -1.000000000000000000, 0.000000000000000000, 0.000000000000000000 ) ) ;
#1997 = CARTESIAN_POINT ( 'NONE',  ( -4.000000000000000000, 24.50000000000000000, -7.299999999999990941 ) ) ;
#1998 = DIRECTION ( 'NONE',  ( -1.000000000000000000, 0.000000000000000000, 0.000000000000000000 ) ) ;
#1999 = AXIS2_PLACEMENT_3D ( 'NONE', #2547, #1259, #2238 ) ;
#2000 = DIRECTION ( 'NONE',  ( -1.000000000000000000, -0.000000000000000000, 0.000000000000000000 ) ) ;
#2001 = ORIENTED_EDGE ( 'NONE', *, *, #1450, .T. ) ;
#2002 = DIRECTION ( 'NONE',  ( 1.000000000000000000, 0.000000000000000000, 0.000000000000000000 ) ) ;
#2003 = EDGE_CURVE ( 'NONE', #1141, #700, #1625, .T. ) ;
#2004 = ORIENTED_EDGE ( 'NONE', *, *, #2312, .T. ) ;
#2005 = CARTESIAN_POINT ( 'NONE',  ( -20.26341289279200453, 0.7825019224736783352, -18.30787949707520923 ) ) ;
#2006 = CARTESIAN_POINT ( 'NONE',  ( -14.84609652772913257, -14.05334495426606622, -43.70076478830686995 ) ) ;
#2007 = ADVANCED_FACE ( 'NONE', ( #3137 ), #1359, .T. ) ;
#2008 = AXIS2_PLACEMENT_3D ( 'NONE', #44, #1712, #3292 ) ;
#2009 = ORIENTED_EDGE ( 'NONE', *, *, #977, .F. ) ;
#2010 = AXIS2_PLACEMENT_3D ( 'NONE', #3814, #949, #312 ) ;
#2011 = CARTESIAN_POINT ( 'NONE',  ( 0.5466333698683039088, 27.12500000000000000, -17.80000000000000782 ) ) ;
#2012 = FACE_OUTER_BOUND ( 'NONE', #51, .T. ) ;
#2013 = CYLINDRICAL_SURFACE ( 'NONE', #964, 6.999999999999999112 ) ;
#2015 = ORIENTED_EDGE ( 'NONE', *, *, #3049, .T. ) ;
#2014 = CYLINDRICAL_SURFACE ( 'NONE', #2509, 5.000000000000000888 ) ;
#2016 = AXIS2_PLACEMENT_3D ( 'NONE', #14, #687, #1682 ) ;
#2017 = DIRECTION ( 'NONE',  ( 0.000000000000000000, 0.000000000000000000, 1.000000000000000000 ) ) ;
#2018 = AXIS2_PLACEMENT_3D ( 'NONE', #2889, #1721, #3600 ) ;
#2019 = CARTESIAN_POINT ( 'NONE',  ( -13.30704734698394098, -18.32458868185860368, -23.44859475973277441 ) ) ;
#2020 = DIRECTION ( 'NONE',  ( -0.000000000000000000, -0.000000000000000000, -1.000000000000000000 ) ) ;
#2021 = ORIENTED_EDGE ( 'NONE', *, *, #1343, .T. ) ;
#2022 = CARTESIAN_POINT ( 'NONE',  ( 12.50000000000000000, -49.58383499913627901, -54.21912426924463801 ) ) ;
#2023 = EDGE_LOOP ( 'NONE', ( #2009, #680, #844, #1908 ) ) ;
#2024 = EDGE_CURVE ( 'NONE', #648, #1540, #1954, .T. ) ;
#2025 = DIRECTION ( 'NONE',  ( -1.000000000000000000, -0.000000000000000000, 0.000000000000000000 ) ) ;
#2026 = VERTEX_POINT ( 'NONE', #1132 ) ;
#2027 = VECTOR ( 'NONE', #3672, 1000.000000000000000 ) ;
#2028 = EDGE_CURVE ( 'NONE', #1644, #3612, #3062, .T. ) ;
#2029 = CYLINDRICAL_SURFACE ( 'NONE', #555, 2.000000000000001776 ) ;
#2030 = CARTESIAN_POINT ( 'NONE',  ( -12.26228765848724578, -49.73080075933822286, -55.89386950359681805 ) ) ;
#2031 = CARTESIAN_POINT ( 'NONE',  ( -19.34235043571776202, -2.894123910705587832, -18.11948852239089902 ) ) ;
#2033 = ORIENTED_EDGE ( 'NONE', *, *, #3724, .F. ) ;
#2032 = DIRECTION ( 'NONE',  ( -0.000000000000000000, -0.000000000000000000, 1.000000000000000000 ) ) ;
#2034 = CYLINDRICAL_SURFACE ( 'NONE', #2008, 70.99948021134780163 ) ;
#2035 = ADVANCED_FACE ( 'NONE', ( #782 ), #404, .T. ) ;
#2036 = DIRECTION ( 'NONE',  ( 1.000000000000000000, 0.000000000000000000, 0.000000000000000000 ) ) ;
#2037 = CYLINDRICAL_SURFACE ( 'NONE', #3656, 1.000000000000000888 ) ;
#2038 = DIRECTION ( 'NONE',  ( 1.000000000000000000, 0.000000000000000000, 0.000000000000000000 ) ) ;
#2039 = ORIENTED_EDGE ( 'NONE', *, *, #933, .F. ) ;
#2040 = DIRECTION ( 'NONE',  ( -1.000000000000000000, -0.000000000000000000, 0.000000000000000000 ) ) ;
#2041 = AXIS2_PLACEMENT_3D ( 'NONE', #3093, #3768, #460 ) ;
#2042 = ORIENTED_EDGE ( 'NONE', *, *, #3580, .F. ) ;
#2043 = CARTESIAN_POINT ( 'NONE',  ( -20.50000000000000000, 7.654700538379255903, -38.00000000000000000 ) ) ;
#2044 = CARTESIAN_POINT ( 'NONE',  ( -20.29184555669680279, 0.9736540720703488194, -15.30000000000000071 ) ) ;
#2045 = CARTESIAN_POINT ( 'NONE',  ( 9.704351480037892941, -2.084074698550135274, -12.88157017952407202 ) ) ;
#2046 = VERTEX_POINT ( 'NONE', #2422 ) ;
#2047 = VECTOR ( 'NONE', #1521, 1000.000000000000000 ) ;
#2048 = DIRECTION ( 'NONE',  ( -1.000000000000000000, -0.000000000000000000, -0.000000000000000000 ) ) ;
#2049 = CARTESIAN_POINT ( 'NONE',  ( -9.202934032799674924, -17.24564399688846450, -22.84157660271401014 ) ) ;
#2050 = DIRECTION ( 'NONE',  ( -1.000000000000000000, 0.000000000000000000, 0.000000000000000000 ) ) ;
#2051 = ORIENTED_EDGE ( 'NONE', *, *, #1135, .T. ) ;
#2052 = EDGE_CURVE ( 'NONE', #1789, #604, #3086, .T. ) ;
#2053 = ORIENTED_EDGE ( 'NONE', *, *, #2580, .F. ) ;
#2054 = CARTESIAN_POINT ( 'NONE',  ( 0.5466333698683039088, 27.12500000000000000, -14.80000000000000782 ) ) ;
#2055 = FACE_BOUND ( 'NONE', #1136, .T. ) ;
#2056 = CARTESIAN_POINT ( 'NONE',  ( -19.97229643029029944, 1.779743010307561546, -13.90401899231889615 ) ) ;
#2057 = DIRECTION ( 'NONE',  ( 0.000000000000000000, 0.000000000000000000, 1.000000000000000000 ) ) ;
#2058 = ORIENTED_EDGE ( 'NONE', *, *, #1018, .F. ) ;
#2059 = ADVANCED_FACE ( 'NONE', ( #2012 ), #1113, .F. ) ;
#2060 = FACE_OUTER_BOUND ( 'NONE', #2096, .T. ) ;
#2061 = EDGE_CURVE ( 'NONE', #632, #3300, #424, .T. ) ;
#2062 = AXIS2_PLACEMENT_3D ( 'NONE', #633, #1524, #3783 ) ;
#2063 = ORIENTED_EDGE ( 'NONE', *, *, #2556, .F. ) ;
#2064 = CYLINDRICAL_SURFACE ( 'NONE', #2198, 2.000000000000001776 ) ;
#2065 = B_SPLINE_CURVE_WITH_KNOTS ( 'NONE', 3,
 ( #3756, #3438, #337, #3121, #3416, #563, #16, #1609, #3167, #3101 ),
 .UNSPECIFIED., .F., .F.,
 ( 4, 2, 2, 2, 4 ),
 ( 0.000000000000000000, 0.0005894455440458750469, 0.001178891088091750094, 0.001768336632137625141, 0.002357782176183500188 ),
 .UNSPECIFIED. ) ;
#2066 = CARTESIAN_POINT ( 'NONE',  ( -4.000000000000000000, 24.50000000000000000, -7.299999999999990941 ) ) ;
#2067 = DIRECTION ( 'NONE',  ( 0.000000000000000000, -1.000000000000000000, 0.000000000000000000 ) ) ;
#2068 = VERTEX_POINT ( 'NONE', #2966 ) ;
#2069 = CARTESIAN_POINT ( 'NONE',  ( -20.14552683445326053, 0.1025209037634048775, -20.54584423835961360 ) ) ;
#2070 = AXIS2_PLACEMENT_3D ( 'NONE', #2449, #1791, #1809 ) ;
#2071 = CARTESIAN_POINT ( 'NONE',  ( -10.62250166211935642, -49.92287757198987919, -58.42036805800825761 ) ) ;
#2072 = FACE_BOUND ( 'NONE', #1357, .T. ) ;
#2073 = ORIENTED_EDGE ( 'NONE', *, *, #1147, .F. ) ;
#2074 = B_SPLINE_CURVE_WITH_KNOTS ( 'NONE', 3,
 ( #264, #1530, #2802, #2482, #3765, #901, #2169, #1865, #3131, #285, #2505, #2527, #1280, #2905 ),
 .UNSPECIFIED., .F., .F.,
 ( 4, 2, 2, 2, 2, 2, 4 ),
 ( 1.460276644371836913E-16, 0.0004239272848946172784, 0.0008478545697890885148, 0.001271781854683559643, 0.001695709139578030879, 0.002543563709366973569, 0.003391418279155916041 ),
 .UNSPECIFIED. ) ;
#2075 = CARTESIAN_POINT ( 'NONE',  ( -12.50000000000000000, -25.77747210701755876, -43.40814824203093991 ) ) ;
#2076 = AXIS2_PLACEMENT_3D ( 'NONE', #929, #2156, #1827 ) ;
#2077 = EDGE_CURVE ( 'NONE', #3243, #1069, #344, .T. ) ;
#2078 = LINE ( 'NONE', #2328, #1052 ) ;
#2079 = AXIS2_PLACEMENT_3D ( 'NONE', #2087, #1782, #2783 ) ;
#2080 = CARTESIAN_POINT ( 'NONE',  ( -20.03849202922067008, 1.939731074277621259, -13.98284991415365042 ) ) ;
#2081 = LINE ( 'NONE', #1835, #2953 ) ;
#2082 = VERTEX_POINT ( 'NONE', #2362 ) ;
#2083 = CIRCLE ( 'NONE', #3284, 10.00000000000000000 ) ;
#2084 = ORIENTED_EDGE ( 'NONE', *, *, #208, .F. ) ;
#2085 = DIRECTION ( 'NONE',  ( -0.000000000000000000, 0.000000000000000000, -1.000000000000000000 ) ) ;
#2086 = EDGE_CURVE ( 'NONE', #3023, #801, #2720, .T. ) ;
#2087 = CARTESIAN_POINT ( 'NONE',  ( -7.500000000000000000, -38.27104994509839031, -32.91353655732997652 ) ) ;
#2088 = CIRCLE ( 'NONE', #3629, 102.3535982180401902 ) ;
#2089 = DIRECTION ( 'NONE',  ( 0.000000000000000000, 0.000000000000000000, 1.000000000000000000 ) ) ;
#2090 = CYLINDRICAL_SURFACE ( 'NONE', #3564, 2.000000000000000888 ) ;
#2091 = ORIENTED_EDGE ( 'NONE', *, *, #3409, .F. ) ;
#2092 = CIRCLE ( 'NONE', #1494, 70.99948021134780163 ) ;
#2093 = CYLINDRICAL_SURFACE ( 'NONE', #3825, 2.000000000000003997 ) ;
#2094 = DIRECTION ( 'NONE',  ( 0.000000000000000000, 0.000000000000000000, 1.000000000000000000 ) ) ;
#2095 = ORIENTED_EDGE ( 'NONE', *, *, #3491, .F. ) ;
#2096 = EDGE_LOOP ( 'NONE', ( #37, #2063, #110, #527 ) ) ;
#2097 = CARTESIAN_POINT ( 'NONE',  ( -8.546633369868301244, 21.87499999999999289, -59.56998842140697548 ) ) ;
#2098 = DIRECTION ( 'NONE',  ( 0.000000000000000000, 0.000000000000000000, 1.000000000000000000 ) ) ;
#2099 = CARTESIAN_POINT ( 'NONE',  ( -19.10320241731719193, 1.787314057079061325, -13.17155181785073914 ) ) ;
#2100 = DIRECTION ( 'NONE',  ( 0.000000000000000000, 0.9373197862721571738, 0.3484703979719337985 ) ) ;
#2101 = VERTEX_POINT ( 'NONE', #602 ) ;
#2102 = CARTESIAN_POINT ( 'NONE',  ( -7.500000000000000000, -81.44548052105768932, 47.55891605489174623 ) ) ;
#2103 = DIRECTION ( 'NONE',  ( -1.000000000000000000, 0.000000000000000000, 0.000000000000000000 ) ) ;
#2104 = VERTEX_POINT ( 'NONE', #1242 ) ;
#2105 = EDGE_CURVE ( 'NONE', #752, #1660, #3895, .T. ) ;
#2106 = CARTESIAN_POINT ( 'NONE',  ( -15.59999999999999964, 6.914213562373095812, -39.28256106478571041 ) ) ;
#2107 = AXIS2_PLACEMENT_3D ( 'NONE', #3497, #3160, #12 ) ;
#2108 = DIRECTION ( 'NONE',  ( 0.000000000000000000, 0.000000000000000000, 1.000000000000000000 ) ) ;
#2109 = CARTESIAN_POINT ( 'NONE',  ( -10.54663336986830835, 27.12499999999999645, -14.80000000000000782 ) ) ;
#2110 = LINE ( 'NONE', #1867, #3519 ) ;
#2111 = ORIENTED_EDGE ( 'NONE', *, *, #1163, .T. ) ;
#2112 = AXIS2_PLACEMENT_3D ( 'NONE', #104, #1713, #2036 ) ;
#2113 = DIRECTION ( 'NONE',  ( 2.668805347656628157E-16, 1.000000000000000000, 0.000000000000000000 ) ) ;
#2114 = EDGE_CURVE ( 'NONE', #2606, #1488, #625, .T. ) ;
#2115 = CARTESIAN_POINT ( 'NONE',  ( -18.50000000000000355, 6.500000000000000000, -40.00000000000000000 ) ) ;
#2116 = ORIENTED_EDGE ( 'NONE', *, *, #995, .F. ) ;
#2117 = VERTEX_POINT ( 'NONE', #1896 ) ;
#2118 = CARTESIAN_POINT ( 'NONE',  ( -20.50000000000000000, 7.654700538379255903, -38.00000000000000000 ) ) ;
#2119 = DATE_AND_TIME ( #3102, #683 ) ;
#2120 = CARTESIAN_POINT ( 'NONE',  ( -10.54663336986830657, 21.87500000000000711, -14.80000000000000782 ) ) ;
#2121 = CARTESIAN_POINT ( 'NONE',  ( -19.39647842150531076, -2.702675582804674459, -17.97101339332892778 ) ) ;
#2122 = EDGE_LOOP ( 'NONE', ( #3608, #294, #1294, #60 ) ) ;
#2123 = DIRECTION ( 'NONE',  ( -1.000000000000000000, -0.000000000000000000, -0.000000000000000000 ) ) ;
#2124 = LINE ( 'NONE', #1840, #2249 ) ;
#2125 = ORIENTED_EDGE ( 'NONE', *, *, #1343, .F. ) ;
#2126 = CARTESIAN_POINT ( 'NONE',  ( -16.32653298261185526, -4.722782157556417282, -40.00000000000000000 ) ) ;
#2127 = EDGE_CURVE ( 'NONE', #1097, #2420, #1751, .T. ) ;
#2128 = DIRECTION ( 'NONE',  ( -1.000000000000000000, 0.000000000000000000, -0.000000000000000000 ) ) ;
#2129 = AXIS2_PLACEMENT_3D ( 'NONE', #3356, #4013, #2708 ) ;
#2130 = DIRECTION ( 'NONE',  ( -0.000000000000000000, -0.000000000000000000, -1.000000000000000000 ) ) ;
#2131 = CC_DESIGN_APPROVAL ( #1236, ( #2870 ) ) ;
#2132 = LINE ( 'NONE', #4043, #3380 ) ;
#2133 = ORIENTED_EDGE ( 'NONE', *, *, #755, .T. ) ;
#2134 = FACE_OUTER_BOUND ( 'NONE', #3290, .T. ) ;
#2135 = EDGE_CURVE ( 'NONE', #64, #1090, #3220, .T. ) ;
#2136 = CARTESIAN_POINT ( 'NONE',  ( -20.44773269891034673, 2.394465936625786995, -21.87051788294038346 ) ) ;
#2137 = ORIENTED_EDGE ( 'NONE', *, *, #1092, .F. ) ;
#2138 = ORIENTED_EDGE ( 'NONE', *, *, #3216, .F. ) ;
#2139 = FACE_OUTER_BOUND ( 'NONE', #2944, .T. ) ;
#2140 = EDGE_CURVE ( 'NONE', #3785, #1141, #3392, .T. ) ;
#2141 = DIRECTION ( 'NONE',  ( 0.000000000000000000, 0.000000000000000000, 1.000000000000000000 ) ) ;
#2142 = DIRECTION ( 'NONE',  ( -1.000000000000000000, 0.000000000000000000, 0.000000000000000000 ) ) ;
#2143 = CARTESIAN_POINT ( 'NONE',  ( -20.00044851834416448, -0.6591662794079620191, -16.34319997932177415 ) ) ;
#2144 = ORIENTED_EDGE ( 'NONE', *, *, #2297, .T. ) ;
#2145 = LINE ( 'NONE', #165, #3473 ) ;
#2146 = CARTESIAN_POINT ( 'NONE',  ( 12.50000000000000533, 2.000000000000000000, -19.90000000000000924 ) ) ;
#2147 = ORIENTED_EDGE ( 'NONE', *, *, #1767, .T. ) ;
#2148 = CARTESIAN_POINT ( 'NONE',  ( 10.50000000000000000, 2.000000000000000000, -19.90000000000000924 ) ) ;
#2149 = CIRCLE ( 'NONE', #2679, 2.000000000000001776 ) ;
#2150 = CYLINDRICAL_SURFACE ( 'NONE', #3579, 51.83023956003085431 ) ;
#2151 = CARTESIAN_POINT ( 'NONE',  ( -8.546633369868301244, 21.87499999999999289, -6.800000000000002487 ) ) ;
#2152 = CARTESIAN_POINT ( 'NONE',  ( -20.43240002298866997, 2.196807480841314497, -33.90000000000000568 ) ) ;
#2153 = ORIENTED_EDGE ( 'NONE', *, *, #3293, .F. ) ;
#2154 = EDGE_CURVE ( 'NONE', #1892, #1598, #3148, .T. ) ;
#2155 = DIRECTION ( 'NONE',  ( -0.000000000000000000, -0.000000000000000000, -1.000000000000000000 ) ) ;
#2156 = DIRECTION ( 'NONE',  ( 1.000000000000000000, 0.000000000000000000, -1.172110456741086321E-16 ) ) ;
#2157 = VERTEX_POINT ( 'NONE', #1201 ) ;
#2158 = CIRCLE ( 'NONE', #3702, 2.500000000000000444 ) ;
#2159 = VERTEX_POINT ( 'NONE', #2808 ) ;
#2160 = ADVANCED_FACE ( 'NONE', ( #4065 ), #3479, .T. ) ;
#2161 =( NAMED_UNIT ( * ) SI_UNIT ( $, .STERADIAN. ) SOLID_ANGLE_UNIT ( ) );
#2162 = CARTESIAN_POINT ( 'NONE',  ( -17.13207380996951912, -8.419815475091045442, -16.77062367898053807 ) ) ;
#2163 = CARTESIAN_POINT ( 'NONE',  ( -20.29184555669680279, 0.9736540720703488194, -15.30000000000000071 ) ) ;
#2164 = VERTEX_POINT ( 'NONE', #560 ) ;
#2165 = CARTESIAN_POINT ( 'NONE',  ( 0.5466333698683003561, 27.12500000000000711, -14.80000000000000782 ) ) ;
#2166 = CARTESIAN_POINT ( 'NONE',  ( 0.5466333698683039088, 27.12500000000000000, -14.80000000000000782 ) ) ;
#2167 = ORIENTED_EDGE ( 'NONE', *, *, #147, .T. ) ;
#2168 = DIRECTION ( 'NONE',  ( 0.000000000000000000, 0.000000000000000000, 1.000000000000000000 ) ) ;
#2169 = CARTESIAN_POINT ( 'NONE',  ( -19.26403537903365759, 1.823330138437188719, -13.26415703754584996 ) ) ;
#2170 = DIRECTION ( 'NONE',  ( 0.000000000000000000, 0.000000000000000000, -1.000000000000000000 ) ) ;
#2171 = CARTESIAN_POINT ( 'NONE',  ( -7.500378102231104016, -22.99727922784137846, -47.56851524165816869 ) ) ;
#2172 = ORIENTED_EDGE ( 'NONE', *, *, #2247, .T. ) ;
#2173 = AXIS2_PLACEMENT_3D ( 'NONE', #1190, #1527, #2753 ) ;
#2174 = CARTESIAN_POINT ( 'NONE',  ( -18.50000000000000355, 2.000000000000000000, -19.90000000000000568 ) ) ;
#2175 = DIRECTION ( 'NONE',  ( -1.000000000000000000, 0.000000000000000000, 0.000000000000000000 ) ) ;
#2176 = CIRCLE ( 'NONE', #2512, 1.000000000000000888 ) ;
#2177 = ORIENTED_EDGE ( 'NONE', *, *, #1465, .T. ) ;
#2178 = VERTEX_POINT ( 'NONE', #3163 ) ;
#2179 = CARTESIAN_POINT ( 'NONE',  ( -18.16726471009651789, 1.441249371661025069, -12.81248891163083847 ) ) ;
#2180 = EDGE_CURVE ( 'NONE', #2336, #355, #2663, .T. ) ;
#2181 = CARTESIAN_POINT ( 'NONE',  ( -12.61575486231940779, -22.73311198633108887, -41.39767403365730303 ) ) ;
#2182 = CARTESIAN_POINT ( 'NONE',  ( -10.50000000000000000, 31.50000000000000000, -15.30000000000000249 ) ) ;
#2183 = ORIENTED_EDGE ( 'NONE', *, *, #3417, .F. ) ;
#2184 = CARTESIAN_POINT ( 'NONE',  ( -13.52485501230898279, -6.559485751691396693, -15.67916951476825638 ) ) ;
#2185 = AXIS2_PLACEMENT_3D ( 'NONE', #254, #3081, #3508 ) ;
#2186 = CARTESIAN_POINT ( 'NONE',  ( -20.38985497932552704, 1.739244140842046926, -37.90000000000000568 ) ) ;
#2187 = EDGE_CURVE ( 'NONE', #3678, #3395, #2467, .T. ) ;
#2188 = B_SPLINE_CURVE_WITH_KNOTS ( 'NONE', 3,
 ( #3966, #313, #1133, #846 ),
 .UNSPECIFIED., .F., .F.,
 ( 4, 4 ),
 ( 0.000000000000000000, 0.0001997839307299313389 ),
 .UNSPECIFIED. ) ;
#2189 = ORIENTED_EDGE ( 'NONE', *, *, #3621, .T. ) ;
#2190 = ORIENTED_EDGE ( 'NONE', *, *, #2596, .F. ) ;
#2191 = CARTESIAN_POINT ( 'NONE',  ( 12.50000000000000000, 2.000000000000000000, -19.90000000000000924 ) ) ;
#2192 = ADVANCED_FACE ( 'NONE', ( #3772, #247 ), #1515, .T. ) ;
#2193 = DIRECTION ( 'NONE',  ( -1.000000000000000000, -0.000000000000000000, -0.000000000000000000 ) ) ;
#2194 = FACE_OUTER_BOUND ( 'NONE', #157, .T. ) ;
#2195 = DIRECTION ( 'NONE',  ( 0.000000000000000000, 1.000000000000000000, 0.000000000000000000 ) ) ;
#2196 = CARTESIAN_POINT ( 'NONE',  ( 12.50000000000000355, 2.000000000000000000, -35.90000000000000568 ) ) ;
#2197 = EDGE_LOOP ( 'NONE', ( #1482, #43 ) ) ;
#2198 = AXIS2_PLACEMENT_3D ( 'NONE', #2414, #1781, #1458 ) ;
#2199 = ORGANIZATION ( '未指定', '未指定', '' ) ;
#2200 = CARTESIAN_POINT ( 'NONE',  ( -20.49585541993021209, 3.425719861603256700, -21.31653036222224884 ) ) ;
#2201 = ORIENTED_EDGE ( 'NONE', *, *, #1327, .F. ) ;
#2202 = EDGE_LOOP ( 'NONE', ( #3043, #3733, #3513, #2927 ) ) ;
#2203 = CIRCLE ( 'NONE', #2272, 46.83023956003085431 ) ;
#2204 = CYLINDRICAL_SURFACE ( 'NONE', #553, 2.000000000000001776 ) ;
#2205 = DIRECTION ( 'NONE',  ( -1.000000000000000000, -0.000000000000000000, 1.239088197126291063E-16 ) ) ;
#2206 = CARTESIAN_POINT ( 'NONE',  ( -7.508138875416017655, -21.54056492969247216, -46.67348076669697576 ) ) ;
#2207 = CARTESIAN_POINT ( 'NONE',  ( -20.29184555669680279, 0.9736540720703488194, -15.30000000000000071 ) ) ;
#2208 = ORIENTED_EDGE ( 'NONE', *, *, #2333, .T. ) ;
#2209 = CYLINDRICAL_SURFACE ( 'NONE', #280, 1.099999999999999645 ) ;
#2210 = ADVANCED_FACE ( 'NONE', ( #4089 ), #3752, .T. ) ;
#2211 = FACE_OUTER_BOUND ( 'NONE', #3618, .T. ) ;
#2212 = AXIS2_PLACEMENT_3D ( 'NONE', #1634, #1652, #1060 ) ;
#2213 = ORIENTED_EDGE ( 'NONE', *, *, #1534, .T. ) ;
#2214 = EDGE_LOOP ( 'NONE', ( #1219, #1927, #3258 ) ) ;
#2215 = CARTESIAN_POINT ( 'NONE',  ( -18.39581485401270200, 2.555523986121758906, -12.82763039426380125 ) ) ;
#2216 = EDGE_CURVE ( 'NONE', #2082, #64, #1019, .T. ) ;
#2217 = AXIS2_PLACEMENT_3D ( 'NONE', #2380, #459, #3663 ) ;
#2218 = CARTESIAN_POINT ( 'NONE',  ( 12.33033438150864569, -0.4690632718352675257, -14.81946190132159913 ) ) ;
#2219 = FACE_OUTER_BOUND ( 'NONE', #2571, .T. ) ;
#2220 = DIRECTION ( 'NONE',  ( 1.172110456741086074E-16, 0.000000000000000000, 1.000000000000000000 ) ) ;
#2221 = CIRCLE ( 'NONE', #1820, 5.000000000000000000 ) ;
#2222 = CARTESIAN_POINT ( 'NONE',  ( -4.000000000000000000, 29.75000000000000355, -17.80000000000000782 ) ) ;
#2223 = ORIENTED_EDGE ( 'NONE', *, *, #437, .F. ) ;
#2224 = CIRCLE ( 'NONE', #2752, 4.999999999999998224 ) ;
#2225 = DIRECTION ( 'NONE',  ( 1.000000000000000000, 0.000000000000000000, 0.000000000000000000 ) ) ;
#2226 = ORIENTED_EDGE ( 'NONE', *, *, #4035, .T. ) ;
#2227 = DIRECTION ( 'NONE',  ( -0.000000000000000000, -0.000000000000000000, 1.000000000000000000 ) ) ;
#2228 = CARTESIAN_POINT ( 'NONE',  ( -1.999999999999999112, 29.75000000000000355, -14.80000000000000782 ) ) ;
#2229 = DIRECTION ( 'NONE',  ( -1.000000000000000000, 0.000000000000000000, 0.000000000000000000 ) ) ;
#2230 = CIRCLE ( 'NONE', #637, 2.000000000000003997 ) ;
#2231 = PLANE ( 'NONE',  #372 ) ;
#2232 = VERTEX_POINT ( 'NONE', #269 ) ;
#2233 = DIRECTION ( 'NONE',  ( -0.000000000000000000, -0.000000000000000000, 1.000000000000000000 ) ) ;
#2234 = CARTESIAN_POINT ( 'NONE',  ( -20.40189386587418241, 1.868719930846870714, -33.89999999999999858 ) ) ;
#2235 = VERTEX_POINT ( 'NONE', #36 ) ;
#2236 = AXIS2_PLACEMENT_3D ( 'NONE', #1061, #403, #2038 ) ;
#2237 = ORIENTED_EDGE ( 'NONE', *, *, #1885, .F. ) ;
#2238 = DIRECTION ( 'NONE',  ( -1.000000000000000000, 0.000000000000000000, 0.000000000000000000 ) ) ;
#2239 = DIRECTION ( 'NONE',  ( -0.000000000000000000, -0.000000000000000000, 1.000000000000000000 ) ) ;
#2240 = EDGE_CURVE ( 'NONE', #1766, #3458, #1685, .T. ) ;
#2241 = VECTOR ( 'NONE', #2193, 1000.000000000000000 ) ;
#2242 = ORIENTED_EDGE ( 'NONE', *, *, #3293, .T. ) ;
#2243 = CIRCLE ( 'NONE', #2634, 75.99948021134780163 ) ;
#2244 = LINE ( 'NONE', #646, #2887 ) ;
#2245 = EDGE_CURVE ( 'NONE', #3394, #718, #71, .T. ) ;
#2246 = ORIENTED_EDGE ( 'NONE', *, *, #3244, .F. ) ;
#2247 = EDGE_CURVE ( 'NONE', #1066, #3182, #3488, .T. ) ;
#2248 = FACE_OUTER_BOUND ( 'NONE', #1155, .T. ) ;
#2249 = VECTOR ( 'NONE', #3381, 1000.000000000000000 ) ;
#2250 = CARTESIAN_POINT ( 'NONE',  ( -8.887951152393123166, -14.58511119808892254, -43.84079848114888023 ) ) ;
#2251 = CARTESIAN_POINT ( 'NONE',  ( 12.07421207762758364, -0.3846743574516086062, -13.43436374737946259 ) ) ;
#2253 = ORIENTED_EDGE ( 'NONE', *, *, #3807, .T. ) ;
#2252 = DIRECTION ( 'NONE',  ( 0.000000000000000000, 0.000000000000000000, 1.000000000000000000 ) ) ;
#2254 = LINE ( 'NONE', #2795, #941 ) ;
#2255 = CARTESIAN_POINT ( 'NONE',  ( -12.50000000000000178, -23.16759331903120156, -47.67294984492161802 ) ) ;
#2256 = ORIENTED_EDGE ( 'NONE', *, *, #1175, .F. ) ;
#2257 = ORIENTED_EDGE ( 'NONE', *, *, #1550, .T. ) ;
#2258 = DIRECTION ( 'NONE',  ( 0.000000000000000000, 0.000000000000000000, 1.000000000000000000 ) ) ;
#2259 = DIRECTION ( 'NONE',  ( 1.000000000000000000, -0.000000000000000000, -0.000000000000000000 ) ) ;
#2260 = DIRECTION ( 'NONE',  ( 0.000000000000000000, 0.000000000000000000, 1.000000000000000000 ) ) ;
#2261 = ORIENTED_EDGE ( 'NONE', *, *, #2187, .T. ) ;
#2262 = EDGE_CURVE ( 'NONE', #2235, #2868, #3224, .T. ) ;
#2263 = CARTESIAN_POINT ( 'NONE',  ( 11.19824002124207496, 0.3040910271793254571, -13.09326557781520961 ) ) ;
#2264 = VERTEX_POINT ( 'NONE', #1287 ) ;
#2265 = AXIS2_PLACEMENT_3D ( 'NONE', #874, #3698, #1795 ) ;
#2266 = APPROVAL_PERSON_ORGANIZATION ( #957, #1236, #3507 ) ;
#2267 = EDGE_CURVE ( 'NONE', #2545, #674, #1691, .T. ) ;
#2268 = DATE_AND_TIME ( #934, #2661 ) ;
#2269 = CARTESIAN_POINT ( 'NONE',  ( -8.546633369868304797, 27.12499999999999645, -6.800000000000002487 ) ) ;
#2270 = CARTESIAN_POINT ( 'NONE',  ( -19.56659278299902738, -2.233692227828885102, -17.42414858714734649 ) ) ;
#2271 = DIRECTION ( 'NONE',  ( -1.000000000000000000, 0.000000000000000000, 0.000000000000000000 ) ) ;
#2272 = AXIS2_PLACEMENT_3D ( 'NONE', #303, #1595, #1295 ) ;
#2274 = ORIENTED_EDGE ( 'NONE', *, *, #3184, .F. ) ;
#2273 = DIRECTION ( 'NONE',  ( 0.000000000000000000, 0.000000000000000000, 1.000000000000000000 ) ) ;
#2275 = LINE ( 'NONE', #2607, #2740 ) ;
#2276 = CARTESIAN_POINT ( 'NONE',  ( -20.16466911273835549, 0.2042561526672598549, -36.79041885404778611 ) ) ;
#2277 = VERTEX_POINT ( 'NONE', #2557 ) ;
#2278 = ORIENTED_EDGE ( 'NONE', *, *, #839, .F. ) ;
#2279 = DIRECTION ( 'NONE',  ( 0.000000000000000000, 0.8529603205781345343, 0.5219757575972718833 ) ) ;
#2280 = AXIS2_PLACEMENT_3D ( 'NONE', #3648, #2724, #1473 ) ;
#2281 = CARTESIAN_POINT ( 'NONE',  ( -1.999999999999998224, 19.25000000000000000, -17.80000000000000782 ) ) ;
#2282 = CARTESIAN_POINT ( 'NONE',  ( 7.600000000000001421, 11.50000000000000000, -22.80000000000000782 ) ) ;
#2283 = ORIENTED_EDGE ( 'NONE', *, *, #1046, .F. ) ;
#2284 = DIRECTION ( 'NONE',  ( -1.000000000000000000, -0.000000000000000000, -0.000000000000000000 ) ) ;
#2285 = ORIENTED_EDGE ( 'NONE', *, *, #3019, .T. ) ;
#2286 = EDGE_CURVE ( 'NONE', #2104, #3808, #1420, .T. ) ;
#2287 = AXIS2_PLACEMENT_3D ( 'NONE', #2338, #3978, #3047 ) ;
#2288 = CARTESIAN_POINT ( 'NONE',  ( 12.49254626510861144, -49.61502487788791882, -54.55877432587132603 ) ) ;
#2289 = CARTESIAN_POINT ( 'NONE',  ( -20.07072719608474998, 0.7009907043517794589, -14.81428089476388266 ) ) ;
#2291 = ORIENTED_EDGE ( 'NONE', *, *, #3862, .F. ) ;
#2290 = CYLINDRICAL_SURFACE ( 'NONE', #913, 102.3535982180401902 ) ;
#2292 = EDGE_CURVE ( 'NONE', #627, #3202, #1955, .T. ) ;
#2293 = CARTESIAN_POINT ( 'NONE',  ( -14.64569927344222577, -14.63575181639444978, -25.97738598513832287 ) ) ;
#2294 = AXIS2_PLACEMENT_3D ( 'NONE', #474, #1743, #1441 ) ;
#2295 = DIRECTION ( 'NONE',  ( -0.000000000000000000, -0.000000000000000000, 1.000000000000000000 ) ) ;
#2296 = CYLINDRICAL_SURFACE ( 'NONE', #764, 2.000000000000001776 ) ;
#2297 = EDGE_CURVE ( 'NONE', #2707, #1824, #2553, .T. ) ;
#2298 = CIRCLE ( 'NONE', #3359, 2.800000000000000266 ) ;
#2299 = CARTESIAN_POINT ( 'NONE',  ( -7.500000000000000888, -25.77747210701755520, -43.40814824203093991 ) ) ;
#2300 = B_SPLINE_CURVE_WITH_KNOTS ( 'NONE', 3,
 ( #2171, #1388, #1239, #1603, #3816, #3476, #287, #4129, #1282, #2507 ),
 .UNSPECIFIED., .F., .F.,
 ( 4, 2, 2, 2, 4 ),
 ( 0.000000000000000000, 0.005076611610974298035, 0.007614917416461442282, 0.008884070319205010502, 0.01015322322194858046 ),
 .UNSPECIFIED. ) ;
#2301 = EDGE_CURVE ( 'NONE', #1161, #1400, #2221, .T. ) ;
#2302 = DIRECTION ( 'NONE',  ( 0.3607637268967857636, -0.9019093172419645477, -0.2375060353499983123 ) ) ;
#2303 = EDGE_LOOP ( 'NONE', ( #4130, #876 ) ) ;
#2304 = CIRCLE ( 'NONE', #3174, 1.000000000000000888 ) ;
#2305 = DIRECTION ( 'NONE',  ( -0.000000000000000000, -0.000000000000000000, 1.000000000000000000 ) ) ;
#2306 = ORIENTED_EDGE ( 'NONE', *, *, #2061, .T. ) ;
#2307 = DIRECTION ( 'NONE',  ( 1.000000000000000000, 0.000000000000000000, -0.000000000000000000 ) ) ;
#2308 = CARTESIAN_POINT ( 'NONE',  ( -1.453366630131692760, 27.12500000000000000, -14.80000000000000782 ) ) ;
#2310 = ORIENTED_EDGE ( 'NONE', *, *, #166, .T. ) ;
#2309 = CARTESIAN_POINT ( 'NONE',  ( -14.59999999999999609, 7.500000000000000000, 0.000000000000000000 ) ) ;
#2311 = LINE ( 'NONE', #2934, #3001 ) ;
#2312 = EDGE_CURVE ( 'NONE', #3514, #2235, #53, .T. ) ;
#2313 = LINE ( 'NONE', #803, #3186 ) ;
#2314 = DIRECTION ( 'NONE',  ( -1.000000000000000000, -0.000000000000000000, 0.000000000000000000 ) ) ;
#2315 = VERTEX_POINT ( 'NONE', #1627 ) ;
#2316 = VECTOR ( 'NONE', #3055, 1000.000000000000000 ) ;
#2317 = CARTESIAN_POINT ( 'NONE',  ( -17.99984777297098404, 3.778655449509106923, -12.80000000000000249 ) ) ;
#2318 = EDGE_CURVE ( 'NONE', #905, #1748, #2244, .T. ) ;
#2319 = ORIENTED_EDGE ( 'NONE', *, *, #1509, .F. ) ;
#2320 = CARTESIAN_POINT ( 'NONE',  ( -20.12319964085033064, 1.879323142428434013, -14.11826916983835112 ) ) ;
#2321 = ORIENTED_EDGE ( 'NONE', *, *, #3127, .F. ) ;
#2322 = CARTESIAN_POINT ( 'NONE',  ( -20.13816167113692757, 0.06439418769497397277, -19.37973113322798469 ) ) ;
#2323 = CARTESIAN_POINT ( 'NONE',  ( 12.46294042209139619, -49.64517815373454113, -54.89565771677467154 ) ) ;
#2324 = DIRECTION ( 'NONE',  ( -1.000000000000000000, -0.000000000000000000, 1.239088197126291063E-16 ) ) ;
#2326 = ORIENTED_EDGE ( 'NONE', *, *, #3078, .T. ) ;
#2325 = LINE ( 'NONE', #3889, #2972 ) ;
#2327 = PLANE ( 'NONE',  #422 ) ;
#2328 = CARTESIAN_POINT ( 'NONE',  ( 10.50000000000000000, 2.000000000000000444, -33.90000000000000568 ) ) ;
#2329 = AXIS2_PLACEMENT_3D ( 'NONE', #3787, #2864, #946 ) ;
#2330 = B_SPLINE_CURVE_WITH_KNOTS ( 'NONE', 3,
 ( #990, #618, #368, #3448 ),
 .UNSPECIFIED., .F., .F.,
 ( 4, 4 ),
 ( -2.823556228293868498E-05, 0.003383812728696984629 ),
 .UNSPECIFIED. ) ;
#2331 = CYLINDRICAL_SURFACE ( 'NONE', #3095, 6.999999999999999112 ) ;
#2332 = EDGE_LOOP ( 'NONE', ( #441, #1828, #952, #734 ) ) ;
#2333 = EDGE_CURVE ( 'NONE', #752, #801, #885, .T. ) ;
#2334 = CYLINDRICAL_SURFACE ( 'NONE', #3811, 1.999999999999996669 ) ;
#2335 = AXIS2_PLACEMENT_3D ( 'NONE', #2269, #1993, #1687 ) ;
#2336 = VERTEX_POINT ( 'NONE', #395 ) ;
#2337 = CARTESIAN_POINT ( 'NONE',  ( -14.49520334935927046, -15.01199162660182118, -38.29374726667096951 ) ) ;
#2338 = CARTESIAN_POINT ( 'NONE',  ( -18.50000000000000355, 2.000000000000000000, -35.90000000000000568 ) ) ;
#2339 = AXIS2_PLACEMENT_3D ( 'NONE', #3692, #827, #3079 ) ;
#2340 = ORIENTED_EDGE ( 'NONE', *, *, #3030, .T. ) ;
#2341 = EDGE_CURVE ( 'NONE', #3738, #3243, #3884, .T. ) ;
#2342 = VECTOR ( 'NONE', #641, 1000.000000000000000 ) ;
#2343 = CARTESIAN_POINT ( 'NONE',  ( -20.35994805422655318, 1.476484310142902601, -21.84775943238935625 ) ) ;
#2344 = CARTESIAN_POINT ( 'NONE',  ( -10.87521175142598295, -49.90673698272398440, -58.19014981624261651 ) ) ;
#2345 = DIRECTION ( 'NONE',  ( -0.000000000000000000, -0.000000000000000000, 1.000000000000000000 ) ) ;
#2347 = EDGE_LOOP ( 'NONE', ( #2810, #1583, #583, #2213 ) ) ;
#2346 = CARTESIAN_POINT ( 'NONE',  ( -11.00000000000000000, 24.50000000000000000, -12.80000000000000249 ) ) ;
#2348 = LINE ( 'NONE', #2973, #1785 ) ;
#2349 = CARTESIAN_POINT ( 'NONE',  ( -20.15793139519284694, 1.527616007122211794, -14.28671380376072975 ) ) ;
#2350 = CARTESIAN_POINT ( 'NONE',  ( 0.5466333698683003561, 21.87500000000000000, -14.80000000000000782 ) ) ;
#2351 = EDGE_LOOP ( 'NONE', ( #1342, #2474, #3762, #3532, #1048 ) ) ;
#2352 = CYLINDRICAL_SURFACE ( 'NONE', #1672, 1.000000000000000888 ) ;
#2353 = CIRCLE ( 'NONE', #234, 24.12275219432791573 ) ;
#2354 = ORIENTED_EDGE ( 'NONE', *, *, #2592, .T. ) ;
#2355 = ADVANCED_FACE ( 'NONE', ( #1606 ), #708, .F. ) ;
#2356 = DIRECTION ( 'NONE',  ( 0.3607637268967858191, -0.9019093172419644366, -0.2375060353499982568 ) ) ;
#2357 = DIRECTION ( 'NONE',  ( 0.000000000000000000, 0.000000000000000000, 1.000000000000000000 ) ) ;
#2358 = CARTESIAN_POINT ( 'NONE',  ( 10.97431579278172720, -2.146609957958097059, -13.19459378133283067 ) ) ;
#2359 = VERTEX_POINT ( 'NONE', #1036 ) ;
#2360 = EDGE_CURVE ( 'NONE', #1457, #547, #2149, .T. ) ;
#2361 = DIRECTION ( 'NONE',  ( 0.000000000000000000, 0.000000000000000000, 1.000000000000000000 ) ) ;
#2362 = CARTESIAN_POINT ( 'NONE',  ( -20.50000000000000000, 3.851648071345041391, -19.14409033616166411 ) ) ;
#2363 = FACE_OUTER_BOUND ( 'NONE', #966, .T. ) ;
#2364 = ORIENTED_EDGE ( 'NONE', *, *, #232, .F. ) ;
#2365 = CYLINDRICAL_SURFACE ( 'NONE', #488, 29.12275219432791573 ) ;
#2366 = EDGE_CURVE ( 'NONE', #2938, #3697, #2481, .T. ) ;
#2367 = FACE_OUTER_BOUND ( 'NONE', #2933, .T. ) ;
#2368 = CARTESIAN_POINT ( 'NONE',  ( -20.29184555669680279, 0.9736540720703446006, -15.30000000000000604 ) ) ;
#2369 = DIRECTION ( 'NONE',  ( -1.000000000000000000, 0.000000000000000000, 0.000000000000000000 ) ) ;
#2370 = ORIENTED_EDGE ( 'NONE', *, *, #431, .T. ) ;
#2371 = CARTESIAN_POINT ( 'NONE',  ( -4.000000000000000000, 29.75000000000000355, -17.80000000000000782 ) ) ;
#2372 = AXIS2_PLACEMENT_3D ( 'NONE', #3910, #1041, #3270 ) ;
#2373 = ORIENTED_EDGE ( 'NONE', *, *, #1686, .T. ) ;
#2374 = FACE_OUTER_BOUND ( 'NONE', #530, .T. ) ;
#2375 = DIRECTION ( 'NONE',  ( -1.000000000000000000, -0.000000000000000000, 0.000000000000000000 ) ) ;
#2376 = ORIENTED_EDGE ( 'NONE', *, *, #1423, .T. ) ;
#2377 = ADVANCED_FACE ( 'NONE', ( #3204 ), #354, .T. ) ;
#2378 = CARTESIAN_POINT ( 'NONE',  ( 8.632808704275444001, -10.91608773407512523, -42.87460908728741060 ) ) ;
#2379 = CARTESIAN_POINT ( 'NONE',  ( -20.20201816517436200, 0.4113122644866250566, -21.12190162539986105 ) ) ;
#2380 = CARTESIAN_POINT ( 'NONE',  ( -42.49999999999999289, -25.77747210701755876, -39.40007923888819619 ) ) ;
#2381 = DIRECTION ( 'NONE',  ( 1.000000000000000000, 0.000000000000000000, -0.000000000000000000 ) ) ;
#2382 = ORIENTED_EDGE ( 'NONE', *, *, #977, .T. ) ;
#2383 = ADVANCED_FACE ( 'NONE', ( #455 ), #1759, .T. ) ;
#2384 = FACE_OUTER_BOUND ( 'NONE', #3729, .T. ) ;
#2385 = CARTESIAN_POINT ( 'NONE',  ( -13.95700129491747887, -16.35749676270629394, -27.19865639941836122 ) ) ;
#2386 = CARTESIAN_POINT ( 'NONE',  ( -19.94498878810102482, 2.008351672919157505, -13.83061761676972345 ) ) ;
#2387 = DIRECTION ( 'NONE',  ( -0.000000000000000000, -0.000000000000000000, 1.000000000000000000 ) ) ;
#2388 = ORIENTED_EDGE ( 'NONE', *, *, #190, .F. ) ;
#2389 = VECTOR ( 'NONE', #48, 1000.000000000000000 ) ;
#2390 = AXIS2_PLACEMENT_3D ( 'NONE', #1924, #1208, #2859 ) ;
#2391 = EDGE_LOOP ( 'NONE', ( #481, #6, #2701, #3548, #1054, #3177 ) ) ;
#2392 = CARTESIAN_POINT ( 'NONE',  ( -16.87961305107680943, -7.269053565478769130, -38.87999496549403489 ) ) ;
#2393 = CARTESIAN_POINT ( 'NONE',  ( 0.000000000000000000, 34.00000000000000000, -12.80000000000000249 ) ) ;
#2394 = FACE_OUTER_BOUND ( 'NONE', #3232, .T. ) ;
#2395 = ORIENTED_EDGE ( 'NONE', *, *, #4035, .F. ) ;
#2396 = DIRECTION ( 'NONE',  ( -1.000000000000000000, 0.000000000000000000, 0.000000000000000000 ) ) ;
#2397 = CIRCLE ( 'NONE', #1815, 4.999999999999999112 ) ;
#2398 = DIRECTION ( 'NONE',  ( 0.000000000000000000, 1.000000000000000000, -0.000000000000000000 ) ) ;
#2399 = LINE ( 'NONE', #3074, #3088 ) ;
#2400 = ORIENTED_EDGE ( 'NONE', *, *, #1556, .F. ) ;
#2401 = ORIENTED_EDGE ( 'NONE', *, *, #3304, .T. ) ;
#2402 = DIRECTION ( 'NONE',  ( 1.000000000000000000, 0.000000000000000000, 0.000000000000000000 ) ) ;
#2403 = AXIS2_PLACEMENT_3D ( 'NONE', #3710, #2829, #2511 ) ;
#2404 = COORDINATED_UNIVERSAL_TIME_OFFSET ( 8, 0, .AHEAD. ) ;
#2405 = CARTESIAN_POINT ( 'NONE',  ( -20.32462585713058445, 1.399340315781595567, -14.84319401813799111 ) ) ;
#2406 = EDGE_CURVE ( 'NONE', #347, #2336, #1875, .T. ) ;
#2407 = CARTESIAN_POINT ( 'NONE',  ( -10.50000000000000533, 24.50000000000000000, -6.800000000000002487 ) ) ;
#2408 = ORIENTED_EDGE ( 'NONE', *, *, #2600, .F. ) ;
#2409 = DIRECTION ( 'NONE',  ( 0.000000000000000000, 0.000000000000000000, 1.000000000000000000 ) ) ;
#2410 = CIRCLE ( 'NONE', #2945, 106.6486471906048479 ) ;
#2411 = CARTESIAN_POINT ( 'NONE',  ( -19.52323036904179432, -2.270978682059120679, -17.34798670173459101 ) ) ;
#2412 = ADVANCED_FACE ( 'NONE', ( #2374 ), #1783, .T. ) ;
#2413 = ORIENTED_EDGE ( 'NONE', *, *, #3466, .F. ) ;
#2414 = CARTESIAN_POINT ( 'NONE',  ( -4.000000000000000000, 19.25000000000000000, -14.80000000000000782 ) ) ;
#2415 = EDGE_CURVE ( 'NONE', #1991, #826, #4098, .T. ) ;
#2416 = FACE_OUTER_BOUND ( 'NONE', #382, .T. ) ;
#2417 = CIRCLE ( 'NONE', #1698, 1.099999999999999423 ) ;
#2418 = DIRECTION ( 'NONE',  ( 0.000000000000000000, -0.5239100750540697238, 0.8517735809807902569 ) ) ;
#2419 = CYLINDRICAL_SURFACE ( 'NONE', #2848, 6.999999999999985789 ) ;
#2420 = VERTEX_POINT ( 'NONE', #3364 ) ;
#2421 = AXIS2_PLACEMENT_3D ( 'NONE', #2148, #2458, #2757 ) ;
#2422 = CARTESIAN_POINT ( 'NONE',  ( -15.60000000000000142, 2.000000000000000000, -18.90000000000000213 ) ) ;
#2423 = DIRECTION ( 'NONE',  ( -0.000000000000000000, -0.000000000000000000, 1.000000000000000000 ) ) ;
#2424 = CIRCLE ( 'NONE', #3506, 10.00000000000000000 ) ;
#2425 = EDGE_LOOP ( 'NONE', ( #3303, #2960, #1102, #3140, #1203, #415 ) ) ;
#2426 = ORIENTED_EDGE ( 'NONE', *, *, #735, .T. ) ;
#2427 = LINE ( 'NONE', #1185, #3751 ) ;
#2428 = DATE_TIME_ROLE ( 'creation_date' ) ;
#2429 = DIRECTION ( 'NONE',  ( 0.000000000000000000, 0.000000000000000000, -1.000000000000000000 ) ) ;
#2430 = CARTESIAN_POINT ( 'NONE',  ( -19.33385406657297523, -2.880435516051196299, -18.12681165941258143 ) ) ;
#2431 = EDGE_LOOP ( 'NONE', ( #3321, #2354 ) ) ;
#2432 = DIRECTION ( 'NONE',  ( -1.000000000000000000, 0.000000000000000000, 0.000000000000000000 ) ) ;
#2433 = EDGE_CURVE ( 'NONE', #126, #3337, #2963, .T. ) ;
#2434 = CARTESIAN_POINT ( 'NONE',  ( 7.500000000000000888, -5.087574398201583747, -76.71747411510716574 ) ) ;
#2435 = VERTEX_POINT ( 'NONE', #3340 ) ;
#2436 = ADVANCED_FACE ( 'NONE', ( #2394 ), #1068, .F. ) ;
#2437 = CIRCLE ( 'NONE', #4053, 2.000000000000000888 ) ;
#2438 = DIRECTION ( 'NONE',  ( -0.000000000000000000, -0.000000000000000000, -1.000000000000000000 ) ) ;
#2439 = DIRECTION ( 'NONE',  ( -0.000000000000000000, -0.000000000000000000, 1.000000000000000000 ) ) ;
#2440 = DIRECTION ( 'NONE',  ( 0.000000000000000000, 0.000000000000000000, 1.000000000000000000 ) ) ;
#2441 = EDGE_LOOP ( 'NONE', ( #3874, #1862 ) ) ;
#2442 = EDGE_CURVE ( 'NONE', #1008, #2277, #1027, .T. ) ;
#2443 = VECTOR ( 'NONE', #1811, 1000.000000000000000 ) ;
#2444 = PRODUCT_DEFINITION_SHAPE ( 'NONE', 'NONE',  #453 ) ;
#2445 = DIRECTION ( 'NONE',  ( -1.000000000000000000, -0.000000000000000000, -0.000000000000000000 ) ) ;
#2446 = CARTESIAN_POINT ( 'NONE',  ( -5.100000000000000533, 29.75000000000000355, -14.80000000000000782 ) ) ;
#2447 = VERTEX_POINT ( 'NONE', #775 ) ;
#2448 = ORIENTED_EDGE ( 'NONE', *, *, #2853, .F. ) ;
#2449 = CARTESIAN_POINT ( 'NONE',  ( -4.000000000000000000, 19.25000000000000000, -59.56998842140697548 ) ) ;
#2450 = DIRECTION ( 'NONE',  ( 0.000000000000000000, 0.000000000000000000, 1.000000000000000000 ) ) ;
#2451 = CARTESIAN_POINT ( 'NONE',  ( -19.69065952349162885, -1.793909623365711914, -17.21159583523992964 ) ) ;
#2452 = EDGE_LOOP ( 'NONE', ( #2133, #319 ) ) ;
#2453 = CARTESIAN_POINT ( 'NONE',  ( 12.50000000000000000, 2.000000000000000444, -33.90000000000000568 ) ) ;
#2454 = FACE_OUTER_BOUND ( 'NONE', #930, .T. ) ;
#2455 = DIRECTION ( 'NONE',  ( 0.000000000000000000, 0.000000000000000000, -1.000000000000000000 ) ) ;
#2456 = EDGE_CURVE ( 'NONE', #521, #480, #111, .T. ) ;
#2457 = ORIENTED_EDGE ( 'NONE', *, *, #1241, .F. ) ;
#2458 = DIRECTION ( 'NONE',  ( 1.000000000000000000, 0.000000000000000000, -0.000000000000000000 ) ) ;
#2459 = CIRCLE ( 'NONE', #1940, 2.000000000000001776 ) ;
#2460 = DIRECTION ( 'NONE',  ( 0.000000000000000000, 0.000000000000000000, 1.000000000000000000 ) ) ;
#2461 = AXIS2_PLACEMENT_3D ( 'NONE', #2102, #2777, #1757 ) ;
#2462 = DIRECTION ( 'NONE',  ( -0.000000000000000000, -0.000000000000000000, -1.000000000000000000 ) ) ;
#2463 = ADVANCED_FACE ( 'NONE', ( #3659 ), #3382, .T. ) ;
#2464 = CARTESIAN_POINT ( 'NONE',  ( -9.646633369868300889, 21.87499999999999289, -14.80000000000000782 ) ) ;
#2465 = ORIENTED_EDGE ( 'NONE', *, *, #2941, .T. ) ;
#2466 = DIRECTION ( 'NONE',  ( -1.000000000000000000, -0.000000000000000000, 1.239088197126291063E-16 ) ) ;
#2467 = LINE ( 'NONE', #1265, #4020 ) ;
#2468 = ADVANCED_FACE ( 'NONE', ( #1742, #3003 ), #3998, .F. ) ;
#2469 = ORIENTED_EDGE ( 'NONE', *, *, #2908, .T. ) ;
#2470 = VERTEX_POINT ( 'NONE', #1461 ) ;
#2471 = LINE ( 'NONE', #544, #2316 ) ;
#2472 = CARTESIAN_POINT ( 'NONE',  ( -7.500000000000000000, -57.00000000000000000, -44.68819555420293455 ) ) ;
#2473 = LINE ( 'NONE', #2407, #2027 ) ;
#2474 = ORIENTED_EDGE ( 'NONE', *, *, #2596, .T. ) ;
#2475 = CARTESIAN_POINT ( 'NONE',  ( 0.5466333698683003561, 27.12500000000000711, -59.56998842140697548 ) ) ;
#2476 = AXIS2_PLACEMENT_3D ( 'NONE', #154, #1385, #1070 ) ;
#2477 = CARTESIAN_POINT ( 'NONE',  ( 0.000000000000000000, 0.000000000000000000, -38.00000000000000000 ) ) ;
#2478 = DIRECTION ( 'NONE',  ( 0.000000000000000000, -1.000000000000000000, 0.000000000000000000 ) ) ;
#2479 = VERTEX_POINT ( 'NONE', #1845 ) ;
#2480 = CARTESIAN_POINT ( 'NONE',  ( -8.546633369868304797, 27.12499999999999645, -14.80000000000000782 ) ) ;
#2481 = CIRCLE ( 'NONE', #1415, 5.000000000000000000 ) ;
#2482 = CARTESIAN_POINT ( 'NONE',  ( -18.78048878599829408, 1.639244973409063499, -13.03967262747138278 ) ) ;
#2483 = CARTESIAN_POINT ( 'NONE',  ( 10.66672839428554376, 1.893480983542767726, -12.86633241745127343 ) ) ;
#2484 = CARTESIAN_POINT ( 'NONE',  ( -6.000000000000000888, 29.75000000000000355, -17.80000000000000782 ) ) ;
#2485 = ORIENTED_EDGE ( 'NONE', *, *, #3744, .F. ) ;
#2486 = EDGE_CURVE ( 'NONE', #1161, #3023, #1220, .T. ) ;
#2487 = AXIS2_PLACEMENT_3D ( 'NONE', #519, #1788, #222 ) ;
#2488 = CARTESIAN_POINT ( 'NONE',  ( -17.01139582599264699, -7.246012340755757286, -38.64628004308132603 ) ) ;
#2489 = CARTESIAN_POINT ( 'NONE',  ( -18.54606747302926095, 1.932417857895744495, -12.88539714793905588 ) ) ;
#2490 = ORIENTED_EDGE ( 'NONE', *, *, #2292, .T. ) ;
#2491 = AXIS2_PLACEMENT_3D ( 'NONE', #3222, #3242, #2577 ) ;
#2492 = ORIENTED_EDGE ( 'NONE', *, *, #3960, .T. ) ;
#2493 = DIRECTION ( 'NONE',  ( 0.000000000000000000, 0.000000000000000000, -1.000000000000000000 ) ) ;
#2494 = EDGE_CURVE ( 'NONE', #2178, #355, #3882, .T. ) ;
#2495 = DIRECTION ( 'NONE',  ( 1.000000000000000000, 0.000000000000000000, 0.000000000000000000 ) ) ;
#2496 = CARTESIAN_POINT ( 'NONE',  ( -17.97254309773842351, 1.622310044146437313, -12.80260926007662903 ) ) ;
#2497 = CARTESIAN_POINT ( 'NONE',  ( -16.60162620503677644, 2.825953534206628870, -12.13362263551210418 ) ) ;
#2498 = PLANE ( 'NONE',  #1228 ) ;
#2499 = ORIENTED_EDGE ( 'NONE', *, *, #3153, .T. ) ;
#2500 = ADVANCED_FACE ( 'NONE', ( #2194 ), #1801, .F. ) ;
#2501 = CARTESIAN_POINT ( 'NONE',  ( -12.96206047128828232, -8.276244543397872633, -16.78159623276016177 ) ) ;
#2502 = DIRECTION ( 'NONE',  ( -1.000000000000000000, 0.000000000000000000, 0.000000000000000000 ) ) ;
#2503 = ORIENTED_EDGE ( 'NONE', *, *, #815, .F. ) ;
#2504 = DIRECTION ( 'NONE',  ( 0.000000000000000000, 1.000000000000000000, 0.000000000000000000 ) ) ;
#2505 = CARTESIAN_POINT ( 'NONE',  ( -19.96253858491342470, 1.513094301740096403, -14.05829766086442589 ) ) ;
#2506 = LINE ( 'NONE', #3790, #1286 ) ;
#2507 = CARTESIAN_POINT ( 'NONE',  ( -9.177133666886074792, -13.79968390544198087, -43.63396646515118960 ) ) ;
#2508 = ORIENTED_EDGE ( 'NONE', *, *, #3598, .T. ) ;
#2509 = AXIS2_PLACEMENT_3D ( 'NONE', #984, #1995, #2932 ) ;
#2510 = CARTESIAN_POINT ( 'NONE',  ( -10.50000000000000000, 34.00000000000000000, -15.30000000000000249 ) ) ;
#2511 = DIRECTION ( 'NONE',  ( 0.000000000000000000, -0.1894724223053841083, 0.9818860428714374367 ) ) ;
#2512 = AXIS2_PLACEMENT_3D ( 'NONE', #2838, #4121, #3894 ) ;
#2513 = ORIENTED_EDGE ( 'NONE', *, *, #1565, .F. ) ;
#2514 = EDGE_CURVE ( 'NONE', #2836, #4072, #1559, .T. ) ;
#2515 = ORIENTED_EDGE ( 'NONE', *, *, #3981, .T. ) ;
#2516 = LINE ( 'NONE', #3799, #2544 ) ;
#2517 = CARTESIAN_POINT ( 'NONE',  ( 12.50000000000000000, -52.26104122192602830, 38.96161228923899245 ) ) ;
#2518 = CARTESIAN_POINT ( 'NONE',  ( -14.33962125945589605, -15.35051735432040054, -44.04235819244548367 ) ) ;
#2519 = CARTESIAN_POINT ( 'NONE',  ( 10.95468357714377916, 0.9517243909168745519, -12.98946342432500245 ) ) ;
#2520 = EDGE_LOOP ( 'NONE', ( #305, #3890, #3265, #3753, #3754, #1545, #2190, #123 ) ) ;
#2521 = CARTESIAN_POINT ( 'NONE',  ( 0.5466333698683003561, 21.87500000000000000, -14.80000000000000782 ) ) ;
#2522 = CARTESIAN_POINT ( 'NONE',  ( -7.500000000007560175, -23.11079058651295526, -47.63818896727643448 ) ) ;
#2523 = ORIENTED_EDGE ( 'NONE', *, *, #358, .T. ) ;
#2524 = ORIENTED_EDGE ( 'NONE', *, *, #293, .F. ) ;
#2525 = CARTESIAN_POINT ( 'NONE',  ( -13.69289925907547811, -17.39188138210885270, -39.05040943222474681 ) ) ;
#2526 =( BOUNDED_SURFACE ( )  B_SPLINE_SURFACE ( 3, 2, ( 
 ( #2519, #937, #322 ),
 ( #2856, #2540, #3826 ),
 ( #961, #3510, #654 ),
 ( #2565, #2251, #1922 ),
 ( #3192, #2896, #1613 ),
 ( #2877, #3849, #3526 ),
 ( #672, #134, #1404 ),
 ( #2619, #2358, #2694 ),
 ( #776, #3641, #2715 ),
 ( #2045, #3979, #3320 ) ),
 .UNSPECIFIED., .F., .F., .F. ) 
 B_SPLINE_SURFACE_WITH_KNOTS ( ( 4, 2, 2, 2, 4 ),
 ( 3, 3 ),
 ( 0.01031632278996072981, 0.01102028898837692852, 0.01172425518679312550, 0.01242822138520932249, 0.01313218758362551947 ),
 ( 0.2593414885055247421, 1.000000000000000000 ),
 .UNSPECIFIED. ) 
 GEOMETRIC_REPRESENTATION_ITEM ( )  RATIONAL_B_SPLINE_SURFACE ( (
 ( 0.8874801020286773312, 0.7830661445268026766, 1.000000000000000000),
 ( 0.8939217069058655873, 0.7954853006639649449, 1.000000000000000000),
 ( 0.9000818824345182545, 0.8073618722918813884, 1.000000000000000000),
 ( 0.9119372800434306647, 0.8302186039263566020, 1.000000000000000000),
 ( 0.9176328678308098841, 0.8411994690015911491, 1.000000000000000000),
 ( 0.9286184784042739171, 0.8623792860774656122, 1.000000000000000000),
 ( 0.9339243461550112979, 0.8726087865351688233, 1.000000000000000000),
 ( 0.9438025595010757218, 0.8916535861215915126, 1.000000000000000000),
 ( 0.9484204287075455042, 0.9005566529488094885, 1.000000000000000000),
 ( 0.9527003577478070362, 0.9088081846742670500, 1.000000000000000000) ) ) 
 REPRESENTATION_ITEM ( '' )  SURFACE ( )  );
#2527 = CARTESIAN_POINT ( 'NONE',  ( -20.08118602254463525, 1.139827187359543359, -14.46711023261198115 ) ) ;
#2528 = CARTESIAN_POINT ( 'NONE',  ( -12.50000000000000000, -25.77747210701755876, -45.92723388932017059 ) ) ;
#2529 = CYLINDRICAL_SURFACE ( 'NONE', #1905, 27.70999893326595043 ) ;
#2530 = CYLINDRICAL_SURFACE ( 'NONE', #778, 111.6486471906048621 ) ;
#2531 = ORIENTED_EDGE ( 'NONE', *, *, #1018, .T. ) ;
#2532 = VECTOR ( 'NONE', #3515, 1000.000000000000000 ) ;
#2533 = CC_DESIGN_PERSON_AND_ORGANIZATION_ASSIGNMENT ( #1138, #2747, ( #453 ) ) ;
#2534 = CARTESIAN_POINT ( 'NONE',  ( -20.50000000000000000, 5.741025403784432157, -41.31458256229943515 ) ) ;
#2535 = EDGE_LOOP ( 'NONE', ( #2147, #1857, #471, #2426, #3638, #1159, #599 ) ) ;
#2536 = DIRECTION ( 'NONE',  ( -1.000000000000000000, 0.000000000000000000, 0.000000000000000000 ) ) ;
#2537 = PERSON_AND_ORGANIZATION_ROLE ( 'classification_officer' ) ;
#2538 = LINE ( 'NONE', #1186, #2047 ) ;
#2539 = CARTESIAN_POINT ( 'NONE',  ( 12.50000000000000000, 2.000000000000000000, -19.90000000000000924 ) ) ;
#2540 = CARTESIAN_POINT ( 'NONE',  ( 12.42194863933404037, 0.6038087029163169417, -13.57638404556392508 ) ) ;
#2541 = VERTEX_POINT ( 'NONE', #3406 ) ;
#2542 = FACE_OUTER_BOUND ( 'NONE', #1004, .T. ) ;
#2543 = CARTESIAN_POINT ( 'NONE',  ( -20.21661886624166371, 0.4954938192369878758, -37.22423338752172839 ) ) ;
#2544 = VECTOR ( 'NONE', #956, 1000.000000000000000 ) ;
#2545 = VERTEX_POINT ( 'NONE', #1153 ) ;
#2546 = EDGE_LOOP ( 'NONE', ( #2261, #2573, #3851, #4063, #2376 ) ) ;
#2547 = CARTESIAN_POINT ( 'NONE',  ( -4.000000000000000000, 19.25000000000000000, -14.80000000000000782 ) ) ;
#2548 = CIRCLE ( 'NONE', #749, 2.800000000000000266 ) ;
#2549 = AXIS2_PLACEMENT_3D ( 'NONE', #221, #3139, #1180 ) ;
#2550 = EDGE_CURVE ( 'NONE', #1428, #3635, #192, .T. ) ;
#2551 = CARTESIAN_POINT ( 'NONE',  ( 12.50000000000000000, -58.04782015010813723, -42.98464839224136824 ) ) ;
#2552 = CYLINDRICAL_SURFACE ( 'NONE', #640, 1.099999999999998757 ) ;
#2553 = CIRCLE ( 'NONE', #3344, 1.100000000000000311 ) ;
#2554 = CARTESIAN_POINT ( 'NONE',  ( -8.546633369868304797, 27.12499999999999645, -14.80000000000000782 ) ) ;
#2555 = ORIENTED_EDGE ( 'NONE', *, *, #968, .T. ) ;
#2556 = EDGE_CURVE ( 'NONE', #1748, #2117, #2083, .T. ) ;
#2557 = CARTESIAN_POINT ( 'NONE',  ( -18.50000000000000355, 2.000000000000000000, -33.90000000000000568 ) ) ;
#2558 = EDGE_LOOP ( 'NONE', ( #3176, #3863 ) ) ;
#2559 = CARTESIAN_POINT ( 'NONE',  ( -4.000000000000000000, 24.50000000000000000, -59.56998842140697548 ) ) ;
#2560 = VECTOR ( 'NONE', #983, 1000.000000000000000 ) ;
#2561 = APPROVAL_DATE_TIME ( #2268, #1236 ) ;
#2562 = CARTESIAN_POINT ( 'NONE',  ( 7.842744927764514706, -50.00000000000001421, -59.56998842140698969 ) ) ;
#2563 = FACE_OUTER_BOUND ( 'NONE', #3193, .T. ) ;
#2564 = VECTOR ( 'NONE', #1848, 1000.000000000000000 ) ;
#2565 = CARTESIAN_POINT ( 'NONE',  ( 10.75833168813546159, -0.1394705086565527774, -12.94977448884948501 ) ) ;
#2567 = ORIENTED_EDGE ( 'NONE', *, *, #2622, .F. ) ;
#2566 = FACE_OUTER_BOUND ( 'NONE', #4031, .T. ) ;
#2568 = DIRECTION ( 'NONE',  ( 1.000000000000000000, 0.000000000000000000, 0.000000000000000000 ) ) ;
#2569 = TOROIDAL_SURFACE ( 'NONE', #3573, 24.12275219432791573, 5.000000000000000000 ) ;
#2570 = CARTESIAN_POINT ( 'NONE',  ( -0.5000000000000004441, 3.851648071345041835, -38.00000000000000000 ) ) ;
#2571 = EDGE_LOOP ( 'NONE', ( #1723, #46, #2902, #2201, #616, #1207 ) ) ;
#2572 = AXIS2_PLACEMENT_3D ( 'NONE', #1856, #4051, #1206 ) ;
#2573 = ORIENTED_EDGE ( 'NONE', *, *, #3104, .T. ) ;
#2574 = EDGE_CURVE ( 'NONE', #3797, #3360, #4042, .T. ) ;
#2575 = CARTESIAN_POINT ( 'NONE',  ( -12.95565628739243813, -20.51299982255468279, -40.29212454278915345 ) ) ;
#2576 = DIRECTION ( 'NONE',  ( 0.000000000000000000, 0.000000000000000000, 1.000000000000000000 ) ) ;
#2577 = DIRECTION ( 'NONE',  ( 0.000000000000000000, 0.000000000000000000, 1.000000000000000000 ) ) ;
#2578 = VECTOR ( 'NONE', #370, 1000.000000000000000 ) ;
#2579 = EDGE_LOOP ( 'NONE', ( #3597, #3237 ) ) ;
#2580 = EDGE_CURVE ( 'NONE', #3654, #1604, #3156, .T. ) ;
#2581 = CARTESIAN_POINT ( 'NONE',  ( 11.14376342568496447, -2.326029461988916136, -13.75151802414416835 ) ) ;
#2582 = VERTEX_POINT ( 'NONE', #577 ) ;
#2583 = DATE_AND_TIME ( #3460, #2994 ) ;
#2584 = CARTESIAN_POINT ( 'NONE',  ( 11.50000000000000000, 0.000000000000000000, -40.00000000000000000 ) ) ;
#2586 = ORIENTED_EDGE ( 'NONE', *, *, #1641, .T. ) ;
#2585 = CARTESIAN_POINT ( 'NONE',  ( -2.900000000000000799, 19.25000000000000000, -6.800000000000002487 ) ) ;
#2587 = CARTESIAN_POINT ( 'NONE',  ( -12.70182899049518532, -21.82288398328090295, -30.42618419095130378 ) ) ;
#2588 = CARTESIAN_POINT ( 'NONE',  ( 10.50000000000000000, 2.000000000000000000, -35.90000000000000568 ) ) ;
#2589 = ORIENTED_EDGE ( 'NONE', *, *, #2216, .T. ) ;
#2590 = VERTEX_POINT ( 'NONE', #286 ) ;
#2591 = CARTESIAN_POINT ( 'NONE',  ( -20.41410051746963461, 2.000000000000000444, -21.90000000000000924 ) ) ;
#2592 = EDGE_CURVE ( 'NONE', #1051, #2046, #1354, .T. ) ;
#2593 = DIRECTION ( 'NONE',  ( 0.000000000000000000, 0.5315560710548256074, -0.8470231067242246503 ) ) ;
#2594 = CARTESIAN_POINT ( 'NONE',  ( 12.50000000000000000, -5.087574398201583747, -37.50608229175622199 ) ) ;
#2595 = EDGE_LOOP ( 'NONE', ( #658, #3069, #603, #1576 ) ) ;
#2596 = EDGE_CURVE ( 'NONE', #3443, #2104, #1535, .T. ) ;
#2597 = DIRECTION ( 'NONE',  ( 0.000000000000000000, -0.5000000000000012212, -0.8660254037844380415 ) ) ;
#2598 = ORIENTED_EDGE ( 'NONE', *, *, #3981, .F. ) ;
#2599 = CIRCLE ( 'NONE', #3060, 2.000000000000003553 ) ;
#2600 = EDGE_CURVE ( 'NONE', #1097, #3052, #3115, .T. ) ;
#2601 = PERSON_AND_ORGANIZATION_ROLE ( 'design_supplier' ) ;
#2602 = CARTESIAN_POINT ( 'NONE',  ( 8.179089069772256693, -49.99761629818858211, -59.53295145754227491 ) ) ;
#2603 = CARTESIAN_POINT ( 'NONE',  ( -8.546633369868304797, 21.87500000000000711, -17.80000000000000782 ) ) ;
#2604 = AXIS2_PLACEMENT_3D ( 'NONE', #2165, #2233, #1858 ) ;
#2606 = VERTEX_POINT ( 'NONE', #861 ) ;
#2605 = DIRECTION ( 'NONE',  ( 0.000000000000000000, 0.000000000000000000, 1.000000000000000000 ) ) ;
#2607 = CARTESIAN_POINT ( 'NONE',  ( 12.50000000000000000, 0.000000000000000000, -40.00000000000000000 ) ) ;
#2608 = CARTESIAN_POINT ( 'NONE',  ( -20.26325510479678016, 0.7815080560599321213, -37.49130674456888812 ) ) ;
#2609 = DIRECTION ( 'NONE',  ( -1.000000000000000000, 0.000000000000000000, 0.000000000000000000 ) ) ;
#2610 = FACE_OUTER_BOUND ( 'NONE', #2768, .T. ) ;
#2611 = ORIENTED_EDGE ( 'NONE', *, *, #490, .F. ) ;
#2612 = AXIS2_PLACEMENT_3D ( 'NONE', #2788, #907, #538 ) ;
#2613 = CIRCLE ( 'NONE', #1349, 2.000000000000001776 ) ;
#2614 = DIRECTION ( 'NONE',  ( 1.000000000000000000, -0.000000000000000000, 0.000000000000000000 ) ) ;
#2615 = ORIENTED_EDGE ( 'NONE', *, *, #2052, .T. ) ;
#2616 = AXIS2_PLACEMENT_3D ( 'NONE', #1107, #1364, #513 ) ;
#2617 = CARTESIAN_POINT ( 'NONE',  ( 12.35208485018184987, -49.70312994878984370, -55.56261878460504988 ) ) ;
#2618 = CARTESIAN_POINT ( 'NONE',  ( -4.000000000000000000, 29.75000000000000355, -59.56998842140697548 ) ) ;
#2619 = CARTESIAN_POINT ( 'NONE',  ( 10.06005945536537816, -1.645186283009278716, -12.89668013443433736 ) ) ;
#2621 = ORIENTED_EDGE ( 'NONE', *, *, #2862, .F. ) ;
#2620 = FACE_OUTER_BOUND ( 'NONE', #3653, .T. ) ;
#2622 = EDGE_CURVE ( 'NONE', #1841, #1069, #2410, .T. ) ;
#2623 = CARTESIAN_POINT ( 'NONE',  ( 2.500000000000000444, 24.00000000000000000, -12.80000000000000249 ) ) ;
#2624 = DIRECTION ( 'NONE',  ( -0.000000000000000000, -0.000000000000000000, -1.000000000000000000 ) ) ;
#2625 = LINE ( 'NONE', #3334, #3432 ) ;
#2626 = ORIENTED_EDGE ( 'NONE', *, *, #811, .T. ) ;
#2627 = ADVANCED_FACE ( 'NONE', ( #1217 ), #429, .T. ) ;
#2628 = VECTOR ( 'NONE', #1798, 1000.000000000000000 ) ;
#2629 = CARTESIAN_POINT ( 'NONE',  ( 12.20780984008271375, 1.114909981453249266, -39.70640302256013143 ) ) ;
#2630 = ORIENTED_EDGE ( 'NONE', *, *, #2574, .F. ) ;
#2631 = DIRECTION ( 'NONE',  ( 0.000000000000000000, 0.000000000000000000, 1.000000000000000000 ) ) ;
#2632 = LINE ( 'NONE', #1086, #21 ) ;
#2633 = CARTESIAN_POINT ( 'NONE',  ( -18.68249779952381928, 1.991240076503747458, -12.92012706533202149 ) ) ;
#2634 = AXIS2_PLACEMENT_3D ( 'NONE', #2517, #958, #3823 ) ;
#2635 = ORIENTED_EDGE ( 'NONE', *, *, #2979, .T. ) ;
#2636 = DIRECTION ( 'NONE',  ( -1.000000000000000000, 0.000000000000000000, 0.000000000000000000 ) ) ;
#2637 = CARTESIAN_POINT ( 'NONE',  ( 7.599999999999999645, 0.000000000000000000, -38.00000000000000000 ) ) ;
#2638 = EDGE_CURVE ( 'NONE', #3023, #3040, #2224, .T. ) ;
#2639 = CARTESIAN_POINT ( 'NONE',  ( -19.87114579624424238, -0.8745943114752050551, -16.03043947735763908 ) ) ;
#2641 = VERTEX_POINT ( 'NONE', #3451 ) ;
#2640 = FACE_OUTER_BOUND ( 'NONE', #1539, .T. ) ;
#2642 = ADVANCED_BREP_SHAPE_REPRESENTATION ( 'handel', ( #3254, #939 ), #3061 ) ;
#2643 = CARTESIAN_POINT ( 'NONE',  ( -15.59999999999999964, 2.000000000000000000, -34.89999999999999858 ) ) ;
#2644 = VECTOR ( 'NONE', #440, 1000.000000000000000 ) ;
#2645 = FACE_BOUND ( 'NONE', #3922, .T. ) ;
#2646 = CARTESIAN_POINT ( 'NONE',  ( 10.50000000000000000, 2.000000000000000000, -19.90000000000000924 ) ) ;
#2647 = ORIENTED_EDGE ( 'NONE', *, *, #2187, .F. ) ;
#2648 = AXIS2_PLACEMENT_3D ( 'NONE', #2570, #987, #3806 ) ;
#2649 = CYLINDRICAL_SURFACE ( 'NONE', #1936, 1.100000000000000311 ) ;
#2650 = ORIENTED_EDGE ( 'NONE', *, *, #166, .F. ) ;
#2651 = CARTESIAN_POINT ( 'NONE',  ( -20.50000000000000000, 3.851648071345041835, -38.00000000000000000 ) ) ;
#2652 = CARTESIAN_POINT ( 'NONE',  ( -18.54606747302926095, 1.932417857895744495, -12.88539714793905588 ) ) ;
#2653 = ORIENTED_EDGE ( 'NONE', *, *, #1641, .F. ) ;
#2654 = CARTESIAN_POINT ( 'NONE',  ( -4.000000000000000000, 24.50000000000000000, -59.56998842140697548 ) ) ;
#2655 = CARTESIAN_POINT ( 'NONE',  ( -7.732560195315226537, -23.22995634388876596, -25.87026903894818375 ) ) ;
#2656 = DIRECTION ( 'NONE',  ( -0.000000000000000000, -0.000000000000000000, 1.000000000000000000 ) ) ;
#2657 = ORIENTED_EDGE ( 'NONE', *, *, #1550, .F. ) ;
#2658 = DIRECTION ( 'NONE',  ( 1.334402673828317283E-16, 0.5000000000000011102, 0.8660254037844379305 ) ) ;
#2659 = CARTESIAN_POINT ( 'NONE',  ( -7.730744751687419480, -23.24265839700992586, -25.87596643744402414 ) ) ;
#2660 = CIRCLE ( 'NONE', #609, 0.9999999999999981126 ) ;
#2661 = LOCAL_TIME ( 17, 1, 36.00000000000000000, #2911 ) ;
#2662 = CARTESIAN_POINT ( 'NONE',  ( 11.83108918182666969, -0.9841470439700237272, -40.25916226625702166 ) ) ;
#2663 = B_SPLINE_CURVE_WITH_KNOTS ( 'NONE', 3,
 ( #2489, #318, #1491, #1585, #3097, #4132, #845, #1538 ),
 .UNSPECIFIED., .F., .F.,
 ( 4, 2, 2, 4 ),
 ( 4.453389953542857532E-16, 0.0001701609271608219508, 0.0003403218543211985656, 0.0006806437086419518494 ),
 .UNSPECIFIED. ) ;
#2664 = CARTESIAN_POINT ( 'NONE',  ( -1.999999999999998224, 19.25000000000000000, -14.80000000000000782 ) ) ;
#2665 = ORIENTED_EDGE ( 'NONE', *, *, #2853, .T. ) ;
#2666 = CARTESIAN_POINT ( 'NONE',  ( -18.50000000000000355, 2.000000000000000000, -36.90000000000000568 ) ) ;
#2667 = EDGE_CURVE ( 'NONE', #1766, #3316, #842, .T. ) ;
#2668 = ORIENTED_EDGE ( 'NONE', *, *, #3700, .F. ) ;
#2669 = EDGE_CURVE ( 'NONE', #2026, #1024, #2506, .T. ) ;
#2670 = DIRECTION ( 'NONE',  ( 0.000000000000000000, 0.000000000000000000, -1.000000000000000000 ) ) ;
#2671 = AXIS2_PLACEMENT_3D ( 'NONE', #1997, #1316, #3872 ) ;
#2672 = ORIENTED_EDGE ( 'NONE', *, *, #2086, .T. ) ;
#2673 = ADVANCED_FACE ( 'NONE', ( #2219 ), #3158, .T. ) ;
#2674 = AXIS2_PLACEMENT_3D ( 'NONE', #148, #454, #1720 ) ;
#2675 = FACE_OUTER_BOUND ( 'NONE', #1324, .T. ) ;
#2676 = CARTESIAN_POINT ( 'NONE',  ( -12.46294780055877460, -49.64517262861143365, -54.89559525947157681 ) ) ;
#2677 = CYLINDRICAL_SURFACE ( 'NONE', #2487, 2.500000000000000444 ) ;
#2678 = ORIENTED_EDGE ( 'NONE', *, *, #1438, .F. ) ;
#2679 = AXIS2_PLACEMENT_3D ( 'NONE', #413, #91, #3521 ) ;
#2680 = ORIENTED_EDGE ( 'NONE', *, *, #3905, .T. ) ;
#2681 = FACE_OUTER_BOUND ( 'NONE', #345, .T. ) ;
#2682 = DIRECTION ( 'NONE',  ( 1.000000000000000000, 0.000000000000000000, 0.000000000000000000 ) ) ;
#2683 = DIRECTION ( 'NONE',  ( 1.000000000000000000, 0.000000000000000000, 0.000000000000000000 ) ) ;
#2684 = DIRECTION ( 'NONE',  ( 0.000000000000000000, 0.000000000000000000, 1.000000000000000000 ) ) ;
#2685 = ORIENTED_EDGE ( 'NONE', *, *, #3024, .T. ) ;
#2686 = CARTESIAN_POINT ( 'NONE',  ( -15.60000000000000142, 2.000000000000000000, -19.90000000000000568 ) ) ;
#2687 = VECTOR ( 'NONE', #2324, 1000.000000000000000 ) ;
#2688 = APPLICATION_CONTEXT ( 'configuration controlled 3d designs of mechanical parts and assemblies' ) ;
#2689 = EDGE_CURVE ( 'NONE', #1978, #1841, #3495, .T. ) ;
#2690 = AXIS2_PLACEMENT_3D ( 'NONE', #1529, #2085, #189 ) ;
#2691 = ORIENTED_EDGE ( 'NONE', *, *, #2415, .T. ) ;
#2692 = CARTESIAN_POINT ( 'NONE',  ( -4.000000000000000000, 29.75000000000000355, -14.80000000000000782 ) ) ;
#2693 = EDGE_CURVE ( 'NONE', #1784, #2315, #3617, .T. ) ;
#2694 = CARTESIAN_POINT ( 'NONE',  ( 11.40944205494989028, -2.387372404575969220, -14.15667055130363750 ) ) ;
#2695 = ORIENTED_EDGE ( 'NONE', *, *, #592, .T. ) ;
#2696 = AXIS2_PLACEMENT_3D ( 'NONE', #49, #389, #1322 ) ;
#2697 = DIRECTION ( 'NONE',  ( 0.000000000000000000, 0.000000000000000000, 1.000000000000000000 ) ) ;
#2698 = DIRECTION ( 'NONE',  ( 0.000000000000000000, 0.000000000000000000, -1.000000000000000000 ) ) ;
#2699 = CARTESIAN_POINT ( 'NONE',  ( -17.33885883809240624, -7.902852904768977282, -21.37147705767822359 ) ) ;
#2700 = CARTESIAN_POINT ( 'NONE',  ( -7.500000000000000000, -33.51298582741227960, -82.87340924047713031 ) ) ;
#2701 = ORIENTED_EDGE ( 'NONE', *, *, #895, .T. ) ;
#2702 = EDGE_LOOP ( 'NONE', ( #3563, #1202, #2326, #2888, #2589, #1669 ) ) ;
#2703 = LINE ( 'NONE', #4026, #3277 ) ;
#2704 = CARTESIAN_POINT ( 'NONE',  ( -4.000000000000000000, 24.50000000000000000, -6.800000000000002487 ) ) ;
#2705 = DIRECTION ( 'NONE',  ( -0.000000000000000000, 1.000000000000000000, -0.000000000000000000 ) ) ;
#2706 = CARTESIAN_POINT ( 'NONE',  ( -18.50000000000000355, 2.000000000000000000, -19.90000000000000924 ) ) ;
#2707 = VERTEX_POINT ( 'NONE', #2844 ) ;
#2708 = DIRECTION ( 'NONE',  ( 0.000000000000000000, 0.000000000000000000, 1.000000000000000000 ) ) ;
#2709 = CIRCLE ( 'NONE', #52, 4.999999999999999112 ) ;
#2710 = APPROVAL ( #3397, '未指定' ) ;
#2711 = ORIENTED_EDGE ( 'NONE', *, *, #2433, .T. ) ;
#2712 = DIRECTION ( 'NONE',  ( 0.000000000000000000, 0.000000000000000000, -1.000000000000000000 ) ) ;
#2713 = ADVANCED_FACE ( 'NONE', ( #3286 ), #821, .F. ) ;
#2714 = CARTESIAN_POINT ( 'NONE',  ( -9.701389231733303475, -12.26033880340989413, -43.22860004390487632 ) ) ;
#2715 = CARTESIAN_POINT ( 'NONE',  ( 11.17223056867252318, -2.683101690797851546, -14.05304282548359218 ) ) ;
#2716 = ORIENTED_EDGE ( 'NONE', *, *, #767, .T. ) ;
#2717 = AXIS2_PLACEMENT_3D ( 'NONE', #1567, #2772, #3122 ) ;
#2718 = ADVANCED_FACE ( 'NONE', ( #1425 ), #3415, .T. ) ;
#2719 = CARTESIAN_POINT ( 'NONE',  ( -20.12821358393929216, 0.01316994205141592406, -20.16386042002195111 ) ) ;
#2720 = LINE ( 'NONE', #4002, #1481 ) ;
#2721 = CARTESIAN_POINT ( 'NONE',  ( 7.500000000000000888, -62.72657105156391566, 68.51754911016466565 ) ) ;
#2722 = VERTEX_POINT ( 'NONE', #1745 ) ;
#2723 = EDGE_LOOP ( 'NONE', ( #1974, #2956, #2253, #2395 ) ) ;
#2724 = DIRECTION ( 'NONE',  ( 0.000000000000000000, 0.000000000000000000, -1.000000000000000000 ) ) ;
#2725 = ADVANCED_FACE ( 'NONE', ( #1131 ), #95, .T. ) ;
#2726 = APPROVAL_DATE_TIME ( #2119, #1722 ) ;
#2727 = CARTESIAN_POINT ( 'NONE',  ( -19.54447510404114041, 2.134054714567649391, -13.38656527933766860 ) ) ;
#2728 = DIRECTION ( 'NONE',  ( 0.000000000000000000, 0.000000000000000000, -1.000000000000000000 ) ) ;
#2729 = EDGE_LOOP ( 'NONE', ( #3262, #536 ) ) ;
#2730 = ADVANCED_FACE ( 'NONE', ( #2675 ), #2029, .F. ) ;
#2731 = CIRCLE ( 'NONE', #938, 5.000000000000000888 ) ;
#2732 = LOCAL_TIME ( 17, 1, 36.00000000000000000, #2404 ) ;
#2733 = LINE ( 'NONE', #4014, #457 ) ;
#2734 = CIRCLE ( 'NONE', #476, 5.000000000000001776 ) ;
#2735 = EDGE_LOOP ( 'NONE', ( #2743, #3954, #3165, #506 ) ) ;
#2736 = CARTESIAN_POINT ( 'NONE',  ( -16.71195268224689201, -7.187373700498058682, -39.18522438418229825 ) ) ;
#2737 = CARTESIAN_POINT ( 'NONE',  ( -20.50000000000000000, 0.000000000000000000, -38.00000000000000000 ) ) ;
#2738 = CARTESIAN_POINT ( 'NONE',  ( 12.50000000000000000, -6.559485751691394917, -15.67916951476825638 ) ) ;
#2739 = ORIENTED_EDGE ( 'NONE', *, *, #3234, .F. ) ;
#2740 = VECTOR ( 'NONE', #3892, 1000.000000000000000 ) ;
#2741 = DIRECTION ( 'NONE',  ( 0.000000000000000000, 0.000000000000000000, 1.000000000000000000 ) ) ;
#2742 = CARTESIAN_POINT ( 'NONE',  ( 7.500000000000000888, -52.26104122192602830, 38.96161228923899245 ) ) ;
#2743 = ORIENTED_EDGE ( 'NONE', *, *, #767, .F. ) ;
#2744 = ADVANCED_FACE ( 'NONE', ( #2947 ), #2093, .F. ) ;
#2745 = EDGE_LOOP ( 'NONE', ( #3424, #1987 ) ) ;
#2746 = CARTESIAN_POINT ( 'NONE',  ( -18.50000000000000355, 3.851648071345041835, -38.00000000000000000 ) ) ;
#2747 = PERSON_AND_ORGANIZATION_ROLE ( 'creator' ) ;
#2748 = CARTESIAN_POINT ( 'NONE',  ( -19.20460774461418652, -3.231617951385991727, -18.44270158567736928 ) ) ;
#2749 = ORIENTED_EDGE ( 'NONE', *, *, #2822, .T. ) ;
#2750 = EDGE_CURVE ( 'NONE', #2722, #833, #3278, .T. ) ;
#2751 = DIRECTION ( 'NONE',  ( 1.000000000000000000, -0.000000000000000000, 0.000000000000000000 ) ) ;
#2752 = AXIS2_PLACEMENT_3D ( 'NONE', #4106, #3767, #2418 ) ;
#2753 = DIRECTION ( 'NONE',  ( 0.000000000000000000, 0.000000000000000000, 1.000000000000000000 ) ) ;
#2754 = ADVANCED_FACE ( 'NONE', ( #477 ), #1401, .F. ) ;
#2755 = ORIENTED_EDGE ( 'NONE', *, *, #414, .F. ) ;
#2756 = CIRCLE ( 'NONE', #3968, 2.000000000000001776 ) ;
#2757 = DIRECTION ( 'NONE',  ( 0.000000000000000000, 0.000000000000000000, 1.000000000000000000 ) ) ;
#2758 = DIRECTION ( 'NONE',  ( -1.000000000000000000, 0.000000000000000000, 0.000000000000000000 ) ) ;
#2759 = AXIS2_PLACEMENT_3D ( 'NONE', #1900, #3170, #2229 ) ;
#2760 = DIRECTION ( 'NONE',  ( 1.000000000000000000, 0.000000000000000000, 0.000000000000000000 ) ) ;
#2761 = DIRECTION ( 'NONE',  ( 1.000000000000000000, -0.000000000000000000, 0.000000000000000000 ) ) ;
#2762 = ORIENTED_EDGE ( 'NONE', *, *, #3674, .F. ) ;
#2763 = CIRCLE ( 'NONE', #1639, 51.83023956003085431 ) ;
#2764 = DIRECTION ( 'NONE',  ( 0.000000000000000000, 0.000000000000000000, 1.000000000000000000 ) ) ;
#2765 = CC_DESIGN_PERSON_AND_ORGANIZATION_ASSIGNMENT ( #1566, #1268, ( #4074 ) ) ;
#2766 = CARTESIAN_POINT ( 'NONE',  ( -20.43229380652032745, 2.195665144206227382, -21.90000000000000924 ) ) ;
#2767 = CARTESIAN_POINT ( 'NONE',  ( -19.06953381770518519, -3.576165455737029042, -18.76485250651251846 ) ) ;
#2768 = EDGE_LOOP ( 'NONE', ( #3940, #1037, #1563, #3554 ) ) ;
#2769 = ORIENTED_EDGE ( 'NONE', *, *, #2318, .F. ) ;
#2770 = DIRECTION ( 'NONE',  ( -0.000000000000000000, -0.000000000000000000, 1.000000000000000000 ) ) ;
#2771 = EDGE_CURVE ( 'NONE', #1996, #480, #3150, .T. ) ;
#2772 = DIRECTION ( 'NONE',  ( 0.000000000000000000, 0.000000000000000000, -1.000000000000000000 ) ) ;
#2773 = CIRCLE ( 'NONE', #714, 2.000000000000003997 ) ;
#2774 = CARTESIAN_POINT ( 'NONE',  ( -19.13752259457735860, -3.406193513556596386, -18.60401986091640936 ) ) ;
#2775 = ORIENTED_EDGE ( 'NONE', *, *, #309, .T. ) ;
#2776 = AXIS2_PLACEMENT_3D ( 'NONE', #1899, #3169, #2854 ) ;
#2777 = DIRECTION ( 'NONE',  ( 1.000000000000000000, 0.000000000000000000, -0.000000000000000000 ) ) ;
#2778 = DIRECTION ( 'NONE',  ( 0.000000000000000000, 0.000000000000000000, -1.000000000000000000 ) ) ;
#2779 = ORIENTED_EDGE ( 'NONE', *, *, #2240, .T. ) ;
#2780 = CARTESIAN_POINT ( 'NONE',  ( -20.50000000000000000, 6.500000000000002665, -38.00000000000000000 ) ) ;
#2781 = EDGE_CURVE ( 'NONE', #1756, #509, #3933, .T. ) ;
#2782 = AXIS2_PLACEMENT_3D ( 'NONE', #2477, #2778, #3151 ) ;
#2783 = DIRECTION ( 'NONE',  ( 0.000000000000000000, 0.000000000000000000, 1.000000000000000000 ) ) ;
#2784 = DIRECTION ( 'NONE',  ( -1.000000000000000000, 0.000000000000000000, 0.000000000000000000 ) ) ;
#2785 = CARTESIAN_POINT ( 'NONE',  ( -20.49959352202366603, 3.673716346315386794, -34.78770538396654644 ) ) ;
#2786 = ORIENTED_EDGE ( 'NONE', *, *, #1465, .F. ) ;
#2787 = CARTESIAN_POINT ( 'NONE',  ( 8.069523458906013857, -12.35906244729097203, -43.25459762570746136 ) ) ;
#2788 = CARTESIAN_POINT ( 'NONE',  ( -18.50000000000000355, 2.000000000000000000, -19.90000000000000924 ) ) ;
#2789 = ORIENTED_EDGE ( 'NONE', *, *, #1083, .T. ) ;
#2790 = ORIENTED_EDGE ( 'NONE', *, *, #252, .T. ) ;
#2791 = CARTESIAN_POINT ( 'NONE',  ( 0.5466333698683039088, 27.12500000000000000, -14.80000000000000782 ) ) ;
#2792 = CARTESIAN_POINT ( 'NONE',  ( -7.500000000000000000, -81.44548052105768932, 47.55891605489174623 ) ) ;
#2793 = CYLINDRICAL_SURFACE ( 'NONE', #2572, 2.000000000000003997 ) ;
#2794 = ORIENTED_EDGE ( 'NONE', *, *, #2928, .F. ) ;
#2795 = CARTESIAN_POINT ( 'NONE',  ( 11.50000000000000000, 6.500000000000000000, -40.00000000000000000 ) ) ;
#2796 = DIRECTION ( 'NONE',  ( 0.000000000000000000, 0.000000000000000000, 1.000000000000000000 ) ) ;
#2797 = EDGE_LOOP ( 'NONE', ( #1760, #988, #3161, #1080, #2695 ) ) ;
#2798 = ADVANCED_FACE ( 'NONE', ( #3031 ), #1077, .T. ) ;
#2799 = CARTESIAN_POINT ( 'NONE',  ( -20.49959352202366603, 3.673716346315386794, -18.78770538396653578 ) ) ;
#2800 = CIRCLE ( 'NONE', #1396, 1.099999999999999645 ) ;
#2801 = CC_DESIGN_APPROVAL ( #1722, ( #453 ) ) ;
#2802 = CARTESIAN_POINT ( 'NONE',  ( -18.55495929276698419, 1.483767864543003689, -12.98230674006559759 ) ) ;
#2803 = CIRCLE ( 'NONE', #2993, 2.000000000000001776 ) ;
#2804 = CARTESIAN_POINT ( 'NONE',  ( -13.52485501230898279, -6.559485751691396693, -15.67916951476825638 ) ) ;
#2805 = CARTESIAN_POINT ( 'NONE',  ( -20.49239623784701791, 3.276570903970724480, -34.34793862768637496 ) ) ;
#2806 = EDGE_CURVE ( 'NONE', #1090, #573, #349, .T. ) ;
#2807 = CARTESIAN_POINT ( 'NONE',  ( -17.26661311195176296, -7.037794762021470696, -38.22434694577486169 ) ) ;
#2808 = CARTESIAN_POINT ( 'NONE',  ( -1.199999999999999734, 24.50000000000000000, -17.80000000000000426 ) ) ;
#2809 = EDGE_CURVE ( 'NONE', #2159, #858, #2548, .T. ) ;
#2810 = ORIENTED_EDGE ( 'NONE', *, *, #643, .F. ) ;
#2811 = ORIENTED_EDGE ( 'NONE', *, *, #3917, .F. ) ;
#2812 = CARTESIAN_POINT ( 'NONE',  ( -4.000000000000000000, 19.25000000000000000, -17.80000000000000782 ) ) ;
#2813 = CARTESIAN_POINT ( 'NONE',  ( -17.33885883809238848, -7.902852904769019915, -21.37147705767824135 ) ) ;
#2814 = FACE_BOUND ( 'NONE', #2431, .T. ) ;
#2815 = ORIENTED_EDGE ( 'NONE', *, *, #3639, .T. ) ;
#2816 = CARTESIAN_POINT ( 'NONE',  ( -18.50000000000000355, 2.000000000000000000, -20.90000000000000568 ) ) ;
#2817 = VECTOR ( 'NONE', #2438, 1000.000000000000000 ) ;
#2818 = CARTESIAN_POINT ( 'NONE',  ( -4.000000000000000000, 24.50000000000000000, -17.80000000000000426 ) ) ;
#2819 = ORIENTED_EDGE ( 'NONE', *, *, #1767, .F. ) ;
#2820 = DIRECTION ( 'NONE',  ( 1.000000000000000000, 0.000000000000000000, 0.000000000000000000 ) ) ;
#2821 = AXIS2_PLACEMENT_3D ( 'NONE', #1128, #2025, #2089 ) ;
#2822 = EDGE_CURVE ( 'NONE', #1679, #1428, #3077, .T. ) ;
#2823 = DIRECTION ( 'NONE',  ( -0.000000000000000000, -0.000000000000000000, 1.000000000000000000 ) ) ;
#2824 = DIRECTION ( 'NONE',  ( -1.000000000000000000, -0.000000000000000000, 0.000000000000000000 ) ) ;
#2825 = CARTESIAN_POINT ( 'NONE',  ( -4.000000000000000000, 19.25000000000000000, -14.80000000000000782 ) ) ;
#2826 = ORIENTED_EDGE ( 'NONE', *, *, #2750, .F. ) ;
#2827 = AXIS2_PLACEMENT_3D ( 'NONE', #2182, #2271, #693 ) ;
#2828 = EDGE_CURVE ( 'NONE', #2117, #2435, #2632, .T. ) ;
#2829 = DIRECTION ( 'NONE',  ( -1.362640615442441985E-15, 0.9818860428714375477, 0.1894724223053841083 ) ) ;
#2830 = ORIENTED_EDGE ( 'NONE', *, *, #202, .F. ) ;
#2831 = AXIS2_PLACEMENT_3D ( 'NONE', #1032, #2302, #3921 ) ;
#2832 = ORIENTED_EDGE ( 'NONE', *, *, #3019, .F. ) ;
#2833 = DIRECTION ( 'NONE',  ( 0.000000000000000000, 0.000000000000000000, 1.000000000000000000 ) ) ;
#2834 = CARTESIAN_POINT ( 'NONE',  ( -14.09782737151345167, -15.98706687057602771, -44.24936501809317946 ) ) ;
#2835 = FACE_BOUND ( 'NONE', #112, .T. ) ;
#2836 = VERTEX_POINT ( 'NONE', #2651 ) ;
#2837 = PLANE ( 'NONE',  #614 ) ;
#2838 = CARTESIAN_POINT ( 'NONE',  ( 10.50000000000000000, 2.000000000000000000, -35.90000000000000568 ) ) ;
#2839 = AXIS2_PLACEMENT_3D ( 'NONE', #2893, #2307, #1648 ) ;
#2840 = ORIENTED_EDGE ( 'NONE', *, *, #263, .T. ) ;
#2841 = ORIENTED_EDGE ( 'NONE', *, *, #1985, .T. ) ;
#2842 = CARTESIAN_POINT ( 'NONE',  ( 12.50000000000000000, -5.087574398201583747, -76.71747411510716574 ) ) ;
#2843 = CARTESIAN_POINT ( 'NONE',  ( 7.500000000000000888, -60.66737052537848029, -38.72578048733741696 ) ) ;
#2844 = CARTESIAN_POINT ( 'NONE',  ( -2.899999999999999911, 29.75000000000000355, -6.800000000000002487 ) ) ;
#2845 = FACE_OUTER_BOUND ( 'NONE', #3018, .T. ) ;
#2846 = FACE_OUTER_BOUND ( 'NONE', #1953, .T. ) ;
#2847 = ORIENTED_EDGE ( 'NONE', *, *, #3, .T. ) ;
#2848 = AXIS2_PLACEMENT_3D ( 'NONE', #3708, #863, #3308 ) ;
#2849 = CARTESIAN_POINT ( 'NONE',  ( -7.500000000000000888, -26.89356550409317137, -32.67924315023918780 ) ) ;
#2850 = CARTESIAN_POINT ( 'NONE',  ( 12.50000000000000533, 2.000000000000000000, -20.90000000000000924 ) ) ;
#2851 = AXIS2_PLACEMENT_3D ( 'NONE', #2146, #260, #2796 ) ;
#2852 = ORIENTED_EDGE ( 'NONE', *, *, #4081, .T. ) ;
#2853 = EDGE_CURVE ( 'NONE', #3769, #135, #1626, .T. ) ;
#2854 = DIRECTION ( 'NONE',  ( -1.000000000000000000, 0.000000000000000000, 0.000000000000000000 ) ) ;
#2855 = CARTESIAN_POINT ( 'NONE',  ( -4.000000000000000000, 29.75000000000000355, -14.80000000000000782 ) ) ;
#2856 = CARTESIAN_POINT ( 'NONE',  ( 10.92979320910296614, 0.6721725267256899450, -12.97917659412633462 ) ) ;
#2857 = ORIENTED_EDGE ( 'NONE', *, *, #3024, .F. ) ;
#2858 = ADVANCED_FACE ( 'NONE', ( #3941 ), #1753, .T. ) ;
#2859 = DIRECTION ( 'NONE',  ( 0.000000000000000000, 0.000000000000000000, 1.000000000000000000 ) ) ;
#2860 = CARTESIAN_POINT ( 'NONE',  ( -20.14552683445326409, 0.1025209037634047249, -36.54584423835962781 ) ) ;
#2861 = ORIENTED_EDGE ( 'NONE', *, *, #1619, .T. ) ;
#2862 = EDGE_CURVE ( 'NONE', #718, #1655, #2981, .T. ) ;
#2863 = ORIENTED_EDGE ( 'NONE', *, *, #866, .F. ) ;
#2864 = DIRECTION ( 'NONE',  ( 1.000000000000000000, 0.000000000000000000, -0.000000000000000000 ) ) ;
#2865 = CARTESIAN_POINT ( 'NONE',  ( -18.50000000000000355, 2.000000000000000000, -17.90000000000000568 ) ) ;
#2866 = DIRECTION ( 'NONE',  ( 1.000000000000000000, 0.000000000000000000, -1.172110456741086321E-16 ) ) ;
#2867 = DIRECTION ( 'NONE',  ( 0.000000000000000000, 0.000000000000000000, 1.000000000000000000 ) ) ;
#2868 = VERTEX_POINT ( 'NONE', #2043 ) ;
#2869 = CIRCLE ( 'NONE', #9, 1.099999999999999423 ) ;
#2870 = SECURITY_CLASSIFICATION ( '', '', #3144 ) ;
#2871 = CARTESIAN_POINT ( 'NONE',  ( -19.06953381770518874, -3.576165455737033039, -38.00000000000000000 ) ) ;
#2872 = ORIENTED_EDGE ( 'NONE', *, *, #4119, .F. ) ;
#2873 = LINE ( 'NONE', #932, #1284 ) ;
#2874 = CARTESIAN_POINT ( 'NONE',  ( 12.50000000000000000, -81.44548052105768932, 47.55891605489174623 ) ) ;
#2875 = AXIS2_PLACEMENT_3D ( 'NONE', #3190, #338, #1666 ) ;
#2876 = CARTESIAN_POINT ( 'NONE',  ( -13.68968190302437371, -17.37376157996007464, -39.03585837733010067 ) ) ;
#2877 = CARTESIAN_POINT ( 'NONE',  ( 10.47126078295942975, -0.9162889998078472820, -12.92214870769694102 ) ) ;
#2878 = ORIENTED_EDGE ( 'NONE', *, *, #518, .F. ) ;
#2879 = FACE_OUTER_BOUND ( 'NONE', #4025, .T. ) ;
#2880 = CARTESIAN_POINT ( 'NONE',  ( -20.13817700115227538, 0.06447406990043363928, -36.42043767574451607 ) ) ;
#2881 = ADVANCED_FACE ( 'NONE', ( #1418 ), #3706, .T. ) ;
#2882 = CIRCLE ( 'NONE', #2671, 6.999999999999998224 ) ;
#2883 = ORIENTED_EDGE ( 'NONE', *, *, #1885, .T. ) ;
#2884 = ORIENTED_EDGE ( 'NONE', *, *, #2941, .F. ) ;
#2885 = DIRECTION ( 'NONE',  ( -0.000000000000000000, -0.000000000000000000, 1.000000000000000000 ) ) ;
#2886 = CARTESIAN_POINT ( 'NONE',  ( -10.54663336986830657, 21.87500000000000711, -17.80000000000000782 ) ) ;
#2887 = VECTOR ( 'NONE', #2614, 1000.000000000000000 ) ;
#2888 = ORIENTED_EDGE ( 'NONE', *, *, #991, .T. ) ;
#2889 = CARTESIAN_POINT ( 'NONE',  ( 10.00000000000000000, 7.764008331169537591, -15.30000000000000071 ) ) ;
#2890 = ORIENTED_EDGE ( 'NONE', *, *, #2245, .F. ) ;
#2891 = AXIS2_PLACEMENT_3D ( 'NONE', #1421, #2375, #1108 ) ;
#2892 = COORDINATED_UNIVERSAL_TIME_OFFSET ( 8, 0, .AHEAD. ) ;
#2893 = CARTESIAN_POINT ( 'NONE',  ( 12.50000000000000000, -57.00000000000000000, -44.68819555420293455 ) ) ;
#2894 = CYLINDRICAL_SURFACE ( 'NONE', #2759, 2.000000000000003553 ) ;
#2895 = AXIS2_PLACEMENT_3D ( 'NONE', #1643, #3180, #3496 ) ;
#2896 = CARTESIAN_POINT ( 'NONE',  ( 11.93037223230330035, -0.6981437704093097496, -13.39046188759380307 ) ) ;
#2898 = ORIENTED_EDGE ( 'NONE', *, *, #1737, .F. ) ;
#2897 = DIRECTION ( 'NONE',  ( 1.000000000000000000, 0.000000000000000000, 0.000000000000000000 ) ) ;
#2899 = CARTESIAN_POINT ( 'NONE',  ( 1.646633369868302665, 21.87500000000000000, -59.56998842140697548 ) ) ;
#2900 = EDGE_CURVE ( 'NONE', #2868, #2836, #4060, .T. ) ;
#2901 = DIRECTION ( 'NONE',  ( 0.000000000000000000, 1.000000000000000000, 0.000000000000000000 ) ) ;
#2902 = ORIENTED_EDGE ( 'NONE', *, *, #2262, .F. ) ;
#2903 = CIRCLE ( 'NONE', #575, 5.000000000000000000 ) ;
#2904 = CARTESIAN_POINT ( 'NONE',  ( -13.81063913930289644, -16.99722486552948908, -38.92017634914026303 ) ) ;
#2905 = CARTESIAN_POINT ( 'NONE',  ( -20.07072719608475353, 0.7009907043517838998, -14.81428089476388799 ) ) ;
#2906 = LINE ( 'NONE', #3900, #3022 ) ;
#2907 = ORIENTED_EDGE ( 'NONE', *, *, #720, .T. ) ;
#2908 = EDGE_CURVE ( 'NONE', #674, #2545, #3558, .T. ) ;
#2909 = DIRECTION ( 'NONE',  ( 0.000000000000000000, -0.8465922273316230928, -0.5322420507829883629 ) ) ;
#2910 = VERTEX_POINT ( 'NONE', #554 ) ;
#2911 = COORDINATED_UNIVERSAL_TIME_OFFSET ( 8, 0, .AHEAD. ) ;
#2912 = CARTESIAN_POINT ( 'NONE',  ( 10.62247934555194107, -49.92287887244766154, -58.42038673237852464 ) ) ;
#2913 = AXIS2_PLACEMENT_3D ( 'NONE', #2434, #3784, #1146 ) ;
#2914 = CARTESIAN_POINT ( 'NONE',  ( -19.06953381770518519, -3.576165455737030818, -18.76485250651251846 ) ) ;
#2915 = ORIENTED_EDGE ( 'NONE', *, *, #920, .T. ) ;
#2916 = CARTESIAN_POINT ( 'NONE',  ( 12.34927417359436319, 2.629301096342793187, -39.54408183729969295 ) ) ;
#2917 = CARTESIAN_POINT ( 'NONE',  ( -20.38853428428777903, 1.739117162431751851, -33.91280143315911744 ) ) ;
#2918 = EDGE_LOOP ( 'NONE', ( #3075, #2053 ) ) ;
#2919 = CIRCLE ( 'NONE', #3995, 1.099999999999998757 ) ;
#2920 = LINE ( 'NONE', #3578, #1007 ) ;
#2921 = CARTESIAN_POINT ( 'NONE',  ( -0.5533666301316948477, 21.87500000000000000, -6.800000000000002487 ) ) ;
#2922 = LINE ( 'NONE', #11, #3294 ) ;
#2923 = ADVANCED_FACE ( 'NONE', ( #841 ), #1799, .F. ) ;
#2924 = VERTEX_POINT ( 'NONE', #3681 ) ;
#2925 = DIRECTION ( 'NONE',  ( -1.000000000000000000, -0.000000000000000000, 1.239088197126291063E-16 ) ) ;
#2926 = ADVANCED_FACE ( 'NONE', ( #1510, #191, #2416 ), #1195, .F. ) ;
#2927 = ORIENTED_EDGE ( 'NONE', *, *, #195, .F. ) ;
#2928 = EDGE_CURVE ( 'NONE', #1447, #4118, #1484, .T. ) ;
#2929 = CYLINDRICAL_SURFACE ( 'NONE', #972, 1.099999999999999423 ) ;
#2930 = CARTESIAN_POINT ( 'NONE',  ( -20.50000000000000000, 3.851648071345041835, -38.00000000000000000 ) ) ;
#2931 = CIRCLE ( 'NONE', #2604, 1.099999999999999645 ) ;
#2933 = EDGE_LOOP ( 'NONE', ( #2790, #3855, #2898, #3622 ) ) ;
#2932 = DIRECTION ( 'NONE',  ( 0.000000000000000000, 0.000000000000000000, 1.000000000000000000 ) ) ;
#2934 = CARTESIAN_POINT ( 'NONE',  ( -10.50000000000000000, 34.00000000000000000, 0.000000000000000000 ) ) ;
#2935 = CARTESIAN_POINT ( 'NONE',  ( -12.49999999999998757, -23.77643099435070084, -31.40628183783319116 ) ) ;
#2936 = LINE ( 'NONE', #84, #444 ) ;
#2937 = ORIENTED_EDGE ( 'NONE', *, *, #720, .F. ) ;
#2938 = VERTEX_POINT ( 'NONE', #3387 ) ;
#2939 = DIRECTION ( 'NONE',  ( -0.000000000000000000, -0.000000000000000000, 1.000000000000000000 ) ) ;
#2940 = CIRCLE ( 'NONE', #2339, 102.3535982180401902 ) ;
#2941 = EDGE_CURVE ( 'NONE', #3408, #833, #3343, .T. ) ;
#2942 = CARTESIAN_POINT ( 'NONE',  ( -20.24719473802538161, 0.6803671193319461574, -18.39152656119804874 ) ) ;
#2943 = DIRECTION ( 'NONE',  ( 0.000000000000000000, 0.000000000000000000, 1.000000000000000000 ) ) ;
#2944 = EDGE_LOOP ( 'NONE', ( #3871, #4112 ) ) ;
#2945 = AXIS2_PLACEMENT_3D ( 'NONE', #3092, #2824, #1531 ) ;
#2946 = EDGE_CURVE ( 'NONE', #3697, #3243, #3899, .T. ) ;
#2947 = FACE_OUTER_BOUND ( 'NONE', #4052, .T. ) ;
#2948 = FACE_OUTER_BOUND ( 'NONE', #3518, .T. ) ;
#2949 = FACE_OUTER_BOUND ( 'NONE', #3297, .T. ) ;
#2951 = VERTEX_POINT ( 'NONE', #533 ) ;
#2950 = CARTESIAN_POINT ( 'NONE',  ( -12.50032408762666414, -25.63802623017899762, -43.30839056974209456 ) ) ;
#2952 = DIRECTION ( 'NONE',  ( -0.2966612805260022134, 0.9234988108592013800, 0.2431913464297476846 ) ) ;
#2953 = VECTOR ( 'NONE', #567, 1000.000000000000000 ) ;
#2954 = LINE ( 'NONE', #464, #1596 ) ;
#2955 = CARTESIAN_POINT ( 'NONE',  ( 1.646633369868300001, 27.12500000000000711, -6.800000000000002487 ) ) ;
#2956 = ORIENTED_EDGE ( 'NONE', *, *, #2318, .T. ) ;
#2957 = AXIS2_PLACEMENT_3D ( 'NONE', #800, #3011, #3370 ) ;
#2958 = CARTESIAN_POINT ( 'NONE',  ( 7.599999999999999645, 6.500000000000000000, -38.00000000000000000 ) ) ;
#2959 = LINE ( 'NONE', #3615, #829 ) ;
#2960 = ORIENTED_EDGE ( 'NONE', *, *, #116, .T. ) ;
#2961 = CC_DESIGN_DATE_AND_TIME_ASSIGNMENT ( #1165, #2428, ( #453 ) ) ;
#2962 = VECTOR ( 'NONE', #1622, 1000.000000000000000 ) ;
#2963 = LINE ( 'NONE', #3923, #88 ) ;
#2964 = VERTEX_POINT ( 'NONE', #3450 ) ;
#2965 = CARTESIAN_POINT ( 'NONE',  ( -17.33885883809240269, -7.902852904768997711, -21.37147705767823069 ) ) ;
#2966 = CARTESIAN_POINT ( 'NONE',  ( -7.500378102231104016, -22.99727922784137846, -47.56851524165816869 ) ) ;
#2967 = CARTESIAN_POINT ( 'NONE',  ( -19.58580157046199233, -2.177182577014646014, -17.50521159976468155 ) ) ;
#2969 = ORIENTED_EDGE ( 'NONE', *, *, #1716, .T. ) ;
#2968 = DIRECTION ( 'NONE',  ( -1.000000000000000000, 0.000000000000000000, -0.000000000000000000 ) ) ;
#2970 = EDGE_CURVE ( 'NONE', #2315, #1784, #2613, .T. ) ;
#2971 = DIRECTION ( 'NONE',  ( -0.9520818952318267359, -0.3058432029190331081, 0.000000000000000000 ) ) ;
#2972 = VECTOR ( 'NONE', #1023, 1000.000000000000000 ) ;
#2973 = CARTESIAN_POINT ( 'NONE',  ( 2.999999999999998224, 24.50000000000000000, -6.800000000000002487 ) ) ;
#2974 = DIRECTION ( 'NONE',  ( 0.000000000000000000, 0.000000000000000000, -1.000000000000000000 ) ) ;
#2975 = ORIENTED_EDGE ( 'NONE', *, *, #431, .F. ) ;
#2976 = EDGE_CURVE ( 'NONE', #3052, #1361, #3685, .T. ) ;
#2977 = AXIS2_PLACEMENT_3D ( 'NONE', #183, #227, #2141 ) ;
#2978 = DIRECTION ( 'NONE',  ( 1.000000000000000000, 0.000000000000000000, 0.000000000000000000 ) ) ;
#2979 = EDGE_CURVE ( 'NONE', #1024, #3360, #109, .T. ) ;
#2980 = ORIENTED_EDGE ( 'NONE', *, *, #3045, .T. ) ;
#2981 = LINE ( 'NONE', #2337, #3219 ) ;
#2982 = CARTESIAN_POINT ( 'NONE',  ( -1.453366630131692760, 27.12500000000000000, -14.80000000000000782 ) ) ;
#2983 = ORIENTED_EDGE ( 'NONE', *, *, #1693, .F. ) ;
#2984 = DIRECTION ( 'NONE',  ( -1.000000000000000000, 0.000000000000000000, 0.000000000000000000 ) ) ;
#2985 = CARTESIAN_POINT ( 'NONE',  ( -16.48357318903960689, -10.04106702740098456, -18.13345011683158248 ) ) ;
#2986 = CARTESIAN_POINT ( 'NONE',  ( -19.53034260739335082, -2.295521203839554047, -17.35243507394958939 ) ) ;
#2988 = VERTEX_POINT ( 'NONE', #4041 ) ;
#2987 = CARTESIAN_POINT ( 'NONE',  ( -15.59999999999999964, -1.910449006669870126E-15, -38.00000000000000000 ) ) ;
#2989 = VECTOR ( 'NONE', #2504, 1000.000000000000000 ) ;
#2990 = DIRECTION ( 'NONE',  ( 1.000000000000000000, 0.000000000000000000, -0.000000000000000000 ) ) ;
#2991 = ADVANCED_FACE ( 'NONE', ( #240 ), #2150, .T. ) ;
#2992 = CARTESIAN_POINT ( 'NONE',  ( -7.500378102231104904, -25.61478525070587864, -43.30839056974208745 ) ) ;
#2993 = AXIS2_PLACEMENT_3D ( 'NONE', #1189, #3718, #1103 ) ;
#2994 = LOCAL_TIME ( 17, 1, 36.00000000000000000, #2892 ) ;
#2995 = DIRECTION ( 'NONE',  ( 1.000000000000000000, 0.000000000000000000, -1.172110456741086321E-16 ) ) ;
#2996 = CARTESIAN_POINT ( 'NONE',  ( -4.000000000000000000, 24.50000000000000000, -6.800000000000002487 ) ) ;
#2997 = ORIENTED_EDGE ( 'NONE', *, *, #70, .F. ) ;
#2998 = CARTESIAN_POINT ( 'NONE',  ( 0.5466333698683003561, 21.87500000000000000, -17.80000000000000782 ) ) ;
#2999 = EDGE_CURVE ( 'NONE', #4057, #2157, #2773, .T. ) ;
#3000 = ORIENTED_EDGE ( 'NONE', *, *, #1864, .T. ) ;
#3001 = VECTOR ( 'NONE', #2017, 1000.000000000000000 ) ;
#3002 = CARTESIAN_POINT ( 'NONE',  ( -20.41410051746963106, 2.000000000000000000, -17.90000000000000213 ) ) ;
#3003 = FACE_BOUND ( 'NONE', #2441, .T. ) ;
#3004 = VECTOR ( 'NONE', #1267, 1000.000000000000000 ) ;
#3005 = FACE_OUTER_BOUND ( 'NONE', #4004, .T. ) ;
#3006 = ORIENTED_EDGE ( 'NONE', *, *, #669, .T. ) ;
#3007 = AXIS2_PLACEMENT_3D ( 'NONE', #2737, #3405, #4017 ) ;
#3008 = CARTESIAN_POINT ( 'NONE',  ( 9.727719636196669128, -8.018754019795306220, -42.11163410697697884 ) ) ;
#3009 = CARTESIAN_POINT ( 'NONE',  ( -20.24728632317227905, 0.6809204338409116097, -21.40902684228043995 ) ) ;
#3010 = CARTESIAN_POINT ( 'NONE',  ( -11.83259086182898301, -11.10401422925401782, -18.94766758992748734 ) ) ;
#3011 = DIRECTION ( 'NONE',  ( -1.000000000000000000, -0.000000000000000000, 0.000000000000000000 ) ) ;
#3012 = EDGE_LOOP ( 'NONE', ( #2285, #3053, #2091, #1710, #249, #1794 ) ) ;
#3013 = ORIENTED_EDGE ( 'NONE', *, *, #623, .T. ) ;
#3014 = CARTESIAN_POINT ( 'NONE',  ( -18.83702858733157015, -4.134353387347386999, -35.74122383736022357 ) ) ;
#3015 = CARTESIAN_POINT ( 'NONE',  ( 2.546633369868304353, 21.87500000000000000, -17.80000000000000782 ) ) ;
#3016 = CARTESIAN_POINT ( 'NONE',  ( -7.446633369868306040, 27.12499999999999645, -6.800000000000002487 ) ) ;
#3017 = DIRECTION ( 'NONE',  ( -1.000000000000000000, 0.000000000000000000, 0.000000000000000000 ) ) ;
#3018 = EDGE_LOOP ( 'NONE', ( #1224, #558, #1571, #100 ) ) ;
#3019 = EDGE_CURVE ( 'NONE', #355, #2964, #2074, .T. ) ;
#3020 = CARTESIAN_POINT ( 'NONE',  ( -20.50000000000000000, 24.00000000000000000, -15.30000000000000071 ) ) ;
#3021 = AXIS2_PLACEMENT_3D ( 'NONE', #206, #1476, #3399 ) ;
#3022 = VECTOR ( 'NONE', #50, 1000.000000000000000 ) ;
#3023 = VERTEX_POINT ( 'NONE', #2843 ) ;
#3024 = EDGE_CURVE ( 'NONE', #2359, #795, #1237, .T. ) ;
#3025 = CARTESIAN_POINT ( 'NONE',  ( -15.59999999999999964, 7.500000000000001776, -38.26794919243113213 ) ) ;
#3026 = CIRCLE ( 'NONE', #1096, 2.000000000000003553 ) ;
#3027 = CARTESIAN_POINT ( 'NONE',  ( -20.22283373986036281, 1.730223158286362750, -14.37409412564576350 ) ) ;
#3028 = FACE_OUTER_BOUND ( 'NONE', #2520, .T. ) ;
#3029 = ORIENTED_EDGE ( 'NONE', *, *, #2267, .T. ) ;
#3030 = EDGE_CURVE ( 'NONE', #347, #3391, #3301, .T. ) ;
#3031 = FACE_OUTER_BOUND ( 'NONE', #2425, .T. ) ;
#3032 = CARTESIAN_POINT ( 'NONE',  ( 10.50000000000000000, 2.000000000000000000, -35.90000000000000568 ) ) ;
#3033 = CARTESIAN_POINT ( 'NONE',  ( -8.546633369868304797, 21.87500000000000711, -14.80000000000000782 ) ) ;
#3034 = ORIENTED_EDGE ( 'NONE', *, *, #2771, .F. ) ;
#3035 = ORIENTED_EDGE ( 'NONE', *, *, #2550, .T. ) ;
#3036 = CYLINDRICAL_SURFACE ( 'NONE', #290, 1.099999999999999423 ) ;
#3037 = APPROVAL_STATUS ( 'not_yet_approved' ) ;
#3038 = CARTESIAN_POINT ( 'NONE',  ( -19.69849992591071697, 2.106865170363959816, -13.53115519318633275 ) ) ;
#3039 = CARTESIAN_POINT ( 'NONE',  ( 10.50000000000000000, 2.000000000000000000, -35.90000000000000568 ) ) ;
#3040 = VERTEX_POINT ( 'NONE', #2551 ) ;
#3041 = CARTESIAN_POINT ( 'NONE',  ( -13.93754314304520747, -16.60217601944652088, -38.79880690473616056 ) ) ;
#3042 = AXIS2_PLACEMENT_3D ( 'NONE', #3627, #2032, #3116 ) ;
#3043 = ORIENTED_EDGE ( 'NONE', *, *, #82, .F. ) ;
#3044 = CARTESIAN_POINT ( 'NONE',  ( -16.30679893933804792, -5.079603114594252844, -40.00000000000000000 ) ) ;
#3045 = EDGE_CURVE ( 'NONE', #498, #4066, #923, .T. ) ;
#3046 = CARTESIAN_POINT ( 'NONE',  ( -18.50000000000000355, 2.000000000000000000, -19.90000000000000924 ) ) ;
#3047 = DIRECTION ( 'NONE',  ( 0.000000000000000000, 0.000000000000000000, 1.000000000000000000 ) ) ;
#3048 = VERTEX_POINT ( 'NONE', #2281 ) ;
#3049 = EDGE_CURVE ( 'NONE', #2964, #347, #1173, .T. ) ;
#3050 = DIRECTION ( 'NONE',  ( 0.000000000000000000, 0.000000000000000000, -1.000000000000000000 ) ) ;
#3051 = CARTESIAN_POINT ( 'NONE',  ( -7.446633369868306040, 27.12499999999999645, -14.80000000000000782 ) ) ;
#3052 = VERTEX_POINT ( 'NONE', #2921 ) ;
#3053 = ORIENTED_EDGE ( 'NONE', *, *, #3862, .T. ) ;
#3054 = CARTESIAN_POINT ( 'NONE',  ( -19.06953381770518874, -3.576165455737032595, -35.28227185238031183 ) ) ;
#3055 = DIRECTION ( 'NONE',  ( -1.000000000000000000, -0.000000000000000000, -0.000000000000000000 ) ) ;
#3056 = CARTESIAN_POINT ( 'NONE',  ( -20.18171713705320158, 1.778682126371498251, -14.28374215273604975 ) ) ;
#3057 = LINE ( 'NONE', #3696, #1838 ) ;
#3058 = ORIENTED_EDGE ( 'NONE', *, *, #689, .F. ) ;
#3059 = CARTESIAN_POINT ( 'NONE',  ( 7.500000000000000888, -81.44548052105768932, 47.55891605489174623 ) ) ;
#3060 = AXIS2_PLACEMENT_3D ( 'NONE', #387, #448, #124 ) ;
#3061 =( GEOMETRIC_REPRESENTATION_CONTEXT ( 3 ) GLOBAL_UNCERTAINTY_ASSIGNED_CONTEXT ( ( #3246 ) ) GLOBAL_UNIT_ASSIGNED_CONTEXT ( ( #3694, #584, #2161 ) ) REPRESENTATION_CONTEXT ( 'NONE', 'WORKASPACE' ) );
#3062 = B_SPLINE_CURVE_WITH_KNOTS ( 'NONE', 3,
 ( #132, #2049, #762, #2655, #3687, #822 ),
 .UNSPECIFIED., .F., .F.,
 ( 4, 2, 4 ),
 ( 0.000000000000000000, 0.006861767145119958104, 0.01372353429023991621 ),
 .UNSPECIFIED. ) ;
#3063 = FACE_OUTER_BOUND ( 'NONE', #551, .T. ) ;
#3064 = ORIENTED_EDGE ( 'NONE', *, *, #3478, .F. ) ;
#3065 = CARTESIAN_POINT ( 'NONE',  ( -15.59999999999999964, 2.000000000000000000, -35.89999999999999858 ) ) ;
#3066 = CARTESIAN_POINT ( 'NONE',  ( -20.50000000000000000, 3.851648071345040947, -38.00000000000000000 ) ) ;
#3067 = DIRECTION ( 'NONE',  ( -0.000000000000000000, -0.000000000000000000, 1.000000000000000000 ) ) ;
#3068 = DIRECTION ( 'NONE',  ( -1.000000000000000000, -0.000000000000000000, -0.000000000000000000 ) ) ;
#3069 = ORIENTED_EDGE ( 'NONE', *, *, #3580, .T. ) ;
#3070 = EDGE_CURVE ( 'NONE', #1104, #1234, #2304, .T. ) ;
#3071 = CARTESIAN_POINT ( 'NONE',  ( -6.800000000000000711, 24.50000000000000000, -17.80000000000000426 ) ) ;
#3072 = AXIS2_PLACEMENT_3D ( 'NONE', #4050, #3311, #2402 ) ;
#3073 = DIRECTION ( 'NONE',  ( 0.000000000000000000, 0.000000000000000000, 1.000000000000000000 ) ) ;
#3074 = CARTESIAN_POINT ( 'NONE',  ( 12.50000000000000533, 2.000000000000000000, -18.90000000000000568 ) ) ;
#3075 = ORIENTED_EDGE ( 'NONE', *, *, #716, .F. ) ;
#3076 = ORIENTED_EDGE ( 'NONE', *, *, #1504, .T. ) ;
#3077 = CIRCLE ( 'NONE', #144, 6.999999999999998224 ) ;
#3078 = EDGE_CURVE ( 'NONE', #2315, #573, #3516, .T. ) ;
#3079 = DIRECTION ( 'NONE',  ( 0.000000000000000000, 0.000000000000000000, 1.000000000000000000 ) ) ;
#3080 = CARTESIAN_POINT ( 'NONE',  ( -9.701328317426703762, -12.26049108918760844, -43.22864014637484331 ) ) ;
#3081 = DIRECTION ( 'NONE',  ( 0.000000000000000000, 0.000000000000000000, -1.000000000000000000 ) ) ;
#3082 = CARTESIAN_POINT ( 'NONE',  ( -19.06953381770518874, -3.576165455737033039, -18.76485250651252201 ) ) ;
#3083 = EDGE_CURVE ( 'NONE', #1655, #1397, #699, .T. ) ;
#3084 = LINE ( 'NONE', #570, #3269 ) ;
#3085 = PLANE ( 'NONE',  #2782 ) ;
#3086 =( BOUNDED_CURVE ( )  B_SPLINE_CURVE ( 3, ( #1426, #3645, #1786, #3983 ),
 .UNSPECIFIED., .F., .T. ) 
 B_SPLINE_CURVE_WITH_KNOTS ( ( 4, 4 ),
 ( 3.046874515054601051, 3.755182389651378738 ),
 .UNSPECIFIED. ) 
 CURVE ( )  GEOMETRIC_REPRESENTATION_ITEM ( )  RATIONAL_B_SPLINE_CURVE ( ( 1.000000000000000000, 0.9586268242891415881, 0.9586268242891415881, 1.000000000000000000 ) ) 
 REPRESENTATION_ITEM ( '' )  );
#3087 = EDGE_LOOP ( 'NONE', ( #645, #3657, #106, #2283 ) ) ;
#3088 = VECTOR ( 'NONE', #3688, 1000.000000000000000 ) ;
#3089 = CARTESIAN_POINT ( 'NONE',  ( -20.49584549509193465, 3.425545171384516863, -18.48354432292336114 ) ) ;
#3090 = CARTESIAN_POINT ( 'NONE',  ( -8.546633369868304797, 27.12499999999999645, -17.80000000000000782 ) ) ;
#3091 = AXIS2_PLACEMENT_3D ( 'NONE', #3159, #1771, #479 ) ;
#3092 = CARTESIAN_POINT ( 'NONE',  ( -12.50000000000000000, -81.44548052105768932, 47.55891605489174623 ) ) ;
#3093 = CARTESIAN_POINT ( 'NONE',  ( -0.5000000000000004441, 3.851648071345041835, -12.80000000000000249 ) ) ;
#3094 = VERTEX_POINT ( 'NONE', #310 ) ;
#3095 = AXIS2_PLACEMENT_3D ( 'NONE', #2996, #2020, #3017 ) ;
#3096 = CARTESIAN_POINT ( 'NONE',  ( 10.70983187435701822, -5.087574398201587300, -41.33974624916847063 ) ) ;
#3097 = CARTESIAN_POINT ( 'NONE',  ( -18.51963730179301848, 1.653358362100312950, -12.91317240421916246 ) ) ;
#3098 = AXIS2_PLACEMENT_3D ( 'NONE', #1544, #2728, #3716 ) ;
#3099 = ORIENTED_EDGE ( 'NONE', *, *, #346, .F. ) ;
#3100 = ORIENTED_EDGE ( 'NONE', *, *, #1245, .T. ) ;
#3101 = CARTESIAN_POINT ( 'NONE',  ( -20.41410051746963461, 2.000000000000000444, -37.90000000000001279 ) ) ;
#3102 = CALENDAR_DATE ( 2026, 22, 5 ) ;
#3103 = CYLINDRICAL_SURFACE ( 'NONE', #450, 2.000000000000001776 ) ;
#3104 = EDGE_CURVE ( 'NONE', #3395, #1274, #1658, .T. ) ;
#3105 = LINE ( 'NONE', #806, #1160 ) ;
#3106 = ORIENTED_EDGE ( 'NONE', *, *, #1561, .T. ) ;
#3107 = DIRECTION ( 'NONE',  ( 0.000000000000000000, 0.000000000000000000, 1.000000000000000000 ) ) ;
#3108 = CARTESIAN_POINT ( 'NONE',  ( -19.06953381770518874, -3.576165455737033039, -18.76485250651252201 ) ) ;
#3109 = EDGE_CURVE ( 'NONE', #1069, #2938, #449, .T. ) ;
#3110 = ORIENTED_EDGE ( 'NONE', *, *, #3417, .T. ) ;
#3111 = CARTESIAN_POINT ( 'NONE',  ( -16.32928115793266954, -5.965709079336219745, -39.90237081721326717 ) ) ;
#3112 = EDGE_CURVE ( 'NONE', #480, #1996, #1581, .T. ) ;
#3113 = CIRCLE ( 'NONE', #1920, 1.099999999999996758 ) ;
#3114 = DIRECTION ( 'NONE',  ( -1.000000000000000000, -0.000000000000000000, 0.000000000000000000 ) ) ;
#3115 = LINE ( 'NONE', #265, #1485 ) ;
#3116 = DIRECTION ( 'NONE',  ( -1.000000000000000000, 0.000000000000000000, 0.000000000000000000 ) ) ;
#3117 = EDGE_LOOP ( 'NONE', ( #2001, #2980, #2278, #2716, #1123 ) ) ;
#3118 = CARTESIAN_POINT ( 'NONE',  ( -20.50000000000000000, 2.000000000000000000, -19.90000000000000924 ) ) ;
#3119 = ORIENTED_EDGE ( 'NONE', *, *, #3030, .F. ) ;
#3120 = ORIENTED_EDGE ( 'NONE', *, *, #2154, .F. ) ;
#3121 = CARTESIAN_POINT ( 'NONE',  ( -20.49585541993021209, 3.425719861603262917, -37.31653036222224529 ) ) ;
#3122 = DIRECTION ( 'NONE',  ( -1.000000000000000000, 0.000000000000000000, 0.000000000000000000 ) ) ;
#3123 = CARTESIAN_POINT ( 'NONE',  ( -8.041186002398914567, -17.73367155880622192, -44.91819454985957805 ) ) ;
#3124 = CARTESIAN_POINT ( 'NONE',  ( -10.54663336986830657, 21.87500000000000711, -14.80000000000000782 ) ) ;
#3125 = ORIENTED_EDGE ( 'NONE', *, *, #991, .F. ) ;
#3126 = CARTESIAN_POINT ( 'NONE',  ( 10.50000000000000000, 2.000000000000000000, -19.90000000000000924 ) ) ;
#3127 = EDGE_CURVE ( 'NONE', #1824, #2707, #1507, .T. ) ;
#3128 = CARTESIAN_POINT ( 'NONE',  ( -19.19263177209506566, -3.260117774565576720, -18.40230315654947546 ) ) ;
#3129 = ORIENTED_EDGE ( 'NONE', *, *, #1163, .F. ) ;
#3130 = AXIS2_PLACEMENT_3D ( 'NONE', #2686, #3401, #1144 ) ;
#3131 = CARTESIAN_POINT ( 'NONE',  ( -19.59253153396846869, 1.798903028652972580, -13.53221453390561990 ) ) ;
#3132 = CIRCLE ( 'NONE', #1873, 2.000000000000001776 ) ;
#3133 = DIRECTION ( 'NONE',  ( -0.000000000000000000, -0.000000000000000000, -1.000000000000000000 ) ) ;
#3134 = CARTESIAN_POINT ( 'NONE',  ( -18.50000000000000355, 3.851648071345041835, -40.00000000000000000 ) ) ;
#3135 = EDGE_LOOP ( 'NONE', ( #3413, #2749, #3035, #4077 ) ) ;
#3136 = EDGE_CURVE ( 'NONE', #2435, #3808, #3372, .T. ) ;
#3137 = FACE_OUTER_BOUND ( 'NONE', #2535, .T. ) ;
#3138 = CYLINDRICAL_SURFACE ( 'NONE', #1300, 1.000000000000000888 ) ;
#3139 = DIRECTION ( 'NONE',  ( -0.000000000000000000, -0.000000000000000000, 1.000000000000000000 ) ) ;
#3140 = ORIENTED_EDGE ( 'NONE', *, *, #586, .F. ) ;
#3141 = ORIENTED_EDGE ( 'NONE', *, *, #2360, .F. ) ;
#3142 = DIRECTION ( 'NONE',  ( 1.000000000000000000, -0.000000000000000000, -0.000000000000000000 ) ) ;
#3143 = CIRCLE ( 'NONE', #3072, 6.500000000000005329 ) ;
#3144 = SECURITY_CLASSIFICATION_LEVEL ( 'unclassified' ) ;
#3145 = FACE_OUTER_BOUND ( 'NONE', #2202, .T. ) ;
#3146 = DIRECTION ( 'NONE',  ( -0.000000000000000000, -0.000000000000000000, -1.000000000000000000 ) ) ;
#3147 = EDGE_LOOP ( 'NONE', ( #665, #1495, #3594, #3885 ) ) ;
#3148 = CIRCLE ( 'NONE', #2076, 1.000000000000000888 ) ;
#3149 = CARTESIAN_POINT ( 'NONE',  ( 12.50000000000000000, 5.632751860852956760, -39.00000000000000000 ) ) ;
#3150 = CIRCLE ( 'NONE', #296, 1.999999999999996669 ) ;
#3151 = DIRECTION ( 'NONE',  ( -1.000000000000000000, 0.000000000000000000, -0.000000000000000000 ) ) ;
#3152 = EDGE_LOOP ( 'NONE', ( #92, #1740, #4049, #2832 ) ) ;
#3153 = EDGE_CURVE ( 'NONE', #89, #3048, #331, .T. ) ;
#3154 = VERTEX_POINT ( 'NONE', #684 ) ;
#3155 = LINE ( 'NONE', #1621, #3328 ) ;
#3156 = CIRCLE ( 'NONE', #817, 1.099999999999999423 ) ;
#3157 = DIRECTION ( 'NONE',  ( 0.1222445118541126974, -0.8406704459356465486, -0.5275694083738282636 ) ) ;
#3158 = PLANE ( 'NONE',  #2010 ) ;
#3159 = CARTESIAN_POINT ( 'NONE',  ( 0.000000000000000000, 34.00000000000000000, -17.80000000000000782 ) ) ;
#3160 = DIRECTION ( 'NONE',  ( 0.000000000000000000, -0.000000000000000000, 1.000000000000000000 ) ) ;
#3161 = ORIENTED_EDGE ( 'NONE', *, *, #2341, .T. ) ;
#3162 = DIRECTION ( 'NONE',  ( 0.000000000000000000, 0.000000000000000000, 1.000000000000000000 ) ) ;
#3163 = CARTESIAN_POINT ( 'NONE',  ( -13.52485501230898279, -6.559485751691396693, -15.67916951476825638 ) ) ;
#3164 = EDGE_CURVE ( 'NONE', #1051, #1558, #1951, .T. ) ;
#3165 = ORIENTED_EDGE ( 'NONE', *, *, #2240, .F. ) ;
#3166 = CIRCLE ( 'NONE', #2690, 18.00000000000000355 ) ;
#3167 = CARTESIAN_POINT ( 'NONE',  ( -20.43229380652032745, 2.195665144206228270, -37.90000000000001279 ) ) ;
#3168 = ADVANCED_FACE ( 'NONE', ( #1642 ), #2037, .F. ) ;
#3169 = DIRECTION ( 'NONE',  ( -0.000000000000000000, -0.000000000000000000, -1.000000000000000000 ) ) ;
#3170 = DIRECTION ( 'NONE',  ( -0.000000000000000000, -0.000000000000000000, -1.000000000000000000 ) ) ;
#3171 = CARTESIAN_POINT ( 'NONE',  ( -20.50000000000000000, 3.851648071345041835, -38.00000000000000000 ) ) ;
#3172 = ORIENTED_EDGE ( 'NONE', *, *, #3782, .F. ) ;
#3173 = DIRECTION ( 'NONE',  ( -0.000000000000000000, -0.000000000000000000, 1.000000000000000000 ) ) ;
#3174 = AXIS2_PLACEMENT_3D ( 'NONE', #1260, #2259, #2576 ) ;
#3175 = CARTESIAN_POINT ( 'NONE',  ( -7.500126171985817436, -23.05401922326761266, -47.60337743260400600 ) ) ;
#3176 = ORIENTED_EDGE ( 'NONE', *, *, #1635, .T. ) ;
#3177 = ORIENTED_EDGE ( 'NONE', *, *, #884, .T. ) ;
#3178 = CARTESIAN_POINT ( 'NONE',  ( 0.5466333698683003561, 27.12500000000000711, -6.800000000000002487 ) ) ;
#3179 = CARTESIAN_POINT ( 'NONE',  ( 11.16977105015743987, -2.682583975203066018, -14.05320162525413608 ) ) ;
#3180 = DIRECTION ( 'NONE',  ( -1.000000000000000000, 0.000000000000000000, 0.000000000000000000 ) ) ;
#3181 = CARTESIAN_POINT ( 'NONE',  ( -6.546633369868302132, 21.87500000000000711, -14.80000000000000782 ) ) ;
#3182 = VERTEX_POINT ( 'NONE', #1410 ) ;
#3183 = AXIS2_PLACEMENT_3D ( 'NONE', #2196, #3792, #1891 ) ;
#3184 = EDGE_CURVE ( 'NONE', #135, #791, #465, .T. ) ;
#3185 = CARTESIAN_POINT ( 'NONE',  ( -7.500000000000000888, -58.69318445466325329, -45.75267965576891527 ) ) ;
#3186 = VECTOR ( 'NONE', #1374, 1000.000000000000000 ) ;
#3187 = ORIENTED_EDGE ( 'NONE', *, *, #2781, .F. ) ;
#3188 = DIRECTION ( 'NONE',  ( -1.000000000000000000, -0.000000000000000000, -0.000000000000000000 ) ) ;
#3189 = EDGE_CURVE ( 'NONE', #3202, #2164, #1325, .T. ) ;
#3190 = CARTESIAN_POINT ( 'NONE',  ( 7.500000000000000888, -57.00000000000000000, -44.68819555420293455 ) ) ;
#3191 = CARTESIAN_POINT ( 'NONE',  ( -15.20313018166439356, -1.440044389182707496, -13.17162707405734423 ) ) ;
#3192 = CARTESIAN_POINT ( 'NONE',  ( 10.67639607966406423, -0.4021900081681561434, -12.94037633478703597 ) ) ;
#3193 = EDGE_LOOP ( 'NONE', ( #2852, #1702, #944, #2033 ) ) ;
#3194 = DIRECTION ( 'NONE',  ( -0.000000000000000000, -0.000000000000000000, 1.000000000000000000 ) ) ;
#3195 = CARTESIAN_POINT ( 'NONE',  ( -20.12562435858891519, 4.210274008825537348E-05, -35.76759795422129429 ) ) ;
#3196 = ORIENTED_EDGE ( 'NONE', *, *, #1686, .F. ) ;
#3197 = ORIENTED_EDGE ( 'NONE', *, *, #507, .T. ) ;
#3198 = CARTESIAN_POINT ( 'NONE',  ( 7.500000000000000888, -62.92614559132137231, -48.41388990968385997 ) ) ;
#3199 = B_SPLINE_CURVE_WITH_KNOTS ( 'NONE', 3,
 ( #919, #2186, #717, #325, #3552, #2608, #1597, #2543, #365, #3255, #2276, #2860, #2880, #1317, #3873, #3195, #1275, #3831, #3235, #1945, #343, #3530, #965, #1906, #3854, #1981, #1255, #2917, #2234, #1966 ),
 .UNSPECIFIED., .F., .F.,
 ( 4, 2, 2, 2, 2, 2, 2, 2, 2, 2, 2, 2, 2, 2, 4 ),
 ( 0.002357782176183500188, 0.003143314928519356372, 0.003536081304687284030, 0.003928847680855211688, 0.004321614057023139346, 0.004714380433191067005, 0.005107146809358994663, 0.005499913185526922321, 0.005892679561694849980, 0.006285445937862778505, 0.007070978690198634689, 0.007463745066366563215, 0.007856511442534491740, 0.008249277818702421133, 0.008642044194870348792 ),
 .UNSPECIFIED. ) ;
#3200 = CARTESIAN_POINT ( 'NONE',  ( -15.59999999999999787, 7.500000000000000000, 14.88122107133281524 ) ) ;
#3201 = DIRECTION ( 'NONE',  ( 0.000000000000000000, 1.000000000000000000, -0.000000000000000000 ) ) ;
#3202 = VERTEX_POINT ( 'NONE', #3016 ) ;
#3203 = CIRCLE ( 'NONE', #2329, 1.000000000000000888 ) ;
#3204 = FACE_OUTER_BOUND ( 'NONE', #2351, .T. ) ;
#3205 = ORIENTED_EDGE ( 'NONE', *, *, #3189, .T. ) ;
#3206 = EDGE_CURVE ( 'NONE', #1258, #2722, #4131, .T. ) ;
#3207 = CARTESIAN_POINT ( 'NONE',  ( 12.50000000000000000, -25.61478525070589640, -43.30839056974210166 ) ) ;
#3208 = CARTESIAN_POINT ( 'NONE',  ( -13.88912077617910157, -5.448322783575850536, -14.94439286626363206 ) ) ;
#3209 = DIRECTION ( 'NONE',  ( -1.000000000000000000, 2.668805347656628651E-16, 0.000000000000000000 ) ) ;
#3211 = VERTEX_POINT ( 'NONE', #162 ) ;
#3210 = DIRECTION ( 'NONE',  ( -1.000000000000000000, -0.000000000000000000, -0.000000000000000000 ) ) ;
#3212 = CARTESIAN_POINT ( 'NONE',  ( -7.500000000000000000, -28.56248979458095860, -27.96599674116827217 ) ) ;
#3213 = CARTESIAN_POINT ( 'NONE',  ( -1.199999999999999734, 24.50000000000000000, -59.56998842140697548 ) ) ;
#3214 = AXIS2_PLACEMENT_3D ( 'NONE', #702, #2398, #1402 ) ;
#3215 = VERTEX_POINT ( 'NONE', #1732 ) ;
#3216 = EDGE_CURVE ( 'NONE', #1797, #3316, #831, .T. ) ;
#3217 = ORIENTED_EDGE ( 'NONE', *, *, #3366, .T. ) ;
#3218 = DIRECTION ( 'NONE',  ( 0.000000000000000000, 1.000000000000000000, -0.000000000000000000 ) ) ;
#3219 = VECTOR ( 'NONE', #2356, 1000.000000000000114 ) ;
#3220 = B_SPLINE_CURVE_WITH_KNOTS ( 'NONE', 3,
 ( #3731, #3434, #4111, #2200, #865, #4046, #581, #2136, #2766, #3795 ),
 .UNSPECIFIED., .F., .F.,
 ( 4, 2, 2, 2, 4 ),
 ( 3.878959614448864246E-18, 0.0005894455440458773237, 0.001178891088091750744, 0.001768336632137624057, 0.002357782176183497586 ),
 .UNSPECIFIED. ) ;
#3221 = CARTESIAN_POINT ( 'NONE',  ( 12.50000000000000533, 2.000000000000000000, -20.90000000000000924 ) ) ;
#3222 = CARTESIAN_POINT ( 'NONE',  ( -7.500000000000000000, -52.26104122192602830, 38.96161228923899245 ) ) ;
#3223 = ORIENTED_EDGE ( 'NONE', *, *, #1829, .F. ) ;
#3224 = LINE ( 'NONE', #2534, #1957 ) ;
#3225 = ORIENTED_EDGE ( 'NONE', *, *, #147, .F. ) ;
#3226 = CARTESIAN_POINT ( 'NONE',  ( 12.26227158840261566, -49.73080506896989306, -55.89392168242843439 ) ) ;
#3227 = LINE ( 'NONE', #2930, #1569 ) ;
#3228 = VECTOR ( 'NONE', #2423, 1000.000000000000000 ) ;
#3229 = CARTESIAN_POINT ( 'NONE',  ( -0.5533666301316991776, 27.12500000000000711, -6.800000000000002487 ) ) ;
#3230 = B_SPLINE_CURVE_WITH_KNOTS ( 'NONE', 3,
 ( #4124, #2215, #1301, #2317 ),
 .UNSPECIFIED., .F., .F.,
 ( 4, 4 ),
 ( 0.0002124342378264673203, 0.002139676688401265323 ),
 .UNSPECIFIED. ) ;
#3232 = EDGE_LOOP ( 'NONE', ( #3172, #3481, #2177, #2039 ) ) ;
#3231 = CARTESIAN_POINT ( 'NONE',  ( -0.5533666301316991776, 27.12500000000000711, -59.56998842140697548 ) ) ;
#3233 = CARTESIAN_POINT ( 'NONE',  ( 7.500000000000000888, -26.89356550409317137, -32.67924315023918780 ) ) ;
#3234 = EDGE_CURVE ( 'NONE', #700, #1141, #3257, .T. ) ;
#3235 = CARTESIAN_POINT ( 'NONE',  ( -20.14569154476155077, 0.1033923839865550920, -35.25193779421670115 ) ) ;
#3236 = VERTEX_POINT ( 'NONE', #3972 ) ;
#3237 = ORIENTED_EDGE ( 'NONE', *, *, #3905, .F. ) ;
#3238 = CARTESIAN_POINT ( 'NONE',  ( -10.00331581901592060, -11.50552233521456102, -43.02982898859947625 ) ) ;
#3239 = AXIS2_PLACEMENT_3D ( 'NONE', #3090, #214, #2758 ) ;
#3240 = ADVANCED_FACE ( 'NONE', ( #3352 ), #1972, .T. ) ;
#3241 = DIRECTION ( 'NONE',  ( 0.000000000000000000, 0.000000000000000000, -1.000000000000000000 ) ) ;
#3242 = DIRECTION ( 'NONE',  ( -1.000000000000000000, -0.000000000000000000, 0.000000000000000000 ) ) ;
#3243 = VERTEX_POINT ( 'NONE', #912 ) ;
#3244 = EDGE_CURVE ( 'NONE', #2420, #1097, #2919, .T. ) ;
#3245 = CARTESIAN_POINT ( 'NONE',  ( -7.446633369868306040, 27.12499999999999645, -59.56998842140697548 ) ) ;
#3246 = UNCERTAINTY_MEASURE_WITH_UNIT (LENGTH_MEASURE( 1.000000000000000082E-05 ), #3694, 'distance_accuracy_value', 'NONE');
#3247 = ORIENTED_EDGE ( 'NONE', *, *, #3045, .F. ) ;
#3248 = VECTOR ( 'NONE', #3210, 1000.000000000000000 ) ;
#3249 = VECTOR ( 'NONE', #2295, 1000.000000000000000 ) ;
#3250 = FACE_OUTER_BOUND ( 'NONE', #3911, .T. ) ;
#3252 = ORIENTED_EDGE ( 'NONE', *, *, #2809, .F. ) ;
#3251 = CARTESIAN_POINT ( 'NONE',  ( -18.50000000000000355, 2.000000000000000000, -33.90000000000000568 ) ) ;
#3253 = CARTESIAN_POINT ( 'NONE',  ( 12.46106156332391457, 4.135616759322885194, -39.30602669673606897 ) ) ;
#3254 = MANIFOLD_SOLID_BREP ( '切除-拉伸10', #1169 ) ;
#3255 = CARTESIAN_POINT ( 'NONE',  ( -20.17613168110424482, 0.2662230877958996489, -36.90547994601257642 ) ) ;
#3256 = DIRECTION ( 'NONE',  ( 0.000000000000000000, 0.000000000000000000, -1.000000000000000000 ) ) ;
#3257 = CIRCLE ( 'NONE', #3796, 1.000000000000000888 ) ;
#3258 = ORIENTED_EDGE ( 'NONE', *, *, #3136, .F. ) ;
#3259 = ADVANCED_FACE ( 'NONE', ( #3145 ), #3456, .T. ) ;
#3260 = CYLINDRICAL_SURFACE ( 'NONE', #1200, 2.000000000000001776 ) ;
#3261 = CARTESIAN_POINT ( 'NONE',  ( -7.500000000000000888, -42.38602475399277125, -36.89145063215699594 ) ) ;
#3262 = ORIENTED_EDGE ( 'NONE', *, *, #3244, .T. ) ;
#3263 = EDGE_CURVE ( 'NONE', #3048, #4118, #1119, .T. ) ;
#3264 = CARTESIAN_POINT ( 'NONE',  ( 7.500000000000000888, -58.69318445466325329, -45.75267965576890816 ) ) ;
#3265 = ORIENTED_EDGE ( 'NONE', *, *, #2494, .F. ) ;
#3266 = CIRCLE ( 'NONE', #1537, 6.999999999999998224 ) ;
#3267 = APPROVAL_PERSON_ORGANIZATION ( #3715, #2710, #3542 ) ;
#3268 = LINE ( 'NONE', #3947, #2687 ) ;
#3269 = VECTOR ( 'NONE', #3739, 1000.000000000000000 ) ;
#3271 = VERTEX_POINT ( 'NONE', #1247 ) ;
#3270 = DIRECTION ( 'NONE',  ( 0.000000000000000000, 0.000000000000000000, 1.000000000000000000 ) ) ;
#3272 = CARTESIAN_POINT ( 'NONE',  ( -18.50000000000000355, 2.000000000000000000, -35.89999999999999858 ) ) ;
#3273 = FACE_BOUND ( 'NONE', #2918, .T. ) ;
#3274 = DIRECTION ( 'NONE',  ( 0.7071067811865505703, 8.659560562354969836E-17, -0.7071067811865444641 ) ) ;
#3275 = ORIENTED_EDGE ( 'NONE', *, *, #3409, .T. ) ;
#3276 = FACE_OUTER_BOUND ( 'NONE', #3996, .T. ) ;
#3277 = VECTOR ( 'NONE', #1773, 1000.000000000000000 ) ;
#3278 = CIRCLE ( 'NONE', #812, 4.999999999999997335 ) ;
#3279 = ORIENTED_EDGE ( 'NONE', *, *, #1943, .T. ) ;
#3280 = EDGE_CURVE ( 'NONE', #3514, #2951, #397, .T. ) ;
#3281 = DIRECTION ( 'NONE',  ( 0.000000000000000000, 0.000000000000000000, -1.000000000000000000 ) ) ;
#3282 = DIRECTION ( 'NONE',  ( -1.000000000000000000, 0.000000000000000000, 0.000000000000000000 ) ) ;
#3283 = ORIENTED_EDGE ( 'NONE', *, *, #1193, .T. ) ;
#3284 = AXIS2_PLACEMENT_3D ( 'NONE', #902, #3727, #2784 ) ;
#3285 = ADVANCED_FACE ( 'NONE', ( #871 ), #1525, .T. ) ;
#3286 = FACE_OUTER_BOUND ( 'NONE', #145, .T. ) ;
#3287 = CARTESIAN_POINT ( 'NONE',  ( -11.53128406593060085, -49.85026790919197026, -57.41346992783655878 ) ) ;
#3288 = CARTESIAN_POINT ( 'NONE',  ( -19.97226569527983031, -0.7770933765692018547, -16.17844399688921797 ) ) ;
#3290 = EDGE_LOOP ( 'NONE', ( #1628, #1883, #3875, #3120 ) ) ;
#3289 = FACE_OUTER_BOUND ( 'NONE', #1172, .T. ) ;
#3291 = AXIS2_PLACEMENT_3D ( 'NONE', #321, #1312, #587 ) ;
#3292 = DIRECTION ( 'NONE',  ( 0.000000000000000000, 0.000000000000000000, 1.000000000000000000 ) ) ;
#3293 = EDGE_CURVE ( 'NONE', #4113, #73, #2538, .T. ) ;
#3294 = VECTOR ( 'NONE', #2220, 1000.000000000000000 ) ;
#3295 = CARTESIAN_POINT ( 'NONE',  ( -10.50000000000000533, 24.50000000000000000, -6.800000000000002487 ) ) ;
#3296 = ORIENTED_EDGE ( 'NONE', *, *, #3478, .T. ) ;
#3297 = EDGE_LOOP ( 'NONE', ( #2969, #1575, #2172, #1923, #889 ) ) ;
#3298 = VECTOR ( 'NONE', #2195, 1000.000000000000000 ) ;
#3299 = FACE_OUTER_BOUND ( 'NONE', #2122, .T. ) ;
#3300 = VERTEX_POINT ( 'NONE', #2228 ) ;
#3301 = CIRCLE ( 'NONE', #2696, 20.00000000000000000 ) ;
#3302 = CARTESIAN_POINT ( 'NONE',  ( -8.546633369868304797, 21.87500000000000711, -14.80000000000000782 ) ) ;
#3303 = ORIENTED_EDGE ( 'NONE', *, *, #3136, .T. ) ;
#3304 = EDGE_CURVE ( 'NONE', #2435, #3211, #2243, .T. ) ;
#3305 = CARTESIAN_POINT ( 'NONE',  ( -20.38985497932554125, 1.739244140842046482, -21.90000000000001279 ) ) ;
#3306 = CARTESIAN_POINT ( 'NONE',  ( -14.64569927344222044, -14.63575181639444089, -25.97738598513831576 ) ) ;
#3307 = CARTESIAN_POINT ( 'NONE',  ( -19.32972637962623352, -2.925684059408332871, -18.08267585456395921 ) ) ;
#3309 = ORIENTED_EDGE ( 'NONE', *, *, #3891, .F. ) ;
#3308 = DIRECTION ( 'NONE',  ( 0.000000000000000000, 0.000000000000000000, 1.000000000000000000 ) ) ;
#3310 = ADVANCED_FACE ( 'NONE', ( #320 ), #4045, .T. ) ;
#3311 = DIRECTION ( 'NONE',  ( 0.000000000000000000, 0.000000000000000000, 1.000000000000000000 ) ) ;
#3312 = AXIS2_PLACEMENT_3D ( 'NONE', #1487, #1178, #2440 ) ;
#3313 = CARTESIAN_POINT ( 'NONE',  ( -12.69778121561344264, -21.85314917233313992, -30.44202653626384247 ) ) ;
#3314 = CARTESIAN_POINT ( 'NONE',  ( 7.600000000000001421, 2.000000000000000000, -19.90000000000000924 ) ) ;
#3315 = DIRECTION ( 'NONE',  ( 0.000000000000000000, 0.000000000000000000, 1.000000000000000000 ) ) ;
#3316 = VERTEX_POINT ( 'NONE', #652 ) ;
#3317 = DIRECTION ( 'NONE',  ( -1.000000000000000000, -0.000000000000000000, -0.000000000000000000 ) ) ;
#3318 = ORIENTED_EDGE ( 'NONE', *, *, #101, .F. ) ;
#3319 = CARTESIAN_POINT ( 'NONE',  ( -14.15066228686472272, -15.93874169616819891, -38.59498234984319254 ) ) ;
#3320 = CARTESIAN_POINT ( 'NONE',  ( 10.88993626746321119, -2.960293060154418843, -13.95543028878699410 ) ) ;
#3321 = ORIENTED_EDGE ( 'NONE', *, *, #1372, .T. ) ;
#3322 = CARTESIAN_POINT ( 'NONE',  ( -10.50000000000000000, 24.00000000000000000, 0.000000000000000000 ) ) ;
#3323 = CARTESIAN_POINT ( 'NONE',  ( -14.78341286395367327, -14.29146783999668102, -21.10092542355059209 ) ) ;
#3324 = ADVANCED_FACE ( 'NONE', ( #3800 ), #3103, .F. ) ;
#3325 = FACE_BOUND ( 'NONE', #1907, .T. ) ;
#3326 = ORIENTED_EDGE ( 'NONE', *, *, #2247, .F. ) ;
#3327 = ORIENTED_EDGE ( 'NONE', *, *, #3389, .F. ) ;
#3328 = VECTOR ( 'NONE', #2885, 1000.000000000000000 ) ;
#3329 = CARTESIAN_POINT ( 'NONE',  ( -18.50000000000000000, 6.500000000000000000, -40.00000000000000000 ) ) ;
#3330 = FACE_BOUND ( 'NONE', #2745, .T. ) ;
#3331 = CIRCLE ( 'NONE', #1677, 2.000000000000000888 ) ;
#3332 = CARTESIAN_POINT ( 'NONE',  ( 11.32230843335110215, -3.049207902818237059, -40.80296906364252152 ) ) ;
#3333 = EDGE_CURVE ( 'NONE', #1168, #700, #3757, .T. ) ;
#3334 = CARTESIAN_POINT ( 'NONE',  ( 12.50000000000000000, -13.79968390544198087, -43.63396646515118960 ) ) ;
#3335 = ORIENTED_EDGE ( 'NONE', *, *, #3, .F. ) ;
#3336 = ADVANCED_FACE ( 'NONE', ( #1226 ), #3440, .F. ) ;
#3337 = VERTEX_POINT ( 'NONE', #3847 ) ;
#3338 = CARTESIAN_POINT ( 'NONE',  ( -20.50000000000001066, 3.776398207177968924, -18.95976108027356943 ) ) ;
#3339 = AXIS2_PLACEMENT_3D ( 'NONE', #463, #3734, #1496 ) ;
#3340 = CARTESIAN_POINT ( 'NONE',  ( 12.50000000000000000, 0.9517243909168762173, -15.30000000000000071 ) ) ;
#3341 = CARTESIAN_POINT ( 'NONE',  ( -18.00000000000000355, 0.000000000000000000, -15.30000000000000071 ) ) ;
#3342 = ORIENTED_EDGE ( 'NONE', *, *, #2900, .T. ) ;
#3343 = CIRCLE ( 'NONE', #1554, 39.21139182335095086 ) ;
#3344 = AXIS2_PLACEMENT_3D ( 'NONE', #375, #2943, #2225 ) ;
#3345 = CARTESIAN_POINT ( 'NONE',  ( -8.546633369868304797, 21.87500000000000711, -14.80000000000000782 ) ) ;
#3346 = CARTESIAN_POINT ( 'NONE',  ( -9.783440855067217612, -49.96229218018485341, -58.99676231746080646 ) ) ;
#3347 = LINE ( 'NONE', #2115, #3298 ) ;
#3348 = VERTEX_POINT ( 'NONE', #1368 ) ;
#3349 = AXIS2_PLACEMENT_3D ( 'NONE', #1196, #3067, #3388 ) ;
#3350 = DIRECTION ( 'NONE',  ( 0.000000000000000000, 0.000000000000000000, 1.000000000000000000 ) ) ;
#3351 = PERSON_AND_ORGANIZATION_ROLE ( 'design_owner' ) ;
#3352 = FACE_OUTER_BOUND ( 'NONE', #3152, .T. ) ;
#3353 = CARTESIAN_POINT ( 'NONE',  ( -18.50000000000000000, 6.500000000000000000, -40.00000000000000000 ) ) ;
#3354 = EDGE_LOOP ( 'NONE', ( #3318, #3661, #1868, #27 ) ) ;
#3355 =( BOUNDED_SURFACE ( )  B_SPLINE_SURFACE ( 3, 2, ( 
 ( #657, #2255, #3575 ),
 ( #5, #677, #2522 ),
 ( #1617, #943, #3175 ),
 ( #1926, #634, #385 ) ),
 .UNSPECIFIED., .F., .F., .F. ) 
 B_SPLINE_SURFACE_WITH_KNOTS ( ( 4, 4 ),
 ( 3, 3 ),
 ( 2.927345865710861972E-18, 0.0001908369706277171713 ),
 ( 0.000000000000000000, 1.000000000000000000 ),
 .UNSPECIFIED. ) 
 GEOMETRIC_REPRESENTATION_ITEM ( )  RATIONAL_B_SPLINE_SURFACE ( (
 ( 1.000000000000000000, 0.7071067811865474617, 1.000000000000000000),
 ( 1.000000000000000000, 0.7068206874105023019, 1.000000000000000000),
 ( 1.000000000000000000, 0.7065337414464648580, 1.000000000000000000),
 ( 1.000000000000000000, 0.7062459429441257930, 1.000000000000000000) ) ) 
 REPRESENTATION_ITEM ( '' )  SURFACE ( )  );
#3356 = CARTESIAN_POINT ( 'NONE',  ( 12.50000000000000533, 2.000000000000000000, -19.90000000000000924 ) ) ;
#3357 = ADVANCED_FACE ( 'NONE', ( #2248 ), #3927, .F. ) ;
#3358 = CIRCLE ( 'NONE', #3021, 2.500000000000000444 ) ;
#3359 = AXIS2_PLACEMENT_3D ( 'NONE', #3791, #925, #3475 ) ;
#3360 = VERTEX_POINT ( 'NONE', #417 ) ;
#3361 = CARTESIAN_POINT ( 'NONE',  ( -20.43240002298866997, 2.196807480841314053, -17.90000000000000213 ) ) ;
#3362 = EDGE_CURVE ( 'NONE', #3094, #4113, #650, .T. ) ;
#3363 = CARTESIAN_POINT ( 'NONE',  ( -6.000000000000001776, 19.25000000000000000, -14.80000000000000782 ) ) ;
#3364 = CARTESIAN_POINT ( 'NONE',  ( 1.646633369868302665, 21.87500000000000000, -14.80000000000000782 ) ) ;
#3365 = ORIENTED_EDGE ( 'NONE', *, *, #3960, .F. ) ;
#3366 = EDGE_CURVE ( 'NONE', #498, #3678, #378, .T. ) ;
#3367 = AXIS2_PLACEMENT_3D ( 'NONE', #3837, #1578, #663 ) ;
#3368 = AXIS2_PLACEMENT_3D ( 'NONE', #2472, #3482, #2450 ) ;
#3369 = CARTESIAN_POINT ( 'NONE',  ( -20.12562435858892229, 4.210274008775634233E-05, -19.76759795422130495 ) ) ;
#3370 = DIRECTION ( 'NONE',  ( 0.000000000000000000, 0.000000000000000000, 1.000000000000000000 ) ) ;
#3371 = ORIENTED_EDGE ( 'NONE', *, *, #1943, .F. ) ;
#3372 = B_SPLINE_CURVE_WITH_KNOTS ( 'NONE', 3,
 ( #1888, #4126, #1601, #2218, #3494, #639, #1911, #3857, #3179, #1930 ),
 .UNSPECIFIED., .F., .F.,
 ( 4, 2, 2, 2, 4 ),
 ( 9.757819552369539906E-19, 0.001131972189205497810, 0.002263944378410994319, 0.003395916567616491261, 0.004527888756821989505 ),
 .UNSPECIFIED. ) ;
#3373 = VERTEX_POINT ( 'NONE', #3887 ) ;
#3374 = DIRECTION ( 'NONE',  ( -1.000000000000000000, 0.000000000000000000, 0.000000000000000000 ) ) ;
#3375 = CARTESIAN_POINT ( 'NONE',  ( -9.177133666886074792, -13.79968390544198087, -43.63396646515118960 ) ) ;
#3376 = CARTESIAN_POINT ( 'NONE',  ( -20.26348006880252939, 1.236952098726240123, -14.64329781131496588 ) ) ;
#3377 = CARTESIAN_POINT ( 'NONE',  ( 10.50000000000000000, 2.000000000000000000, -37.90000000000001279 ) ) ;
#3378 = ORIENTED_EDGE ( 'NONE', *, *, #3744, .T. ) ;
#3379 = DIRECTION ( 'NONE',  ( 0.000000000000000000, 0.000000000000000000, -1.000000000000000000 ) ) ;
#3380 = VECTOR ( 'NONE', #193, 1000.000000000000000 ) ;
#3381 = DIRECTION ( 'NONE',  ( -1.000000000000000000, -0.000000000000000000, -0.000000000000000000 ) ) ;
#3382 =( BOUNDED_SURFACE ( )  B_SPLINE_SURFACE ( 3, 2, ( 
 ( #171, #1053, #1440 ),
 ( #3319, #3620, #1701 ),
 ( #739, #2006, #2714 ),
 ( #434, #3640, #757 ) ),
 .UNSPECIFIED., .F., .F., .F. ) 
 B_SPLINE_SURFACE_WITH_KNOTS ( ( 4, 4 ),
 ( 3, 3 ),
 ( 5.023212924997171314, 5.092895357497054576 ),
 ( 0.000000000000000000, 1.000000000000000000 ),
 .UNSPECIFIED. ) 
 GEOMETRIC_REPRESENTATION_ITEM ( )  RATIONAL_B_SPLINE_SURFACE ( (
 ( 1.000000000000000000, 0.6790123091341117023, 1.000000000000000000),
 ( 1.000000000000000000, 0.6769388711909648526, 1.000000000000000000),
 ( 1.000000000000000000, 0.6748791354214250804, 1.000000000000000000),
 ( 1.000000000000000000, 0.6728385488551352767, 1.000000000000000000) ) ) 
 REPRESENTATION_ITEM ( '' )  SURFACE ( )  );
#3383 = VECTOR ( 'NONE', #1694, 1000.000000000000000 ) ;
#3384 = EDGE_CURVE ( 'NONE', #3040, #1400, #980, .T. ) ;
#3385 = ORIENTED_EDGE ( 'NONE', *, *, #1241, .T. ) ;
#3386 = CARTESIAN_POINT ( 'NONE',  ( -20.41410051746963106, 2.000000000000000000, -17.90000000000000213 ) ) ;
#3387 = CARTESIAN_POINT ( 'NONE',  ( -12.50000000000000000, -58.69318445466323197, -45.75267965576890106 ) ) ;
#3388 = DIRECTION ( 'NONE',  ( 1.000000000000000000, 0.000000000000000000, 0.000000000000000000 ) ) ;
#3389 = EDGE_CURVE ( 'NONE', #1264, #3738, #1156, .T. ) ;
#3390 = LINE ( 'NONE', #578, #258 ) ;
#3391 = VERTEX_POINT ( 'NONE', #3867 ) ;
#3392 = LINE ( 'NONE', #2850, #4088 ) ;
#3393 = DIRECTION ( 'NONE',  ( 1.000000000000000000, 0.000000000000000000, -0.000000000000000000 ) ) ;
#3394 = VERTEX_POINT ( 'NONE', #1311 ) ;
#3395 = VERTEX_POINT ( 'NONE', #39 ) ;
#3396 = FACE_OUTER_BOUND ( 'NONE', #940, .T. ) ;
#3397 = APPROVAL_STATUS ( 'not_yet_approved' ) ;
#3398 = DIRECTION ( 'NONE',  ( -0.000000000000000000, -0.000000000000000000, -1.000000000000000000 ) ) ;
#3399 = DIRECTION ( 'NONE',  ( 0.000000000000000000, 0.000000000000000000, 1.000000000000000000 ) ) ;
#3400 = EDGE_LOOP ( 'NONE', ( #1675, #3571, #2739, #1315 ) ) ;
#3401 = DIRECTION ( 'NONE',  ( -1.000000000000000000, 2.668805347656628651E-16, 0.000000000000000000 ) ) ;
#3402 = FACE_OUTER_BOUND ( 'NONE', #1256, .T. ) ;
#3403 = EDGE_LOOP ( 'NONE', ( #668, #2711, #2223, #2857 ) ) ;
#3404 = CARTESIAN_POINT ( 'NONE',  ( -16.75179219500363459, -7.219716067187596842, -39.11227263585568892 ) ) ;
#3405 = DIRECTION ( 'NONE',  ( -1.000000000000000000, 0.000000000000000000, 0.000000000000000000 ) ) ;
#3406 = CARTESIAN_POINT ( 'NONE',  ( 7.500000000000000888, -22.99727922784137846, -47.56851524165816869 ) ) ;
#3407 = PLANE ( 'NONE',  #3312 ) ;
#3408 = VERTEX_POINT ( 'NONE', #3207 ) ;
#3409 = EDGE_CURVE ( 'NONE', #509, #3394, #3677, .T. ) ;
#3410 = CYLINDRICAL_SURFACE ( 'NONE', #3909, 1.000000000000000888 ) ;
#3411 = AXIS2_PLACEMENT_3D ( 'NONE', #2054, #159, #3374 ) ;
#3412 = DIRECTION ( 'NONE',  ( 0.000000000000000000, -1.000000000000000000, -0.000000000000000000 ) ) ;
#3413 = ORIENTED_EDGE ( 'NONE', *, *, #4007, .F. ) ;
#3414 = ORIENTED_EDGE ( 'NONE', *, *, #3112, .T. ) ;
#3415 = CONICAL_SURFACE ( 'NONE', #880, 6.500000000000005329, 0.7853981633974526089 ) ;
#3416 = CARTESIAN_POINT ( 'NONE',  ( -20.49245906889590785, 3.278588039923929998, -37.45050611165111576 ) ) ;
#3417 = EDGE_CURVE ( 'NONE', #2164, #3202, #741, .T. ) ;
#3418 = VECTOR ( 'NONE', #2284, 1000.000000000000000 ) ;
#3419 = CARTESIAN_POINT ( 'NONE',  ( -20.16983963547949443, 0.1346244040640913742, -15.80021273890771738 ) ) ;
#3420 = ORIENTED_EDGE ( 'NONE', *, *, #839, .T. ) ;
#3421 = ADVANCED_FACE ( 'NONE', ( #2948 ), #549, .T. ) ;
#3422 = CARTESIAN_POINT ( 'NONE',  ( -4.000000000000000000, 24.50000000000000000, -12.80000000000000249 ) ) ;
#3423 = DIRECTION ( 'NONE',  ( -0.000000000000000000, -0.000000000000000000, 1.000000000000000000 ) ) ;
#3424 = ORIENTED_EDGE ( 'NONE', *, *, #675, .F. ) ;
#3425 = CIRCLE ( 'NONE', #825, 2.000000000000001776 ) ;
#3426 = CARTESIAN_POINT ( 'NONE',  ( -16.53499543646267966, -6.928049953788070425, -39.50899917028498720 ) ) ;
#3427 = DIRECTION ( 'NONE',  ( 0.000000000000000000, 0.000000000000000000, 1.000000000000000000 ) ) ;
#3428 = CIRCLE ( 'NONE', #571, 5.000000000000000000 ) ;
#3429 = CARTESIAN_POINT ( 'NONE',  ( 10.98166342752868019, 0.9517243909168746629, -13.00079646071674766 ) ) ;
#3430 = CARTESIAN_POINT ( 'NONE',  ( -20.48035300313971874, 2.950473865411148644, -34.12937095712765512 ) ) ;
#3431 = ORIENTED_EDGE ( 'NONE', *, *, #3676, .T. ) ;
#3432 = VECTOR ( 'NONE', #3915, 1000.000000000000000 ) ;
#3433 = LINE ( 'NONE', #3794, #2564 ) ;
#3434 = CARTESIAN_POINT ( 'NONE',  ( -20.50000000000000000, 3.776319002792202895, -20.84043293583069811 ) ) ;
#3435 = EDGE_LOOP ( 'NONE', ( #3712, #2116 ) ) ;
#3436 = ADVANCED_FACE ( 'NONE', ( #398 ), #2929, .F. ) ;
#3437 = ORIENTED_EDGE ( 'NONE', *, *, #3623, .T. ) ;
#3438 = CARTESIAN_POINT ( 'NONE',  ( -20.50000000000000000, 3.776319002792202451, -36.84043293583070522 ) ) ;
#3439 = APPLICATION_PROTOCOL_DEFINITION ( 'international standard', 'config_control_design', 1994, #1843 ) ;
#3440 = CYLINDRICAL_SURFACE ( 'NONE', #2776, 2.000000000000003553 ) ;
#3441 = CARTESIAN_POINT ( 'NONE',  ( -17.90917020558337569, -6.477074486041551893, -20.27933090097022983 ) ) ;
#3442 = CARTESIAN_POINT ( 'NONE',  ( -15.59999999999999609, 19.31717597600972880, -17.80000000000000426 ) ) ;
#3443 = VERTEX_POINT ( 'NONE', #3907 ) ;
#3444 = CARTESIAN_POINT ( 'NONE',  ( 0.5466333698683003561, 27.12500000000000711, -59.56998842140697548 ) ) ;
#3445 = CYLINDRICAL_SURFACE ( 'NONE', #2851, 1.000000000000000888 ) ;
#3446 = EDGE_LOOP ( 'NONE', ( #2306, #1946 ) ) ;
#3447 = TOROIDAL_SURFACE ( 'NONE', #2173, 46.83023956003085431, 5.000000000000000000 ) ;
#3448 = CARTESIAN_POINT ( 'NONE',  ( 9.012554197933338784, -6.559485751691390476, -15.67916951476825638 ) ) ;
#3449 = CIRCLE ( 'NONE', #2041, 17.50000000000000000 ) ;
#3450 = CARTESIAN_POINT ( 'NONE',  ( -20.07072719608475353, 0.7009907043517838998, -14.81428089476388799 ) ) ;
#3451 = CARTESIAN_POINT ( 'NONE',  ( -17.99984777297098404, 3.778655449509106923, -12.80000000000000249 ) ) ;
#3452 = FACE_OUTER_BOUND ( 'NONE', #1956, .T. ) ;
#3453 = ORIENTED_EDGE ( 'NONE', *, *, #3676, .F. ) ;
#3454 = CARTESIAN_POINT ( 'NONE',  ( -6.000000000000000888, 29.75000000000000355, -14.80000000000000782 ) ) ;
#3455 = DIRECTION ( 'NONE',  ( -1.000000000000000000, -0.000000000000000000, 0.000000000000000000 ) ) ;
#3456 = CONICAL_SURFACE ( 'NONE', #1662, 6.500000000000005329, 0.7853981633974526089 ) ;
#3457 = ORIENTED_EDGE ( 'NONE', *, *, #2806, .F. ) ;
#3458 = VERTEX_POINT ( 'NONE', #1611 ) ;
#3459 = EDGE_CURVE ( 'NONE', #1264, #3408, #3565, .T. ) ;
#3460 = CALENDAR_DATE ( 2026, 22, 5 ) ;
#3461 = CARTESIAN_POINT ( 'NONE',  ( -18.24279817871213538, 1.787769126257463759, -12.82229973836635928 ) ) ;
#3462 = CARTESIAN_POINT ( 'NONE',  ( -15.89471130546423971, 0.6695673570622688864, -12.52415204169954954 ) ) ;
#3463 = FACE_OUTER_BOUND ( 'NONE', #2214, .T. ) ;
#3464 = ORIENTED_EDGE ( 'NONE', *, *, #805, .T. ) ;
#3465 = DIRECTION ( 'NONE',  ( -1.000000000000000000, -0.000000000000000000, 0.000000000000000000 ) ) ;
#3466 = EDGE_CURVE ( 'NONE', #2924, #1618, #3527, .T. ) ;
#3467 = FACE_OUTER_BOUND ( 'NONE', #2595, .T. ) ;
#3468 = ORIENTED_EDGE ( 'NONE', *, *, #3459, .T. ) ;
#3469 = ORIENTED_EDGE ( 'NONE', *, *, #1171, .T. ) ;
#3470 = CARTESIAN_POINT ( 'NONE',  ( 0.000000000000000000, 34.00000000000000000, 0.000000000000000000 ) ) ;
#3471 = AXIS2_PLACEMENT_3D ( 'NONE', #922, #1949, #4104 ) ;
#3472 = ADVANCED_FACE ( 'NONE', ( #3289, #1709 ), #1632, .T. ) ;
#3473 = VECTOR ( 'NONE', #790, 1000.000000000000000 ) ;
#3474 = CARTESIAN_POINT ( 'NONE',  ( -18.34390979013056722, 1.297723559749210498, -12.95447211691328881 ) ) ;
#3475 = DIRECTION ( 'NONE',  ( 1.000000000000000000, 0.000000000000000000, 0.000000000000000000 ) ) ;
#3476 = CARTESIAN_POINT ( 'NONE',  ( -8.532276381497990059, -15.76646363517373040, -44.21281618384190892 ) ) ;
#3477 = ORIENTED_EDGE ( 'NONE', *, *, #2556, .T. ) ;
#3478 = EDGE_CURVE ( 'NONE', #3094, #326, #1293, .T. ) ;
#3479 = CYLINDRICAL_SURFACE ( 'NONE', #1145, 1.000000000000000888 ) ;
#3480 = VERTEX_POINT ( 'NONE', #2585 ) ;
#3481 = ORIENTED_EDGE ( 'NONE', *, *, #4059, .T. ) ;
#3482 = DIRECTION ( 'NONE',  ( -1.000000000000000000, -0.000000000000000000, 0.000000000000000000 ) ) ;
#3483 = DIRECTION ( 'NONE',  ( -1.000000000000000000, -0.000000000000000000, 0.000000000000000000 ) ) ;
#3484 = CARTESIAN_POINT ( 'NONE',  ( 12.01770280524395140, 0.3915566956764119366, -39.89688865983862343 ) ) ;
#3485 = ORIENTED_EDGE ( 'NONE', *, *, #437, .T. ) ;
#3486 = AXIS2_PLACEMENT_3D ( 'NONE', #3118, #2175, #3073 ) ;
#3487 = CARTESIAN_POINT ( 'NONE',  ( 10.50000000000000000, 2.000000000000000444, -33.90000000000000568 ) ) ;
#3488 = CIRCLE ( 'NONE', #2016, 6.999999999999998224 ) ;
#3489 = DIRECTION ( 'NONE',  ( -1.000000000000000000, 0.000000000000000000, 0.000000000000000000 ) ) ;
#3490 = ORIENTED_EDGE ( 'NONE', *, *, #3384, .F. ) ;
#3491 = EDGE_CURVE ( 'NONE', #3154, #2157, #1941, .T. ) ;
#3492 = CARTESIAN_POINT ( 'NONE',  ( -12.50000000000000000, -49.58383499913627901, -54.21912426924463801 ) ) ;
#3493 = AXIS2_PLACEMENT_3D ( 'NONE', #1486, #241, #1866 ) ;
#3494 = CARTESIAN_POINT ( 'NONE',  ( 12.22898916532784064, -0.8140449280260447784, -14.70141529718830498 ) ) ;
#3495 = LINE ( 'NONE', #2528, #2342 ) ;
#3496 = DIRECTION ( 'NONE',  ( 0.000000000000000000, 0.000000000000000000, 1.000000000000000000 ) ) ;
#3497 = CARTESIAN_POINT ( 'NONE',  ( -0.5000000000000004441, 3.851648071345041835, -38.00000000000000000 ) ) ;
#3498 = ORIENTED_EDGE ( 'NONE', *, *, #613, .T. ) ;
#3499 = ADVANCED_FACE ( 'NONE', ( #2566 ), #381, .F. ) ;
#3500 = AXIS2_PLACEMENT_3D ( 'NONE', #3039, #872, #1454 ) ;
#3501 = DIRECTION ( 'NONE',  ( 1.174882729065328386E-15, -0.5322420507829883629, 0.8465922273316232038 ) ) ;
#3502 = EDGE_CURVE ( 'NONE', #3458, #188, #3547, .T. ) ;
#3503 = VERTEX_POINT ( 'NONE', #42 ) ;
#3504 = AXIS2_PLACEMENT_3D ( 'NONE', #2282, #2866, #352 ) ;
#3505 = FACE_OUTER_BOUND ( 'NONE', #1506, .T. ) ;
#3506 = AXIS2_PLACEMENT_3D ( 'NONE', #1432, #3256, #2369 ) ;
#3507 = APPROVAL_ROLE ( '' ) ;
#3508 = DIRECTION ( 'NONE',  ( -1.000000000000000000, 0.000000000000000000, 0.000000000000000000 ) ) ;
#3509 = DIRECTION ( 'NONE',  ( 0.000000000000000000, 0.000000000000000000, 1.000000000000000000 ) ) ;
#3510 = CARTESIAN_POINT ( 'NONE',  ( 12.32047652501956847, 0.2655728928176036563, -13.52719875251611015 ) ) ;
#3511 = ORIENTED_EDGE ( 'NONE', *, *, #2862, .T. ) ;
#3512 = DIRECTION ( 'NONE',  ( -0.000000000000000000, -0.000000000000000000, 1.000000000000000000 ) ) ;
#3513 = ORIENTED_EDGE ( 'NONE', *, *, #1716, .F. ) ;
#3514 = VERTEX_POINT ( 'NONE', #1350 ) ;
#3515 = DIRECTION ( 'NONE',  ( -1.000000000000000000, -0.000000000000000000, 1.239088197126291063E-16 ) ) ;
#3516 = LINE ( 'NONE', #2865, #2241 ) ;
#3517 = DIRECTION ( 'NONE',  ( 1.000000000000000000, 0.000000000000000000, 0.000000000000000000 ) ) ;
#3518 = EDGE_LOOP ( 'NONE', ( #3987, #3490, #3689, #3809 ) ) ;
#3519 = VECTOR ( 'NONE', #2761, 1000.000000000000000 ) ;
#3520 = ADVANCED_FACE ( 'NONE', ( #2640 ), #2290, .F. ) ;
#3521 = DIRECTION ( 'NONE',  ( 0.000000000000000000, 0.000000000000000000, 1.000000000000000000 ) ) ;
#3522 = ORIENTED_EDGE ( 'NONE', *, *, #1661, .T. ) ;
#3523 = EDGE_CURVE ( 'NONE', #1963, #1841, #205, .T. ) ;
#3524 = CARTESIAN_POINT ( 'NONE',  ( 8.839577897142527618, -49.98820340665415074, -59.38829429828076911 ) ) ;
#3525 = CARTESIAN_POINT ( 'NONE',  ( -9.177133666886074792, -13.79968390544198265, -43.63396646515118249 ) ) ;
#3526 = CARTESIAN_POINT ( 'NONE',  ( 11.98005735770458813, -1.438525178210932509, -14.48648390023006094 ) ) ;
#3528 = EDGE_LOOP ( 'NONE', ( #1337, #1814 ) ) ;
#3527 = LINE ( 'NONE', #1689, #2644 ) ;
#3529 = FACE_OUTER_BOUND ( 'NONE', #302, .T. ) ;
#3530 = CARTESIAN_POINT ( 'NONE',  ( -20.24719473802537451, 0.6803671193319442700, -34.39152656119804874 ) ) ;
#3531 = ORIENTED_EDGE ( 'NONE', *, *, #2301, .F. ) ;
#3532 = ORIENTED_EDGE ( 'NONE', *, *, #2828, .F. ) ;
#3533 = CARTESIAN_POINT ( 'NONE',  ( 12.50000000000000355, 2.000000000000000000, -34.90000000000000568 ) ) ;
#3534 = CARTESIAN_POINT ( 'NONE',  ( -4.000000000000000000, 29.75000000000000355, -6.800000000000002487 ) ) ;
#3535 = CARTESIAN_POINT ( 'NONE',  ( 7.600000000000001421, 2.000000000000000000, -18.90000000000000568 ) ) ;
#3536 = CIRCLE ( 'NONE', #3667, 10.00000000000000000 ) ;
#3537 = ORIENTED_EDGE ( 'NONE', *, *, #2574, .T. ) ;
#3538 = AXIS2_PLACEMENT_3D ( 'NONE', #3444, #3194, #342 ) ;
#3539 = CARTESIAN_POINT ( 'NONE',  ( 12.50000000000000000, 11.50000000000000000, -22.80000000000000782 ) ) ;
#3540 = ORIENTED_EDGE ( 'NONE', *, *, #2999, .F. ) ;
#3541 = EDGE_CURVE ( 'NONE', #1288, #1655, #2709, .T. ) ;
#3542 = APPROVAL_ROLE ( '' ) ;
#3543 = CARTESIAN_POINT ( 'NONE',  ( -4.000000000000000000, 19.25000000000000000, -14.80000000000000782 ) ) ;
#3544 =( BOUNDED_CURVE ( )  B_SPLINE_CURVE ( 3, ( #3025, #2106, #3679, #1483 ),
 .UNSPECIFIED., .F., .T. ) 
 B_SPLINE_CURVE_WITH_KNOTS ( ( 4, 4 ),
 ( 1.570796326794892783, 3.141592653589793116 ),
 .UNSPECIFIED. ) 
 CURVE ( )  GEOMETRIC_REPRESENTATION_ITEM ( )  RATIONAL_B_SPLINE_CURVE ( ( 1.000000000000000000, 0.8047378541243640493, 0.8047378541243640493, 1.000000000000000000 ) ) 
 REPRESENTATION_ITEM ( '' )  );
#3545 = CARTESIAN_POINT ( 'NONE',  ( -7.500000000000000000, -57.00000000000000000, -44.68819555420293455 ) ) ;
#3546 = DIRECTION ( 'NONE',  ( 0.000000000000000000, -0.2546552198818735069, 0.9670319120830059845 ) ) ;
#3548 = ORIENTED_EDGE ( 'NONE', *, *, #490, .T. ) ;
#3547 = LINE ( 'NONE', #399, #3248 ) ;
#3549 = ADVANCED_FACE ( 'NONE', ( #2620 ), #660, .T. ) ;
#3550 = CARTESIAN_POINT ( 'NONE',  ( -14.64569927344222577, -14.63575181639444978, -25.97738598513832287 ) ) ;
#3551 = AXIS2_PLACEMENT_3D ( 'NONE', #1874, #3142, #1564 ) ;
#3552 = CARTESIAN_POINT ( 'NONE',  ( -20.29571572540881519, 0.9982902302159608610, -37.63596005422834168 ) ) ;
#3553 = AXIS2_PLACEMENT_3D ( 'NONE', #798, #3050, #3946 ) ;
#3554 = ORIENTED_EDGE ( 'NONE', *, *, #3555, .F. ) ;
#3555 = EDGE_CURVE ( 'NONE', #2277, #1017, #99, .T. ) ;
#3556 = ORIENTED_EDGE ( 'NONE', *, *, #2297, .F. ) ;
#3557 = CARTESIAN_POINT ( 'NONE',  ( 12.50000000000000000, 24.00000000000000000, -12.80000000000000249 ) ) ;
#3558 = CIRCLE ( 'NONE', #1480, 1.100000000000000311 ) ;
#3559 = CARTESIAN_POINT ( 'NONE',  ( 0.5466333698683039088, 27.12500000000000000, -17.80000000000000782 ) ) ;
#3560 = CARTESIAN_POINT ( 'NONE',  ( -7.500000000000000000, -60.66737052537848029, -38.72578048733741696 ) ) ;
#3561 = ORIENTED_EDGE ( 'NONE', *, *, #289, .F. ) ;
#3562 = CARTESIAN_POINT ( 'NONE',  ( -7.500000000000000888, -58.04782015010813723, -42.98464839224136824 ) ) ;
#3563 = ORIENTED_EDGE ( 'NONE', *, *, #4090, .F. ) ;
#3564 = AXIS2_PLACEMENT_3D ( 'NONE', #2855, #3146, #1227 ) ;
#3565 = CIRCLE ( 'NONE', #1248, 106.6486471906048479 ) ;
#3566 = CARTESIAN_POINT ( 'NONE',  ( 11.53126084146891905, -49.85027039496029744, -57.41350327942678433 ) ) ;
#3567 = ADVANCED_FACE ( 'NONE', ( #3850 ), #745, .T. ) ;
#3568 = DIRECTION ( 'NONE',  ( -0.000000000000000000, -0.000000000000000000, -1.000000000000000000 ) ) ;
#3569 = CIRCLE ( 'NONE', #897, 4.999999999999996447 ) ;
#3571 = ORIENTED_EDGE ( 'NONE', *, *, #2140, .T. ) ;
#3570 = DIRECTION ( 'NONE',  ( -0.3607637268967852084, 0.9019093172419647697, 0.2375060353499983679 ) ) ;
#3572 = LINE ( 'NONE', #715, #1549 ) ;
#3573 = AXIS2_PLACEMENT_3D ( 'NONE', #105, #1411, #2684 ) ;
#3574 = B_SPLINE_CURVE_WITH_KNOTS ( 'NONE', 3,
 ( #1714, #139, #788, #1392, #1755, #3953 ),
 .UNSPECIFIED., .F., .F.,
 ( 4, 2, 4 ),
 ( 6.413933324946356688E-17, 0.002216157825184957107, 0.004432315650369850028 ),
 .UNSPECIFIED. ) ;
#3575 = CARTESIAN_POINT ( 'NONE',  ( -7.500000000000001776, -23.16759331903119801, -47.67294984492161092 ) ) ;
#3576 = FACE_BOUND ( 'NONE', #3435, .T. ) ;
#3577 = ORIENTED_EDGE ( 'NONE', *, *, #2689, .F. ) ;
#3578 = CARTESIAN_POINT ( 'NONE',  ( 12.50000000000000000, -22.99727922784137846, -47.56851524165816869 ) ) ;
#3579 = AXIS2_PLACEMENT_3D ( 'NONE', #1215, #1176, #3427 ) ;
#3580 = EDGE_CURVE ( 'NONE', #86, #1996, #2325, .T. ) ;
#3581 = CARTESIAN_POINT ( 'NONE',  ( 11.50000000000000000, 6.500000000000000000, -39.00000000000000000 ) ) ;
#3582 = EDGE_LOOP ( 'NONE', ( #854, #589, #179, #1934 ) ) ;
#3583 = CARTESIAN_POINT ( 'NONE',  ( 2.546633369868300356, 27.12500000000000000, -17.80000000000000782 ) ) ;
#3584 = DIRECTION ( 'NONE',  ( 0.000000000000000000, 0.000000000000000000, -1.000000000000000000 ) ) ;
#3585 = ORIENTED_EDGE ( 'NONE', *, *, #1864, .F. ) ;
#3586 = DIRECTION ( 'NONE',  ( -0.000000000000000000, -0.000000000000000000, 1.000000000000000000 ) ) ;
#3587 = AXIS2_PLACEMENT_3D ( 'NONE', #1637, #2901, #45 ) ;
#3588 = CARTESIAN_POINT ( 'NONE',  ( -11.83217801956395654, -11.10497843279678953, -18.94840616976547665 ) ) ;
#3590 = ORIENTED_EDGE ( 'NONE', *, *, #309, .F. ) ;
#3589 = CARTESIAN_POINT ( 'NONE',  ( 2.500000000000000444, 24.00000000000000000, 0.000000000000000000 ) ) ;
#3591 = CYLINDRICAL_SURFACE ( 'NONE', #2212, 1.099999999999999423 ) ;
#3592 = CARTESIAN_POINT ( 'NONE',  ( -7.500000000699920122, -25.33888495244496042, -26.77679055289198118 ) ) ;
#3593 = LINE ( 'NONE', #1982, #103 ) ;
#3594 = ORIENTED_EDGE ( 'NONE', *, *, #208, .T. ) ;
#3595 = CARTESIAN_POINT ( 'NONE',  ( 2.500000000000000444, 31.50000000000000000, -15.30000000000000249 ) ) ;
#3596 = ADVANCED_FACE ( 'NONE', ( #712 ), #2014, .F. ) ;
#3597 = ORIENTED_EDGE ( 'NONE', *, *, #2024, .F. ) ;
#3598 = EDGE_CURVE ( 'NONE', #1660, #1192, #3786, .T. ) ;
#3599 = DIRECTION ( 'NONE',  ( 0.000000000000000000, -1.000000000000000000, 0.000000000000000000 ) ) ;
#3600 = DIRECTION ( 'NONE',  ( 0.000000000000000000, 0.000000000000000000, -1.000000000000000000 ) ) ;
#3601 = VERTEX_POINT ( 'NONE', #1823 ) ;
#3602 = EDGE_CURVE ( 'NONE', #73, #326, #1590, .T. ) ;
#3603 = CIRCLE ( 'NONE', #3130, 1.000000000000001554 ) ;
#3604 = CARTESIAN_POINT ( 'NONE',  ( 7.500000000000000888, -5.087574398201583747, -37.50608229175622199 ) ) ;
#3605 = CARTESIAN_POINT ( 'NONE',  ( 12.02677863354719356, -49.78210254615728303, -56.52722676750124720 ) ) ;
#3606 = CARTESIAN_POINT ( 'NONE',  ( -4.000000000000000000, 19.25000000000000000, -14.80000000000000782 ) ) ;
#3608 = ORIENTED_EDGE ( 'NONE', *, *, #2908, .F. ) ;
#3607 = DIRECTION ( 'NONE',  ( -1.000000000000000000, -0.000000000000000000, -0.000000000000000000 ) ) ;
#3609 = CARTESIAN_POINT ( 'NONE',  ( -4.000000000000000000, 29.75000000000000355, -14.80000000000000782 ) ) ;
#3610 = CARTESIAN_POINT ( 'NONE',  ( -7.499999999999986677, -27.51982409687722253, -27.58760532789579045 ) ) ;
#3611 = DIRECTION ( 'NONE',  ( -1.000000000000000000, -0.000000000000000000, -0.000000000000000000 ) ) ;
#3612 = VERTEX_POINT ( 'NONE', #598 ) ;
#3613 = CARTESIAN_POINT ( 'NONE',  ( 12.50000000000000355, 2.000000000000000000, -35.90000000000000568 ) ) ;
#3614 = AXIS2_PLACEMENT_3D ( 'NONE', #4027, #1117, #4086 ) ;
#3615 = CARTESIAN_POINT ( 'NONE',  ( 7.600000000000002309, 6.500000000000000000, -17.80000000000000782 ) ) ;
#3616 = ADVANCED_FACE ( 'NONE', ( #3452 ), #4062, .F. ) ;
#3617 = CIRCLE ( 'NONE', #1022, 2.000000000000001776 ) ;
#3618 = EDGE_LOOP ( 'NONE', ( #1699, #2680, #2310, #3141 ) ) ;
#3619 = CARTESIAN_POINT ( 'NONE',  ( -20.38853428428778258, 1.739117162431752073, -17.91280143315911388 ) ) ;
#3620 = CARTESIAN_POINT ( 'NONE',  ( -14.58200919885302582, -14.69611839238178952, -43.87003077547417718 ) ) ;
#3621 = EDGE_CURVE ( 'NONE', #2910, #2178, #1073, .T. ) ;
#3622 = ORIENTED_EDGE ( 'NONE', *, *, #1704, .F. ) ;
#3623 = EDGE_CURVE ( 'NONE', #3974, #4066, #2110, .T. ) ;
#3624 = CARTESIAN_POINT ( 'NONE',  ( -20.31231831143310984, 1.115450339321911732, -21.69848012743854682 ) ) ;
#3625 = CARTESIAN_POINT ( 'NONE',  ( -11.88117138172922793, -49.80592138510299804, -56.83136779881554190 ) ) ;
#3626 = DIRECTION ( 'NONE',  ( 0.000000000000000000, 0.000000000000000000, 1.000000000000000000 ) ) ;
#3628 = ORIENTED_EDGE ( 'NONE', *, *, #3384, .T. ) ;
#3627 = CARTESIAN_POINT ( 'NONE',  ( -8.546633369868304797, 27.12499999999999645, -14.80000000000000782 ) ) ;
#3629 = AXIS2_PLACEMENT_3D ( 'NONE', #2721, #2381, #1181 ) ;
#3630 = CARTESIAN_POINT ( 'NONE',  ( 12.27718218184775090, 1.873385885746206680, -39.63689252421469433 ) ) ;
#3631 = CIRCLE ( 'NONE', #2895, 2.000000000000001776 ) ;
#3632 = CARTESIAN_POINT ( 'NONE',  ( -12.49999999999998757, -25.77747210701755520, -32.27420425925657810 ) ) ;
#3633 = DIRECTION ( 'NONE',  ( 0.000000000000000000, 0.000000000000000000, 1.000000000000000000 ) ) ;
#3634 = DIRECTION ( 'NONE',  ( 0.000000000000000000, 0.000000000000000000, -1.000000000000000000 ) ) ;
#3635 = VERTEX_POINT ( 'NONE', #2346 ) ;
#3636 = CARTESIAN_POINT ( 'NONE',  ( 0.5466333698683039088, 27.12500000000000000, -14.80000000000000782 ) ) ;
#3637 = CIRCLE ( 'NONE', #239, 1.100000000000000311 ) ;
#3638 = ORIENTED_EDGE ( 'NONE', *, *, #1472, .T. ) ;
#3639 = EDGE_CURVE ( 'NONE', #376, #2641, #3449, .T. ) ;
#3640 = CARTESIAN_POINT ( 'NONE',  ( -15.13062236190612886, -13.42344409523465742, -43.53488862666468862 ) ) ;
#3641 = CARTESIAN_POINT ( 'NONE',  ( 10.73733064817469085, -2.405275860647682951, -13.16085013692143235 ) ) ;
#3642 = VERTEX_POINT ( 'NONE', #2464 ) ;
#3643 = EDGE_CURVE ( 'NONE', #627, #3348, #178, .T. ) ;
#3644 = DIRECTION ( 'NONE',  ( -0.000000000000000000, -0.000000000000000000, -1.000000000000000000 ) ) ;
#3645 = CARTESIAN_POINT ( 'NONE',  ( -15.89847659413447900, -2.614837382407536315E-16, -40.00000000000000000 ) ) ;
#3646 = DIRECTION ( 'NONE',  ( 1.000000000000000000, 0.000000000000000000, -0.000000000000000000 ) ) ;
#3647 = ORIENTED_EDGE ( 'NONE', *, *, #3770, .F. ) ;
#3648 = CARTESIAN_POINT ( 'NONE',  ( -4.000000000000000000, 19.25000000000000000, -14.80000000000000782 ) ) ;
#3649 = ADVANCED_FACE ( 'NONE', ( #266 ), #2419, .T. ) ;
#3650 = VECTOR ( 'NONE', #3068, 1000.000000000000000 ) ;
#3651 = CARTESIAN_POINT ( 'NONE',  ( -10.00331581901592237, -15.37633217284855291, -21.70505424722460930 ) ) ;
#3652 = CARTESIAN_POINT ( 'NONE',  ( -20.22955571434928501, 1.688342126415159461, -14.42836480995073600 ) ) ;
#3653 = EDGE_LOOP ( 'NONE', ( #2826, #1433, #579, #2256 ) ) ;
#3654 = VERTEX_POINT ( 'NONE', #843 ) ;
#3655 = CARTESIAN_POINT ( 'NONE',  ( -6.000000000000001776, 19.25000000000000000, -14.80000000000000782 ) ) ;
#3656 = AXIS2_PLACEMENT_3D ( 'NONE', #138, #1139, #1453 ) ;
#3657 = ORIENTED_EDGE ( 'NONE', *, *, #884, .F. ) ;
#3658 = CARTESIAN_POINT ( 'NONE',  ( -20.17406781646728575, 0.2542151766311419037, -18.88972496950849944 ) ) ;
#3659 = FACE_OUTER_BOUND ( 'NONE', #420, .T. ) ;
#3660 = FACE_OUTER_BOUND ( 'NONE', #849, .T. ) ;
#3661 = ORIENTED_EDGE ( 'NONE', *, *, #1853, .F. ) ;
#3662 = CARTESIAN_POINT ( 'NONE',  ( -14.64569927344222577, -14.63575181639444978, -25.97738598513832287 ) ) ;
#3663 = DIRECTION ( 'NONE',  ( 1.000000000000000000, 0.000000000000000000, 0.000000000000000000 ) ) ;
#3664 = CARTESIAN_POINT ( 'NONE',  ( -20.41410051746963106, 2.000000000000000000, -17.90000000000000213 ) ) ;
#3665 = ORIENTED_EDGE ( 'NONE', *, *, #3184, .T. ) ;
#3666 = ADVANCED_FACE ( 'NONE', ( #1728 ), #520, .T. ) ;
#3667 = AXIS2_PLACEMENT_3D ( 'NONE', #1886, #681, #661 ) ;
#3668 = FACE_OUTER_BOUND ( 'NONE', #2332, .T. ) ;
#3669 = CARTESIAN_POINT ( 'NONE',  ( -12.44411822146177116, -23.80219808340657650, -26.11940727343334245 ) ) ;
#3670 = VECTOR ( 'NONE', #2751, 1000.000000000000000 ) ;
#3671 = CARTESIAN_POINT ( 'NONE',  ( -19.59364106390613358, 1.799866013665927467, -13.53219841385883448 ) ) ;
#3672 = DIRECTION ( 'NONE',  ( -0.7071067811865505703, 0.000000000000000000, -0.7071067811865444641 ) ) ;
#3673 = ORIENTED_EDGE ( 'NONE', *, *, #3112, .F. ) ;
#3674 = EDGE_CURVE ( 'NONE', #3503, #376, #3390, .T. ) ;
#3675 = LINE ( 'NONE', #1456, #3670 ) ;
#3676 = EDGE_CURVE ( 'NONE', #864, #3458, #2132, .T. ) ;
#3677 =( BOUNDED_CURVE ( )  B_SPLINE_CURVE ( 3, ( #710, #1975, #1038, #1919 ),
 .UNSPECIFIED., .F., .T. ) 
 B_SPLINE_CURVE_WITH_KNOTS ( ( 4, 4 ),
 ( 4.058726314706555094, 4.281609631143141748 ),
 .UNSPECIFIED. ) 
 CURVE ( )  GEOMETRIC_REPRESENTATION_ITEM ( )  RATIONAL_B_SPLINE_CURVE ( ( 1.000000000000000000, 0.9958645348757692028, 0.9958645348757692028, 1.000000000000000000 ) ) 
 REPRESENTATION_ITEM ( '' )  );
#3678 = VERTEX_POINT ( 'NONE', #2987 ) ;
#3679 = CARTESIAN_POINT ( 'NONE',  ( -15.18578643762690206, 6.499999999999999112, -40.00000000000001421 ) ) ;
#3680 = CIRCLE ( 'NONE', #1213, 2.000000000000001776 ) ;
#3681 = CARTESIAN_POINT ( 'NONE',  ( -14.59999999999999609, 6.500000000000000000, -40.00000000000000000 ) ) ;
#3682 = CARTESIAN_POINT ( 'NONE',  ( -19.22349109939571932, 2.126728338596267864, -13.16095131194243173 ) ) ;
#3683 = DIRECTION ( 'NONE',  ( 0.000000000000000000, 0.000000000000000000, -1.000000000000000000 ) ) ;
#3684 = ORIENTED_EDGE ( 'NONE', *, *, #953, .F. ) ;
#3685 = CIRCLE ( 'NONE', #1043, 1.099999999999998757 ) ;
#3686 = CARTESIAN_POINT ( 'NONE',  ( -16.47456147399024573, -10.06359631502436258, -23.02660634014846863 ) ) ;
#3687 = CARTESIAN_POINT ( 'NONE',  ( -7.499999999999971578, -25.32943962043184527, -26.77327903136668041 ) ) ;
#3688 = DIRECTION ( 'NONE',  ( -1.000000000000000000, -0.000000000000000000, 1.239088197126291063E-16 ) ) ;
#3689 = ORIENTED_EDGE ( 'NONE', *, *, #2638, .F. ) ;
#3690 = AXIS2_PLACEMENT_3D ( 'NONE', #881, #1889, #1822 ) ;
#3691 = ORIENTED_EDGE ( 'NONE', *, *, #2127, .F. ) ;
#3692 = CARTESIAN_POINT ( 'NONE',  ( -7.500000000000000000, -62.72657105156391566, 68.51754911016466565 ) ) ;
#3693 = ADVANCED_FACE ( 'NONE', ( #1463, #1802 ), #3407, .T. ) ;
#3694 =( LENGTH_UNIT ( ) NAMED_UNIT ( * ) SI_UNIT ( .MILLI., .METRE. ) );
#3695 = CARTESIAN_POINT ( 'NONE',  ( -19.21212666830983196, 2.129317245771920941, -13.14962526814447585 ) ) ;
#3696 = CARTESIAN_POINT ( 'NONE',  ( -6.800000000000000711, 24.50000000000000000, -59.56998842140697548 ) ) ;
#3697 = VERTEX_POINT ( 'NONE', #882 ) ;
#3698 = DIRECTION ( 'NONE',  ( 0.000000000000000000, -0.000000000000000000, 1.000000000000000000 ) ) ;
#3699 = AXIS2_PLACEMENT_3D ( 'NONE', #3545, #1057, #3626 ) ;
#3700 = EDGE_CURVE ( 'NONE', #1017, #435, #1150, .T. ) ;
#3701 = CARTESIAN_POINT ( 'NONE',  ( 10.91006803448736662, -2.940416045642556764, -13.96242907796409050 ) ) ;
#3702 = AXIS2_PLACEMENT_3D ( 'NONE', #262, #1126, #3997 ) ;
#3703 = VERTEX_POINT ( 'NONE', #2484 ) ;
#3704 = CARTESIAN_POINT ( 'NONE',  ( 10.50000000000000000, 2.000000000000000000, -19.90000000000000924 ) ) ;
#3705 = AXIS2_PLACEMENT_3D ( 'NONE', #3936, #2314, #2057 ) ;
#3706 = PLANE ( 'NONE',  #3007 ) ;
#3707 = DIRECTION ( 'NONE',  ( -1.000000000000000000, 0.000000000000000000, 0.000000000000000000 ) ) ;
#3708 = CARTESIAN_POINT ( 'NONE',  ( 12.50000000000000000, -57.00000000000000000, -44.68819555420293455 ) ) ;
#3709 = ORIENTED_EDGE ( 'NONE', *, *, #643, .T. ) ;
#3710 = CARTESIAN_POINT ( 'NONE',  ( 7.500000000000000888, -42.38602475399277125, -36.89145063215699594 ) ) ;
#3711 = DIRECTION ( 'NONE',  ( 0.000000000000000000, 0.000000000000000000, 1.000000000000000000 ) ) ;
#3712 = ORIENTED_EDGE ( 'NONE', *, *, #1897, .F. ) ;
#3713 = ORIENTED_EDGE ( 'NONE', *, *, #1175, .T. ) ;
#3714 = CARTESIAN_POINT ( 'NONE',  ( 10.50000000000000000, 2.000000000000000000, -19.90000000000000924 ) ) ;
#3715 = PERSON_AND_ORGANIZATION ( #1505, #2199 ) ;
#3716 = DIRECTION ( 'NONE',  ( -1.000000000000000000, 0.000000000000000000, 0.000000000000000000 ) ) ;
#3717 = VERTEX_POINT ( 'NONE', #904 ) ;
#3718 = DIRECTION ( 'NONE',  ( 0.000000000000000000, 0.000000000000000000, -1.000000000000000000 ) ) ;
#3719 = AXIS2_PLACEMENT_3D ( 'NONE', #217, #3948, #1197 ) ;
#3720 = CARTESIAN_POINT ( 'NONE',  ( -19.30860544192637462, -2.936358799486678883, -18.04587121607898936 ) ) ;
#3721 = AXIS2_PLACEMENT_3D ( 'NONE', #2588, #1335, #83 ) ;
#3722 = PRODUCT ( 'handel', 'handel', '', ( #1541 ) ) ;
#3723 = ORIENTED_EDGE ( 'NONE', *, *, #4081, .F. ) ;
#3724 = EDGE_CURVE ( 'NONE', #2068, #1389, #2300, .T. ) ;
#3725 = DIRECTION ( 'NONE',  ( -1.000000000000000000, 2.668805347656628651E-16, 0.000000000000000000 ) ) ;
#3726 = DIRECTION ( 'NONE',  ( -1.000000000000000000, 0.000000000000000000, 0.000000000000000000 ) ) ;
#3727 = DIRECTION ( 'NONE',  ( 0.000000000000000000, 0.000000000000000000, -1.000000000000000000 ) ) ;
#3728 = CARTESIAN_POINT ( 'NONE',  ( -20.44764623454270946, 2.393265344126593419, -33.92923149608655820 ) ) ;
#3729 = EDGE_LOOP ( 'NONE', ( #33, #1614, #1744, #2084 ) ) ;
#3730 = ADVANCED_FACE ( 'NONE', ( #1557 ), #3925, .T. ) ;
#3731 = CARTESIAN_POINT ( 'NONE',  ( -20.50000000000000000, 3.851648071345041835, -20.65590966383835081 ) ) ;
#3732 = ADVANCED_FACE ( 'NONE', ( #2846 ), #926, .F. ) ;
#3733 = ORIENTED_EDGE ( 'NONE', *, *, #101, .T. ) ;
#3734 = DIRECTION ( 'NONE',  ( 0.000000000000000000, 0.000000000000000000, -1.000000000000000000 ) ) ;
#3735 = PERSON_AND_ORGANIZATION ( #1505, #2199 ) ;
#3736 = DIRECTION ( 'NONE',  ( -1.000000000000000000, 0.000000000000000000, 0.000000000000000000 ) ) ;
#3737 = DIRECTION ( 'NONE',  ( -1.000000000000000000, -0.000000000000000000, 1.239088197126291063E-16 ) ) ;
#3738 = VERTEX_POINT ( 'NONE', #314 ) ;
#3739 = DIRECTION ( 'NONE',  ( -1.000000000000000000, -0.000000000000000000, -0.000000000000000000 ) ) ;
#3740 = AXIS2_PLACEMENT_3D ( 'NONE', #2480, #2712, #1149 ) ;
#3741 = CYLINDRICAL_SURFACE ( 'NONE', #3985, 1.999999999999996669 ) ;
#3742 = EDGE_LOOP ( 'NONE', ( #1148, #194 ) ) ;
#3743 = CARTESIAN_POINT ( 'NONE',  ( -20.47157295813758182, 2.769176799069255512, -18.04340279578961770 ) ) ;
#3744 = EDGE_CURVE ( 'NONE', #3703, #3819, #847, .T. ) ;
#3745 = DIRECTION ( 'NONE',  ( 0.000000000000000000, 0.000000000000000000, 1.000000000000000000 ) ) ;
#3746 = CARTESIAN_POINT ( 'NONE',  ( -17.53149694565447092, -0.08825292973053258661, -13.12773600243271943 ) ) ;
#3747 = CARTESIAN_POINT ( 'NONE',  ( -7.500000000000000000, -62.72657105156391566, 68.51754911016466565 ) ) ;
#3748 = ORIENTED_EDGE ( 'NONE', *, *, #2486, .T. ) ;
#3749 = CARTESIAN_POINT ( 'NONE',  ( -17.42371287606481189, -6.806116351296234157, -37.99999999999999289 ) ) ;
#3750 = ADVANCED_FACE ( 'NONE', ( #1263 ), #2530, .T. ) ;
#3751 = VECTOR ( 'NONE', #3969, 1000.000000000000000 ) ;
#3752 = PLANE ( 'NONE',  #810 ) ;
#3753 = ORIENTED_EDGE ( 'NONE', *, *, #3621, .F. ) ;
#3754 = ORIENTED_EDGE ( 'NONE', *, *, #116, .F. ) ;
#3755 = VECTOR ( 'NONE', #1238, 1000.000000000000000 ) ;
#3756 = CARTESIAN_POINT ( 'NONE',  ( -20.50000000000000000, 3.851648071345041835, -36.65590966383835081 ) ) ;
#3757 = LINE ( 'NONE', #891, #840 ) ;
#3758 = CARTESIAN_POINT ( 'NONE',  ( 7.600000000000002309, 11.49999999999999822, -17.80000000000000782 ) ) ;
#3759 = VERTEX_POINT ( 'NONE', #3134 ) ;
#3760 = CARTESIAN_POINT ( 'NONE',  ( -14.59999999999999609, 6.500000000000001776, -38.00000000000000000 ) ) ;
#3761 = DIRECTION ( 'NONE',  ( -1.000000000000000000, 0.000000000000000000, 0.000000000000000000 ) ) ;
#3762 = ORIENTED_EDGE ( 'NONE', *, *, #259, .T. ) ;
#3763 = CIRCLE ( 'NONE', #1825, 70.99948021134780163 ) ;
#3764 = CARTESIAN_POINT ( 'NONE',  ( -20.50000000000000000, 3.851648071345041391, -19.14409033616166411 ) ) ;
#3765 = CARTESIAN_POINT ( 'NONE',  ( -18.90072363898637064, 1.706202808006110905, -13.08046090771187764 ) ) ;
#3766 = AXIS2_PLACEMENT_3D ( 'NONE', #3581, #3201, #2260 ) ;
#3767 = DIRECTION ( 'NONE',  ( -0.000000000000000000, 0.8517735809807903680, 0.5239100750540698348 ) ) ;
#3768 = DIRECTION ( 'NONE',  ( -0.000000000000000000, -0.000000000000000000, 1.000000000000000000 ) ) ;
#3769 = VERTEX_POINT ( 'NONE', #3181 ) ;
#3770 = EDGE_CURVE ( 'NONE', #3348, #627, #3113, .T. ) ;
#3771 = CARTESIAN_POINT ( 'NONE',  ( -16.96686602024044888, -7.261674049805336928, -38.72442724583571305 ) ) ;
#3772 = FACE_OUTER_BOUND ( 'NONE', #3528, .T. ) ;
#3773 = ORIENTED_EDGE ( 'NONE', *, *, #3912, .T. ) ;
#3774 = ORIENTED_EDGE ( 'NONE', *, *, #2003, .F. ) ;
#3775 = EDGE_CURVE ( 'NONE', #3373, #3236, #113, .T. ) ;
#3776 = CARTESIAN_POINT ( 'NONE',  ( -12.50032408762666414, -25.63802623017899762, -43.30839056974209456 ) ) ;
#3777 = DIRECTION ( 'NONE',  ( 0.000000000000000000, 0.000000000000000000, 1.000000000000000000 ) ) ;
#3778 = CARTESIAN_POINT ( 'NONE',  ( -18.42555960642410895, 1.374838379316903003, -12.96204886368052378 ) ) ;
#3779 = CARTESIAN_POINT ( 'NONE',  ( -21.24400965946307451, 1.860024148657697385, -17.05358973277579437 ) ) ;
#3780 = LINE ( 'NONE', #3171, #2560 ) ;
#3781 = ORIENTED_EDGE ( 'NONE', *, *, #675, .T. ) ;
#3782 = EDGE_CURVE ( 'NONE', #3300, #632, #2437, .T. ) ;
#3783 = DIRECTION ( 'NONE',  ( 0.000000000000000000, 0.000000000000000000, 1.000000000000000000 ) ) ;
#3784 = DIRECTION ( 'NONE',  ( -1.000000000000000000, -0.000000000000000000, 0.000000000000000000 ) ) ;
#3785 = VERTEX_POINT ( 'NONE', #304 ) ;
#3786 = CIRCLE ( 'NONE', #2372, 107.3535982180401902 ) ;
#3787 = CARTESIAN_POINT ( 'NONE',  ( 10.50000000000000000, 2.000000000000000000, -35.90000000000000568 ) ) ;
#3788 = VECTOR ( 'NONE', #3761, 1000.000000000000000 ) ;
#3789 = CARTESIAN_POINT ( 'NONE',  ( 10.50000000000000000, 2.000000000000000000, -21.90000000000000924 ) ) ;
#3790 = CARTESIAN_POINT ( 'NONE',  ( -6.546633369868300356, 27.12499999999999645, -14.80000000000000782 ) ) ;
#3791 = CARTESIAN_POINT ( 'NONE',  ( -4.000000000000000000, 24.50000000000000000, -6.800000000000002487 ) ) ;
#3792 = DIRECTION ( 'NONE',  ( -1.000000000000000000, -0.000000000000000000, 1.239088197126291063E-16 ) ) ;
#3793 = ORIENTED_EDGE ( 'NONE', *, *, #3189, .F. ) ;
#3794 = CARTESIAN_POINT ( 'NONE',  ( -2.900000000000000799, 19.25000000000000000, -59.56998842140697548 ) ) ;
#3795 = CARTESIAN_POINT ( 'NONE',  ( -20.41410051746963461, 2.000000000000000444, -21.90000000000000924 ) ) ;
#3796 = AXIS2_PLACEMENT_3D ( 'NONE', #3314, #2995, #2429 ) ;
#3797 = VERTEX_POINT ( 'NONE', #1818 ) ;
#3798 = ORIENTED_EDGE ( 'NONE', *, *, #2135, .F. ) ;
#3799 = CARTESIAN_POINT ( 'NONE',  ( 0.000000000000000000, 3.778655449509106035, -12.80000000000000249 ) ) ;
#3800 = FACE_OUTER_BOUND ( 'NONE', #2702, .T. ) ;
#3801 = EDGE_CURVE ( 'NONE', #1161, #3697, #2124, .T. ) ;
#3802 = DIRECTION ( 'NONE',  ( -1.000000000000000000, -0.000000000000000000, 0.000000000000000000 ) ) ;
#3803 = CARTESIAN_POINT ( 'NONE',  ( -15.59999999999999964, 2.000000000000000000, -35.89999999999999858 ) ) ;
#3804 = ORIENTED_EDGE ( 'NONE', *, *, #1083, .F. ) ;
#3805 = FACE_OUTER_BOUND ( 'NONE', #910, .T. ) ;
#3806 = DIRECTION ( 'NONE',  ( -1.000000000000000000, 0.000000000000000000, 0.000000000000000000 ) ) ;
#3807 = EDGE_CURVE ( 'NONE', #1748, #1968, #2733, .T. ) ;
#3808 = VERTEX_POINT ( 'NONE', #3701 ) ;
#3809 = ORIENTED_EDGE ( 'NONE', *, *, #2486, .F. ) ;
#3810 = CARTESIAN_POINT ( 'NONE',  ( -13.37484681652132146, -18.57427327424830565, -39.47750624384588036 ) ) ;
#3811 = AXIS2_PLACEMENT_3D ( 'NONE', #3636, #1697, #1984 ) ;
#3812 = CARTESIAN_POINT ( 'NONE',  ( -14.64569927344222577, -14.63575181639444978, -38.19466942818444721 ) ) ;
#3813 = AXIS2_PLACEMENT_3D ( 'NONE', #3422, #656, #2568 ) ;
#3814 = CARTESIAN_POINT ( 'NONE',  ( 13.82776389208204293, 5.741025403784432157, -41.31458256229943515 ) ) ;
#3815 = DIRECTION ( 'NONE',  ( -1.000000000000000000, -0.000000000000000000, -0.000000000000000000 ) ) ;
#3816 = CARTESIAN_POINT ( 'NONE',  ( -8.215345214171595245, -16.94414926256713017, -44.61561293433593534 ) ) ;
#3817 = ORIENTED_EDGE ( 'NONE', *, *, #666, .F. ) ;
#3818 = CARTESIAN_POINT ( 'NONE',  ( 11.30568618308946505, -1.357210825228378326, -13.46760193388193017 ) ) ;
#3819 = VERTEX_POINT ( 'NONE', #1503 ) ;
#3820 = CARTESIAN_POINT ( 'NONE',  ( 2.500000000000000444, 34.00000000000000000, -17.80000000000000782 ) ) ;
#3821 = AXIS2_PLACEMENT_3D ( 'NONE', #2791, #2493, #1246 ) ;
#3822 = COORDINATED_UNIVERSAL_TIME_OFFSET ( 8, 0, .AHEAD. ) ;
#3823 = DIRECTION ( 'NONE',  ( 0.000000000000000000, 0.000000000000000000, 1.000000000000000000 ) ) ;
#3824 = CARTESIAN_POINT ( 'NONE',  ( -20.14190521833429770, -0.8952369541159463928, -12.94344609566326554 ) ) ;
#3825 = AXIS2_PLACEMENT_3D ( 'NONE', #1724, #3644, #131 ) ;
#3826 = CARTESIAN_POINT ( 'NONE',  ( 12.50000000000000000, 0.5982438087161904283, -15.18142419662665965 ) ) ;
#3827 = ORIENTED_EDGE ( 'NONE', *, *, #2216, .F. ) ;
#3828 = AXIS2_PLACEMENT_3D ( 'NONE', #3539, #1973, #996 ) ;
#3829 = CARTESIAN_POINT ( 'NONE',  ( -12.69647538366610462, -9.086390166513892197, -17.40216771640798399 ) ) ;
#3830 = ADVANCED_FACE ( 'NONE', ( #3063 ), #3085, .F. ) ;
#3831 = CARTESIAN_POINT ( 'NONE',  ( -20.13816167113692401, 0.06439418769497372297, -35.37973113322799179 ) ) ;
#3832 = ORIENTED_EDGE ( 'NONE', *, *, #1306, .T. ) ;
#3833 = ORIENTED_EDGE ( 'NONE', *, *, #2806, .T. ) ;
#3834 = CARTESIAN_POINT ( 'NONE',  ( -12.50032408762666414, -25.63802623017899762, -43.30839056974209456 ) ) ;
#3835 = AXIS2_PLACEMENT_3D ( 'NONE', #1399, #2357, #793 ) ;
#3836 = EDGE_CURVE ( 'NONE', #1598, #1892, #989, .T. ) ;
#3837 = CARTESIAN_POINT ( 'NONE',  ( -12.50000000000000000, -38.27104994509839031, -32.91353655732997652 ) ) ;
#3838 = CARTESIAN_POINT ( 'NONE',  ( -19.06953381770518874, -3.576165455737032595, -35.28227185238031183 ) ) ;
#3839 = CIRCLE ( 'NONE', #2827, 2.500000000000000444 ) ;
#3840 = EDGE_LOOP ( 'NONE', ( #2370, #4123 ) ) ;
#3841 = ADVANCED_FACE ( 'NONE', ( #3402 ), #1850, .T. ) ;
#3842 = AXIS2_PLACEMENT_3D ( 'NONE', #721, #1986, #3517 ) ;
#3843 = CARTESIAN_POINT ( 'NONE',  ( 11.27346363324499912, -1.685756179474473981, -13.55806535188820305 ) ) ;
#3844 = EDGE_LOOP ( 'NONE', ( #3967, #2125, #3537, #2515 ) ) ;
#3845 = CARTESIAN_POINT ( 'NONE',  ( -9.646633369868300889, 27.12499999999999645, -59.56998842140697548 ) ) ;
#3846 = AXIS2_PLACEMENT_3D ( 'NONE', #2350, #3634, #1813 ) ;
#3847 = CARTESIAN_POINT ( 'NONE',  ( 12.50000000000000000, 2.000000000000000444, -17.90000000000000568 ) ) ;
#3848 = CARTESIAN_POINT ( 'NONE',  ( -12.86093146478822646, -20.45039527261817724, -46.11539557878874263 ) ) ;
#3849 = CARTESIAN_POINT ( 'NONE',  ( 11.59491982839264779, -1.303625237765553502, -13.30717271632957299 ) ) ;
#3851 = ORIENTED_EDGE ( 'NONE', *, *, #1711, .T. ) ;
#3850 = FACE_OUTER_BOUND ( 'NONE', #1513, .T. ) ;
#3852 = DIRECTION ( 'NONE',  ( 0.000000000000000000, -0.5235012045729033892, 0.8520249343832134725 ) ) ;
#3853 = AXIS2_PLACEMENT_3D ( 'NONE', #3534, #948, #1970 ) ;
#3854 = CARTESIAN_POINT ( 'NONE',  ( -20.31228610446354566, 1.115216135539974784, -34.10163287945847088 ) ) ;
#3855 = ORIENTED_EDGE ( 'NONE', *, *, #2028, .F. ) ;
#3856 = PLANE ( 'NONE',  #472 ) ;
#3857 = CARTESIAN_POINT ( 'NONE',  ( 11.39677571307384696, -2.402832472387295581, -14.15125057895732219 ) ) ;
#3858 = CARTESIAN_POINT ( 'NONE',  ( 12.50000000000000000, -43.33338686551969232, -31.98202041779980931 ) ) ;
#3859 = EDGE_LOOP ( 'NONE', ( #3431, #386, #3420, #1365, #2503, #199, #1129, #514, #2226, #894 ) ) ;
#3860 = VECTOR ( 'NONE', #77, 1000.000000000000000 ) ;
#3861 = CARTESIAN_POINT ( 'NONE',  ( 12.50000000000000533, 2.000000000000000000, -19.90000000000000924 ) ) ;
#3862 = EDGE_CURVE ( 'NONE', #2964, #3394, #1706, .T. ) ;
#3863 = ORIENTED_EDGE ( 'NONE', *, *, #3362, .T. ) ;
#3864 = ADVANCED_FACE ( 'NONE', ( #3467 ), #3741, .F. ) ;
#3865 = DATE_AND_TIME ( #297, #610 ) ;
#3866 = AXIS2_PLACEMENT_3D ( 'NONE', #2792, #298, #2833 ) ;
#3867 = CARTESIAN_POINT ( 'NONE',  ( -20.50000000000000000, 3.851648071345041835, -15.30000000000000071 ) ) ;
#3868 = LINE ( 'NONE', #1072, #436 ) ;
#3869 = FACE_OUTER_BOUND ( 'NONE', #2546, .T. ) ;
#3871 = ORIENTED_EDGE ( 'NONE', *, *, #1779, .T. ) ;
#3870 = DIRECTION ( 'NONE',  ( 1.000000000000000000, 0.000000000000000000, -0.000000000000000000 ) ) ;
#3872 = DIRECTION ( 'NONE',  ( 1.000000000000000000, 0.000000000000000000, 0.000000000000000000 ) ) ;
#3873 = CARTESIAN_POINT ( 'NONE',  ( -20.12560787262722428, -4.189952547360221887E-05, -36.03112700973184701 ) ) ;
#3874 = ORIENTED_EDGE ( 'NONE', *, *, #3939, .F. ) ;
#3875 = ORIENTED_EDGE ( 'NONE', *, *, #470, .T. ) ;
#3876 = DIRECTION ( 'NONE',  ( -1.000000000000000000, -0.000000000000000000, 1.239088197126291063E-16 ) ) ;
#3877 = CARTESIAN_POINT ( 'NONE',  ( -14.15070525570840765, -15.93860793528111053, -38.59494125496143369 ) ) ;
#3878 = FACE_OUTER_BOUND ( 'NONE', #306, .T. ) ;
#3879 = AXIS2_PLACEMENT_3D ( 'NONE', #3595, #1031, #1657 ) ;
#3880 = ORIENTED_EDGE ( 'NONE', *, *, #1733, .T. ) ;
#3881 = ADVANCED_FACE ( 'NONE', ( #1861 ), #3447, .T. ) ;
#3882 = B_SPLINE_CURVE_WITH_KNOTS ( 'NONE', 3,
 ( #2804, #4018, #1511, #534, #3746, #3474 ),
 .UNSPECIFIED., .F., .F.,
 ( 4, 2, 4 ),
 ( -5.555762933121981056E-05, 0.004804812776878482003, 0.009665183183088180835 ),
 .UNSPECIFIED. ) ;
#3883 = CIRCLE ( 'NONE', #2390, 34.21139182335095086 ) ;
#3884 = LINE ( 'NONE', #1015, #3418 ) ;
#3885 = ORIENTED_EDGE ( 'NONE', *, *, #716, .T. ) ;
#3886 = ADVANCED_FACE ( 'NONE', ( #2454 ), #3445, .F. ) ;
#3887 = CARTESIAN_POINT ( 'NONE',  ( -2.900000000000000799, 19.25000000000000000, -14.80000000000000782 ) ) ;
#3888 = CARTESIAN_POINT ( 'NONE',  ( -17.33885883809240269, -7.902852904768997711, -21.37147705767823069 ) ) ;
#3890 = ORIENTED_EDGE ( 'NONE', *, *, #2180, .T. ) ;
#3889 = CARTESIAN_POINT ( 'NONE',  ( 2.546633369868300356, 27.12500000000000000, -14.80000000000000782 ) ) ;
#3891 = EDGE_CURVE ( 'NONE', #2924, #218, #4075, .T. ) ;
#3892 = DIRECTION ( 'NONE',  ( -1.000000000000000000, -0.000000000000000000, -0.000000000000000000 ) ) ;
#3893 = CIRCLE ( 'NONE', #624, 1.000000000000000888 ) ;
#3894 = DIRECTION ( 'NONE',  ( 0.000000000000000000, 0.000000000000000000, 1.000000000000000000 ) ) ;
#3895 = CIRCLE ( 'NONE', #1887, 46.83023956003085431 ) ;
#3896 = ORIENTED_EDGE ( 'NONE', *, *, #2105, .T. ) ;
#3897 = EDGE_LOOP ( 'NONE', ( #23, #2653 ) ) ;
#3898 = DIRECTION ( 'NONE',  ( -1.000000000000000000, -0.000000000000000000, -0.000000000000000000 ) ) ;
#3899 = CIRCLE ( 'NONE', #2079, 29.12275219432791573 ) ;
#3900 = CARTESIAN_POINT ( 'NONE',  ( -15.59999999999999964, 4.163336342344340182E-15, -17.80000000000001137 ) ) ;
#3901 = AXIS2_PLACEMENT_3D ( 'NONE', #1383, #2067, #2670 ) ;
#3902 = ORIENTED_EDGE ( 'NONE', *, *, #651, .T. ) ;
#3903 = DIRECTION ( 'NONE',  ( 0.000000000000000000, 0.000000000000000000, 1.000000000000000000 ) ) ;
#3904 = ORIENTED_EDGE ( 'NONE', *, *, #1935, .T. ) ;
#3905 = EDGE_CURVE ( 'NONE', #1540, #648, #330, .T. ) ;
#3906 = VECTOR ( 'NONE', #340, 1000.000000000000000 ) ;
#3907 = CARTESIAN_POINT ( 'NONE',  ( 10.00000000000000000, 3.778655449509106035, -12.80000000000000249 ) ) ;
#3908 = CARTESIAN_POINT ( 'NONE',  ( -10.93359480263051076, -13.20364217205843183, -20.38408108175793387 ) ) ;
#3909 = AXIS2_PLACEMENT_3D ( 'NONE', #220, #1490, #2764 ) ;
#3911 = EDGE_LOOP ( 'NONE', ( #3000, #2051 ) ) ;
#3910 = CARTESIAN_POINT ( 'NONE',  ( -12.50000000000000000, -62.72657105156391566, 68.51754911016466565 ) ) ;
#3912 = EDGE_CURVE ( 'NONE', #858, #2159, #1983, .T. ) ;
#3913 = CARTESIAN_POINT ( 'NONE',  ( -12.49999999999999645, -23.75443680054283035, -31.39674217698333081 ) ) ;
#3914 = CARTESIAN_POINT ( 'NONE',  ( -12.49999999999998757, -27.51982409687722253, -27.58760532789579045 ) ) ;
#3915 = DIRECTION ( 'NONE',  ( -1.000000000000000000, -0.000000000000000000, -0.000000000000000000 ) ) ;
#3916 = EDGE_LOOP ( 'NONE', ( #3556, #2321 ) ) ;
#3917 = EDGE_CURVE ( 'NONE', #167, #1017, #3199, .T. ) ;
#3918 = CARTESIAN_POINT ( 'NONE',  ( -7.446633369868301600, 21.87499999999999289, -14.80000000000000782 ) ) ;
#3919 = VECTOR ( 'NONE', #1056, 1000.000000000000000 ) ;
#3920 = EDGE_CURVE ( 'NONE', #1266, #3642, #182, .T. ) ;
#3921 = DIRECTION ( 'NONE',  ( 0.9284766908852594147, 0.3713906763541035549, 0.000000000000000000 ) ) ;
#3922 = EDGE_LOOP ( 'NONE', ( #3793, #2183 ) ) ;
#3923 = CARTESIAN_POINT ( 'NONE',  ( 10.50000000000000000, 2.000000000000000444, -17.90000000000000568 ) ) ;
#3924 = EDGE_LOOP ( 'NONE', ( #3225, #1533 ) ) ;
#3925 = TOROIDAL_SURFACE ( 'NONE', #2107, 18.00000000000000355, 2.000000000000000000 ) ;
#3926 = CARTESIAN_POINT ( 'NONE',  ( -20.16466911273835194, 0.2042561526672600214, -20.79041885404778611 ) ) ;
#3927 = CYLINDRICAL_SURFACE ( 'NONE', #1915, 2.000000000000001776 ) ;
#3928 = AXIS2_PLACEMENT_3D ( 'NONE', #4009, #253, #2098 ) ;
#3929 = DIRECTION ( 'NONE',  ( -1.000000000000000000, 0.000000000000000000, 0.000000000000000000 ) ) ;
#3931 = ORIENTED_EDGE ( 'NONE', *, *, #3333, .T. ) ;
#3930 = DIRECTION ( 'NONE',  ( 0.000000000000000000, 0.000000000000000000, 1.000000000000000000 ) ) ;
#3932 = FACE_BOUND ( 'NONE', #3937, .T. ) ;
#3933 =( BOUNDED_CURVE ( )  B_SPLINE_CURVE ( 3, ( #3662, #1093, #3686, #2965 ),
 .UNSPECIFIED., .F., .T. ) 
 B_SPLINE_CURVE_WITH_KNOTS ( ( 4, 4 ),
 ( 5.258662566070581690, 5.366051646062824254 ),
 .UNSPECIFIED. ) 
 CURVE ( )  GEOMETRIC_REPRESENTATION_ITEM ( )  RATIONAL_B_SPLINE_CURVE ( ( 1.000000000000000000, 0.9990391963328604241, 0.9990391963328604241, 1.000000000000000000 ) ) 
 REPRESENTATION_ITEM ( '' )  );
#3934 = ADVANCED_FACE ( 'NONE', ( #1006 ), #3355, .T. ) ;
#3935 = DIRECTION ( 'NONE',  ( 1.000000000000000000, 0.000000000000000000, -0.000000000000000000 ) ) ;
#3936 = CARTESIAN_POINT ( 'NONE',  ( 10.50000000000000000, 2.000000000000000000, -19.90000000000000924 ) ) ;
#3937 = EDGE_LOOP ( 'NONE', ( #3029, #2469 ) ) ;
#3938 = CARTESIAN_POINT ( 'NONE',  ( 10.50000000000000000, 2.000000000000000000, -19.90000000000000924 ) ) ;
#3939 = EDGE_CURVE ( 'NONE', #288, #2590, #2176, .T. ) ;
#3940 = ORIENTED_EDGE ( 'NONE', *, *, #2442, .F. ) ;
#3941 = FACE_OUTER_BOUND ( 'NONE', #813, .T. ) ;
#3942 = DIRECTION ( 'NONE',  ( 1.000000000000000000, 0.000000000000000000, 0.000000000000000000 ) ) ;
#3943 = ORIENTED_EDGE ( 'NONE', *, *, #3598, .F. ) ;
#3944 = AXIS2_PLACEMENT_3D ( 'NONE', #3994, #2409, #233 ) ;
#3945 = DIRECTION ( 'NONE',  ( -0.000000000000000000, -0.000000000000000000, 1.000000000000000000 ) ) ;
#3946 = DIRECTION ( 'NONE',  ( -1.000000000000000000, 0.000000000000000000, 0.000000000000000000 ) ) ;
#3947 = CARTESIAN_POINT ( 'NONE',  ( 12.50000000000000355, 2.000000000000000000, -34.90000000000000568 ) ) ;
#3949 = EDGE_LOOP ( 'NONE', ( #3252, #1059 ) ) ;
#3948 = DIRECTION ( 'NONE',  ( -0.000000000000000000, -0.000000000000000000, 1.000000000000000000 ) ) ;
#3950 = DIRECTION ( 'NONE',  ( 0.000000000000000000, 0.000000000000000000, -1.000000000000000000 ) ) ;
#3951 = LINE ( 'NONE', #423, #3383 ) ;
#3952 = CARTESIAN_POINT ( 'NONE',  ( -19.96434171289920201, 1.480304978542343441, -14.08700062782811280 ) ) ;
#3953 = CARTESIAN_POINT ( 'NONE',  ( 9.012554197933338784, -6.559485751691390476, -15.67916951476825638 ) ) ;
#3954 = ORIENTED_EDGE ( 'NONE', *, *, #3502, .F. ) ;
#3955 =( BOUNDED_SURFACE ( )  B_SPLINE_SURFACE ( 3, 2, ( 
 ( #1671, #1391, #3651 ),
 ( #2385, #2019, #1076 ),
 ( #1731, #484, #1355 ),
 ( #3313, #3669, #2659 ),
 ( #2935, #1752, #3592 ),
 ( #3632, #3914, #3610 ) ),
 .UNSPECIFIED., .F., .F., .F. ) 
 B_SPLINE_SURFACE_WITH_KNOTS ( ( 4, 2, 4 ),
 ( 3, 3 ),
 ( -3.469446951953614189E-18, 0.007329427462434974332, 0.01465885492486995213 ),
 ( 0.000000000000000000, 1.000000000000000000 ),
 .UNSPECIFIED. ) 
 GEOMETRIC_REPRESENTATION_ITEM ( )  RATIONAL_B_SPLINE_SURFACE ( (
 ( 1.000000000000000000, 0.7723146905175276578, 1.000000000000000000),
 ( 1.000000000000000000, 0.7594884047108206859, 1.000000000000000000),
 ( 1.000000000000000000, 0.7473198035866942535, 1.000000000000000000),
 ( 1.000000000000000000, 0.7252404840017626642, 1.000000000000000000),
 ( 1.000000000000000000, 0.7153289703051000092, 1.000000000000000000),
 ( 1.000000000000000000, 0.7071067811865475727, 1.000000000000000000) ) ) 
 REPRESENTATION_ITEM ( '' )  SURFACE ( )  );
#3956 = ADVANCED_FACE ( 'NONE', ( #26 ), #1298, .T. ) ;
#3957 = DIRECTION ( 'NONE',  ( 0.000000000000000000, 0.000000000000000000, 1.000000000000000000 ) ) ;
#3958 = AXIS2_PLACEMENT_3D ( 'NONE', #2623, #1964, #1044 ) ;
#3959 = ORIENTED_EDGE ( 'NONE', *, *, #1810, .T. ) ;
#3960 = EDGE_CURVE ( 'NONE', #2159, #826, #1654, .T. ) ;
#3961 = CARTESIAN_POINT ( 'NONE',  ( -4.000000000000000000, 24.50000000000000000, -17.80000000000000426 ) ) ;
#3962 = CARTESIAN_POINT ( 'NONE',  ( -19.81374694618662957, 2.083495740759621739, -13.64326108730170972 ) ) ;
#3963 = EDGE_LOOP ( 'NONE', ( #1719, #2531 ) ) ;
#3964 = EDGE_CURVE ( 'NONE', #2479, #2117, #724, .T. ) ;
#3965 = CARTESIAN_POINT ( 'NONE',  ( -12.02679842535518873, -49.78209904386249463, -56.52718250251215437 ) ) ;
#3966 = CARTESIAN_POINT ( 'NONE',  ( -7.500000000000000888, -23.16759331903119445, -47.67294984492161092 ) ) ;
#3967 = ORIENTED_EDGE ( 'NONE', *, *, #2669, .F. ) ;
#3968 = AXIS2_PLACEMENT_3D ( 'NONE', #2539, #3483, #3509 ) ;
#3969 = DIRECTION ( 'NONE',  ( -1.000000000000000000, 0.000000000000000000, 0.000000000000000000 ) ) ;
#3970 = VECTOR ( 'NONE', #2155, 1000.000000000000000 ) ;
#3971 = FACE_BOUND ( 'NONE', #3742, .T. ) ;
#3972 = CARTESIAN_POINT ( 'NONE',  ( -5.099999999999999645, 19.25000000000000000, -14.80000000000000782 ) ) ;
#3973 = PLANE ( 'NONE',  #3705 ) ;
#3974 = VERTEX_POINT ( 'NONE', #1028 ) ;
#3975 = LINE ( 'NONE', #1502, #1011 ) ;
#3976 = ORIENTED_EDGE ( 'NONE', *, *, #2976, .T. ) ;
#3977 = ADVANCED_FACE ( 'NONE', ( #2211 ), #62, .F. ) ;
#3978 = DIRECTION ( 'NONE',  ( -1.000000000000000000, 0.000000000000000000, 0.000000000000000000 ) ) ;
#3979 = CARTESIAN_POINT ( 'NONE',  ( 10.46631107648915737, -2.647208601997969257, -13.12971865351959799 ) ) ;
#3980 = ORIENTED_EDGE ( 'NONE', *, *, #3216, .T. ) ;
#3981 = EDGE_CURVE ( 'NONE', #3360, #1024, #1925, .T. ) ;
#3982 = DIRECTION ( 'NONE',  ( 0.000000000000000000, -1.000000000000000000, 0.000000000000000000 ) ) ;
#3983 = CARTESIAN_POINT ( 'NONE',  ( -16.32653298261185526, -4.722782157556417282, -40.00000000000000000 ) ) ;
#3984 = CARTESIAN_POINT ( 'NONE',  ( -20.50000000000000000, 2.000000000000000000, -35.90000000000000568 ) ) ;
#3985 = AXIS2_PLACEMENT_3D ( 'NONE', #2166, #281, #836 ) ;
#3986 = VERTEX_POINT ( 'NONE', #1099 ) ;
#3987 = ORIENTED_EDGE ( 'NONE', *, *, #2301, .T. ) ;
#3988 = CARTESIAN_POINT ( 'NONE',  ( -5.100000000000000533, 29.75000000000000355, -6.800000000000002487 ) ) ;
#3989 = EDGE_CURVE ( 'NONE', #1540, #1457, #2078, .T. ) ;
#3990 = AXIS2_PLACEMENT_3D ( 'NONE', #1574, #3512, #3489 ) ;
#3991 = PLANE ( 'NONE',  #851 ) ;
#3992 = DIRECTION ( 'NONE',  ( 0.000000000000000000, -0.6080981287030826632, 0.7938618682540490301 ) ) ;
#3993 = ORIENTED_EDGE ( 'NONE', *, *, #3602, .F. ) ;
#3994 = CARTESIAN_POINT ( 'NONE',  ( 0.5466333698683039088, 21.87500000000000000, -6.800000000000002487 ) ) ;
#3995 = AXIS2_PLACEMENT_3D ( 'NONE', #228, #1876, #3736 ) ;
#3996 = EDGE_LOOP ( 'NONE', ( #2058, #2775, #789, #1551 ) ) ;
#3997 = DIRECTION ( 'NONE',  ( 0.000000000000000000, 0.000000000000000000, -1.000000000000000000 ) ) ;
#3998 = PLANE ( 'NONE',  #2821 ) ;
#3999 = ORIENTED_EDGE ( 'NONE', *, *, #495, .T. ) ;
#4000 = EDGE_CURVE ( 'NONE', #1655, #1756, #2313, .T. ) ;
#4001 = CARTESIAN_POINT ( 'NONE',  ( -20.12560787262722073, -4.189952547362134827E-05, -20.03112700973184346 ) ) ;
#4002 = CARTESIAN_POINT ( 'NONE',  ( 12.50000000000000000, -60.66737052537848029, -38.72578048733741696 ) ) ;
#4003 = DIRECTION ( 'NONE',  ( 0.000000000000000000, 0.000000000000000000, 1.000000000000000000 ) ) ;
#4004 = EDGE_LOOP ( 'NONE', ( #410, #1884, #1898, #3896, #2508, #1319, #207 ) ) ;
#4005 = ORIENTED_EDGE ( 'NONE', *, *, #890, .F. ) ;
#4006 = CIRCLE ( 'NONE', #1065, 2.000000000000001776 ) ;
#4007 = EDGE_CURVE ( 'NONE', #1679, #1066, #2348, .T. ) ;
#4008 = CARTESIAN_POINT ( 'NONE',  ( 12.50000000000000000, 5.632751860852956760, -39.00000000000000000 ) ) ;
#4009 = CARTESIAN_POINT ( 'NONE',  ( -12.50000000000000000, -57.00000000000000000, -44.68819555420293455 ) ) ;
#4010 = CARTESIAN_POINT ( 'NONE',  ( -19.23640411195714250, 1.969273596345350708, -13.17526960646426559 ) ) ;
#4011 = LINE ( 'NONE', #1140, #1489 ) ;
#4012 = ORIENTED_EDGE ( 'NONE', *, *, #25, .F. ) ;
#4013 = DIRECTION ( 'NONE',  ( -1.000000000000000000, -0.000000000000000000, 1.239088197126291063E-16 ) ) ;
#4014 = CARTESIAN_POINT ( 'NONE',  ( 2.500000000000000444, 34.00000000000000000, -17.80000000000000782 ) ) ;
#4015 = ORIENTED_EDGE ( 'NONE', *, *, #1443, .F. ) ;
#4016 = FACE_OUTER_BOUND ( 'NONE', #1847, .T. ) ;
#4017 = DIRECTION ( 'NONE',  ( 0.000000000000000000, 0.000000000000000000, 1.000000000000000000 ) ) ;
#4018 = CARTESIAN_POINT ( 'NONE',  ( -14.31314216964368846, -5.347829699693778416, -14.94753027777882970 ) ) ;
#4019 = CC_DESIGN_PERSON_AND_ORGANIZATION_ASSIGNMENT ( #1774, #3351, ( #3722 ) ) ;
#4020 = VECTOR ( 'NONE', #2113, 1000.000000000000000 ) ;
#4021 = CARTESIAN_POINT ( 'NONE',  ( 0.5466333698683003561, 27.12500000000000711, -6.800000000000002487 ) ) ;
#4022 = ORIENTED_EDGE ( 'NONE', *, *, #1810, .F. ) ;
#4023 = CARTESIAN_POINT ( 'NONE',  ( -15.64869951524672054, -12.12825121181357169, -19.67777268055090900 ) ) ;
#4024 = CARTESIAN_POINT ( 'NONE',  ( 10.50000000000000000, 2.000000000000000000, -37.90000000000001279 ) ) ;
#4025 = EDGE_LOOP ( 'NONE', ( #3064, #237, #2242, #1734 ) ) ;
#4026 = CARTESIAN_POINT ( 'NONE',  ( -13.94222727481495028, -1.658243695716984822, -40.43667681249623058 ) ) ;
#4027 = CARTESIAN_POINT ( 'NONE',  ( 7.600000000000001421, 2.000000000000000000, -19.90000000000000924 ) ) ;
#4028 = CALENDAR_DATE ( 2026, 22, 5 ) ;
#4029 = CARTESIAN_POINT ( 'NONE',  ( -19.52689545692519602, 1.974904822758299261, -13.38646054402495089 ) ) ;
#4030 = CARTESIAN_POINT ( 'NONE',  ( -12.69647538366610640, -6.045899522998479547, -21.37147705767823069 ) ) ;
#4031 = EDGE_LOOP ( 'NONE', ( #3684, #261, #3223, #2413 ) ) ;
#4032 = CARTESIAN_POINT ( 'NONE',  ( 12.50000000000000000, -42.38602475399276415, -36.89145063215699594 ) ) ;
#4033 = CIRCLE ( 'NONE', #307, 2.000000000000001776 ) ;
#4034 = DIRECTION ( 'NONE',  ( -1.000000000000000000, 0.000000000000000000, 0.000000000000000000 ) ) ;
#4035 = EDGE_CURVE ( 'NONE', #2951, #1968, #2954, .T. ) ;
#4036 = VECTOR ( 'NONE', #268, 1000.000000000000000 ) ;
#4037 = ORIENTED_EDGE ( 'NONE', *, *, #805, .F. ) ;
#4038 = CARTESIAN_POINT ( 'NONE',  ( -6.546633369868302132, 21.87500000000000711, -17.80000000000000782 ) ) ;
#4039 = ADVANCED_FACE ( 'NONE', ( #732, #2645, #3273, #3971, #786, #2055, #121, #3330 ), #3991, .T. ) ;
#4040 = CIRCLE ( 'NONE', #1366, 107.3535982180401902 ) ;
#4041 = CARTESIAN_POINT ( 'NONE',  ( -20.50000000000000000, 3.851648071345041835, -36.65590966383835081 ) ) ;
#4042 = LINE ( 'NONE', #2109, #300 ) ;
#4043 = CARTESIAN_POINT ( 'NONE',  ( 12.50000000000000000, 34.00000000000000000, -17.80000000000000782 ) ) ;
#4044 = ORIENTED_EDGE ( 'NONE', *, *, #857, .T. ) ;
#4045 = TOROIDAL_SURFACE ( 'NONE', #3368, 1.999999999999985345, 5.000000000000000000 ) ;
#4046 = CARTESIAN_POINT ( 'NONE',  ( -20.48039470108383142, 2.951289803769565623, -21.67028367425901791 ) ) ;
#4047 = FACE_BOUND ( 'NONE', #3924, .T. ) ;
#4048 = ORIENTED_EDGE ( 'NONE', *, *, #895, .F. ) ;
#4049 = ORIENTED_EDGE ( 'NONE', *, *, #3049, .F. ) ;
#4050 = CARTESIAN_POINT ( 'NONE',  ( -4.000000000000000000, 24.50000000000000000, -6.800000000000002487 ) ) ;
#4051 = DIRECTION ( 'NONE',  ( -0.000000000000000000, -0.000000000000000000, -1.000000000000000000 ) ) ;
#4052 = EDGE_LOOP ( 'NONE', ( #2997, #2364, #4122, #3832 ) ) ;
#4053 = AXIS2_PLACEMENT_3D ( 'NONE', #856, #4055, #4034 ) ;
#4054 = ADVANCED_FACE ( 'NONE', ( #2367 ), #3955, .T. ) ;
#4055 = DIRECTION ( 'NONE',  ( 0.000000000000000000, 0.000000000000000000, -1.000000000000000000 ) ) ;
#4056 = DIRECTION ( 'NONE',  ( -0.000000000000000000, -1.000000000000000000, -0.000000000000000000 ) ) ;
#4057 = VERTEX_POINT ( 'NONE', #3015 ) ;
#4058 = CARTESIAN_POINT ( 'NONE',  ( -16.34602835515613606, -6.138764154445845556, -39.86537289578609489 ) ) ;
#4059 = EDGE_CURVE ( 'NONE', #3300, #3819, #3951, .T. ) ;
#4060 = LINE ( 'NONE', #3066, #1216 ) ;
#4061 = CARTESIAN_POINT ( 'NONE',  ( 10.00000000000000000, 3.778655449509106035, -12.80000000000000249 ) ) ;
#4062 = CYLINDRICAL_SURFACE ( 'NONE', #3719, 1.099999999999997646 ) ;
#4063 = ORIENTED_EDGE ( 'NONE', *, *, #815, .T. ) ;
#4064 = CARTESIAN_POINT ( 'NONE',  ( 7.783959746268819480, -13.08139627244888281, -43.44481480135110019 ) ) ;
#4065 = FACE_OUTER_BOUND ( 'NONE', #1790, .T. ) ;
#4066 = VERTEX_POINT ( 'NONE', #161 ) ;
#4067 = VERTEX_POINT ( 'NONE', #3295 ) ;
#4068 = LINE ( 'NONE', #830, #2443 ) ;
#4069 = CARTESIAN_POINT ( 'NONE',  ( -18.52703208050972705, 1.461223382100254486, -12.97732983246382332 ) ) ;
#4070 = DIRECTION ( 'NONE',  ( -1.000000000000000000, 0.000000000000000000, 0.000000000000000000 ) ) ;
#4071 = AXIS2_PLACEMENT_3D ( 'NONE', #489, #1778, #2432 ) ;
#4072 = VERTEX_POINT ( 'NONE', #769 ) ;
#4073 = CARTESIAN_POINT ( 'NONE',  ( -7.446633369868301600, 21.87499999999999289, -6.800000000000002487 ) ) ;
#4074 = PRODUCT_DEFINITION_FORMATION_WITH_SPECIFIED_SOURCE ( '任何', '', #3722, .NOT_KNOWN. ) ;
#4075 = LINE ( 'NONE', #1209, #3788 ) ;
#4076 = ADVANCED_FACE ( 'NONE', ( #748 ), #1430, .F. ) ;
#4077 = ORIENTED_EDGE ( 'NONE', *, *, #1270, .T. ) ;
#4078 = CARTESIAN_POINT ( 'NONE',  ( -20.49239623784701791, 3.276570903970728921, -18.34793862768637851 ) ) ;
#4079 = DIRECTION ( 'NONE',  ( 0.000000000000000000, 0.000000000000000000, 1.000000000000000000 ) ) ;
#4080 = CARTESIAN_POINT ( 'NONE',  ( 10.33325702800785528, 2.836060765705973985, -12.80000000000000249 ) ) ;
#4081 = EDGE_CURVE ( 'NONE', #2068, #1963, #115, .T. ) ;
#4082 = CARTESIAN_POINT ( 'NONE',  ( -20.50000000000001066, 3.776398207177968924, -34.95976108027357299 ) ) ;
#4083 = EDGE_LOOP ( 'NONE', ( #3119, #1871, #3469, #405, #4044 ) ) ;
#4084 = AXIS2_PLACEMENT_3D ( 'NONE', #120, #102, #1005 ) ;
#4085 =( BOUNDED_SURFACE ( )  B_SPLINE_SURFACE ( 3, 2, ( 
 ( #1271, #892, #20 ),
 ( #1612, #299, #2206 ),
 ( #2181, #3848, #982 ),
 ( #275, #1877, #3123 ),
 ( #1568, #653, #936 ),
 ( #339, #1543, #40 ),
 ( #2876, #2834, #2250 ),
 ( #4117, #2518, #3525 ) ),
 .UNSPECIFIED., .F., .F., .F. ) 
 B_SPLINE_SURFACE_WITH_KNOTS ( ( 4, 2, 2, 4 ),
 ( 3, 3 ),
 ( 2.255140518769849223E-17, 0.005800926565045867386, 0.008701389847568789804, 0.01160185313009171222 ),
 ( 0.000000000000000000, 1.000000000000000000 ),
 .UNSPECIFIED. ) 
 GEOMETRIC_REPRESENTATION_ITEM ( )  RATIONAL_B_SPLINE_SURFACE ( (
 ( 1.000000000000000000, 0.7062459429441266812, 1.000000000000000000),
 ( 1.000000000000000000, 0.6974727107444799179, 1.000000000000000000),
 ( 1.000000000000000000, 0.6904445825914095058, 1.000000000000000000),
 ( 1.000000000000000000, 0.6833783186515290931, 1.000000000000000000),
 ( 1.000000000000000000, 0.6816015957814309800, 1.000000000000000000),
 ( 1.000000000000000000, 0.6793262364869809833, 1.000000000000000000),
 ( 1.000000000000000000, 0.6788340557933365549, 1.000000000000000000),
 ( 1.000000000000000000, 0.6790123091341115913, 1.000000000000000000) ) ) 
 REPRESENTATION_ITEM ( '' )  SURFACE ( )  );
#4086 = DIRECTION ( 'NONE',  ( 0.000000000000000000, 0.000000000000000000, -1.000000000000000000 ) ) ;
#4087 = CARTESIAN_POINT ( 'NONE',  ( -17.14032951962082407, -7.162129376499944300, -38.42762975731131547 ) ) ;
#4088 = VECTOR ( 'NONE', #1560, 1000.000000000000000 ) ;
#4089 = FACE_OUTER_BOUND ( 'NONE', #1624, .T. ) ;
#4090 = EDGE_CURVE ( 'NONE', #1784, #1090, #2471, .T. ) ;
#4091 = EDGE_LOOP ( 'NONE', ( #582, #2915 ) ) ;
#4092 = EDGE_LOOP ( 'NONE', ( #3673, #3034 ) ) ;
#4093 = AXIS2_PLACEMENT_3D ( 'NONE', #2393, #1151, #2128 ) ;
#4094 = DIRECTION ( 'NONE',  ( 0.000000000000000000, 0.000000000000000000, -1.000000000000000000 ) ) ;
#4095 = CARTESIAN_POINT ( 'NONE',  ( -10.00331581901592060, -11.50552233521456102, -43.02982898859947625 ) ) ;
#4096 = DIRECTION ( 'NONE',  ( -1.000000000000000000, -0.000000000000000000, -0.000000000000000000 ) ) ;
#4097 = CARTESIAN_POINT ( 'NONE',  ( -16.48357318903958912, -10.04106702740102719, -18.13345011683160024 ) ) ;
#4098 = CIRCLE ( 'NONE', #3835, 2.800000000000000266 ) ;
#4099 = CARTESIAN_POINT ( 'NONE',  ( 7.600000000000004086, 6.500000000000000000, -8.908039471232259096E-16 ) ) ;
#4100 = ORIENTED_EDGE ( 'NONE', *, *, #2024, .T. ) ;
#4101 = DIRECTION ( 'NONE',  ( 0.000000000000000000, -1.000000000000000000, -0.000000000000000000 ) ) ;
#4102 = CARTESIAN_POINT ( 'NONE',  ( -19.36416125235098917, -2.771954368407353098, -17.86977714200373413 ) ) ;
#4103 = ORIENTED_EDGE ( 'NONE', *, *, #1779, .F. ) ;
#4104 = DIRECTION ( 'NONE',  ( -1.000000000000000000, 0.000000000000000000, 0.000000000000000000 ) ) ;
#4105 = DIRECTION ( 'NONE',  ( -1.000000000000000000, 0.000000000000000000, 0.000000000000000000 ) ) ;
#4106 = CARTESIAN_POINT ( 'NONE',  ( 7.500000000000000888, -58.04782015010813723, -42.98464839224136824 ) ) ;
#4107 = DIRECTION ( 'NONE',  ( -0.000000000000000000, -0.000000000000000000, 1.000000000000000000 ) ) ;
#4108 = ORIENTED_EDGE ( 'NONE', *, *, #232, .T. ) ;
#4109 = EDGE_CURVE ( 'NONE', #3769, #974, #4068, .T. ) ;
#4110 = CARTESIAN_POINT ( 'NONE',  ( 12.50000000000000000, -9.086390166513892197, -17.40216771640798399 ) ) ;
#4111 = CARTESIAN_POINT ( 'NONE',  ( -20.49961887392643334, 3.675881998702640097, -21.00934887086613045 ) ) ;
#4112 = ORIENTED_EDGE ( 'NONE', *, *, #1067, .T. ) ;
#4113 = VERTEX_POINT ( 'NONE', #1452 ) ;
#4114 = VECTOR ( 'NONE', #351, 1000.000000000000000 ) ;
#4115 = EDGE_CURVE ( 'NONE', #2938, #752, #524, .T. ) ;
#4116 = CARTESIAN_POINT ( 'NONE',  ( -18.85891393896938339, 1.684915094537860147, -13.06487729552663346 ) ) ;
#4117 = CARTESIAN_POINT ( 'NONE',  ( -13.93754314304520392, -16.60217601944652444, -38.79880690473616056 ) ) ;
#4118 = VERTEX_POINT ( 'NONE', #1520 ) ;
#4119 = EDGE_CURVE ( 'NONE', #1389, #1288, #244, .T. ) ;
#4120 = DIRECTION ( 'NONE',  ( -1.000000000000000000, 0.000000000000000000, -0.000000000000000000 ) ) ;
#4121 = DIRECTION ( 'NONE',  ( 1.000000000000000000, 0.000000000000000000, -0.000000000000000000 ) ) ;
#4122 = ORIENTED_EDGE ( 'NONE', *, *, #3491, .T. ) ;
#4123 = ORIENTED_EDGE ( 'NONE', *, *, #2360, .T. ) ;
#4124 = CARTESIAN_POINT ( 'NONE',  ( -18.54606747302926095, 1.932417857895744495, -12.88539714793905588 ) ) ;
#4125 = AXIS2_PLACEMENT_3D ( 'NONE', #2992, #137, #1408 ) ;
#4126 = CARTESIAN_POINT ( 'NONE',  ( 12.49999999999999822, 0.5921952219389606809, -15.17939518557064460 ) ) ;
#4127 = DIRECTION ( 'NONE',  ( -1.000000000000000000, 0.000000000000000000, 0.000000000000000000 ) ) ;
#4128 = DIRECTION ( 'NONE',  ( -1.000000000000000000, -0.000000000000000000, 0.000000000000000000 ) ) ;
#4129 = CARTESIAN_POINT ( 'NONE',  ( -8.898269218242770506, -14.58428264608363989, -43.84802206665489877 ) ) ;
#4130 = ORIENTED_EDGE ( 'NONE', *, *, #3836, .T. ) ;
#4131 = B_SPLINE_CURVE_WITH_KNOTS ( 'NONE', 3,
 ( #1166, #1754, #2662, #3332, #525, #1792 ),
 .UNSPECIFIED., .F., .F.,
 ( 4, 2, 4 ),
 ( 0.000000000000000000, 0.003291716660683909577, 0.006583433321367819155 ),
 .UNSPECIFIED. ) ;
#4132 = CARTESIAN_POINT ( 'NONE',  ( -18.45656490905015090, 1.495570423703181051, -12.93045745616739239 ) ) ;
#4133 = VERTEX_POINT ( 'NONE', #203 ) ;
#4134 = EDGE_CURVE ( 'NONE', #3738, #1161, #662, .T. ) ;
ENDSEC;
END-ISO-10303-21;
