ISO-10303-21;
HEADER;
/* Generated by software containing ST-Developer
 * from STEP Tools, Inc. (www.steptools.com) 
 */
/* OPTION: using custom schema-name function */

FILE_DESCRIPTION(
/* description */ (''),
/* implementation_level */ '2;1');

FILE_NAME(
/* name */ 'Trigger.stp',
/* time_stamp */ '2026-05-22T10:48:24+08:00',
/* author */ (''),
/* organization */ (''),
/* preprocessor_version */ 'ST-DEVELOPER v16.7',
/* originating_system */ 'SIEMENS PLM Software NX 12.0',
/* authorisation */ '');

FILE_SCHEMA (('AUTOMOTIVE_DESIGN { 1 0 10303 214 3 1 1 1 }'));
ENDSEC;

DATA;
#10=SHAPE_REPRESENTATION_RELATIONSHIP('None',
'relationship between Trigger_step-None and Trigger_step-None',#22,#11);
#11=ADVANCED_BREP_SHAPE_REPRESENTATION('Trigger_step-None',(#32),#3112);
#12=SHAPE_DEFINITION_REPRESENTATION(#13,#22);
#13=PRODUCT_DEFINITION_SHAPE('','',#14);
#14=PRODUCT_DEFINITION(' ','',#16,#15);
#15=PRODUCT_DEFINITION_CONTEXT('part definition',#21,'design');
#16=PRODUCT_DEFINITION_FORMATION_WITH_SPECIFIED_SOURCE(' ',' ',#18,
 .NOT_KNOWN.);
#17=PRODUCT_RELATED_PRODUCT_CATEGORY('part','',(#18));
#18=PRODUCT('Trigger_step','Trigger_step',' ',(#19));
#19=PRODUCT_CONTEXT(' ',#21,'mechanical');
#20=APPLICATION_PROTOCOL_DEFINITION('international standard',
'automotive_design',2010,#21);
#21=APPLICATION_CONTEXT(
'core data for automotive mechanical design processes');
#22=SHAPE_REPRESENTATION('Trigger_step-None',(#1361),#3112);
#23=PRESENTATION_LAYER_ASSIGNMENT('1','Layer 1',(#32));
#24=STYLED_ITEM('',(#25),#32);
#25=PRESENTATION_STYLE_ASSIGNMENT((#26));
#26=SURFACE_STYLE_USAGE(.BOTH.,#27);
#27=SURFACE_SIDE_STYLE('',(#28));
#28=SURFACE_STYLE_FILL_AREA(#29);
#29=FILL_AREA_STYLE('',(#30));
#30=FILL_AREA_STYLE_COLOUR('',#31);
#31=COLOUR_RGB('Powder Gray',0.949004348821241,0.949004348821241,0.949004348821241);
#32=MANIFOLD_SOLID_BREP('Trigger_SO101 v1',#33);
#33=CLOSED_SHELL('',(#284,#285,#286,#287,#288,#289,#290,#291,#292,#293,
#294,#295,#296,#297,#298,#299,#300,#301,#302,#303,#304,#305,#306,#307,#308,
#309,#310,#311,#312,#313,#314,#315,#316,#317,#318,#319,#320,#321,#322,#323,
#324,#325,#326,#327,#328,#329,#330,#331,#332,#333,#334,#335,#336,#337,#338,
#339,#340,#341,#342,#343,#344,#345,#346,#347,#348,#349,#350,#351,#352,#353,
#354,#355,#356,#357,#358,#359,#360,#361,#362,#363,#364,#365,#366,#367,#368,
#369,#370,#371,#372));
#34=SPHERICAL_SURFACE('',#1502,2.);
#35=SPHERICAL_SURFACE('',#1506,2.);
#36=SPHERICAL_SURFACE('',#1518,2.);
#37=SPHERICAL_SURFACE('',#1521,2.);
#38=SPHERICAL_SURFACE('',#1533,2.);
#39=SPHERICAL_SURFACE('',#1536,2.);
#40=SPHERICAL_SURFACE('',#1538,2.);
#41=SPHERICAL_SURFACE('',#1541,2.);
#42=(
BOUNDED_SURFACE()
B_SPLINE_SURFACE(3,2,((#2536,#2537,#2538),(#2539,#2540,#2541),(#2542,#2543,
#2544),(#2545,#2546,#2547),(#2548,#2549,#2550),(#2551,#2552,#2553)),
 .UNSPECIFIED.,.F.,.F.,.F.)
B_SPLINE_SURFACE_WITH_KNOTS((4,1,1,4),(3,3),(0.,0.499999999999998,0.750000000000001,
1.),(0.,1.),.UNSPECIFIED.)
GEOMETRIC_REPRESENTATION_ITEM()
RATIONAL_B_SPLINE_SURFACE(((1.,0.707106781186547,1.),(1.,0.707106781186547,
1.),(1.,0.707106781186547,1.),(1.,0.707106781186547,1.),(1.,0.707106781186547,
1.),(1.,0.707106781186547,1.)))
REPRESENTATION_ITEM('')
SURFACE()
);
#43=(
BOUNDED_SURFACE()
B_SPLINE_SURFACE(3,2,((#2560,#2561,#2562,#2563,#2564),(#2565,#2566,#2567,
#2568,#2569),(#2570,#2571,#2572,#2573,#2574),(#2575,#2576,#2577,#2578,#2579),
(#2580,#2581,#2582,#2583,#2584)),.UNSPECIFIED.,.F.,.F.,.F.)
B_SPLINE_SURFACE_WITH_KNOTS((4,1,4),(3,2,3),(0.,0.500000000000001,1.),(0.,
0.00596446426690235,1.),.UNSPECIFIED.)
GEOMETRIC_REPRESENTATION_ITEM()
RATIONAL_B_SPLINE_SURFACE(((1.,1.,1.,0.707106781186547,1.),(1.,1.,1.,0.707106781186547,
1.),(1.,1.,1.,0.707106781186547,1.),(1.,1.,1.,0.707106781186547,1.),(1.,
1.,1.,0.707106781186547,1.)))
REPRESENTATION_ITEM('')
SURFACE()
);
#44=(
BOUNDED_SURFACE()
B_SPLINE_SURFACE(3,2,((#2587,#2588,#2589,#2590,#2591),(#2592,#2593,#2594,
#2595,#2596),(#2597,#2598,#2599,#2600,#2601),(#2602,#2603,#2604,#2605,#2606),
(#2607,#2608,#2609,#2610,#2611),(#2612,#2613,#2614,#2615,#2616),(#2617,
#2618,#2619,#2620,#2621),(#2622,#2623,#2624,#2625,#2626),(#2627,#2628,#2629,
#2630,#2631),(#2632,#2633,#2634,#2635,#2636),(#2637,#2638,#2639,#2640,#2641),
(#2642,#2643,#2644,#2645,#2646),(#2647,#2648,#2649,#2650,#2651),(#2652,
#2653,#2654,#2655,#2656),(#2657,#2658,#2659,#2660,#2661),(#2662,#2663,#2664,
#2665,#2666),(#2667,#2668,#2669,#2670,#2671),(#2672,#2673,#2674,#2675,#2676),
(#2677,#2678,#2679,#2680,#2681),(#2682,#2683,#2684,#2685,#2686),(#2687,
#2688,#2689,#2690,#2691),(#2692,#2693,#2694,#2695,#2696),(#2697,#2698,#2699,
#2700,#2701)),.UNSPECIFIED.,.F.,.F.,.F.)
B_SPLINE_SURFACE_WITH_KNOTS((4,1,1,1,1,1,1,1,1,1,1,1,1,1,1,1,1,1,1,1,4),
(3,2,3),(0.,0.0624999999999999,0.0937499999999998,0.125,0.15625,0.1875,
0.21875,0.234375,0.25,0.28125,0.3125,0.34375,0.375000000000001,0.4375,0.499999999999998,
0.5625,0.624999999999999,0.687500000000001,0.749999999999999,0.875,1.),
(0.,0.994013383749459,1.),.UNSPECIFIED.)
GEOMETRIC_REPRESENTATION_ITEM()
RATIONAL_B_SPLINE_SURFACE(((1.,0.707106781186548,1.,1.,1.),(1.,0.707106781186548,
1.,1.,1.),(1.,0.707106781186548,1.,1.,1.),(1.,0.707106781186547,1.,1.,1.),
(1.,0.707106781186548,1.,1.,1.),(1.,0.707106781186548,1.,1.,1.),(1.,0.707106781186548,
1.,1.,1.),(1.,0.707106781186548,1.,1.,1.),(1.,0.707106781186547,1.,1.,1.),
(1.,0.707106781186548,1.,1.,1.),(1.,0.707106781186548,1.,1.,1.),(1.,0.707106781186547,
1.,1.,1.),(1.,0.707106781186548,1.,1.,1.),(1.,0.707106781186547,1.,1.,1.),
(1.,0.707106781186548,1.,1.,1.),(1.,0.707106781186548,1.,1.,1.),(1.,0.707106781186548,
1.,1.,1.),(1.,0.707106781186547,1.,1.,1.),(1.,0.707106781186548,1.,1.,1.),
(1.,0.707106781186548,1.,1.,1.),(1.,0.707106781186547,1.,1.,1.),(1.,0.707106781186548,
1.,1.,1.),(1.,0.707106781186548,1.,1.,1.)))
REPRESENTATION_ITEM('')
SURFACE()
);
#45=(
BOUNDED_SURFACE()
B_SPLINE_SURFACE(3,2,((#2738,#2739,#2740),(#2741,#2742,#2743),(#2744,#2745,
#2746),(#2747,#2748,#2749),(#2750,#2751,#2752)),.UNSPECIFIED.,.F.,.F.,.F.)
B_SPLINE_SURFACE_WITH_KNOTS((4,1,4),(3,3),(0.,0.5,1.),(0.,1.),
 .UNSPECIFIED.)
GEOMETRIC_REPRESENTATION_ITEM()
RATIONAL_B_SPLINE_SURFACE(((1.,0.707106781186548,1.),(1.,0.707106781186548,
1.),(1.,0.707106781186547,1.),(1.,0.707106781186548,1.),(1.,0.707106781186548,
1.)))
REPRESENTATION_ITEM('')
SURFACE()
);
#46=(
BOUNDED_SURFACE()
B_SPLINE_SURFACE(3,2,((#2754,#2755,#2756),(#2757,#2758,#2759),(#2760,#2761,
#2762),(#2763,#2764,#2765),(#2766,#2767,#2768),(#2769,#2770,#2771),(#2772,
#2773,#2774),(#2775,#2776,#2777)),.UNSPECIFIED.,.F.,.F.,.F.)
B_SPLINE_SURFACE_WITH_KNOTS((4,1,1,1,1,4),(3,3),(0.,0.25,0.374999999999999,
0.5,0.750000000000002,1.),(0.,1.),.UNSPECIFIED.)
GEOMETRIC_REPRESENTATION_ITEM()
RATIONAL_B_SPLINE_SURFACE(((1.,0.707106781186547,1.),(1.,0.707106781186547,
1.),(1.,0.707106781186548,1.),(1.,0.707106781186547,1.),(1.,0.707106781186548,
1.),(1.,0.707106781186547,1.),(1.,0.707106781186548,1.),(1.,0.707106781186548,
1.)))
REPRESENTATION_ITEM('')
SURFACE()
);
#47=(
BOUNDED_SURFACE()
B_SPLINE_SURFACE(3,2,((#2820,#2821,#2822),(#2823,#2824,#2825),(#2826,#2827,
#2828),(#2829,#2830,#2831),(#2832,#2833,#2834)),.UNSPECIFIED.,.F.,.F.,.F.)
B_SPLINE_SURFACE_WITH_KNOTS((4,1,4),(3,3),(0.,0.500000000000001,1.),(0.,
1.),.UNSPECIFIED.)
GEOMETRIC_REPRESENTATION_ITEM()
RATIONAL_B_SPLINE_SURFACE(((1.,0.707106781186548,1.),(1.,0.707106781186548,
1.),(1.,0.707106781186548,1.),(1.,0.707106781186548,1.),(1.,0.707106781186548,
1.)))
REPRESENTATION_ITEM('')
SURFACE()
);
#48=(
BOUNDED_SURFACE()
B_SPLINE_SURFACE(3,2,((#2842,#2843,#2844),(#2845,#2846,#2847),(#2848,#2849,
#2850),(#2851,#2852,#2853),(#2854,#2855,#2856),(#2857,#2858,#2859),(#2860,
#2861,#2862),(#2863,#2864,#2865),(#2866,#2867,#2868),(#2869,#2870,#2871),
(#2872,#2873,#2874),(#2875,#2876,#2877)),.UNSPECIFIED.,.F.,.F.,.F.)
B_SPLINE_SURFACE_WITH_KNOTS((4,1,1,1,1,1,1,1,1,4),(3,3),(0.,0.125,0.250000000000001,
0.375000000000001,0.500000000000001,0.624999999999999,0.75,0.875,0.937500000000001,
1.),(0.,1.),.UNSPECIFIED.)
GEOMETRIC_REPRESENTATION_ITEM()
RATIONAL_B_SPLINE_SURFACE(((1.,0.761857917515993,1.),(1.,0.775931661260674,
1.),(1.,0.806330286121068,1.),(1.,0.853308590729689,1.),(1.,0.896651518499049,
1.),(1.,0.933371959385238,1.),(1.,0.963136493990424,1.),(1.,0.984286681141712,
1.),(1.,0.994962597501472,1.),(1.,0.999272914963964,1.),(1.,1.,1.),(1.,
1.,1.)))
REPRESENTATION_ITEM('')
SURFACE()
);
#49=(
BOUNDED_SURFACE()
B_SPLINE_SURFACE(3,2,((#2879,#2880,#2881),(#2882,#2883,#2884),(#2885,#2886,
#2887),(#2888,#2889,#2890)),.UNSPECIFIED.,.F.,.F.,.F.)
B_SPLINE_SURFACE_WITH_KNOTS((4,4),(3,3),(0.,1.),(0.,1.),.UNSPECIFIED.)
GEOMETRIC_REPRESENTATION_ITEM()
RATIONAL_B_SPLINE_SURFACE(((1.,0.76185792110646,0.999999992819067),(1.,
0.744920238300595,0.999999992308328),(1.,0.726760966078174,0.999999991760753),
(1.,0.707106785602496,0.999999991168102)))
REPRESENTATION_ITEM('')
SURFACE()
);
#50=(
BOUNDED_SURFACE()
B_SPLINE_SURFACE(3,2,((#2905,#2906,#2907),(#2908,#2909,#2910),(#2911,#2912,
#2913),(#2914,#2915,#2916),(#2917,#2918,#2919),(#2920,#2921,#2922),(#2923,
#2924,#2925),(#2926,#2927,#2928),(#2929,#2930,#2931),(#2932,#2933,#2934),
(#2935,#2936,#2937),(#2938,#2939,#2940),(#2941,#2942,#2943),(#2944,#2945,
#2946),(#2947,#2948,#2949),(#2950,#2951,#2952),(#2953,#2954,#2955),(#2956,
#2957,#2958)),.UNSPECIFIED.,.F.,.F.,.F.)
B_SPLINE_SURFACE_WITH_KNOTS((4,1,1,1,1,1,1,1,1,1,1,1,1,1,1,4),(3,3),(0.,
0.0625,0.125,0.1875,0.25,0.312500000000001,0.375,0.4375,0.500000000000001,
0.625,0.687500000000001,0.750000000000001,0.8125,0.875000000000001,0.937500000000001,
1.),(0.,1.),.UNSPECIFIED.)
GEOMETRIC_REPRESENTATION_ITEM()
RATIONAL_B_SPLINE_SURFACE(((1.,0.707106781186459,1.),(1.,0.707251216524859,
1.),(1.,0.71101959242489,1.),(1.,0.725918468471166,1.),(1.,0.748490485376431,
1.),(1.,0.775441256816365,1.),(1.,0.805248853534252,1.),(1.,0.835057879649656,
1.),(1.,0.864050096054965,1.),(1.,0.900767935329403,1.),(1.,0.93191786630676,
1.),(1.,0.956964956363317,1.),(1.,0.972629328734149,1.),(1.,0.984851345979655,
1.),(1.,0.993565007886219,1.),(1.,0.998820583182037,1.),(1.,1.,1.),(1.,
1.,1.)))
REPRESENTATION_ITEM('')
SURFACE()
);
#51=(
BOUNDED_SURFACE()
B_SPLINE_SURFACE(3,2,((#2960,#2961,#2962),(#2963,#2964,#2965),(#2966,#2967,
#2968),(#2969,#2970,#2971),(#2972,#2973,#2974),(#2975,#2976,#2977),(#2978,
#2979,#2980),(#2981,#2982,#2983),(#2984,#2985,#2986),(#2987,#2988,#2989),
(#2990,#2991,#2992),(#2993,#2994,#2995),(#2996,#2997,#2998),(#2999,#3000,
#3001),(#3002,#3003,#3004),(#3005,#3006,#3007)),.UNSPECIFIED.,.F.,.F.,.F.)
B_SPLINE_SURFACE_WITH_KNOTS((4,1,1,1,1,1,1,1,1,1,1,1,1,4),(3,3),(0.,0.125,
0.1875,0.25,0.374999999999999,0.4375,0.499999999999999,0.5625,0.625000000000001,
0.6875,0.75,0.812499999999999,0.875,1.),(0.,1.),.UNSPECIFIED.)
GEOMETRIC_REPRESENTATION_ITEM()
RATIONAL_B_SPLINE_SURFACE(((1.,0.808654384387407,1.),(1.,0.808654384221686,
1.),(1.,0.806486954242065,1.),(1.,0.799674802933979,1.),(1.,0.790358395373528,
1.),(1.,0.778231743997747,1.),(1.,0.764153460557466,1.),(1.,0.753292168002785,
1.),(1.,0.742521247414983,1.),(1.,0.732165008037785,1.),(1.,0.722796658927838,
1.),(1.,0.715062224655009,1.),(1.,0.709231054647638,1.),(1.,0.704505457951824,
1.),(1.,0.704976650874945,1.),(1.,0.707106781186547,1.)))
REPRESENTATION_ITEM('')
SURFACE()
);
#52=TOROIDAL_SURFACE('',#1453,10.,2.);
#53=TOROIDAL_SURFACE('',#1465,12.,2.);
#54=TOROIDAL_SURFACE('',#1472,8.,2.);
#55=TOROIDAL_SURFACE('',#1476,12.,2.);
#56=TOROIDAL_SURFACE('',#1492,4.,2.);
#57=TOROIDAL_SURFACE('',#1494,10.,2.);
#58=TOROIDAL_SURFACE('',#1499,10.,2.);
#59=TOROIDAL_SURFACE('',#1508,10.,2.);
#60=TOROIDAL_SURFACE('',#1512,10.,2.);
#61=TOROIDAL_SURFACE('',#1516,10.,2.);
#62=TOROIDAL_SURFACE('',#1523,4.,2.);
#63=TOROIDAL_SURFACE('',#1526,4.,2.);
#64=TOROIDAL_SURFACE('',#1528,4.,2.);
#65=TOROIDAL_SURFACE('',#1531,4.,2.);
#66=(
BOUNDED_CURVE()
B_SPLINE_CURVE(3,(#2465,#2466,#2467,#2468),.UNSPECIFIED.,.F.,.F.)
B_SPLINE_CURVE_WITH_KNOTS((4,4),(0.,1.),.UNSPECIFIED.)
CURVE()
GEOMETRIC_REPRESENTATION_ITEM()
RATIONAL_B_SPLINE_CURVE((1.,1.,1.,1.))
REPRESENTATION_ITEM('')
);
#67=(
BOUNDED_CURVE()
B_SPLINE_CURVE(3,(#2720,#2721,#2722,#2723),.UNSPECIFIED.,.F.,.F.)
B_SPLINE_CURVE_WITH_KNOTS((4,4),(0.,1.),.UNSPECIFIED.)
CURVE()
GEOMETRIC_REPRESENTATION_ITEM()
RATIONAL_B_SPLINE_CURVE((0.999999992819067,0.999999992308584,0.999999991761302,
0.999999991168993))
REPRESENTATION_ITEM('')
);
#68=(
BOUNDED_CURVE()
B_SPLINE_CURVE(3,(#2725,#2726,#2727,#2728,#2729,#2730,#2731,#2732,#2733,
#2734,#2735,#2736),.UNSPECIFIED.,.F.,.F.)
B_SPLINE_CURVE_WITH_KNOTS((4,1,1,1,1,1,1,1,1,4),(0.,0.0624999999999992,
0.125,0.25,0.375000000000001,0.499999999999999,0.624999999999999,0.75,0.875,
1.),.UNSPECIFIED.)
CURVE()
GEOMETRIC_REPRESENTATION_ITEM()
RATIONAL_B_SPLINE_CURVE((1.,1.,1.,1.,1.,1.,1.,1.,1.,1.,1.,1.))
REPRESENTATION_ITEM('')
);
#69=(
BOUNDED_CURVE()
B_SPLINE_CURVE(3,(#2802,#2803,#2804,#2805,#2806,#2807,#2808,#2809,#2810,
#2811,#2812,#2813,#2814,#2815,#2816,#2817,#2818,#2819),.UNSPECIFIED.,.F.,
 .F.)
B_SPLINE_CURVE_WITH_KNOTS((4,1,1,1,1,1,1,1,1,1,1,1,1,1,1,4),(0.,0.0625,
0.125,0.1875,0.25,0.312500000000001,0.375,0.4375,0.500000000000001,0.625,
0.687500000000001,0.750000000000001,0.8125,0.875000000000001,0.937500000000001,
1.),.UNSPECIFIED.)
CURVE()
GEOMETRIC_REPRESENTATION_ITEM()
RATIONAL_B_SPLINE_CURVE((1.,1.,1.,1.,1.,1.,1.,1.,1.,1.,1.,1.,1.,1.,1.,1.,
1.,1.))
REPRESENTATION_ITEM('')
);
#70=B_SPLINE_SURFACE_WITH_KNOTS('',3,1,((#2253,#2254),(#2255,#2256),(#2257,
#2258),(#2259,#2260)),.UNSPECIFIED.,.F.,.F.,.F.,(4,4),(2,2),(0.,1.),(0.,
1.),.UNSPECIFIED.);
#71=B_SPLINE_SURFACE_WITH_KNOTS('',3,1,((#2298,#2299),(#2300,#2301),(#2302,
#2303),(#2304,#2305)),.UNSPECIFIED.,.F.,.F.,.F.,(4,4),(2,2),(0.,1.),(0.,
1.),.UNSPECIFIED.);
#72=B_SPLINE_SURFACE_WITH_KNOTS('',3,3,((#3031,#3032,#3033,#3034,#3035,
#3036),(#3037,#3038,#3039,#3040,#3041,#3042),(#3043,#3044,#3045,#3046,#3047,
#3048),(#3049,#3050,#3051,#3052,#3053,#3054),(#3055,#3056,#3057,#3058,#3059,
#3060),(#3061,#3062,#3063,#3064,#3065,#3066)),.UNSPECIFIED.,.F.,.F.,.F.,
(4,2,4),(4,2,4),(0.,0.5,1.),(0.,0.5,1.),.UNSPECIFIED.);
#73=FACE_OUTER_BOUND('',#517,.T.);
#74=FACE_OUTER_BOUND('',#518,.T.);
#75=FACE_OUTER_BOUND('',#519,.T.);
#76=FACE_OUTER_BOUND('',#520,.T.);
#77=FACE_OUTER_BOUND('',#521,.T.);
#78=FACE_OUTER_BOUND('',#522,.T.);
#79=FACE_OUTER_BOUND('',#523,.T.);
#80=FACE_OUTER_BOUND('',#524,.T.);
#81=FACE_OUTER_BOUND('',#527,.T.);
#82=FACE_OUTER_BOUND('',#528,.T.);
#83=FACE_OUTER_BOUND('',#529,.T.);
#84=FACE_OUTER_BOUND('',#530,.T.);
#85=FACE_OUTER_BOUND('',#531,.T.);
#86=FACE_OUTER_BOUND('',#532,.T.);
#87=FACE_OUTER_BOUND('',#533,.T.);
#88=FACE_OUTER_BOUND('',#534,.T.);
#89=FACE_OUTER_BOUND('',#535,.T.);
#90=FACE_OUTER_BOUND('',#536,.T.);
#91=FACE_OUTER_BOUND('',#537,.T.);
#92=FACE_OUTER_BOUND('',#538,.T.);
#93=FACE_OUTER_BOUND('',#539,.T.);
#94=FACE_OUTER_BOUND('',#540,.T.);
#95=FACE_OUTER_BOUND('',#541,.T.);
#96=FACE_OUTER_BOUND('',#542,.T.);
#97=FACE_OUTER_BOUND('',#543,.T.);
#98=FACE_OUTER_BOUND('',#544,.T.);
#99=FACE_OUTER_BOUND('',#545,.T.);
#100=FACE_OUTER_BOUND('',#546,.T.);
#101=FACE_OUTER_BOUND('',#547,.T.);
#102=FACE_OUTER_BOUND('',#548,.T.);
#103=FACE_OUTER_BOUND('',#549,.T.);
#104=FACE_OUTER_BOUND('',#550,.T.);
#105=FACE_OUTER_BOUND('',#551,.T.);
#106=FACE_OUTER_BOUND('',#552,.T.);
#107=FACE_OUTER_BOUND('',#553,.T.);
#108=FACE_OUTER_BOUND('',#554,.T.);
#109=FACE_OUTER_BOUND('',#555,.T.);
#110=FACE_OUTER_BOUND('',#556,.T.);
#111=FACE_OUTER_BOUND('',#557,.T.);
#112=FACE_OUTER_BOUND('',#558,.T.);
#113=FACE_OUTER_BOUND('',#559,.T.);
#114=FACE_OUTER_BOUND('',#560,.T.);
#115=FACE_OUTER_BOUND('',#561,.T.);
#116=FACE_OUTER_BOUND('',#562,.T.);
#117=FACE_OUTER_BOUND('',#563,.T.);
#118=FACE_OUTER_BOUND('',#564,.T.);
#119=FACE_OUTER_BOUND('',#565,.T.);
#120=FACE_OUTER_BOUND('',#566,.T.);
#121=FACE_OUTER_BOUND('',#567,.T.);
#122=FACE_OUTER_BOUND('',#568,.T.);
#123=FACE_OUTER_BOUND('',#569,.T.);
#124=FACE_OUTER_BOUND('',#570,.T.);
#125=FACE_OUTER_BOUND('',#571,.T.);
#126=FACE_OUTER_BOUND('',#572,.T.);
#127=FACE_OUTER_BOUND('',#573,.T.);
#128=FACE_OUTER_BOUND('',#574,.T.);
#129=FACE_OUTER_BOUND('',#575,.T.);
#130=FACE_OUTER_BOUND('',#576,.T.);
#131=FACE_OUTER_BOUND('',#577,.T.);
#132=FACE_OUTER_BOUND('',#578,.T.);
#133=FACE_OUTER_BOUND('',#579,.T.);
#134=FACE_OUTER_BOUND('',#580,.T.);
#135=FACE_OUTER_BOUND('',#581,.T.);
#136=FACE_OUTER_BOUND('',#582,.T.);
#137=FACE_OUTER_BOUND('',#583,.T.);
#138=FACE_OUTER_BOUND('',#584,.T.);
#139=FACE_OUTER_BOUND('',#585,.T.);
#140=FACE_OUTER_BOUND('',#586,.T.);
#141=B_SPLINE_CURVE_WITH_KNOTS('',3,(#2026,#2027,#2028,#2029,#2030,#2031,
#2032,#2033,#2034,#2035,#2036,#2037,#2038,#2039,#2040,#2041,#2042,#2043,
#2044,#2045,#2046,#2047,#2048,#2049,#2050,#2051,#2052,#2053,#2054,#2055,
#2056),.UNSPECIFIED.,.F.,.F.,(4,3,3,3,3,3,3,3,3,3,4),(0.,0.126375065411722,
0.25,0.271981508840215,0.417592741047521,0.5,0.561144494975401,0.708812010915364,
0.75,0.814998956622758,1.),.UNSPECIFIED.);
#142=B_SPLINE_CURVE_WITH_KNOTS('',3,(#2058,#2059,#2060,#2061,#2062,#2063,
#2064,#2065),.UNSPECIFIED.,.F.,.F.,(4,1,1,1,1,4),(0.,0.25,0.374999999999999,
0.5,0.750000000000002,1.),.UNSPECIFIED.);
#143=B_SPLINE_CURVE_WITH_KNOTS('',3,(#2069,#2070,#2071,#2072,#2073,#2074,
#2075,#2076,#2077,#2078,#2079,#2080,#2081,#2082,#2083,#2084,#2085,#2086,
#2087,#2088,#2089,#2090,#2091,#2092,#2093,#2094,#2095,#2096,#2097,#2098,
#2099,#2100,#2101,#2102,#2103,#2104,#2105,#2106,#2107,#2108,#2109,#2110,
#2111,#2112,#2113,#2114,#2115,#2116,#2117,#2118,#2119,#2120,#2121,#2122,
#2123,#2124,#2125,#2126,#2127,#2128,#2129,#2130,#2131,#2132,#2133,#2134,
#2135,#2136,#2137,#2138,#2139,#2140,#2141,#2142,#2143,#2144,#2145,#2146,
#2147,#2148,#2149,#2150,#2151,#2152,#2153,#2154,#2155,#2156,#2157,#2158,
#2159,#2160,#2161,#2162,#2163,#2164,#2165,#2166,#2167,#2168,#2169,#2170,
#2171,#2172,#2173,#2174,#2175,#2176,#2177,#2178,#2179,#2180,#2181,#2182,
#2183),.UNSPECIFIED.,.F.,.F.,(4,3,3,3,3,3,3,3,3,3,3,3,3,3,3,3,3,3,3,3,3,
3,3,3,3,3,3,3,3,3,3,3,3,3,3,3,3,3,4),(0.,0.0570021138427759,0.0625,0.0625009688346857,
0.0937541530779142,0.125,0.125001936212258,0.15625,0.156252420604196,0.1875,
0.187502906333134,0.21875,0.218753390880684,0.234375,0.234378627918857,
0.249999999999999,0.250003877303126,0.28125,0.281254353541051,0.3125,0.312504859202348,
0.343750000000001,0.34375532315196,0.375,0.375005813961707,0.437500000000001,
0.437506780350885,0.499999999999998,0.500007749819936,0.562499999999999,
0.562508718111728,0.625,0.625009687645551,0.687514161021744,0.749999999999999,
0.750010043225357,0.874999999999998,0.875006099659914,1.),.UNSPECIFIED.);
#144=B_SPLINE_CURVE_WITH_KNOTS('',3,(#2196,#2197,#2198,#2199),
 .UNSPECIFIED.,.F.,.F.,(4,4),(0.,1.),.UNSPECIFIED.);
#145=B_SPLINE_CURVE_WITH_KNOTS('',3,(#2203,#2204,#2205,#2206),
 .UNSPECIFIED.,.F.,.F.,(4,4),(0.,1.),.UNSPECIFIED.);
#146=B_SPLINE_CURVE_WITH_KNOTS('',3,(#2223,#2224,#2225,#2226),
 .UNSPECIFIED.,.F.,.F.,(4,4),(0.,1.),.UNSPECIFIED.);
#147=B_SPLINE_CURVE_WITH_KNOTS('',3,(#2230,#2231,#2232,#2233,#2234,#2235,
#2236,#2237,#2238,#2239),.UNSPECIFIED.,.F.,.F.,(4,2,2,2,4),(0.,0.499999999999997,
0.624999999999998,0.749999999999998,1.),.UNSPECIFIED.);
#148=B_SPLINE_CURVE_WITH_KNOTS('',3,(#2242,#2243,#2244,#2245),
 .UNSPECIFIED.,.F.,.F.,(4,4),(0.,1.),.UNSPECIFIED.);
#149=B_SPLINE_CURVE_WITH_KNOTS('',3,(#2249,#2250,#2251,#2252),
 .UNSPECIFIED.,.F.,.F.,(4,4),(0.,1.),.UNSPECIFIED.);
#150=B_SPLINE_CURVE_WITH_KNOTS('',3,(#2265,#2266,#2267,#2268,#2269,#2270,
#2271,#2272,#2273,#2274,#2275,#2276),.UNSPECIFIED.,.F.,.F.,(4,2,2,2,2,4),
(0.,0.125,0.1875,0.25,0.5,1.),.UNSPECIFIED.);
#151=B_SPLINE_CURVE_WITH_KNOTS('',3,(#2280,#2281,#2282,#2283),
 .UNSPECIFIED.,.F.,.F.,(4,4),(0.,1.),.UNSPECIFIED.);
#152=B_SPLINE_CURVE_WITH_KNOTS('',3,(#2287,#2288,#2289,#2290),
 .UNSPECIFIED.,.F.,.F.,(4,4),(0.,1.),.UNSPECIFIED.);
#153=B_SPLINE_CURVE_WITH_KNOTS('',3,(#2294,#2295,#2296,#2297),
 .UNSPECIFIED.,.F.,.F.,(4,4),(0.,1.),.UNSPECIFIED.);
#154=B_SPLINE_CURVE_WITH_KNOTS('',3,(#2320,#2321,#2322,#2323,#2324,#2325,
#2326,#2327,#2328,#2329,#2330,#2331,#2332,#2333,#2334,#2335,#2336,#2337,
#2338,#2339,#2340,#2341),.UNSPECIFIED.,.F.,.F.,(4,2,2,2,2,2,2,2,2,2,4),
(0.,0.125000000000001,0.250000000000002,0.375000000000003,0.437500000000003,
0.500000000000003,0.562500000000003,0.625000000000002,0.750000000000002,
0.875000000000001,1.),.UNSPECIFIED.);
#155=B_SPLINE_CURVE_WITH_KNOTS('',3,(#2354,#2355,#2356,#2357,#2358,#2359,
#2360,#2361,#2362,#2363),.UNSPECIFIED.,.F.,.F.,(4,2,2,2,4),(0.,0.25,0.5,
0.75,1.),.UNSPECIFIED.);
#156=B_SPLINE_CURVE_WITH_KNOTS('',3,(#2373,#2374,#2375,#2376,#2377,#2378),
 .UNSPECIFIED.,.F.,.F.,(4,2,4),(0.,0.5,1.),.UNSPECIFIED.);
#157=B_SPLINE_CURVE_WITH_KNOTS('',3,(#2379,#2380,#2381,#2382,#2383,#2384),
 .UNSPECIFIED.,.F.,.F.,(4,2,4),(0.,0.5,1.),.UNSPECIFIED.);
#158=B_SPLINE_CURVE_WITH_KNOTS('',3,(#2418,#2419,#2420,#2421,#2422,#2423,
#2424,#2425,#2426,#2427,#2428,#2429,#2430,#2431,#2432,#2433),
 .UNSPECIFIED.,.F.,.F.,(4,3,3,3,3,4),(0.,0.242045420557987,0.499968418721101,
0.499999999999996,0.943641869707349,1.),.UNSPECIFIED.);
#159=B_SPLINE_CURVE_WITH_KNOTS('',3,(#2437,#2438,#2439,#2440,#2441,#2442,
#2443,#2444,#2445,#2446),.UNSPECIFIED.,.F.,.F.,(4,3,3,4),(0.,0.500000000000002,
0.750000000000003,1.),.UNSPECIFIED.);
#160=B_SPLINE_CURVE_WITH_KNOTS('',3,(#2481,#2482,#2483,#2484,#2485,#2486,
#2487),.UNSPECIFIED.,.F.,.F.,(4,3,4),(0.,0.732390311135844,1.),
 .UNSPECIFIED.);
#161=B_SPLINE_CURVE_WITH_KNOTS('',3,(#2504,#2505,#2506,#2507,#2508,#2509,
#2510,#2511,#2512,#2513),.UNSPECIFIED.,.F.,.F.,(4,3,3,4),(0.,0.368093957864077,
0.500000000000001,1.),.UNSPECIFIED.);
#162=B_SPLINE_CURVE_WITH_KNOTS('',3,(#2521,#2522,#2523,#2524),
 .UNSPECIFIED.,.F.,.F.,(4,4),(0.,1.),.UNSPECIFIED.);
#163=B_SPLINE_CURVE_WITH_KNOTS('',3,(#2703,#2704,#2705,#2706,#2707,#2708,
#2709,#2710,#2711,#2712,#2713,#2714,#2715,#2716),.UNSPECIFIED.,.F.,.F.,
(4,2,2,2,2,2,4),(0.,0.125,0.249999999999999,0.499999999999999,0.624999999999999,
0.749999999999999,1.),.UNSPECIFIED.);
#164=B_SPLINE_CURVE_WITH_KNOTS('',3,(#2783,#2784,#2785,#2786,#2787,#2788,
#2789,#2790,#2791,#2792,#2793,#2794,#2795,#2796,#2797,#2798,#2799,#2800),
 .UNSPECIFIED.,.F.,.F.,(4,2,2,2,2,2,2,2,4),(0.,0.124999999999995,0.187499999999992,
0.24999999999999,0.374999999999985,0.437499999999983,0.468749999999981,
0.49999999999998,1.),.UNSPECIFIED.);
#165=B_SPLINE_CURVE_WITH_KNOTS('',3,(#2891,#2892,#2893,#2894,#2895,#2896,
#2897,#2898,#2899,#2900,#2901,#2902),.UNSPECIFIED.,.F.,.F.,(4,2,2,2,2,4),
(0.,0.125,0.25,0.375,0.499999999999999,1.),.UNSPECIFIED.);
#166=B_SPLINE_CURVE_WITH_KNOTS('',3,(#3012,#3013,#3014,#3015,#3016,#3017,
#3018,#3019,#3020,#3021),.UNSPECIFIED.,.F.,.F.,(4,2,2,2,4),(0.,0.250000000000003,
0.375000000000004,0.500000000000005,1.),.UNSPECIFIED.);
#167=B_SPLINE_CURVE_WITH_KNOTS('',3,(#3025,#3026,#3027,#3028,#3029,#3030),
 .UNSPECIFIED.,.F.,.F.,(4,2,4),(0.,0.496958317157138,1.),.UNSPECIFIED.);
#168=LINE('',#2021,#218);
#169=LINE('',#2024,#219);
#170=LINE('',#2185,#220);
#171=LINE('',#2191,#221);
#172=LINE('',#2210,#222);
#173=LINE('',#2220,#223);
#174=LINE('',#2228,#224);
#175=LINE('',#2240,#225);
#176=LINE('',#2247,#226);
#177=LINE('',#2261,#227);
#178=LINE('',#2278,#228);
#179=LINE('',#2285,#229);
#180=LINE('',#2292,#230);
#181=LINE('',#2309,#231);
#182=LINE('',#2314,#232);
#183=LINE('',#2318,#233);
#184=LINE('',#2343,#234);
#185=LINE('',#2345,#235);
#186=LINE('',#2347,#236);
#187=LINE('',#2349,#237);
#188=LINE('',#2351,#238);
#189=LINE('',#2367,#239);
#190=LINE('',#2371,#240);
#191=LINE('',#2386,#241);
#192=LINE('',#2391,#242);
#193=LINE('',#2392,#243);
#194=LINE('',#2395,#244);
#195=LINE('',#2398,#245);
#196=LINE('',#2400,#246);
#197=LINE('',#2402,#247);
#198=LINE('',#2404,#248);
#199=LINE('',#2407,#249);
#200=LINE('',#2409,#250);
#201=LINE('',#2411,#251);
#202=LINE('',#2416,#252);
#203=LINE('',#2448,#253);
#204=LINE('',#2452,#254);
#205=LINE('',#2456,#255);
#206=LINE('',#2458,#256);
#207=LINE('',#2461,#257);
#208=LINE('',#2463,#258);
#209=LINE('',#2470,#259);
#210=LINE('',#2472,#260);
#211=LINE('',#2475,#261);
#212=LINE('',#2477,#262);
#213=LINE('',#2479,#263);
#214=LINE('',#2492,#264);
#215=LINE('',#2494,#265);
#216=LINE('',#2498,#266);
#217=LINE('',#2502,#267);
#218=VECTOR('',#1628,1.);
#219=VECTOR('',#1629,1.);
#220=VECTOR('',#1632,1.);
#221=VECTOR('',#1639,1.);
#222=VECTOR('',#1646,1.);
#223=VECTOR('',#1657,1.);
#224=VECTOR('',#1658,1.);
#225=VECTOR('',#1659,1.);
#226=VECTOR('',#1660,1.);
#227=VECTOR('',#1661,1.);
#228=VECTOR('',#1666,1.);
#229=VECTOR('',#1667,1.);
#230=VECTOR('',#1668,1.);
#231=VECTOR('',#1675,1.);
#232=VECTOR('',#1678,1.);
#233=VECTOR('',#1683,1.);
#234=VECTOR('',#1684,1.);
#235=VECTOR('',#1685,1.);
#236=VECTOR('',#1686,1.);
#237=VECTOR('',#1687,1.);
#238=VECTOR('',#1690,1.);
#239=VECTOR('',#1693,1.);
#240=VECTOR('',#1696,1.);
#241=VECTOR('',#1697,1.);
#242=VECTOR('',#1704,1.);
#243=VECTOR('',#1705,1.);
#244=VECTOR('',#1710,1.);
#245=VECTOR('',#1711,1.);
#246=VECTOR('',#1712,1.);
#247=VECTOR('',#1713,1.);
#248=VECTOR('',#1716,1.);
#249=VECTOR('',#1717,1.);
#250=VECTOR('',#1718,1.);
#251=VECTOR('',#1719,1.);
#252=VECTOR('',#1724,1.);
#253=VECTOR('',#1727,1.);
#254=VECTOR('',#1730,1.);
#255=VECTOR('',#1733,1.);
#256=VECTOR('',#1736,1.);
#257=VECTOR('',#1737,1.);
#258=VECTOR('',#1738,1.);
#259=VECTOR('',#1739,1.);
#260=VECTOR('',#1742,1.);
#261=VECTOR('',#1743,1.);
#262=VECTOR('',#1744,1.);
#263=VECTOR('',#1745,1.);
#264=VECTOR('',#1750,1.);
#265=VECTOR('',#1751,1.);
#266=VECTOR('',#1754,1.);
#267=VECTOR('',#1757,1.);
#268=PLANE('',#1366);
#269=PLANE('',#1373);
#270=PLANE('',#1380);
#271=PLANE('',#1387);
#272=PLANE('',#1394);
#273=PLANE('',#1401);
#274=PLANE('',#1407);
#275=PLANE('',#1415);
#276=PLANE('',#1424);
#277=PLANE('',#1430);
#278=PLANE('',#1432);
#279=PLANE('',#1433);
#280=PLANE('',#1438);
#281=PLANE('',#1439);
#282=PLANE('',#1440);
#283=PLANE('',#1445);
#284=ADVANCED_FACE('',(#411,#412),#373,.F.);
#285=ADVANCED_FACE('',(#413,#414),#268,.T.);
#286=ADVANCED_FACE('',(#415,#416),#374,.F.);
#287=ADVANCED_FACE('',(#417,#418),#375,.F.);
#288=ADVANCED_FACE('',(#419,#420),#269,.T.);
#289=ADVANCED_FACE('',(#421,#422),#376,.F.);
#290=ADVANCED_FACE('',(#423,#424),#377,.F.);
#291=ADVANCED_FACE('',(#425,#426),#270,.T.);
#292=ADVANCED_FACE('',(#427,#428),#378,.F.);
#293=ADVANCED_FACE('',(#429,#430),#379,.F.);
#294=ADVANCED_FACE('',(#431,#432),#271,.T.);
#295=ADVANCED_FACE('',(#433,#434),#380,.F.);
#296=ADVANCED_FACE('',(#435,#436),#381,.F.);
#297=ADVANCED_FACE('',(#437,#438),#272,.T.);
#298=ADVANCED_FACE('',(#439,#440),#382,.F.);
#299=ADVANCED_FACE('',(#441,#442),#383,.F.);
#300=ADVANCED_FACE('',(#443,#444),#273,.T.);
#301=ADVANCED_FACE('',(#445,#446),#384,.F.);
#302=ADVANCED_FACE('',(#447,#448,#449,#450,#451,#452,#453,#454),#274,.F.);
#303=ADVANCED_FACE('',(#455,#456,#457,#458,#459,#460,#461,#462),#275,.T.);
#304=ADVANCED_FACE('',(#73),#70,.F.);
#305=ADVANCED_FACE('',(#74),#385,.T.);
#306=ADVANCED_FACE('',(#75),#71,.F.);
#307=ADVANCED_FACE('',(#76),#386,.T.);
#308=ADVANCED_FACE('',(#77),#387,.F.);
#309=ADVANCED_FACE('',(#78),#276,.T.);
#310=ADVANCED_FACE('',(#79),#388,.F.);
#311=ADVANCED_FACE('',(#80),#277,.T.);
#312=ADVANCED_FACE('',(#463,#464),#389,.F.);
#313=ADVANCED_FACE('',(#81),#278,.F.);
#314=ADVANCED_FACE('',(#82),#279,.F.);
#315=ADVANCED_FACE('',(#83),#280,.T.);
#316=ADVANCED_FACE('',(#84),#281,.F.);
#317=ADVANCED_FACE('',(#85),#282,.F.);
#318=ADVANCED_FACE('',(#86),#283,.F.);
#319=ADVANCED_FACE('',(#87),#390,.T.);
#320=ADVANCED_FACE('',(#88),#391,.T.);
#321=ADVANCED_FACE('',(#89),#52,.T.);
#322=ADVANCED_FACE('',(#90),#392,.T.);
#323=ADVANCED_FACE('',(#91),#393,.T.);
#324=ADVANCED_FACE('',(#92),#42,.T.);
#325=ADVANCED_FACE('',(#93),#394,.T.);
#326=ADVANCED_FACE('',(#94),#53,.T.);
#327=ADVANCED_FACE('',(#95),#43,.T.);
#328=ADVANCED_FACE('',(#96),#44,.T.);
#329=ADVANCED_FACE('',(#97),#395,.T.);
#330=ADVANCED_FACE('',(#98),#54,.T.);
#331=ADVANCED_FACE('',(#99),#45,.T.);
#332=ADVANCED_FACE('',(#100),#46,.T.);
#333=ADVANCED_FACE('',(#101),#55,.T.);
#334=ADVANCED_FACE('',(#102),#396,.T.);
#335=ADVANCED_FACE('',(#103),#47,.T.);
#336=ADVANCED_FACE('',(#104),#397,.T.);
#337=ADVANCED_FACE('',(#105),#398,.T.);
#338=ADVANCED_FACE('',(#106),#48,.F.);
#339=ADVANCED_FACE('',(#107),#49,.F.);
#340=ADVANCED_FACE('',(#108),#399,.F.);
#341=ADVANCED_FACE('',(#109),#50,.F.);
#342=ADVANCED_FACE('',(#110),#51,.T.);
#343=ADVANCED_FACE('',(#111),#56,.F.);
#344=ADVANCED_FACE('',(#112),#57,.T.);
#345=ADVANCED_FACE('',(#113),#400,.F.);
#346=ADVANCED_FACE('',(#114),#401,.T.);
#347=ADVANCED_FACE('',(#115),#72,.T.);
#348=ADVANCED_FACE('',(#116),#58,.T.);
#349=ADVANCED_FACE('',(#117),#402,.T.);
#350=ADVANCED_FACE('',(#118),#34,.T.);
#351=ADVANCED_FACE('',(#119),#403,.T.);
#352=ADVANCED_FACE('',(#120),#35,.T.);
#353=ADVANCED_FACE('',(#121),#59,.T.);
#354=ADVANCED_FACE('',(#122),#404,.T.);
#355=ADVANCED_FACE('',(#123),#60,.T.);
#356=ADVANCED_FACE('',(#124),#405,.T.);
#357=ADVANCED_FACE('',(#125),#61,.T.);
#358=ADVANCED_FACE('',(#126),#36,.T.);
#359=ADVANCED_FACE('',(#127),#406,.T.);
#360=ADVANCED_FACE('',(#128),#37,.T.);
#361=ADVANCED_FACE('',(#129),#62,.F.);
#362=ADVANCED_FACE('',(#130),#407,.F.);
#363=ADVANCED_FACE('',(#131),#63,.F.);
#364=ADVANCED_FACE('',(#132),#64,.F.);
#365=ADVANCED_FACE('',(#133),#408,.F.);
#366=ADVANCED_FACE('',(#134),#65,.F.);
#367=ADVANCED_FACE('',(#135),#38,.T.);
#368=ADVANCED_FACE('',(#136),#409,.T.);
#369=ADVANCED_FACE('',(#137),#39,.T.);
#370=ADVANCED_FACE('',(#138),#40,.T.);
#371=ADVANCED_FACE('',(#139),#410,.T.);
#372=ADVANCED_FACE('',(#140),#41,.T.);
#373=CYLINDRICAL_SURFACE('',#1364,2.);
#374=CYLINDRICAL_SURFACE('',#1368,1.05);
#375=CYLINDRICAL_SURFACE('',#1371,2.);
#376=CYLINDRICAL_SURFACE('',#1375,1.05);
#377=CYLINDRICAL_SURFACE('',#1378,2.);
#378=CYLINDRICAL_SURFACE('',#1382,1.05);
#379=CYLINDRICAL_SURFACE('',#1385,2.);
#380=CYLINDRICAL_SURFACE('',#1389,1.05);
#381=CYLINDRICAL_SURFACE('',#1392,2.);
#382=CYLINDRICAL_SURFACE('',#1396,1.05);
#383=CYLINDRICAL_SURFACE('',#1399,2.);
#384=CYLINDRICAL_SURFACE('',#1403,1.05);
#385=CYLINDRICAL_SURFACE('',#1417,10.);
#386=CYLINDRICAL_SURFACE('',#1420,14.);
#387=CYLINDRICAL_SURFACE('',#1423,8.);
#388=CYLINDRICAL_SURFACE('',#1429,8.);
#389=CYLINDRICAL_SURFACE('',#1431,2.6);
#390=CYLINDRICAL_SURFACE('',#1448,2.);
#391=CYLINDRICAL_SURFACE('',#1450,2.);
#392=CYLINDRICAL_SURFACE('',#1455,2.);
#393=CYLINDRICAL_SURFACE('',#1458,2.);
#394=CYLINDRICAL_SURFACE('',#1463,2.);
#395=CYLINDRICAL_SURFACE('',#1470,2.);
#396=CYLINDRICAL_SURFACE('',#1479,2.);
#397=CYLINDRICAL_SURFACE('',#1482,2.);
#398=CYLINDRICAL_SURFACE('',#1485,2.);
#399=CYLINDRICAL_SURFACE('',#1488,2.);
#400=CYLINDRICAL_SURFACE('',#1495,2.);
#401=CYLINDRICAL_SURFACE('',#1497,2.);
#402=CYLINDRICAL_SURFACE('',#1500,2.);
#403=CYLINDRICAL_SURFACE('',#1504,2.);
#404=CYLINDRICAL_SURFACE('',#1510,2.);
#405=CYLINDRICAL_SURFACE('',#1514,2.);
#406=CYLINDRICAL_SURFACE('',#1520,2.);
#407=CYLINDRICAL_SURFACE('',#1525,2.);
#408=CYLINDRICAL_SURFACE('',#1530,2.);
#409=CYLINDRICAL_SURFACE('',#1535,2.);
#410=CYLINDRICAL_SURFACE('',#1540,2.);
#411=FACE_BOUND('',#465,.T.);
#412=FACE_BOUND('',#466,.T.);
#413=FACE_BOUND('',#467,.T.);
#414=FACE_BOUND('',#468,.T.);
#415=FACE_BOUND('',#469,.T.);
#416=FACE_BOUND('',#470,.T.);
#417=FACE_BOUND('',#471,.T.);
#418=FACE_BOUND('',#472,.T.);
#419=FACE_BOUND('',#473,.T.);
#420=FACE_BOUND('',#474,.T.);
#421=FACE_BOUND('',#475,.T.);
#422=FACE_BOUND('',#476,.T.);
#423=FACE_BOUND('',#477,.T.);
#424=FACE_BOUND('',#478,.T.);
#425=FACE_BOUND('',#479,.T.);
#426=FACE_BOUND('',#480,.T.);
#427=FACE_BOUND('',#481,.T.);
#428=FACE_BOUND('',#482,.T.);
#429=FACE_BOUND('',#483,.T.);
#430=FACE_BOUND('',#484,.T.);
#431=FACE_BOUND('',#485,.T.);
#432=FACE_BOUND('',#486,.T.);
#433=FACE_BOUND('',#487,.T.);
#434=FACE_BOUND('',#488,.T.);
#435=FACE_BOUND('',#489,.T.);
#436=FACE_BOUND('',#490,.T.);
#437=FACE_BOUND('',#491,.T.);
#438=FACE_BOUND('',#492,.T.);
#439=FACE_BOUND('',#493,.T.);
#440=FACE_BOUND('',#494,.T.);
#441=FACE_BOUND('',#495,.T.);
#442=FACE_BOUND('',#496,.T.);
#443=FACE_BOUND('',#497,.T.);
#444=FACE_BOUND('',#498,.T.);
#445=FACE_BOUND('',#499,.T.);
#446=FACE_BOUND('',#500,.T.);
#447=FACE_BOUND('',#501,.T.);
#448=FACE_BOUND('',#502,.T.);
#449=FACE_BOUND('',#503,.T.);
#450=FACE_BOUND('',#504,.T.);
#451=FACE_BOUND('',#505,.T.);
#452=FACE_BOUND('',#506,.T.);
#453=FACE_BOUND('',#507,.T.);
#454=FACE_BOUND('',#508,.T.);
#455=FACE_BOUND('',#509,.T.);
#456=FACE_BOUND('',#510,.T.);
#457=FACE_BOUND('',#511,.T.);
#458=FACE_BOUND('',#512,.T.);
#459=FACE_BOUND('',#513,.T.);
#460=FACE_BOUND('',#514,.T.);
#461=FACE_BOUND('',#515,.T.);
#462=FACE_BOUND('',#516,.T.);
#463=FACE_BOUND('',#525,.T.);
#464=FACE_BOUND('',#526,.T.);
#465=EDGE_LOOP('',(#587));
#466=EDGE_LOOP('',(#588));
#467=EDGE_LOOP('',(#589));
#468=EDGE_LOOP('',(#590));
#469=EDGE_LOOP('',(#591));
#470=EDGE_LOOP('',(#592));
#471=EDGE_LOOP('',(#593));
#472=EDGE_LOOP('',(#594));
#473=EDGE_LOOP('',(#595));
#474=EDGE_LOOP('',(#596));
#475=EDGE_LOOP('',(#597));
#476=EDGE_LOOP('',(#598));
#477=EDGE_LOOP('',(#599));
#478=EDGE_LOOP('',(#600));
#479=EDGE_LOOP('',(#601));
#480=EDGE_LOOP('',(#602));
#481=EDGE_LOOP('',(#603));
#482=EDGE_LOOP('',(#604));
#483=EDGE_LOOP('',(#605));
#484=EDGE_LOOP('',(#606));
#485=EDGE_LOOP('',(#607));
#486=EDGE_LOOP('',(#608));
#487=EDGE_LOOP('',(#609));
#488=EDGE_LOOP('',(#610));
#489=EDGE_LOOP('',(#611));
#490=EDGE_LOOP('',(#612));
#491=EDGE_LOOP('',(#613));
#492=EDGE_LOOP('',(#614));
#493=EDGE_LOOP('',(#615));
#494=EDGE_LOOP('',(#616));
#495=EDGE_LOOP('',(#617));
#496=EDGE_LOOP('',(#618));
#497=EDGE_LOOP('',(#619));
#498=EDGE_LOOP('',(#620));
#499=EDGE_LOOP('',(#621));
#500=EDGE_LOOP('',(#622));
#501=EDGE_LOOP('',(#623,#624,#625,#626,#627,#628,#629,#630));
#502=EDGE_LOOP('',(#631));
#503=EDGE_LOOP('',(#632));
#504=EDGE_LOOP('',(#633));
#505=EDGE_LOOP('',(#634));
#506=EDGE_LOOP('',(#635));
#507=EDGE_LOOP('',(#636));
#508=EDGE_LOOP('',(#637));
#509=EDGE_LOOP('',(#638,#639,#640,#641,#642,#643,#644,#645,#646,#647));
#510=EDGE_LOOP('',(#648));
#511=EDGE_LOOP('',(#649));
#512=EDGE_LOOP('',(#650));
#513=EDGE_LOOP('',(#651));
#514=EDGE_LOOP('',(#652));
#515=EDGE_LOOP('',(#653));
#516=EDGE_LOOP('',(#654));
#517=EDGE_LOOP('',(#655,#656,#657,#658,#659,#660,#661,#662,#663));
#518=EDGE_LOOP('',(#664,#665,#666,#667));
#519=EDGE_LOOP('',(#668,#669,#670,#671,#672,#673,#674,#675,#676));
#520=EDGE_LOOP('',(#677,#678,#679,#680));
#521=EDGE_LOOP('',(#681,#682,#683,#684));
#522=EDGE_LOOP('',(#685,#686,#687,#688,#689,#690,#691));
#523=EDGE_LOOP('',(#692,#693,#694,#695,#696,#697,#698,#699,#700,#701,#702,
#703,#704));
#524=EDGE_LOOP('',(#705,#706,#707,#708));
#525=EDGE_LOOP('',(#709));
#526=EDGE_LOOP('',(#710));
#527=EDGE_LOOP('',(#711,#712,#713,#714));
#528=EDGE_LOOP('',(#715,#716,#717,#718));
#529=EDGE_LOOP('',(#719,#720,#721,#722,#723,#724,#725,#726,#727,#728));
#530=EDGE_LOOP('',(#729,#730,#731,#732,#733));
#531=EDGE_LOOP('',(#734,#735,#736,#737));
#532=EDGE_LOOP('',(#738,#739,#740,#741,#742,#743,#744,#745,#746,#747));
#533=EDGE_LOOP('',(#748,#749,#750,#751));
#534=EDGE_LOOP('',(#752,#753,#754,#755));
#535=EDGE_LOOP('',(#756,#757,#758,#759));
#536=EDGE_LOOP('',(#760,#761,#762,#763));
#537=EDGE_LOOP('',(#764,#765,#766,#767));
#538=EDGE_LOOP('',(#768,#769,#770,#771));
#539=EDGE_LOOP('',(#772,#773,#774,#775));
#540=EDGE_LOOP('',(#776,#777,#778,#779));
#541=EDGE_LOOP('',(#780,#781,#782,#783));
#542=EDGE_LOOP('',(#784,#785,#786,#787));
#543=EDGE_LOOP('',(#788,#789,#790,#791));
#544=EDGE_LOOP('',(#792,#793,#794,#795));
#545=EDGE_LOOP('',(#796,#797,#798,#799,#800));
#546=EDGE_LOOP('',(#801,#802,#803,#804,#805));
#547=EDGE_LOOP('',(#806,#807,#808,#809));
#548=EDGE_LOOP('',(#810,#811,#812,#813,#814));
#549=EDGE_LOOP('',(#815,#816,#817,#818));
#550=EDGE_LOOP('',(#819,#820,#821,#822));
#551=EDGE_LOOP('',(#823,#824,#825,#826));
#552=EDGE_LOOP('',(#827,#828,#829));
#553=EDGE_LOOP('',(#830,#831,#832,#833));
#554=EDGE_LOOP('',(#834,#835,#836,#837));
#555=EDGE_LOOP('',(#838,#839,#840));
#556=EDGE_LOOP('',(#841,#842,#843,#844));
#557=EDGE_LOOP('',(#845,#846,#847,#848));
#558=EDGE_LOOP('',(#849,#850,#851,#852));
#559=EDGE_LOOP('',(#853,#854,#855,#856));
#560=EDGE_LOOP('',(#857,#858,#859,#860));
#561=EDGE_LOOP('',(#861,#862,#863,#864));
#562=EDGE_LOOP('',(#865,#866,#867,#868));
#563=EDGE_LOOP('',(#869,#870,#871,#872));
#564=EDGE_LOOP('',(#873,#874,#875));
#565=EDGE_LOOP('',(#876,#877,#878,#879));
#566=EDGE_LOOP('',(#880,#881,#882));
#567=EDGE_LOOP('',(#883,#884,#885,#886));
#568=EDGE_LOOP('',(#887,#888,#889,#890));
#569=EDGE_LOOP('',(#891,#892,#893,#894));
#570=EDGE_LOOP('',(#895,#896,#897,#898));
#571=EDGE_LOOP('',(#899,#900,#901,#902));
#572=EDGE_LOOP('',(#903,#904,#905));
#573=EDGE_LOOP('',(#906,#907,#908,#909));
#574=EDGE_LOOP('',(#910,#911,#912));
#575=EDGE_LOOP('',(#913,#914,#915,#916));
#576=EDGE_LOOP('',(#917,#918,#919,#920));
#577=EDGE_LOOP('',(#921,#922,#923,#924));
#578=EDGE_LOOP('',(#925,#926,#927,#928));
#579=EDGE_LOOP('',(#929,#930,#931,#932));
#580=EDGE_LOOP('',(#933,#934,#935,#936));
#581=EDGE_LOOP('',(#937,#938,#939));
#582=EDGE_LOOP('',(#940,#941,#942,#943));
#583=EDGE_LOOP('',(#944,#945,#946));
#584=EDGE_LOOP('',(#947,#948,#949));
#585=EDGE_LOOP('',(#950,#951,#952,#953));
#586=EDGE_LOOP('',(#954,#955,#956));
#587=ORIENTED_EDGE('',*,*,#1072,.F.);
#588=ORIENTED_EDGE('',*,*,#1073,.T.);
#589=ORIENTED_EDGE('',*,*,#1073,.F.);
#590=ORIENTED_EDGE('',*,*,#1074,.T.);
#591=ORIENTED_EDGE('',*,*,#1074,.F.);
#592=ORIENTED_EDGE('',*,*,#1075,.T.);
#593=ORIENTED_EDGE('',*,*,#1076,.F.);
#594=ORIENTED_EDGE('',*,*,#1077,.T.);
#595=ORIENTED_EDGE('',*,*,#1077,.F.);
#596=ORIENTED_EDGE('',*,*,#1078,.T.);
#597=ORIENTED_EDGE('',*,*,#1078,.F.);
#598=ORIENTED_EDGE('',*,*,#1079,.T.);
#599=ORIENTED_EDGE('',*,*,#1080,.F.);
#600=ORIENTED_EDGE('',*,*,#1081,.T.);
#601=ORIENTED_EDGE('',*,*,#1081,.F.);
#602=ORIENTED_EDGE('',*,*,#1082,.T.);
#603=ORIENTED_EDGE('',*,*,#1082,.F.);
#604=ORIENTED_EDGE('',*,*,#1083,.T.);
#605=ORIENTED_EDGE('',*,*,#1084,.F.);
#606=ORIENTED_EDGE('',*,*,#1085,.T.);
#607=ORIENTED_EDGE('',*,*,#1085,.F.);
#608=ORIENTED_EDGE('',*,*,#1086,.T.);
#609=ORIENTED_EDGE('',*,*,#1086,.F.);
#610=ORIENTED_EDGE('',*,*,#1087,.T.);
#611=ORIENTED_EDGE('',*,*,#1088,.F.);
#612=ORIENTED_EDGE('',*,*,#1089,.T.);
#613=ORIENTED_EDGE('',*,*,#1089,.F.);
#614=ORIENTED_EDGE('',*,*,#1090,.T.);
#615=ORIENTED_EDGE('',*,*,#1090,.F.);
#616=ORIENTED_EDGE('',*,*,#1091,.T.);
#617=ORIENTED_EDGE('',*,*,#1092,.F.);
#618=ORIENTED_EDGE('',*,*,#1093,.T.);
#619=ORIENTED_EDGE('',*,*,#1093,.F.);
#620=ORIENTED_EDGE('',*,*,#1094,.T.);
#621=ORIENTED_EDGE('',*,*,#1094,.F.);
#622=ORIENTED_EDGE('',*,*,#1095,.T.);
#623=ORIENTED_EDGE('',*,*,#1096,.F.);
#624=ORIENTED_EDGE('',*,*,#1097,.F.);
#625=ORIENTED_EDGE('',*,*,#1098,.F.);
#626=ORIENTED_EDGE('',*,*,#1099,.F.);
#627=ORIENTED_EDGE('',*,*,#1100,.F.);
#628=ORIENTED_EDGE('',*,*,#1101,.T.);
#629=ORIENTED_EDGE('',*,*,#1102,.F.);
#630=ORIENTED_EDGE('',*,*,#1103,.T.);
#631=ORIENTED_EDGE('',*,*,#1104,.F.);
#632=ORIENTED_EDGE('',*,*,#1092,.T.);
#633=ORIENTED_EDGE('',*,*,#1088,.T.);
#634=ORIENTED_EDGE('',*,*,#1084,.T.);
#635=ORIENTED_EDGE('',*,*,#1080,.T.);
#636=ORIENTED_EDGE('',*,*,#1076,.T.);
#637=ORIENTED_EDGE('',*,*,#1072,.T.);
#638=ORIENTED_EDGE('',*,*,#1105,.F.);
#639=ORIENTED_EDGE('',*,*,#1106,.F.);
#640=ORIENTED_EDGE('',*,*,#1107,.F.);
#641=ORIENTED_EDGE('',*,*,#1108,.F.);
#642=ORIENTED_EDGE('',*,*,#1109,.F.);
#643=ORIENTED_EDGE('',*,*,#1110,.F.);
#644=ORIENTED_EDGE('',*,*,#1111,.F.);
#645=ORIENTED_EDGE('',*,*,#1112,.F.);
#646=ORIENTED_EDGE('',*,*,#1113,.T.);
#647=ORIENTED_EDGE('',*,*,#1114,.F.);
#648=ORIENTED_EDGE('',*,*,#1115,.T.);
#649=ORIENTED_EDGE('',*,*,#1095,.F.);
#650=ORIENTED_EDGE('',*,*,#1091,.F.);
#651=ORIENTED_EDGE('',*,*,#1087,.F.);
#652=ORIENTED_EDGE('',*,*,#1083,.F.);
#653=ORIENTED_EDGE('',*,*,#1079,.F.);
#654=ORIENTED_EDGE('',*,*,#1075,.F.);
#655=ORIENTED_EDGE('',*,*,#1116,.T.);
#656=ORIENTED_EDGE('',*,*,#1117,.T.);
#657=ORIENTED_EDGE('',*,*,#1118,.F.);
#658=ORIENTED_EDGE('',*,*,#1119,.F.);
#659=ORIENTED_EDGE('',*,*,#1109,.T.);
#660=ORIENTED_EDGE('',*,*,#1120,.F.);
#661=ORIENTED_EDGE('',*,*,#1121,.T.);
#662=ORIENTED_EDGE('',*,*,#1122,.T.);
#663=ORIENTED_EDGE('',*,*,#1123,.T.);
#664=ORIENTED_EDGE('',*,*,#1124,.F.);
#665=ORIENTED_EDGE('',*,*,#1125,.T.);
#666=ORIENTED_EDGE('',*,*,#1120,.T.);
#667=ORIENTED_EDGE('',*,*,#1108,.T.);
#668=ORIENTED_EDGE('',*,*,#1107,.T.);
#669=ORIENTED_EDGE('',*,*,#1126,.F.);
#670=ORIENTED_EDGE('',*,*,#1127,.T.);
#671=ORIENTED_EDGE('',*,*,#1128,.T.);
#672=ORIENTED_EDGE('',*,*,#1129,.F.);
#673=ORIENTED_EDGE('',*,*,#1130,.T.);
#674=ORIENTED_EDGE('',*,*,#1131,.F.);
#675=ORIENTED_EDGE('',*,*,#1132,.T.);
#676=ORIENTED_EDGE('',*,*,#1124,.T.);
#677=ORIENTED_EDGE('',*,*,#1129,.T.);
#678=ORIENTED_EDGE('',*,*,#1133,.F.);
#679=ORIENTED_EDGE('',*,*,#1116,.F.);
#680=ORIENTED_EDGE('',*,*,#1134,.T.);
#681=ORIENTED_EDGE('',*,*,#1135,.F.);
#682=ORIENTED_EDGE('',*,*,#1136,.F.);
#683=ORIENTED_EDGE('',*,*,#1137,.T.);
#684=ORIENTED_EDGE('',*,*,#1138,.T.);
#685=ORIENTED_EDGE('',*,*,#1139,.F.);
#686=ORIENTED_EDGE('',*,*,#1140,.F.);
#687=ORIENTED_EDGE('',*,*,#1141,.F.);
#688=ORIENTED_EDGE('',*,*,#1142,.T.);
#689=ORIENTED_EDGE('',*,*,#1143,.T.);
#690=ORIENTED_EDGE('',*,*,#1144,.F.);
#691=ORIENTED_EDGE('',*,*,#1137,.F.);
#692=ORIENTED_EDGE('',*,*,#1145,.T.);
#693=ORIENTED_EDGE('',*,*,#1146,.T.);
#694=ORIENTED_EDGE('',*,*,#1147,.F.);
#695=ORIENTED_EDGE('',*,*,#1148,.T.);
#696=ORIENTED_EDGE('',*,*,#1149,.T.);
#697=ORIENTED_EDGE('',*,*,#1150,.F.);
#698=ORIENTED_EDGE('',*,*,#1151,.F.);
#699=ORIENTED_EDGE('',*,*,#1113,.F.);
#700=ORIENTED_EDGE('',*,*,#1152,.T.);
#701=ORIENTED_EDGE('',*,*,#1153,.T.);
#702=ORIENTED_EDGE('',*,*,#1154,.T.);
#703=ORIENTED_EDGE('',*,*,#1143,.F.);
#704=ORIENTED_EDGE('',*,*,#1155,.F.);
#705=ORIENTED_EDGE('',*,*,#1135,.T.);
#706=ORIENTED_EDGE('',*,*,#1156,.F.);
#707=ORIENTED_EDGE('',*,*,#1148,.F.);
#708=ORIENTED_EDGE('',*,*,#1157,.F.);
#709=ORIENTED_EDGE('',*,*,#1104,.T.);
#710=ORIENTED_EDGE('',*,*,#1115,.F.);
#711=ORIENTED_EDGE('',*,*,#1158,.F.);
#712=ORIENTED_EDGE('',*,*,#1159,.F.);
#713=ORIENTED_EDGE('',*,*,#1160,.F.);
#714=ORIENTED_EDGE('',*,*,#1161,.T.);
#715=ORIENTED_EDGE('',*,*,#1162,.T.);
#716=ORIENTED_EDGE('',*,*,#1163,.F.);
#717=ORIENTED_EDGE('',*,*,#1164,.T.);
#718=ORIENTED_EDGE('',*,*,#1165,.T.);
#719=ORIENTED_EDGE('',*,*,#1166,.F.);
#720=ORIENTED_EDGE('',*,*,#1167,.T.);
#721=ORIENTED_EDGE('',*,*,#1168,.T.);
#722=ORIENTED_EDGE('',*,*,#1169,.T.);
#723=ORIENTED_EDGE('',*,*,#1170,.T.);
#724=ORIENTED_EDGE('',*,*,#1171,.T.);
#725=ORIENTED_EDGE('',*,*,#1172,.F.);
#726=ORIENTED_EDGE('',*,*,#1173,.T.);
#727=ORIENTED_EDGE('',*,*,#1174,.F.);
#728=ORIENTED_EDGE('',*,*,#1175,.T.);
#729=ORIENTED_EDGE('',*,*,#1176,.T.);
#730=ORIENTED_EDGE('',*,*,#1177,.T.);
#731=ORIENTED_EDGE('',*,*,#1178,.T.);
#732=ORIENTED_EDGE('',*,*,#1179,.T.);
#733=ORIENTED_EDGE('',*,*,#1180,.F.);
#734=ORIENTED_EDGE('',*,*,#1181,.F.);
#735=ORIENTED_EDGE('',*,*,#1182,.T.);
#736=ORIENTED_EDGE('',*,*,#1183,.T.);
#737=ORIENTED_EDGE('',*,*,#1184,.F.);
#738=ORIENTED_EDGE('',*,*,#1185,.T.);
#739=ORIENTED_EDGE('',*,*,#1186,.T.);
#740=ORIENTED_EDGE('',*,*,#1187,.T.);
#741=ORIENTED_EDGE('',*,*,#1188,.T.);
#742=ORIENTED_EDGE('',*,*,#1189,.T.);
#743=ORIENTED_EDGE('',*,*,#1190,.T.);
#744=ORIENTED_EDGE('',*,*,#1191,.T.);
#745=ORIENTED_EDGE('',*,*,#1192,.T.);
#746=ORIENTED_EDGE('',*,*,#1193,.T.);
#747=ORIENTED_EDGE('',*,*,#1194,.F.);
#748=ORIENTED_EDGE('',*,*,#1145,.F.);
#749=ORIENTED_EDGE('',*,*,#1195,.T.);
#750=ORIENTED_EDGE('',*,*,#1176,.F.);
#751=ORIENTED_EDGE('',*,*,#1196,.T.);
#752=ORIENTED_EDGE('',*,*,#1183,.F.);
#753=ORIENTED_EDGE('',*,*,#1197,.F.);
#754=ORIENTED_EDGE('',*,*,#1141,.T.);
#755=ORIENTED_EDGE('',*,*,#1198,.T.);
#756=ORIENTED_EDGE('',*,*,#1103,.F.);
#757=ORIENTED_EDGE('',*,*,#1199,.T.);
#758=ORIENTED_EDGE('',*,*,#1155,.T.);
#759=ORIENTED_EDGE('',*,*,#1200,.F.);
#760=ORIENTED_EDGE('',*,*,#1142,.F.);
#761=ORIENTED_EDGE('',*,*,#1201,.F.);
#762=ORIENTED_EDGE('',*,*,#1096,.T.);
#763=ORIENTED_EDGE('',*,*,#1200,.T.);
#764=ORIENTED_EDGE('',*,*,#1160,.T.);
#765=ORIENTED_EDGE('',*,*,#1202,.F.);
#766=ORIENTED_EDGE('',*,*,#1127,.F.);
#767=ORIENTED_EDGE('',*,*,#1203,.T.);
#768=ORIENTED_EDGE('',*,*,#1128,.F.);
#769=ORIENTED_EDGE('',*,*,#1204,.F.);
#770=ORIENTED_EDGE('',*,*,#1170,.F.);
#771=ORIENTED_EDGE('',*,*,#1205,.F.);
#772=ORIENTED_EDGE('',*,*,#1118,.T.);
#773=ORIENTED_EDGE('',*,*,#1206,.F.);
#774=ORIENTED_EDGE('',*,*,#1162,.F.);
#775=ORIENTED_EDGE('',*,*,#1207,.T.);
#776=ORIENTED_EDGE('',*,*,#1205,.T.);
#777=ORIENTED_EDGE('',*,*,#1169,.F.);
#778=ORIENTED_EDGE('',*,*,#1208,.F.);
#779=ORIENTED_EDGE('',*,*,#1133,.T.);
#780=ORIENTED_EDGE('',*,*,#1168,.F.);
#781=ORIENTED_EDGE('',*,*,#1209,.T.);
#782=ORIENTED_EDGE('',*,*,#1117,.F.);
#783=ORIENTED_EDGE('',*,*,#1208,.T.);
#784=ORIENTED_EDGE('',*,*,#1132,.F.);
#785=ORIENTED_EDGE('',*,*,#1210,.F.);
#786=ORIENTED_EDGE('',*,*,#1101,.F.);
#787=ORIENTED_EDGE('',*,*,#1211,.F.);
#788=ORIENTED_EDGE('',*,*,#1178,.F.);
#789=ORIENTED_EDGE('',*,*,#1212,.T.);
#790=ORIENTED_EDGE('',*,*,#1131,.T.);
#791=ORIENTED_EDGE('',*,*,#1213,.T.);
#792=ORIENTED_EDGE('',*,*,#1100,.T.);
#793=ORIENTED_EDGE('',*,*,#1214,.F.);
#794=ORIENTED_EDGE('',*,*,#1125,.F.);
#795=ORIENTED_EDGE('',*,*,#1211,.T.);
#796=ORIENTED_EDGE('',*,*,#1215,.F.);
#797=ORIENTED_EDGE('',*,*,#1216,.F.);
#798=ORIENTED_EDGE('',*,*,#1130,.F.);
#799=ORIENTED_EDGE('',*,*,#1217,.F.);
#800=ORIENTED_EDGE('',*,*,#1193,.F.);
#801=ORIENTED_EDGE('',*,*,#1098,.T.);
#802=ORIENTED_EDGE('',*,*,#1218,.T.);
#803=ORIENTED_EDGE('',*,*,#1121,.F.);
#804=ORIENTED_EDGE('',*,*,#1214,.T.);
#805=ORIENTED_EDGE('',*,*,#1099,.T.);
#806=ORIENTED_EDGE('',*,*,#1217,.T.);
#807=ORIENTED_EDGE('',*,*,#1134,.F.);
#808=ORIENTED_EDGE('',*,*,#1219,.F.);
#809=ORIENTED_EDGE('',*,*,#1194,.T.);
#810=ORIENTED_EDGE('',*,*,#1122,.F.);
#811=ORIENTED_EDGE('',*,*,#1220,.T.);
#812=ORIENTED_EDGE('',*,*,#1181,.T.);
#813=ORIENTED_EDGE('',*,*,#1221,.F.);
#814=ORIENTED_EDGE('',*,*,#1222,.T.);
#815=ORIENTED_EDGE('',*,*,#1123,.F.);
#816=ORIENTED_EDGE('',*,*,#1223,.F.);
#817=ORIENTED_EDGE('',*,*,#1185,.F.);
#818=ORIENTED_EDGE('',*,*,#1219,.T.);
#819=ORIENTED_EDGE('',*,*,#1150,.T.);
#820=ORIENTED_EDGE('',*,*,#1224,.F.);
#821=ORIENTED_EDGE('',*,*,#1158,.T.);
#822=ORIENTED_EDGE('',*,*,#1225,.T.);
#823=ORIENTED_EDGE('',*,*,#1164,.F.);
#824=ORIENTED_EDGE('',*,*,#1226,.F.);
#825=ORIENTED_EDGE('',*,*,#1153,.F.);
#826=ORIENTED_EDGE('',*,*,#1227,.T.);
#827=ORIENTED_EDGE('',*,*,#1213,.F.);
#828=ORIENTED_EDGE('',*,*,#1216,.T.);
#829=ORIENTED_EDGE('',*,*,#1228,.F.);
#830=ORIENTED_EDGE('',*,*,#1228,.T.);
#831=ORIENTED_EDGE('',*,*,#1215,.T.);
#832=ORIENTED_EDGE('',*,*,#1229,.F.);
#833=ORIENTED_EDGE('',*,*,#1179,.F.);
#834=ORIENTED_EDGE('',*,*,#1229,.T.);
#835=ORIENTED_EDGE('',*,*,#1192,.F.);
#836=ORIENTED_EDGE('',*,*,#1230,.T.);
#837=ORIENTED_EDGE('',*,*,#1180,.T.);
#838=ORIENTED_EDGE('',*,*,#1223,.T.);
#839=ORIENTED_EDGE('',*,*,#1222,.F.);
#840=ORIENTED_EDGE('',*,*,#1231,.F.);
#841=ORIENTED_EDGE('',*,*,#1196,.F.);
#842=ORIENTED_EDGE('',*,*,#1230,.F.);
#843=ORIENTED_EDGE('',*,*,#1232,.T.);
#844=ORIENTED_EDGE('',*,*,#1146,.F.);
#845=ORIENTED_EDGE('',*,*,#1231,.T.);
#846=ORIENTED_EDGE('',*,*,#1221,.T.);
#847=ORIENTED_EDGE('',*,*,#1233,.F.);
#848=ORIENTED_EDGE('',*,*,#1186,.F.);
#849=ORIENTED_EDGE('',*,*,#1232,.F.);
#850=ORIENTED_EDGE('',*,*,#1191,.F.);
#851=ORIENTED_EDGE('',*,*,#1234,.F.);
#852=ORIENTED_EDGE('',*,*,#1147,.T.);
#853=ORIENTED_EDGE('',*,*,#1233,.T.);
#854=ORIENTED_EDGE('',*,*,#1184,.T.);
#855=ORIENTED_EDGE('',*,*,#1235,.T.);
#856=ORIENTED_EDGE('',*,*,#1187,.F.);
#857=ORIENTED_EDGE('',*,*,#1234,.T.);
#858=ORIENTED_EDGE('',*,*,#1190,.F.);
#859=ORIENTED_EDGE('',*,*,#1236,.F.);
#860=ORIENTED_EDGE('',*,*,#1157,.T.);
#861=ORIENTED_EDGE('',*,*,#1198,.F.);
#862=ORIENTED_EDGE('',*,*,#1140,.T.);
#863=ORIENTED_EDGE('',*,*,#1237,.T.);
#864=ORIENTED_EDGE('',*,*,#1235,.F.);
#865=ORIENTED_EDGE('',*,*,#1236,.T.);
#866=ORIENTED_EDGE('',*,*,#1189,.F.);
#867=ORIENTED_EDGE('',*,*,#1238,.F.);
#868=ORIENTED_EDGE('',*,*,#1136,.T.);
#869=ORIENTED_EDGE('',*,*,#1237,.F.);
#870=ORIENTED_EDGE('',*,*,#1139,.T.);
#871=ORIENTED_EDGE('',*,*,#1238,.T.);
#872=ORIENTED_EDGE('',*,*,#1188,.F.);
#873=ORIENTED_EDGE('',*,*,#1239,.F.);
#874=ORIENTED_EDGE('',*,*,#1206,.T.);
#875=ORIENTED_EDGE('',*,*,#1209,.F.);
#876=ORIENTED_EDGE('',*,*,#1240,.F.);
#877=ORIENTED_EDGE('',*,*,#1163,.T.);
#878=ORIENTED_EDGE('',*,*,#1239,.T.);
#879=ORIENTED_EDGE('',*,*,#1167,.F.);
#880=ORIENTED_EDGE('',*,*,#1226,.T.);
#881=ORIENTED_EDGE('',*,*,#1240,.T.);
#882=ORIENTED_EDGE('',*,*,#1241,.F.);
#883=ORIENTED_EDGE('',*,*,#1241,.T.);
#884=ORIENTED_EDGE('',*,*,#1166,.T.);
#885=ORIENTED_EDGE('',*,*,#1242,.F.);
#886=ORIENTED_EDGE('',*,*,#1154,.F.);
#887=ORIENTED_EDGE('',*,*,#1242,.T.);
#888=ORIENTED_EDGE('',*,*,#1175,.F.);
#889=ORIENTED_EDGE('',*,*,#1243,.F.);
#890=ORIENTED_EDGE('',*,*,#1144,.T.);
#891=ORIENTED_EDGE('',*,*,#1243,.T.);
#892=ORIENTED_EDGE('',*,*,#1174,.T.);
#893=ORIENTED_EDGE('',*,*,#1244,.F.);
#894=ORIENTED_EDGE('',*,*,#1138,.F.);
#895=ORIENTED_EDGE('',*,*,#1244,.T.);
#896=ORIENTED_EDGE('',*,*,#1173,.F.);
#897=ORIENTED_EDGE('',*,*,#1245,.F.);
#898=ORIENTED_EDGE('',*,*,#1156,.T.);
#899=ORIENTED_EDGE('',*,*,#1246,.F.);
#900=ORIENTED_EDGE('',*,*,#1149,.F.);
#901=ORIENTED_EDGE('',*,*,#1245,.T.);
#902=ORIENTED_EDGE('',*,*,#1172,.T.);
#903=ORIENTED_EDGE('',*,*,#1224,.T.);
#904=ORIENTED_EDGE('',*,*,#1246,.T.);
#905=ORIENTED_EDGE('',*,*,#1247,.F.);
#906=ORIENTED_EDGE('',*,*,#1248,.F.);
#907=ORIENTED_EDGE('',*,*,#1159,.T.);
#908=ORIENTED_EDGE('',*,*,#1247,.T.);
#909=ORIENTED_EDGE('',*,*,#1171,.F.);
#910=ORIENTED_EDGE('',*,*,#1204,.T.);
#911=ORIENTED_EDGE('',*,*,#1202,.T.);
#912=ORIENTED_EDGE('',*,*,#1248,.T.);
#913=ORIENTED_EDGE('',*,*,#1151,.T.);
#914=ORIENTED_EDGE('',*,*,#1225,.F.);
#915=ORIENTED_EDGE('',*,*,#1249,.F.);
#916=ORIENTED_EDGE('',*,*,#1114,.T.);
#917=ORIENTED_EDGE('',*,*,#1249,.T.);
#918=ORIENTED_EDGE('',*,*,#1161,.F.);
#919=ORIENTED_EDGE('',*,*,#1250,.F.);
#920=ORIENTED_EDGE('',*,*,#1105,.T.);
#921=ORIENTED_EDGE('',*,*,#1250,.T.);
#922=ORIENTED_EDGE('',*,*,#1203,.F.);
#923=ORIENTED_EDGE('',*,*,#1126,.T.);
#924=ORIENTED_EDGE('',*,*,#1106,.T.);
#925=ORIENTED_EDGE('',*,*,#1119,.T.);
#926=ORIENTED_EDGE('',*,*,#1207,.F.);
#927=ORIENTED_EDGE('',*,*,#1251,.F.);
#928=ORIENTED_EDGE('',*,*,#1110,.T.);
#929=ORIENTED_EDGE('',*,*,#1251,.T.);
#930=ORIENTED_EDGE('',*,*,#1165,.F.);
#931=ORIENTED_EDGE('',*,*,#1252,.F.);
#932=ORIENTED_EDGE('',*,*,#1111,.T.);
#933=ORIENTED_EDGE('',*,*,#1252,.T.);
#934=ORIENTED_EDGE('',*,*,#1227,.F.);
#935=ORIENTED_EDGE('',*,*,#1152,.F.);
#936=ORIENTED_EDGE('',*,*,#1112,.T.);
#937=ORIENTED_EDGE('',*,*,#1253,.F.);
#938=ORIENTED_EDGE('',*,*,#1201,.T.);
#939=ORIENTED_EDGE('',*,*,#1197,.T.);
#940=ORIENTED_EDGE('',*,*,#1254,.F.);
#941=ORIENTED_EDGE('',*,*,#1097,.T.);
#942=ORIENTED_EDGE('',*,*,#1253,.T.);
#943=ORIENTED_EDGE('',*,*,#1182,.F.);
#944=ORIENTED_EDGE('',*,*,#1220,.F.);
#945=ORIENTED_EDGE('',*,*,#1218,.F.);
#946=ORIENTED_EDGE('',*,*,#1254,.T.);
#947=ORIENTED_EDGE('',*,*,#1255,.F.);
#948=ORIENTED_EDGE('',*,*,#1210,.T.);
#949=ORIENTED_EDGE('',*,*,#1212,.F.);
#950=ORIENTED_EDGE('',*,*,#1256,.F.);
#951=ORIENTED_EDGE('',*,*,#1102,.T.);
#952=ORIENTED_EDGE('',*,*,#1255,.T.);
#953=ORIENTED_EDGE('',*,*,#1177,.F.);
#954=ORIENTED_EDGE('',*,*,#1256,.T.);
#955=ORIENTED_EDGE('',*,*,#1195,.F.);
#956=ORIENTED_EDGE('',*,*,#1199,.F.);
#957=VERTEX_POINT('',#1956);
#958=VERTEX_POINT('',#1958);
#959=VERTEX_POINT('',#1961);
#960=VERTEX_POINT('',#1964);
#961=VERTEX_POINT('',#1967);
#962=VERTEX_POINT('',#1969);
#963=VERTEX_POINT('',#1972);
#964=VERTEX_POINT('',#1975);
#965=VERTEX_POINT('',#1978);
#966=VERTEX_POINT('',#1980);
#967=VERTEX_POINT('',#1983);
#968=VERTEX_POINT('',#1986);
#969=VERTEX_POINT('',#1989);
#970=VERTEX_POINT('',#1991);
#971=VERTEX_POINT('',#1994);
#972=VERTEX_POINT('',#1997);
#973=VERTEX_POINT('',#2000);
#974=VERTEX_POINT('',#2002);
#975=VERTEX_POINT('',#2005);
#976=VERTEX_POINT('',#2008);
#977=VERTEX_POINT('',#2011);
#978=VERTEX_POINT('',#2013);
#979=VERTEX_POINT('',#2016);
#980=VERTEX_POINT('',#2019);
#981=VERTEX_POINT('',#2022);
#982=VERTEX_POINT('',#2023);
#983=VERTEX_POINT('',#2025);
#984=VERTEX_POINT('',#2057);
#985=VERTEX_POINT('',#2066);
#986=VERTEX_POINT('',#2068);
#987=VERTEX_POINT('',#2184);
#988=VERTEX_POINT('',#2186);
#989=VERTEX_POINT('',#2189);
#990=VERTEX_POINT('',#2192);
#991=VERTEX_POINT('',#2193);
#992=VERTEX_POINT('',#2195);
#993=VERTEX_POINT('',#2200);
#994=VERTEX_POINT('',#2202);
#995=VERTEX_POINT('',#2207);
#996=VERTEX_POINT('',#2209);
#997=VERTEX_POINT('',#2211);
#998=VERTEX_POINT('',#2213);
#999=VERTEX_POINT('',#2215);
#1000=VERTEX_POINT('',#2218);
#1001=VERTEX_POINT('',#2221);
#1002=VERTEX_POINT('',#2222);
#1003=VERTEX_POINT('',#2227);
#1004=VERTEX_POINT('',#2229);
#1005=VERTEX_POINT('',#2241);
#1006=VERTEX_POINT('',#2246);
#1007=VERTEX_POINT('',#2248);
#1008=VERTEX_POINT('',#2262);
#1009=VERTEX_POINT('',#2277);
#1010=VERTEX_POINT('',#2279);
#1011=VERTEX_POINT('',#2284);
#1012=VERTEX_POINT('',#2286);
#1013=VERTEX_POINT('',#2291);
#1014=VERTEX_POINT('',#2293);
#1015=VERTEX_POINT('',#2310);
#1016=VERTEX_POINT('',#2311);
#1017=VERTEX_POINT('',#2313);
#1018=VERTEX_POINT('',#2315);
#1019=VERTEX_POINT('',#2319);
#1020=VERTEX_POINT('',#2342);
#1021=VERTEX_POINT('',#2344);
#1022=VERTEX_POINT('',#2346);
#1023=VERTEX_POINT('',#2348);
#1024=VERTEX_POINT('',#2352);
#1025=VERTEX_POINT('',#2353);
#1026=VERTEX_POINT('',#2364);
#1027=VERTEX_POINT('',#2366);
#1028=VERTEX_POINT('',#2368);
#1029=VERTEX_POINT('',#2370);
#1030=VERTEX_POINT('',#2372);
#1031=VERTEX_POINT('',#2385);
#1032=VERTEX_POINT('',#2387);
#1033=VERTEX_POINT('',#2396);
#1034=VERTEX_POINT('',#2397);
#1035=VERTEX_POINT('',#2399);
#1036=VERTEX_POINT('',#2401);
#1037=VERTEX_POINT('',#2405);
#1038=VERTEX_POINT('',#2406);
#1039=VERTEX_POINT('',#2408);
#1040=VERTEX_POINT('',#2410);
#1041=VERTEX_POINT('',#2414);
#1042=VERTEX_POINT('',#2415);
#1043=VERTEX_POINT('',#2417);
#1044=VERTEX_POINT('',#2434);
#1045=VERTEX_POINT('',#2436);
#1046=VERTEX_POINT('',#2447);
#1047=VERTEX_POINT('',#2449);
#1048=VERTEX_POINT('',#2451);
#1049=VERTEX_POINT('',#2453);
#1050=VERTEX_POINT('',#2455);
#1051=VERTEX_POINT('',#2459);
#1052=VERTEX_POINT('',#2460);
#1053=VERTEX_POINT('',#2462);
#1054=VERTEX_POINT('',#2464);
#1055=VERTEX_POINT('',#2469);
#1056=VERTEX_POINT('',#2473);
#1057=VERTEX_POINT('',#2474);
#1058=VERTEX_POINT('',#2476);
#1059=VERTEX_POINT('',#2478);
#1060=VERTEX_POINT('',#2488);
#1061=VERTEX_POINT('',#2489);
#1062=VERTEX_POINT('',#2491);
#1063=VERTEX_POINT('',#2493);
#1064=VERTEX_POINT('',#2495);
#1065=VERTEX_POINT('',#2497);
#1066=VERTEX_POINT('',#2499);
#1067=VERTEX_POINT('',#2501);
#1068=VERTEX_POINT('',#2503);
#1069=VERTEX_POINT('',#2514);
#1070=VERTEX_POINT('',#2724);
#1071=VERTEX_POINT('',#2782);
#1072=EDGE_CURVE('',#957,#957,#1257,.T.);
#1073=EDGE_CURVE('',#958,#958,#1258,.T.);
#1074=EDGE_CURVE('',#959,#959,#1259,.T.);
#1075=EDGE_CURVE('',#960,#960,#1260,.T.);
#1076=EDGE_CURVE('',#961,#961,#1261,.T.);
#1077=EDGE_CURVE('',#962,#962,#1262,.T.);
#1078=EDGE_CURVE('',#963,#963,#1263,.T.);
#1079=EDGE_CURVE('',#964,#964,#1264,.T.);
#1080=EDGE_CURVE('',#965,#965,#1265,.T.);
#1081=EDGE_CURVE('',#966,#966,#1266,.T.);
#1082=EDGE_CURVE('',#967,#967,#1267,.T.);
#1083=EDGE_CURVE('',#968,#968,#1268,.T.);
#1084=EDGE_CURVE('',#969,#969,#1269,.T.);
#1085=EDGE_CURVE('',#970,#970,#1270,.T.);
#1086=EDGE_CURVE('',#971,#971,#1271,.T.);
#1087=EDGE_CURVE('',#972,#972,#1272,.T.);
#1088=EDGE_CURVE('',#973,#973,#1273,.T.);
#1089=EDGE_CURVE('',#974,#974,#1274,.T.);
#1090=EDGE_CURVE('',#975,#975,#1275,.T.);
#1091=EDGE_CURVE('',#976,#976,#1276,.T.);
#1092=EDGE_CURVE('',#977,#977,#1277,.T.);
#1093=EDGE_CURVE('',#978,#978,#1278,.T.);
#1094=EDGE_CURVE('',#979,#979,#1279,.T.);
#1095=EDGE_CURVE('',#980,#980,#1280,.T.);
#1096=EDGE_CURVE('',#981,#982,#168,.T.);
#1097=EDGE_CURVE('',#983,#981,#169,.T.);
#1098=EDGE_CURVE('',#984,#983,#141,.T.);
#1099=EDGE_CURVE('',#985,#984,#142,.T.);
#1100=EDGE_CURVE('',#986,#985,#1281,.T.);
#1101=EDGE_CURVE('',#986,#987,#143,.T.);
#1102=EDGE_CURVE('',#988,#987,#170,.T.);
#1103=EDGE_CURVE('',#988,#982,#1282,.T.);
#1104=EDGE_CURVE('',#989,#989,#1283,.T.);
#1105=EDGE_CURVE('',#990,#991,#171,.T.);
#1106=EDGE_CURVE('',#992,#990,#1284,.T.);
#1107=EDGE_CURVE('',#993,#992,#144,.T.);
#1108=EDGE_CURVE('',#994,#993,#1285,.T.);
#1109=EDGE_CURVE('',#995,#994,#145,.T.);
#1110=EDGE_CURVE('',#996,#995,#1286,.T.);
#1111=EDGE_CURVE('',#997,#996,#172,.T.);
#1112=EDGE_CURVE('',#998,#997,#1287,.T.);
#1113=EDGE_CURVE('',#998,#999,#1288,.T.);
#1114=EDGE_CURVE('',#991,#999,#1289,.T.);
#1115=EDGE_CURVE('',#1000,#1000,#1290,.T.);
#1116=EDGE_CURVE('',#1001,#1002,#173,.T.);
#1117=EDGE_CURVE('',#1002,#1003,#146,.T.);
#1118=EDGE_CURVE('',#1004,#1003,#174,.T.);
#1119=EDGE_CURVE('',#995,#1004,#147,.T.);
#1120=EDGE_CURVE('',#1005,#994,#175,.T.);
#1121=EDGE_CURVE('',#1005,#1006,#148,.T.);
#1122=EDGE_CURVE('',#1006,#1007,#176,.T.);
#1123=EDGE_CURVE('',#1007,#1001,#149,.T.);
#1124=EDGE_CURVE('',#1008,#993,#177,.T.);
#1125=EDGE_CURVE('',#1008,#1005,#1291,.T.);
#1126=EDGE_CURVE('',#1009,#992,#150,.T.);
#1127=EDGE_CURVE('',#1009,#1010,#178,.T.);
#1128=EDGE_CURVE('',#1010,#1011,#151,.T.);
#1129=EDGE_CURVE('',#1012,#1011,#179,.T.);
#1130=EDGE_CURVE('',#1012,#1013,#152,.T.);
#1131=EDGE_CURVE('',#1014,#1013,#180,.T.);
#1132=EDGE_CURVE('',#1014,#1008,#153,.T.);
#1133=EDGE_CURVE('',#1002,#1011,#1292,.T.);
#1134=EDGE_CURVE('',#1001,#1012,#1293,.T.);
#1135=EDGE_CURVE('',#1015,#1016,#181,.T.);
#1136=EDGE_CURVE('',#1017,#1015,#1294,.T.);
#1137=EDGE_CURVE('',#1017,#1018,#182,.T.);
#1138=EDGE_CURVE('',#1018,#1016,#1295,.T.);
#1139=EDGE_CURVE('',#1019,#1017,#183,.T.);
#1140=EDGE_CURVE('',#1020,#1019,#154,.T.);
#1141=EDGE_CURVE('',#1021,#1020,#184,.T.);
#1142=EDGE_CURVE('',#1021,#1022,#185,.T.);
#1143=EDGE_CURVE('',#1022,#1023,#186,.T.);
#1144=EDGE_CURVE('',#1018,#1023,#187,.T.);
#1145=EDGE_CURVE('',#1024,#1025,#188,.T.);
#1146=EDGE_CURVE('',#1025,#1026,#155,.T.);
#1147=EDGE_CURVE('',#1027,#1026,#1296,.T.);
#1148=EDGE_CURVE('',#1027,#1028,#189,.T.);
#1149=EDGE_CURVE('',#1028,#1029,#1297,.T.);
#1150=EDGE_CURVE('',#1030,#1029,#190,.T.);
#1151=EDGE_CURVE('',#999,#1030,#156,.T.);
#1152=EDGE_CURVE('',#998,#1031,#157,.T.);
#1153=EDGE_CURVE('',#1031,#1032,#191,.T.);
#1154=EDGE_CURVE('',#1032,#1023,#1298,.T.);
#1155=EDGE_CURVE('',#1024,#1022,#1299,.T.);
#1156=EDGE_CURVE('',#1028,#1016,#192,.T.);
#1157=EDGE_CURVE('',#1015,#1027,#193,.T.);
#1158=EDGE_CURVE('',#1033,#1034,#194,.T.);
#1159=EDGE_CURVE('',#1035,#1033,#195,.T.);
#1160=EDGE_CURVE('',#1036,#1035,#196,.T.);
#1161=EDGE_CURVE('',#1036,#1034,#197,.T.);
#1162=EDGE_CURVE('',#1037,#1038,#198,.T.);
#1163=EDGE_CURVE('',#1039,#1038,#199,.T.);
#1164=EDGE_CURVE('',#1039,#1040,#200,.T.);
#1165=EDGE_CURVE('',#1040,#1037,#201,.T.);
#1166=EDGE_CURVE('',#1041,#1042,#1300,.T.);
#1167=EDGE_CURVE('',#1041,#1043,#202,.T.);
#1168=EDGE_CURVE('',#1043,#1044,#158,.T.);
#1169=EDGE_CURVE('',#1044,#1045,#1301,.T.);
#1170=EDGE_CURVE('',#1045,#1046,#159,.T.);
#1171=EDGE_CURVE('',#1046,#1047,#203,.T.);
#1172=EDGE_CURVE('',#1048,#1047,#1302,.T.);
#1173=EDGE_CURVE('',#1048,#1049,#204,.T.);
#1174=EDGE_CURVE('',#1050,#1049,#1303,.T.);
#1175=EDGE_CURVE('',#1050,#1042,#205,.T.);
#1176=EDGE_CURVE('',#1051,#1052,#206,.T.);
#1177=EDGE_CURVE('',#1052,#1053,#207,.T.);
#1178=EDGE_CURVE('',#1053,#1054,#208,.T.);
#1179=EDGE_CURVE('',#1054,#1055,#66,.T.);
#1180=EDGE_CURVE('',#1051,#1055,#209,.T.);
#1181=EDGE_CURVE('',#1056,#1057,#210,.T.);
#1182=EDGE_CURVE('',#1056,#1058,#211,.T.);
#1183=EDGE_CURVE('',#1058,#1059,#212,.T.);
#1184=EDGE_CURVE('',#1057,#1059,#213,.T.);
#1185=EDGE_CURVE('',#1060,#1061,#160,.T.);
#1186=EDGE_CURVE('',#1061,#1062,#1304,.T.);
#1187=EDGE_CURVE('',#1062,#1063,#214,.T.);
#1188=EDGE_CURVE('',#1063,#1064,#215,.T.);
#1189=EDGE_CURVE('',#1064,#1065,#1305,.T.);
#1190=EDGE_CURVE('',#1065,#1066,#216,.T.);
#1191=EDGE_CURVE('',#1066,#1067,#1306,.T.);
#1192=EDGE_CURVE('',#1067,#1068,#217,.T.);
#1193=EDGE_CURVE('',#1068,#1069,#161,.T.);
#1194=EDGE_CURVE('',#1060,#1069,#1307,.T.);
#1195=EDGE_CURVE('',#1024,#1052,#1308,.T.);
#1196=EDGE_CURVE('',#1051,#1025,#1309,.T.);
#1197=EDGE_CURVE('',#1021,#1058,#1310,.T.);
#1198=EDGE_CURVE('',#1020,#1059,#162,.T.);
#1199=EDGE_CURVE('',#988,#1024,#1311,.T.);
#1200=EDGE_CURVE('',#982,#1022,#1312,.T.);
#1201=EDGE_CURVE('',#981,#1021,#1313,.T.);
#1202=EDGE_CURVE('',#1010,#1035,#1314,.T.);
#1203=EDGE_CURVE('',#1009,#1036,#1315,.T.);
#1204=EDGE_CURVE('',#1046,#1010,#1316,.T.);
#1205=EDGE_CURVE('',#1011,#1045,#1317,.T.);
#1206=EDGE_CURVE('',#1038,#1003,#1318,.T.);
#1207=EDGE_CURVE('',#1037,#1004,#1319,.T.);
#1208=EDGE_CURVE('',#1002,#1044,#1320,.T.);
#1209=EDGE_CURVE('',#1043,#1003,#1321,.T.);
#1210=EDGE_CURVE('',#987,#1014,#1322,.T.);
#1211=EDGE_CURVE('',#1008,#986,#1323,.T.);
#1212=EDGE_CURVE('',#1053,#1014,#1324,.T.);
#1213=EDGE_CURVE('',#1013,#1054,#163,.T.);
#1214=EDGE_CURVE('',#1005,#985,#1325,.T.);
#1215=EDGE_CURVE('',#1070,#1068,#67,.T.);
#1216=EDGE_CURVE('',#1013,#1070,#68,.T.);
#1217=EDGE_CURVE('',#1069,#1012,#1326,.T.);
#1218=EDGE_CURVE('',#983,#1006,#1327,.T.);
#1219=EDGE_CURVE('',#1060,#1001,#1328,.T.);
#1220=EDGE_CURVE('',#1006,#1056,#1329,.T.);
#1221=EDGE_CURVE('',#1071,#1057,#1330,.T.);
#1222=EDGE_CURVE('',#1071,#1007,#164,.T.);
#1223=EDGE_CURVE('',#1061,#1007,#69,.T.);
#1224=EDGE_CURVE('',#1033,#1029,#1331,.T.);
#1225=EDGE_CURVE('',#1034,#1030,#1332,.T.);
#1226=EDGE_CURVE('',#1032,#1039,#1333,.T.);
#1227=EDGE_CURVE('',#1031,#1040,#1334,.T.);
#1228=EDGE_CURVE('',#1054,#1070,#1335,.T.);
#1229=EDGE_CURVE('',#1055,#1068,#1336,.T.);
#1230=EDGE_CURVE('',#1067,#1051,#165,.T.);
#1231=EDGE_CURVE('',#1061,#1071,#1337,.T.);
#1232=EDGE_CURVE('',#1067,#1026,#1338,.T.);
#1233=EDGE_CURVE('',#1062,#1057,#1339,.T.);
#1234=EDGE_CURVE('',#1027,#1066,#1340,.T.);
#1235=EDGE_CURVE('',#1059,#1063,#166,.T.);
#1236=EDGE_CURVE('',#1015,#1065,#1341,.T.);
#1237=EDGE_CURVE('',#1019,#1063,#167,.T.);
#1238=EDGE_CURVE('',#1017,#1064,#1342,.T.);
#1239=EDGE_CURVE('',#1038,#1043,#1343,.T.);
#1240=EDGE_CURVE('',#1039,#1041,#1344,.T.);
#1241=EDGE_CURVE('',#1032,#1041,#1345,.T.);
#1242=EDGE_CURVE('',#1023,#1042,#1346,.T.);
#1243=EDGE_CURVE('',#1018,#1050,#1347,.T.);
#1244=EDGE_CURVE('',#1016,#1049,#1348,.T.);
#1245=EDGE_CURVE('',#1028,#1048,#1349,.T.);
#1246=EDGE_CURVE('',#1029,#1047,#1350,.T.);
#1247=EDGE_CURVE('',#1033,#1047,#1351,.T.);
#1248=EDGE_CURVE('',#1035,#1046,#1352,.T.);
#1249=EDGE_CURVE('',#991,#1034,#1353,.T.);
#1250=EDGE_CURVE('',#990,#1036,#1354,.T.);
#1251=EDGE_CURVE('',#996,#1037,#1355,.T.);
#1252=EDGE_CURVE('',#997,#1040,#1356,.T.);
#1253=EDGE_CURVE('',#981,#1058,#1357,.T.);
#1254=EDGE_CURVE('',#983,#1056,#1358,.T.);
#1255=EDGE_CURVE('',#987,#1053,#1359,.T.);
#1256=EDGE_CURVE('',#988,#1052,#1360,.T.);
#1257=CIRCLE('',#1362,2.);
#1258=CIRCLE('',#1363,2.);
#1259=CIRCLE('',#1365,1.05);
#1260=CIRCLE('',#1367,1.05);
#1261=CIRCLE('',#1369,2.);
#1262=CIRCLE('',#1370,2.);
#1263=CIRCLE('',#1372,1.05);
#1264=CIRCLE('',#1374,1.05);
#1265=CIRCLE('',#1376,2.);
#1266=CIRCLE('',#1377,2.);
#1267=CIRCLE('',#1379,1.05);
#1268=CIRCLE('',#1381,1.05);
#1269=CIRCLE('',#1383,2.);
#1270=CIRCLE('',#1384,2.);
#1271=CIRCLE('',#1386,1.05);
#1272=CIRCLE('',#1388,1.05);
#1273=CIRCLE('',#1390,2.);
#1274=CIRCLE('',#1391,2.);
#1275=CIRCLE('',#1393,1.05);
#1276=CIRCLE('',#1395,1.05);
#1277=CIRCLE('',#1397,2.);
#1278=CIRCLE('',#1398,2.);
#1279=CIRCLE('',#1400,1.05);
#1280=CIRCLE('',#1402,1.05);
#1281=CIRCLE('',#1404,8.);
#1282=CIRCLE('',#1405,10.);
#1283=CIRCLE('',#1406,2.6);
#1284=CIRCLE('',#1408,4.);
#1285=CIRCLE('',#1409,10.);
#1286=CIRCLE('',#1410,4.);
#1287=CIRCLE('',#1411,4.);
#1288=CIRCLE('',#1412,8.);
#1289=CIRCLE('',#1413,4.);
#1290=CIRCLE('',#1414,2.6);
#1291=CIRCLE('',#1416,10.);
#1292=CIRCLE('',#1418,14.);
#1293=CIRCLE('',#1419,14.);
#1294=CIRCLE('',#1421,8.);
#1295=CIRCLE('',#1422,8.);
#1296=CIRCLE('',#1425,8.);
#1297=CIRCLE('',#1426,8.);
#1298=CIRCLE('',#1427,8.);
#1299=CIRCLE('',#1428,8.);
#1300=CIRCLE('',#1434,10.);
#1301=CIRCLE('',#1435,12.);
#1302=CIRCLE('',#1436,10.);
#1303=CIRCLE('',#1437,10.);
#1304=CIRCLE('',#1441,4.);
#1305=CIRCLE('',#1442,10.);
#1306=CIRCLE('',#1443,10.);
#1307=CIRCLE('',#1444,12.);
#1308=CIRCLE('',#1446,2.);
#1309=CIRCLE('',#1447,2.);
#1310=CIRCLE('',#1449,2.);
#1311=CIRCLE('',#1451,2.);
#1312=CIRCLE('',#1452,2.);
#1313=CIRCLE('',#1454,2.);
#1314=CIRCLE('',#1456,2.);
#1315=CIRCLE('',#1457,2.);
#1316=CIRCLE('',#1459,2.);
#1317=CIRCLE('',#1460,2.);
#1318=CIRCLE('',#1461,2.);
#1319=CIRCLE('',#1462,2.);
#1320=CIRCLE('',#1464,2.);
#1321=CIRCLE('',#1466,2.);
#1322=CIRCLE('',#1467,2.);
#1323=CIRCLE('',#1468,2.);
#1324=CIRCLE('',#1469,2.);
#1325=CIRCLE('',#1471,2.);
#1326=CIRCLE('',#1473,2.);
#1327=CIRCLE('',#1474,2.);
#1328=CIRCLE('',#1475,2.);
#1329=CIRCLE('',#1477,2.);
#1330=CIRCLE('',#1478,2.);
#1331=CIRCLE('',#1480,2.);
#1332=CIRCLE('',#1481,2.);
#1333=CIRCLE('',#1483,2.);
#1334=CIRCLE('',#1484,2.);
#1335=CIRCLE('',#1486,2.);
#1336=CIRCLE('',#1487,2.);
#1337=CIRCLE('',#1489,2.);
#1338=CIRCLE('',#1490,2.);
#1339=CIRCLE('',#1491,2.);
#1340=CIRCLE('',#1493,2.);
#1341=CIRCLE('',#1496,2.);
#1342=CIRCLE('',#1498,2.);
#1343=CIRCLE('',#1501,2.);
#1344=CIRCLE('',#1503,2.);
#1345=CIRCLE('',#1505,2.);
#1346=CIRCLE('',#1507,2.);
#1347=CIRCLE('',#1509,2.);
#1348=CIRCLE('',#1511,2.);
#1349=CIRCLE('',#1513,2.);
#1350=CIRCLE('',#1515,2.);
#1351=CIRCLE('',#1517,2.);
#1352=CIRCLE('',#1519,2.);
#1353=CIRCLE('',#1522,2.);
#1354=CIRCLE('',#1524,2.);
#1355=CIRCLE('',#1527,2.);
#1356=CIRCLE('',#1529,2.);
#1357=CIRCLE('',#1532,2.);
#1358=CIRCLE('',#1534,2.);
#1359=CIRCLE('',#1537,2.);
#1360=CIRCLE('',#1539,2.);
#1361=AXIS2_PLACEMENT_3D('',#1954,#1542,#1543);
#1362=AXIS2_PLACEMENT_3D('',#1955,#1544,#1545);
#1363=AXIS2_PLACEMENT_3D('',#1957,#1546,#1547);
#1364=AXIS2_PLACEMENT_3D('',#1959,#1548,#1549);
#1365=AXIS2_PLACEMENT_3D('',#1960,#1550,#1551);
#1366=AXIS2_PLACEMENT_3D('',#1962,#1552,#1553);
#1367=AXIS2_PLACEMENT_3D('',#1963,#1554,#1555);
#1368=AXIS2_PLACEMENT_3D('',#1965,#1556,#1557);
#1369=AXIS2_PLACEMENT_3D('',#1966,#1558,#1559);
#1370=AXIS2_PLACEMENT_3D('',#1968,#1560,#1561);
#1371=AXIS2_PLACEMENT_3D('',#1970,#1562,#1563);
#1372=AXIS2_PLACEMENT_3D('',#1971,#1564,#1565);
#1373=AXIS2_PLACEMENT_3D('',#1973,#1566,#1567);
#1374=AXIS2_PLACEMENT_3D('',#1974,#1568,#1569);
#1375=AXIS2_PLACEMENT_3D('',#1976,#1570,#1571);
#1376=AXIS2_PLACEMENT_3D('',#1977,#1572,#1573);
#1377=AXIS2_PLACEMENT_3D('',#1979,#1574,#1575);
#1378=AXIS2_PLACEMENT_3D('',#1981,#1576,#1577);
#1379=AXIS2_PLACEMENT_3D('',#1982,#1578,#1579);
#1380=AXIS2_PLACEMENT_3D('',#1984,#1580,#1581);
#1381=AXIS2_PLACEMENT_3D('',#1985,#1582,#1583);
#1382=AXIS2_PLACEMENT_3D('',#1987,#1584,#1585);
#1383=AXIS2_PLACEMENT_3D('',#1988,#1586,#1587);
#1384=AXIS2_PLACEMENT_3D('',#1990,#1588,#1589);
#1385=AXIS2_PLACEMENT_3D('',#1992,#1590,#1591);
#1386=AXIS2_PLACEMENT_3D('',#1993,#1592,#1593);
#1387=AXIS2_PLACEMENT_3D('',#1995,#1594,#1595);
#1388=AXIS2_PLACEMENT_3D('',#1996,#1596,#1597);
#1389=AXIS2_PLACEMENT_3D('',#1998,#1598,#1599);
#1390=AXIS2_PLACEMENT_3D('',#1999,#1600,#1601);
#1391=AXIS2_PLACEMENT_3D('',#2001,#1602,#1603);
#1392=AXIS2_PLACEMENT_3D('',#2003,#1604,#1605);
#1393=AXIS2_PLACEMENT_3D('',#2004,#1606,#1607);
#1394=AXIS2_PLACEMENT_3D('',#2006,#1608,#1609);
#1395=AXIS2_PLACEMENT_3D('',#2007,#1610,#1611);
#1396=AXIS2_PLACEMENT_3D('',#2009,#1612,#1613);
#1397=AXIS2_PLACEMENT_3D('',#2010,#1614,#1615);
#1398=AXIS2_PLACEMENT_3D('',#2012,#1616,#1617);
#1399=AXIS2_PLACEMENT_3D('',#2014,#1618,#1619);
#1400=AXIS2_PLACEMENT_3D('',#2015,#1620,#1621);
#1401=AXIS2_PLACEMENT_3D('',#2017,#1622,#1623);
#1402=AXIS2_PLACEMENT_3D('',#2018,#1624,#1625);
#1403=AXIS2_PLACEMENT_3D('',#2020,#1626,#1627);
#1404=AXIS2_PLACEMENT_3D('',#2067,#1630,#1631);
#1405=AXIS2_PLACEMENT_3D('',#2187,#1633,#1634);
#1406=AXIS2_PLACEMENT_3D('',#2188,#1635,#1636);
#1407=AXIS2_PLACEMENT_3D('',#2190,#1637,#1638);
#1408=AXIS2_PLACEMENT_3D('',#2194,#1640,#1641);
#1409=AXIS2_PLACEMENT_3D('',#2201,#1642,#1643);
#1410=AXIS2_PLACEMENT_3D('',#2208,#1644,#1645);
#1411=AXIS2_PLACEMENT_3D('',#2212,#1647,#1648);
#1412=AXIS2_PLACEMENT_3D('',#2214,#1649,#1650);
#1413=AXIS2_PLACEMENT_3D('',#2216,#1651,#1652);
#1414=AXIS2_PLACEMENT_3D('',#2217,#1653,#1654);
#1415=AXIS2_PLACEMENT_3D('',#2219,#1655,#1656);
#1416=AXIS2_PLACEMENT_3D('',#2263,#1662,#1663);
#1417=AXIS2_PLACEMENT_3D('',#2264,#1664,#1665);
#1418=AXIS2_PLACEMENT_3D('',#2306,#1669,#1670);
#1419=AXIS2_PLACEMENT_3D('',#2307,#1671,#1672);
#1420=AXIS2_PLACEMENT_3D('',#2308,#1673,#1674);
#1421=AXIS2_PLACEMENT_3D('',#2312,#1676,#1677);
#1422=AXIS2_PLACEMENT_3D('',#2316,#1679,#1680);
#1423=AXIS2_PLACEMENT_3D('',#2317,#1681,#1682);
#1424=AXIS2_PLACEMENT_3D('',#2350,#1688,#1689);
#1425=AXIS2_PLACEMENT_3D('',#2365,#1691,#1692);
#1426=AXIS2_PLACEMENT_3D('',#2369,#1694,#1695);
#1427=AXIS2_PLACEMENT_3D('',#2388,#1698,#1699);
#1428=AXIS2_PLACEMENT_3D('',#2389,#1700,#1701);
#1429=AXIS2_PLACEMENT_3D('',#2390,#1702,#1703);
#1430=AXIS2_PLACEMENT_3D('',#2393,#1706,#1707);
#1431=AXIS2_PLACEMENT_3D('',#2394,#1708,#1709);
#1432=AXIS2_PLACEMENT_3D('',#2403,#1714,#1715);
#1433=AXIS2_PLACEMENT_3D('',#2412,#1720,#1721);
#1434=AXIS2_PLACEMENT_3D('',#2413,#1722,#1723);
#1435=AXIS2_PLACEMENT_3D('',#2435,#1725,#1726);
#1436=AXIS2_PLACEMENT_3D('',#2450,#1728,#1729);
#1437=AXIS2_PLACEMENT_3D('',#2454,#1731,#1732);
#1438=AXIS2_PLACEMENT_3D('',#2457,#1734,#1735);
#1439=AXIS2_PLACEMENT_3D('',#2471,#1740,#1741);
#1440=AXIS2_PLACEMENT_3D('',#2480,#1746,#1747);
#1441=AXIS2_PLACEMENT_3D('',#2490,#1748,#1749);
#1442=AXIS2_PLACEMENT_3D('',#2496,#1752,#1753);
#1443=AXIS2_PLACEMENT_3D('',#2500,#1755,#1756);
#1444=AXIS2_PLACEMENT_3D('',#2515,#1758,#1759);
#1445=AXIS2_PLACEMENT_3D('',#2516,#1760,#1761);
#1446=AXIS2_PLACEMENT_3D('',#2517,#1762,#1763);
#1447=AXIS2_PLACEMENT_3D('',#2518,#1764,#1765);
#1448=AXIS2_PLACEMENT_3D('',#2519,#1766,#1767);
#1449=AXIS2_PLACEMENT_3D('',#2520,#1768,#1769);
#1450=AXIS2_PLACEMENT_3D('',#2525,#1770,#1771);
#1451=AXIS2_PLACEMENT_3D('',#2526,#1772,#1773);
#1452=AXIS2_PLACEMENT_3D('',#2527,#1774,#1775);
#1453=AXIS2_PLACEMENT_3D('',#2528,#1776,#1777);
#1454=AXIS2_PLACEMENT_3D('',#2529,#1778,#1779);
#1455=AXIS2_PLACEMENT_3D('',#2530,#1780,#1781);
#1456=AXIS2_PLACEMENT_3D('',#2531,#1782,#1783);
#1457=AXIS2_PLACEMENT_3D('',#2532,#1784,#1785);
#1458=AXIS2_PLACEMENT_3D('',#2533,#1786,#1787);
#1459=AXIS2_PLACEMENT_3D('',#2534,#1788,#1789);
#1460=AXIS2_PLACEMENT_3D('',#2535,#1790,#1791);
#1461=AXIS2_PLACEMENT_3D('',#2554,#1792,#1793);
#1462=AXIS2_PLACEMENT_3D('',#2555,#1794,#1795);
#1463=AXIS2_PLACEMENT_3D('',#2556,#1796,#1797);
#1464=AXIS2_PLACEMENT_3D('',#2557,#1798,#1799);
#1465=AXIS2_PLACEMENT_3D('',#2558,#1800,#1801);
#1466=AXIS2_PLACEMENT_3D('',#2559,#1802,#1803);
#1467=AXIS2_PLACEMENT_3D('',#2585,#1804,#1805);
#1468=AXIS2_PLACEMENT_3D('',#2586,#1806,#1807);
#1469=AXIS2_PLACEMENT_3D('',#2702,#1808,#1809);
#1470=AXIS2_PLACEMENT_3D('',#2717,#1810,#1811);
#1471=AXIS2_PLACEMENT_3D('',#2718,#1812,#1813);
#1472=AXIS2_PLACEMENT_3D('',#2719,#1814,#1815);
#1473=AXIS2_PLACEMENT_3D('',#2737,#1816,#1817);
#1474=AXIS2_PLACEMENT_3D('',#2753,#1818,#1819);
#1475=AXIS2_PLACEMENT_3D('',#2778,#1820,#1821);
#1476=AXIS2_PLACEMENT_3D('',#2779,#1822,#1823);
#1477=AXIS2_PLACEMENT_3D('',#2780,#1824,#1825);
#1478=AXIS2_PLACEMENT_3D('',#2781,#1826,#1827);
#1479=AXIS2_PLACEMENT_3D('',#2801,#1828,#1829);
#1480=AXIS2_PLACEMENT_3D('',#2835,#1830,#1831);
#1481=AXIS2_PLACEMENT_3D('',#2836,#1832,#1833);
#1482=AXIS2_PLACEMENT_3D('',#2837,#1834,#1835);
#1483=AXIS2_PLACEMENT_3D('',#2838,#1836,#1837);
#1484=AXIS2_PLACEMENT_3D('',#2839,#1838,#1839);
#1485=AXIS2_PLACEMENT_3D('',#2840,#1840,#1841);
#1486=AXIS2_PLACEMENT_3D('',#2841,#1842,#1843);
#1487=AXIS2_PLACEMENT_3D('',#2878,#1844,#1845);
#1488=AXIS2_PLACEMENT_3D('',#2903,#1846,#1847);
#1489=AXIS2_PLACEMENT_3D('',#2904,#1848,#1849);
#1490=AXIS2_PLACEMENT_3D('',#2959,#1850,#1851);
#1491=AXIS2_PLACEMENT_3D('',#3008,#1852,#1853);
#1492=AXIS2_PLACEMENT_3D('',#3009,#1854,#1855);
#1493=AXIS2_PLACEMENT_3D('',#3010,#1856,#1857);
#1494=AXIS2_PLACEMENT_3D('',#3011,#1858,#1859);
#1495=AXIS2_PLACEMENT_3D('',#3022,#1860,#1861);
#1496=AXIS2_PLACEMENT_3D('',#3023,#1862,#1863);
#1497=AXIS2_PLACEMENT_3D('',#3024,#1864,#1865);
#1498=AXIS2_PLACEMENT_3D('',#3067,#1866,#1867);
#1499=AXIS2_PLACEMENT_3D('',#3068,#1868,#1869);
#1500=AXIS2_PLACEMENT_3D('',#3069,#1870,#1871);
#1501=AXIS2_PLACEMENT_3D('',#3070,#1872,#1873);
#1502=AXIS2_PLACEMENT_3D('',#3071,#1874,#1875);
#1503=AXIS2_PLACEMENT_3D('',#3072,#1876,#1877);
#1504=AXIS2_PLACEMENT_3D('',#3073,#1878,#1879);
#1505=AXIS2_PLACEMENT_3D('',#3074,#1880,#1881);
#1506=AXIS2_PLACEMENT_3D('',#3075,#1882,#1883);
#1507=AXIS2_PLACEMENT_3D('',#3076,#1884,#1885);
#1508=AXIS2_PLACEMENT_3D('',#3077,#1886,#1887);
#1509=AXIS2_PLACEMENT_3D('',#3078,#1888,#1889);
#1510=AXIS2_PLACEMENT_3D('',#3079,#1890,#1891);
#1511=AXIS2_PLACEMENT_3D('',#3080,#1892,#1893);
#1512=AXIS2_PLACEMENT_3D('',#3081,#1894,#1895);
#1513=AXIS2_PLACEMENT_3D('',#3082,#1896,#1897);
#1514=AXIS2_PLACEMENT_3D('',#3083,#1898,#1899);
#1515=AXIS2_PLACEMENT_3D('',#3084,#1900,#1901);
#1516=AXIS2_PLACEMENT_3D('',#3085,#1902,#1903);
#1517=AXIS2_PLACEMENT_3D('',#3086,#1904,#1905);
#1518=AXIS2_PLACEMENT_3D('',#3087,#1906,#1907);
#1519=AXIS2_PLACEMENT_3D('',#3088,#1908,#1909);
#1520=AXIS2_PLACEMENT_3D('',#3089,#1910,#1911);
#1521=AXIS2_PLACEMENT_3D('',#3090,#1912,#1913);
#1522=AXIS2_PLACEMENT_3D('',#3091,#1914,#1915);
#1523=AXIS2_PLACEMENT_3D('',#3092,#1916,#1917);
#1524=AXIS2_PLACEMENT_3D('',#3093,#1918,#1919);
#1525=AXIS2_PLACEMENT_3D('',#3094,#1920,#1921);
#1526=AXIS2_PLACEMENT_3D('',#3095,#1922,#1923);
#1527=AXIS2_PLACEMENT_3D('',#3096,#1924,#1925);
#1528=AXIS2_PLACEMENT_3D('',#3097,#1926,#1927);
#1529=AXIS2_PLACEMENT_3D('',#3098,#1928,#1929);
#1530=AXIS2_PLACEMENT_3D('',#3099,#1930,#1931);
#1531=AXIS2_PLACEMENT_3D('',#3100,#1932,#1933);
#1532=AXIS2_PLACEMENT_3D('',#3101,#1934,#1935);
#1533=AXIS2_PLACEMENT_3D('',#3102,#1936,#1937);
#1534=AXIS2_PLACEMENT_3D('',#3103,#1938,#1939);
#1535=AXIS2_PLACEMENT_3D('',#3104,#1940,#1941);
#1536=AXIS2_PLACEMENT_3D('',#3105,#1942,#1943);
#1537=AXIS2_PLACEMENT_3D('',#3106,#1944,#1945);
#1538=AXIS2_PLACEMENT_3D('',#3107,#1946,#1947);
#1539=AXIS2_PLACEMENT_3D('',#3108,#1948,#1949);
#1540=AXIS2_PLACEMENT_3D('',#3109,#1950,#1951);
#1541=AXIS2_PLACEMENT_3D('',#3110,#1952,#1953);
#1542=DIRECTION('',(0.,0.,1.));
#1543=DIRECTION('',(1.,0.,0.));
#1544=DIRECTION('',(0.,0.,-1.));
#1545=DIRECTION('',(-1.,0.,0.));
#1546=DIRECTION('',(0.,0.,-1.));
#1547=DIRECTION('',(-1.,0.,0.));
#1548=DIRECTION('',(0.,0.,-1.));
#1549=DIRECTION('',(-1.,0.,0.));
#1550=DIRECTION('',(0.,0.,-1.));
#1551=DIRECTION('',(-1.,0.,0.));
#1552=DIRECTION('',(0.,0.,1.));
#1553=DIRECTION('',(1.,0.,0.));
#1554=DIRECTION('',(0.,0.,-1.));
#1555=DIRECTION('',(-1.,0.,0.));
#1556=DIRECTION('',(0.,0.,-1.));
#1557=DIRECTION('',(-1.,0.,0.));
#1558=DIRECTION('',(0.,0.,-1.));
#1559=DIRECTION('',(-1.,0.,0.));
#1560=DIRECTION('',(0.,0.,-1.));
#1561=DIRECTION('',(-1.,0.,0.));
#1562=DIRECTION('',(0.,0.,-1.));
#1563=DIRECTION('',(-1.,0.,0.));
#1564=DIRECTION('',(0.,0.,-1.));
#1565=DIRECTION('',(-1.,0.,0.));
#1566=DIRECTION('',(0.,0.,1.));
#1567=DIRECTION('',(1.,0.,0.));
#1568=DIRECTION('',(0.,0.,-1.));
#1569=DIRECTION('',(-1.,0.,0.));
#1570=DIRECTION('',(0.,0.,-1.));
#1571=DIRECTION('',(-1.,0.,0.));
#1572=DIRECTION('',(0.,0.,-1.));
#1573=DIRECTION('',(-1.,0.,0.));
#1574=DIRECTION('',(0.,0.,-1.));
#1575=DIRECTION('',(-1.,0.,0.));
#1576=DIRECTION('',(0.,0.,-1.));
#1577=DIRECTION('',(-1.,0.,0.));
#1578=DIRECTION('',(0.,0.,-1.));
#1579=DIRECTION('',(-1.,0.,0.));
#1580=DIRECTION('',(0.,0.,1.));
#1581=DIRECTION('',(1.,0.,0.));
#1582=DIRECTION('',(0.,0.,-1.));
#1583=DIRECTION('',(-1.,0.,0.));
#1584=DIRECTION('',(0.,0.,-1.));
#1585=DIRECTION('',(-1.,0.,0.));
#1586=DIRECTION('',(0.,0.,-1.));
#1587=DIRECTION('',(-1.,0.,0.));
#1588=DIRECTION('',(0.,0.,-1.));
#1589=DIRECTION('',(-1.,0.,0.));
#1590=DIRECTION('',(0.,0.,-1.));
#1591=DIRECTION('',(-1.,0.,0.));
#1592=DIRECTION('',(0.,0.,-1.));
#1593=DIRECTION('',(-1.,0.,0.));
#1594=DIRECTION('',(0.,0.,1.));
#1595=DIRECTION('',(1.,0.,0.));
#1596=DIRECTION('',(0.,0.,-1.));
#1597=DIRECTION('',(-1.,0.,0.));
#1598=DIRECTION('',(0.,0.,-1.));
#1599=DIRECTION('',(-1.,0.,0.));
#1600=DIRECTION('',(0.,0.,-1.));
#1601=DIRECTION('',(-1.,0.,0.));
#1602=DIRECTION('',(0.,0.,-1.));
#1603=DIRECTION('',(-1.,0.,0.));
#1604=DIRECTION('',(0.,0.,-1.));
#1605=DIRECTION('',(-1.,0.,0.));
#1606=DIRECTION('',(0.,0.,-1.));
#1607=DIRECTION('',(-1.,0.,0.));
#1608=DIRECTION('',(0.,0.,1.));
#1609=DIRECTION('',(1.,0.,0.));
#1610=DIRECTION('',(0.,0.,-1.));
#1611=DIRECTION('',(-1.,0.,0.));
#1612=DIRECTION('',(0.,0.,-1.));
#1613=DIRECTION('',(-1.,0.,0.));
#1614=DIRECTION('',(0.,0.,-1.));
#1615=DIRECTION('',(-1.,0.,0.));
#1616=DIRECTION('',(0.,0.,-1.));
#1617=DIRECTION('',(-1.,0.,0.));
#1618=DIRECTION('',(0.,0.,-1.));
#1619=DIRECTION('',(-1.,0.,0.));
#1620=DIRECTION('',(0.,0.,-1.));
#1621=DIRECTION('',(-1.,0.,0.));
#1622=DIRECTION('',(0.,0.,1.));
#1623=DIRECTION('',(1.,0.,0.));
#1624=DIRECTION('',(0.,0.,-1.));
#1625=DIRECTION('',(-1.,0.,0.));
#1626=DIRECTION('',(0.,0.,-1.));
#1627=DIRECTION('',(-1.,0.,0.));
#1628=DIRECTION('',(0.437465718849307,0.899235088745796,0.));
#1629=DIRECTION('',(-0.856941188508211,0.515414201820376,0.));
#1630=DIRECTION('',(0.,0.,-1.));
#1631=DIRECTION('',(-1.,0.,0.));
#1632=DIRECTION('',(-0.639717653757552,0.768609994386576,0.));
#1633=DIRECTION('',(0.,0.,-1.));
#1634=DIRECTION('',(-1.,0.,0.));
#1635=DIRECTION('',(0.,0.,1.));
#1636=DIRECTION('',(1.,0.,0.));
#1637=DIRECTION('',(0.,0.,-1.));
#1638=DIRECTION('',(-1.,0.,0.));
#1639=DIRECTION('',(0.639717653757568,-0.768609994386563,0.));
#1640=DIRECTION('',(0.,0.,-1.));
#1641=DIRECTION('',(-1.,0.,0.));
#1642=DIRECTION('',(0.,0.,1.));
#1643=DIRECTION('',(1.,0.,0.));
#1644=DIRECTION('',(0.,0.,-1.));
#1645=DIRECTION('',(-1.,0.,0.));
#1646=DIRECTION('',(0.856941188508185,-0.515414201820419,0.));
#1647=DIRECTION('',(0.,0.,-1.));
#1648=DIRECTION('',(-1.,0.,0.));
#1649=DIRECTION('',(0.,0.,1.));
#1650=DIRECTION('',(1.,0.,0.));
#1651=DIRECTION('',(0.,0.,-1.));
#1652=DIRECTION('',(-1.,0.,0.));
#1653=DIRECTION('',(0.,0.,1.));
#1654=DIRECTION('',(1.,0.,0.));
#1655=DIRECTION('',(0.,0.,-1.));
#1656=DIRECTION('',(-1.,0.,0.));
#1657=DIRECTION('',(0.,0.,-1.));
#1658=DIRECTION('',(0.,0.,-1.));
#1659=DIRECTION('',(0.,0.,-1.));
#1660=DIRECTION('',(0.,0.,-1.));
#1661=DIRECTION('',(0.,0.,-1.));
#1662=DIRECTION('',(0.,0.,-1.));
#1663=DIRECTION('',(-1.,0.,0.));
#1664=DIRECTION('',(0.,0.,-1.));
#1665=DIRECTION('',(0.788786251170883,0.614667593064564,0.));
#1666=DIRECTION('',(0.,0.,-1.));
#1667=DIRECTION('',(0.,0.,-1.));
#1668=DIRECTION('',(0.,0.,-1.));
#1669=DIRECTION('',(0.,0.,-1.));
#1670=DIRECTION('',(-1.,0.,0.));
#1671=DIRECTION('',(0.,0.,-1.));
#1672=DIRECTION('',(-1.,0.,0.));
#1673=DIRECTION('',(0.,0.,-1.));
#1674=DIRECTION('',(-1.,0.,0.));
#1675=DIRECTION('',(0.,0.,-1.));
#1676=DIRECTION('',(0.,0.,-1.));
#1677=DIRECTION('',(-1.,0.,0.));
#1678=DIRECTION('',(0.,0.,-1.));
#1679=DIRECTION('',(0.,0.,-1.));
#1680=DIRECTION('',(-1.,0.,0.));
#1681=DIRECTION('',(0.,0.,-1.));
#1682=DIRECTION('',(-1.,0.,0.));
#1683=DIRECTION('',(-0.437465718849306,-0.899235088745796,0.));
#1684=DIRECTION('',(0.,0.,-1.));
#1685=DIRECTION('',(0.437465718849309,0.899235088745795,0.));
#1686=DIRECTION('',(0.,0.,-1.));
#1687=DIRECTION('',(0.437465718849306,0.899235088745796,0.));
#1688=DIRECTION('',(-0.899235088745796,0.437465718849306,0.));
#1689=DIRECTION('',(0.,0.,1.));
#1690=DIRECTION('',(0.,0.,-1.));
#1691=DIRECTION('',(0.,0.,-1.));
#1692=DIRECTION('',(-1.,0.,0.));
#1693=DIRECTION('',(0.,0.,-1.));
#1694=DIRECTION('',(0.,0.,-1.));
#1695=DIRECTION('',(-1.,0.,0.));
#1696=DIRECTION('',(0.,0.,-1.));
#1697=DIRECTION('',(0.,0.,-1.));
#1698=DIRECTION('',(0.,0.,-1.));
#1699=DIRECTION('',(-1.,0.,0.));
#1700=DIRECTION('',(0.,0.,-1.));
#1701=DIRECTION('',(-1.,0.,0.));
#1702=DIRECTION('',(0.,0.,-1.));
#1703=DIRECTION('',(0.437465718849306,0.899235088745796,0.));
#1704=DIRECTION('',(-0.437465718849306,-0.899235088745796,0.));
#1705=DIRECTION('',(0.437465718849306,0.899235088745796,0.));
#1706=DIRECTION('',(0.899235088745796,-0.437465718849306,0.));
#1707=DIRECTION('',(0.,0.,-1.));
#1708=DIRECTION('',(0.,0.,-1.));
#1709=DIRECTION('',(-1.,0.,0.));
#1710=DIRECTION('',(0.,0.,1.));
#1711=DIRECTION('',(0.639717653757568,-0.768609994386563,0.));
#1712=DIRECTION('',(0.,0.,-1.));
#1713=DIRECTION('',(0.639717653757567,-0.768609994386564,0.));
#1714=DIRECTION('',(-0.768609994386564,-0.639717653757567,0.));
#1715=DIRECTION('',(0.,0.,1.));
#1716=DIRECTION('',(0.,0.,-1.));
#1717=DIRECTION('',(0.856941188508185,-0.515414201820419,0.));
#1718=DIRECTION('',(0.,0.,1.));
#1719=DIRECTION('',(0.856941188508185,-0.515414201820419,0.));
#1720=DIRECTION('',(-0.515414201820419,-0.856941188508185,0.));
#1721=DIRECTION('',(0.,0.,1.));
#1722=DIRECTION('',(0.,0.,-1.));
#1723=DIRECTION('',(-1.,0.,0.));
#1724=DIRECTION('',(0.856941188508186,-0.515414201820418,0.));
#1725=DIRECTION('',(0.,0.,-1.));
#1726=DIRECTION('',(-1.,0.,0.));
#1727=DIRECTION('',(0.639717653757568,-0.768609994386563,0.));
#1728=DIRECTION('',(0.,0.,-1.));
#1729=DIRECTION('',(-1.,0.,0.));
#1730=DIRECTION('',(-0.437465718849306,-0.899235088745796,0.));
#1731=DIRECTION('',(0.,0.,-1.));
#1732=DIRECTION('',(-1.,0.,0.));
#1733=DIRECTION('',(0.437465718849306,0.899235088745796,0.));
#1734=DIRECTION('',(0.,0.,-1.));
#1735=DIRECTION('',(-1.,0.,0.));
#1736=DIRECTION('',(0.,0.,1.));
#1737=DIRECTION('',(-0.639717653757551,0.768609994386577,0.));
#1738=DIRECTION('',(0.,0.,-1.));
#1739=DIRECTION('',(-0.639717653757552,0.768609994386576,0.));
#1740=DIRECTION('',(0.768609994386577,0.639717653757552,0.));
#1741=DIRECTION('',(0.,0.,-1.));
#1742=DIRECTION('',(0.,0.,-1.));
#1743=DIRECTION('',(-0.856941188508211,0.515414201820376,0.));
#1744=DIRECTION('',(0.,0.,-1.));
#1745=DIRECTION('',(-0.856941188508211,0.515414201820376,0.));
#1746=DIRECTION('',(0.515414201820376,0.856941188508211,0.));
#1747=DIRECTION('',(0.,0.,-1.));
#1748=DIRECTION('',(0.,0.,-1.));
#1749=DIRECTION('',(-1.,0.,0.));
#1750=DIRECTION('',(-0.856941188508212,0.515414201820375,0.));
#1751=DIRECTION('',(-0.437465718849306,-0.899235088745796,0.));
#1752=DIRECTION('',(0.,0.,-1.));
#1753=DIRECTION('',(-1.,0.,0.));
#1754=DIRECTION('',(0.437465718849306,0.899235088745796,0.));
#1755=DIRECTION('',(0.,0.,-1.));
#1756=DIRECTION('',(-1.,0.,0.));
#1757=DIRECTION('',(-0.639717653757552,0.768609994386577,0.));
#1758=DIRECTION('',(0.,0.,-1.));
#1759=DIRECTION('',(-1.,0.,0.));
#1760=DIRECTION('',(0.,0.,-1.));
#1761=DIRECTION('',(-1.,0.,0.));
#1762=DIRECTION('',(0.,0.,-1.));
#1763=DIRECTION('',(-0.999999999999999,0.,0.));
#1764=DIRECTION('',(0.,0.,1.));
#1765=DIRECTION('',(1.,0.,0.));
#1766=DIRECTION('',(0.,0.,-1.));
#1767=DIRECTION('',(-0.999999999999999,0.,0.));
#1768=DIRECTION('',(0.,0.,1.));
#1769=DIRECTION('',(1.,0.,0.));
#1770=DIRECTION('',(0.,0.,1.));
#1771=DIRECTION('',(-0.958738996953058,-0.284287769208321,0.));
#1772=DIRECTION('',(0.928217042425803,0.372039140616004,0.));
#1773=DIRECTION('',(-0.372039140616004,0.928217042425803,0.));
#1774=DIRECTION('',(-0.437465718849306,-0.899235088745796,0.));
#1775=DIRECTION('',(0.899235088745796,-0.437465718849306,0.));
#1776=DIRECTION('',(0.,0.,-1.));
#1777=DIRECTION('',(0.731953716461717,0.681354354912244,0.));
#1778=DIRECTION('',(-0.437465718849306,-0.899235088745796,0.));
#1779=DIRECTION('',(0.899235088745796,-0.437465718849306,0.));
#1780=DIRECTION('',(-0.437465718849306,-0.899235088745796,0.));
#1781=DIRECTION('',(0.899235088745796,-0.437465718849304,0.));
#1782=DIRECTION('',(0.,0.,-1.));
#1783=DIRECTION('',(-1.,0.,0.));
#1784=DIRECTION('',(0.,0.,-1.));
#1785=DIRECTION('',(-1.,0.,0.));
#1786=DIRECTION('',(0.,0.,-1.));
#1787=DIRECTION('',(-1.,0.,0.));
#1788=DIRECTION('',(0.450128709031529,0.892963686442852,0.));
#1789=DIRECTION('',(-0.892963686442852,0.450128709031529,0.));
#1790=DIRECTION('',(-0.454386483921587,-0.890804649308353,-7.88234900825335E-16));
#1791=DIRECTION('',(0.890804649308352,-0.454386483921588,0.));
#1792=DIRECTION('',(0.,0.,-1.));
#1793=DIRECTION('',(-1.,0.,0.));
#1794=DIRECTION('',(0.,0.,-1.));
#1795=DIRECTION('',(-1.,0.,0.));
#1796=DIRECTION('',(0.,0.,-1.));
#1797=DIRECTION('',(0.949712641751739,0.313122816314834,0.));
#1798=DIRECTION('',(0.451989325278238,0.892023346014286,-3.48686592562627E-15));
#1799=DIRECTION('',(-0.892023346014286,0.451989325278238,0.));
#1800=DIRECTION('',(0.,0.,-1.));
#1801=DIRECTION('',(-1.,0.,0.));
#1802=DIRECTION('',(-0.382357705695203,-0.924014385653979,0.));
#1803=DIRECTION('',(0.924014385653979,-0.382357705695203,0.));
#1804=DIRECTION('',(-0.448410742937771,-0.893827615157417,0.));
#1805=DIRECTION('',(0.893827615157418,-0.448410742937771,0.));
#1806=DIRECTION('',(1.,-4.37258086229608E-16,1.81929947964954E-14));
#1807=DIRECTION('',(1.81929947964954E-14,0.,-1.));
#1808=DIRECTION('',(0.,0.,-1.));
#1809=DIRECTION('',(-1.,0.,0.));
#1810=DIRECTION('',(0.,0.,-1.));
#1811=DIRECTION('',(-1.,0.,0.));
#1812=DIRECTION('',(-0.244367500072431,-0.969682692899255,0.));
#1813=DIRECTION('',(0.969682692899255,-0.244367500072431,0.));
#1814=DIRECTION('',(0.,0.,-1.));
#1815=DIRECTION('',(0.788786251170883,0.614667593064564,0.));
#1816=DIRECTION('',(-0.454386483921586,-0.890804649308353,0.));
#1817=DIRECTION('',(0.890804649308354,-0.454386483921584,0.));
#1818=DIRECTION('',(0.407042250057185,0.913409331388937,0.));
#1819=DIRECTION('',(-0.913409331388937,0.407042250057185,0.));
#1820=DIRECTION('',(0.451989325278235,0.892023346014288,0.));
#1821=DIRECTION('',(-0.892023346014288,0.451989325278235,0.));
#1822=DIRECTION('',(0.,0.,-1.));
#1823=DIRECTION('',(-1.,0.,0.));
#1824=DIRECTION('',(0.,0.,-1.));
#1825=DIRECTION('',(-1.,0.,0.));
#1826=DIRECTION('',(0.,0.,-1.));
#1827=DIRECTION('',(-1.,0.,0.));
#1828=DIRECTION('',(0.,0.,-1.));
#1829=DIRECTION('',(-1.,0.,0.));
#1830=DIRECTION('',(0.,0.,-1.));
#1831=DIRECTION('',(-0.999999999999999,0.,0.));
#1832=DIRECTION('',(0.,0.,-1.));
#1833=DIRECTION('',(-0.999999999999999,0.,0.));
#1834=DIRECTION('',(0.,0.,-1.));
#1835=DIRECTION('',(0.936737034128159,-0.350033896776842,0.));
#1836=DIRECTION('',(0.,0.,-1.));
#1837=DIRECTION('',(-1.,0.,0.));
#1838=DIRECTION('',(0.,0.,-1.));
#1839=DIRECTION('',(-1.,0.,0.));
#1840=DIRECTION('',(0.,0.,-1.));
#1841=DIRECTION('',(-1.,0.,0.));
#1842=DIRECTION('',(-0.593801531914094,0.713442546771115,-0.372020796667633));
#1843=DIRECTION('',(-0.768609994386575,-0.639717653757554,0.));
#1844=DIRECTION('',(-0.639717653757565,0.768609994386565,6.66662900566389E-16));
#1845=DIRECTION('',(0.768609994386564,0.639717653757566,8.67361737988404E-16));
#1846=DIRECTION('',(0.639717653757552,-0.768609994386577,0.));
#1847=DIRECTION('',(0.768609994386577,0.639717653757551,0.));
#1848=DIRECTION('',(0.908865216347008,-0.417089940557796,-1.64415015137075E-15));
#1849=DIRECTION('',(0.417089940557796,0.908865216347008,0.));
#1850=DIRECTION('',(0.706385293992052,0.707827532970965,0.));
#1851=DIRECTION('',(-0.707827532970965,0.706385293992052,0.));
#1852=DIRECTION('',(0.856941188508213,-0.515414201820373,0.));
#1853=DIRECTION('',(0.515414201820373,0.856941188508212,0.));
#1854=DIRECTION('',(0.,0.,-1.));
#1855=DIRECTION('',(-1.,0.,0.));
#1856=DIRECTION('',(-0.437465718849306,-0.899235088745796,0.));
#1857=DIRECTION('',(0.899235088745795,-0.437465718849306,0.));
#1858=DIRECTION('',(0.,0.,-1.));
#1859=DIRECTION('',(-1.,0.,0.));
#1860=DIRECTION('',(0.856941188508211,-0.515414201820376,0.));
#1861=DIRECTION('',(0.515414201820376,0.856941188508212,0.));
#1862=DIRECTION('',(-0.437465718849308,-0.899235088745795,0.));
#1863=DIRECTION('',(0.899235088745795,-0.437465718849308,0.));
#1864=DIRECTION('',(-0.437465718849306,-0.899235088745796,0.));
#1865=DIRECTION('',(0.899235088745795,-0.437465718849306,0.));
#1866=DIRECTION('',(0.437465718849304,0.899235088745797,3.79441026211479E-16));
#1867=DIRECTION('',(-0.899235088745797,0.437465718849304,0.));
#1868=DIRECTION('',(0.,0.,-1.));
#1869=DIRECTION('',(-1.,0.,0.));
#1870=DIRECTION('',(0.437465718849306,0.899235088745796,0.));
#1871=DIRECTION('',(-0.899235088745796,0.437465718849306,0.));
#1872=DIRECTION('',(-0.856941188508185,0.515414201820419,2.78729249481865E-16));
#1873=DIRECTION('',(-0.515414201820419,-0.856941188508185,0.));
#1874=DIRECTION('',(1.21972744404619E-16,0.,1.));
#1875=DIRECTION('',(1.,0.,0.));
#1876=DIRECTION('',(-0.856941188508185,0.515414201820419,-1.85819499654577E-16));
#1877=DIRECTION('',(-0.515414201820419,-0.856941188508185,0.));
#1878=DIRECTION('',(-0.856941188508185,0.515414201820419,0.));
#1879=DIRECTION('',(-0.515414201820419,-0.856941188508185,0.));
#1880=DIRECTION('',(-0.0558896618571246,-0.99843695128811,-1.2119138560995E-17));
#1881=DIRECTION('',(0.99843695128811,-0.0558896618571246,0.));
#1882=DIRECTION('',(0.,0.,1.));
#1883=DIRECTION('',(1.,0.,0.));
#1884=DIRECTION('',(-0.437465718849306,-0.899235088745796,-1.27534344921081E-15));
#1885=DIRECTION('',(0.899235088745796,-0.437465718849306,0.));
#1886=DIRECTION('',(0.,0.,-1.));
#1887=DIRECTION('',(-1.,0.,0.));
#1888=DIRECTION('',(-0.437465718849305,-0.899235088745797,3.7944102621148E-16));
#1889=DIRECTION('',(0.899235088745797,-0.437465718849304,0.));
#1890=DIRECTION('',(0.437465718849306,0.899235088745796,0.));
#1891=DIRECTION('',(-0.899235088745796,0.437465718849306,0.));
#1892=DIRECTION('',(0.437465718849308,0.899235088745795,-7.58882052422965E-16));
#1893=DIRECTION('',(-0.899235088745795,0.437465718849308,0.));
#1894=DIRECTION('',(0.,0.,-1.));
#1895=DIRECTION('',(-1.,0.,0.));
#1896=DIRECTION('',(0.437465718849307,0.899235088745796,7.58882052422962E-16));
#1897=DIRECTION('',(-0.899235088745795,0.437465718849306,0.));
#1898=DIRECTION('',(-0.437465718849306,-0.899235088745796,0.));
#1899=DIRECTION('',(0.899235088745795,-0.437465718849306,0.));
#1900=DIRECTION('',(0.986995091955804,0.16075039177294,1.39428739190494E-16));
#1901=DIRECTION('',(-0.16075039177294,0.986995091955804,0.));
#1902=DIRECTION('',(0.,0.,-1.));
#1903=DIRECTION('',(-1.,0.,0.));
#1904=DIRECTION('',(-0.639717653757568,0.768609994386563,0.));
#1905=DIRECTION('',(-0.768609994386563,-0.639717653757569,0.));
#1906=DIRECTION('',(0.,0.,1.));
#1907=DIRECTION('',(1.,0.,0.));
#1908=DIRECTION('',(-0.639717653757568,0.768609994386563,6.66662900566387E-16));
#1909=DIRECTION('',(-0.768609994386563,-0.639717653757568,0.));
#1910=DIRECTION('',(-0.639717653757568,0.768609994386563,0.));
#1911=DIRECTION('',(-0.768609994386563,-0.639717653757569,0.));
#1912=DIRECTION('',(0.,0.,1.));
#1913=DIRECTION('',(1.,0.,0.));
#1914=DIRECTION('',(0.639717653757568,-0.768609994386563,0.));
#1915=DIRECTION('',(0.768609994386563,0.639717653757568,0.));
#1916=DIRECTION('',(0.,0.,-1.));
#1917=DIRECTION('',(0.936737034128159,-0.350033896776841,0.));
#1918=DIRECTION('',(0.639717653757568,-0.768609994386563,0.));
#1919=DIRECTION('',(0.768609994386563,0.639717653757568,0.));
#1920=DIRECTION('',(0.639717653757568,-0.768609994386563,0.));
#1921=DIRECTION('',(0.768609994386563,0.639717653757568,0.));
#1922=DIRECTION('',(0.,0.,-1.));
#1923=DIRECTION('',(-1.,0.,0.));
#1924=DIRECTION('',(0.856941188508185,-0.515414201820419,0.));
#1925=DIRECTION('',(0.515414201820419,0.856941188508185,0.));
#1926=DIRECTION('',(0.,0.,-1.));
#1927=DIRECTION('',(0.94971264175174,0.313122816314831,0.));
#1928=DIRECTION('',(0.856941188508185,-0.515414201820419,0.));
#1929=DIRECTION('',(0.515414201820419,0.856941188508185,0.));
#1930=DIRECTION('',(0.856941188508185,-0.515414201820419,0.));
#1931=DIRECTION('',(0.515414201820419,0.856941188508185,0.));
#1932=DIRECTION('',(0.,0.,-1.));
#1933=DIRECTION('',(-1.,0.,0.));
#1934=DIRECTION('',(0.856941188508211,-0.515414201820376,3.71638999309165E-16));
#1935=DIRECTION('',(0.515414201820376,0.856941188508211,0.));
#1936=DIRECTION('',(0.,0.,1.));
#1937=DIRECTION('',(-0.958738996953058,-0.284287769208321,0.));
#1938=DIRECTION('',(0.856941188508213,-0.515414201820372,0.));
#1939=DIRECTION('',(0.515414201820372,0.856941188508212,0.));
#1940=DIRECTION('',(-0.856941188508211,0.515414201820376,0.));
#1941=DIRECTION('',(-0.515414201820375,-0.856941188508211,0.));
#1942=DIRECTION('',(2.16840434497101E-16,0.,1.));
#1943=DIRECTION('',(1.,0.,0.));
#1944=DIRECTION('',(0.639717653757305,-0.768609994386782,3.24505683922281E-13));
#1945=DIRECTION('',(0.768609994386781,0.639717653757305,0.));
#1946=DIRECTION('',(0.,0.,1.));
#1947=DIRECTION('',(-0.993443784685511,-0.114321680663511,0.));
#1948=DIRECTION('',(0.639717653757552,-0.768609994386577,0.));
#1949=DIRECTION('',(0.768609994386577,0.639717653757551,0.));
#1950=DIRECTION('',(-0.639717653757552,0.768609994386577,0.));
#1951=DIRECTION('',(-0.768609994386577,-0.639717653757551,0.));
#1952=DIRECTION('',(0.,0.,1.));
#1953=DIRECTION('',(1.,0.,0.));
#1954=CARTESIAN_POINT('',(0.,0.,0.));
#1955=CARTESIAN_POINT('',(-5.19568439116509,-0.753235492660485,6.));
#1956=CARTESIAN_POINT('',(-7.19568439116509,-0.753235492660485,6.));
#1957=CARTESIAN_POINT('',(-5.19568439116509,-0.753235492660485,4.));
#1958=CARTESIAN_POINT('',(-7.19568439116509,-0.753235492660485,4.));
#1959=CARTESIAN_POINT('',(-5.19568439116509,-0.753235492660485,6.));
#1960=CARTESIAN_POINT('',(-5.19568439116509,-0.753235492660485,4.));
#1961=CARTESIAN_POINT('',(-6.24568439116509,-0.753235492660485,4.));
#1962=CARTESIAN_POINT('',(-3.19568439116508,-0.753235492660485,4.));
#1963=CARTESIAN_POINT('',(-5.19568439116509,-0.753235492660485,0.));
#1964=CARTESIAN_POINT('',(-6.24568439116509,-0.753235492660485,0.));
#1965=CARTESIAN_POINT('',(-5.19568439116509,-0.753235492660485,6.));
#1966=CARTESIAN_POINT('',(3.25016326725861,-4.12297692646501,6.));
#1967=CARTESIAN_POINT('',(1.25016326725861,-4.12297692646501,6.));
#1968=CARTESIAN_POINT('',(3.25016326725861,-4.12297692646501,4.));
#1969=CARTESIAN_POINT('',(1.25016326725861,-4.12297692646501,4.));
#1970=CARTESIAN_POINT('',(3.25016326725861,-4.12297692646501,6.));
#1971=CARTESIAN_POINT('',(3.25016326725861,-4.12297692646501,4.));
#1972=CARTESIAN_POINT('',(2.20016326725861,-4.12297692646501,4.));
#1973=CARTESIAN_POINT('',(5.25016326725861,-4.12297692646501,4.));
#1974=CARTESIAN_POINT('',(3.25016326725861,-4.12297692646501,0.));
#1975=CARTESIAN_POINT('',(2.20016326725861,-4.12297692646501,0.));
#1976=CARTESIAN_POINT('',(3.25016326725861,-4.12297692646501,6.));
#1977=CARTESIAN_POINT('',(5.19568439116509,0.753235492660483,6.));
#1978=CARTESIAN_POINT('',(3.19568439116509,0.753235492660483,6.));
#1979=CARTESIAN_POINT('',(5.19568439116509,0.753235492660483,4.));
#1980=CARTESIAN_POINT('',(3.19568439116509,0.753235492660483,4.));
#1981=CARTESIAN_POINT('',(5.19568439116509,0.753235492660483,6.));
#1982=CARTESIAN_POINT('',(5.19568439116509,0.753235492660483,4.));
#1983=CARTESIAN_POINT('',(4.14568439116509,0.753235492660483,4.));
#1984=CARTESIAN_POINT('',(7.19568439116509,0.753235492660483,4.));
#1985=CARTESIAN_POINT('',(5.19568439116509,0.753235492660483,0.));
#1986=CARTESIAN_POINT('',(4.14568439116509,0.753235492660483,0.));
#1987=CARTESIAN_POINT('',(5.19568439116509,0.753235492660483,6.));
#1988=CARTESIAN_POINT('',(1.94552112390647,4.87621241912549,6.));
#1989=CARTESIAN_POINT('',(-0.0544788760935301,4.87621241912549,6.));
#1990=CARTESIAN_POINT('',(1.94552112390647,4.87621241912549,4.));
#1991=CARTESIAN_POINT('',(-0.0544788760935301,4.87621241912549,4.));
#1992=CARTESIAN_POINT('',(1.94552112390647,4.87621241912549,6.));
#1993=CARTESIAN_POINT('',(1.94552112390647,4.87621241912549,4.));
#1994=CARTESIAN_POINT('',(0.89552112390647,4.87621241912549,4.));
#1995=CARTESIAN_POINT('',(3.94552112390648,4.87621241912549,4.));
#1996=CARTESIAN_POINT('',(1.94552112390647,4.87621241912549,0.));
#1997=CARTESIAN_POINT('',(0.89552112390647,4.87621241912549,0.));
#1998=CARTESIAN_POINT('',(1.94552112390647,4.87621241912549,6.));
#1999=CARTESIAN_POINT('',(-3.25016326725861,4.12297692646501,6.));
#2000=CARTESIAN_POINT('',(-5.25016326725861,4.12297692646501,6.));
#2001=CARTESIAN_POINT('',(-3.25016326725861,4.12297692646501,4.));
#2002=CARTESIAN_POINT('',(-5.25016326725861,4.12297692646501,4.));
#2003=CARTESIAN_POINT('',(-3.25016326725861,4.12297692646501,6.));
#2004=CARTESIAN_POINT('',(-3.25016326725861,4.12297692646501,4.));
#2005=CARTESIAN_POINT('',(-4.30016326725861,4.12297692646501,4.));
#2006=CARTESIAN_POINT('',(-1.25016326725861,4.12297692646501,4.));
#2007=CARTESIAN_POINT('',(-3.25016326725861,4.12297692646501,0.));
#2008=CARTESIAN_POINT('',(-4.30016326725861,4.12297692646501,0.));
#2009=CARTESIAN_POINT('',(-3.25016326725861,4.12297692646501,6.));
#2010=CARTESIAN_POINT('',(-1.94552112390647,-4.87621241912549,6.));
#2011=CARTESIAN_POINT('',(-3.94552112390647,-4.87621241912549,6.));
#2012=CARTESIAN_POINT('',(-1.94552112390647,-4.87621241912549,4.));
#2013=CARTESIAN_POINT('',(-3.94552112390647,-4.87621241912549,4.));
#2014=CARTESIAN_POINT('',(-1.94552112390647,-4.87621241912549,6.));
#2015=CARTESIAN_POINT('',(-1.94552112390647,-4.87621241912549,4.));
#2016=CARTESIAN_POINT('',(-2.99552112390647,-4.87621241912549,4.));
#2017=CARTESIAN_POINT('',(0.0544788760935232,-4.87621241912549,4.));
#2018=CARTESIAN_POINT('',(-1.94552112390647,-4.87621241912549,0.));
#2019=CARTESIAN_POINT('',(-2.99552112390647,-4.87621241912549,0.));
#2020=CARTESIAN_POINT('',(-1.94552112390647,-4.87621241912549,6.));
#2021=CARTESIAN_POINT('',(-3.43080250644724,-29.9111391648538,6.));
#2022=CARTESIAN_POINT('',(-3.43080250644724,-29.9111391648538,6.));
#2023=CARTESIAN_POINT('',(-3.33469960816185,-29.7135943183782,6.));
#2024=CARTESIAN_POINT('',(-1.7616119988505,-30.9150872825266,6.));
#2025=CARTESIAN_POINT('',(-1.7616119988505,-30.9150872825266,6.));
#2026=CARTESIAN_POINT('',(6.68306375292527,-6.14023374391513,6.));
#2027=CARTESIAN_POINT('',(6.40287347778801,-7.20823076459352,6.));
#2028=CARTESIAN_POINT('',(6.11770941050362,-8.27487100141108,5.99999999960488));
#2029=CARTESIAN_POINT('',(5.8258686666739,-9.33966058875782,5.99999999739879));
#2030=CARTESIAN_POINT('',(5.54037886100217,-10.3812785903562,5.99999999524071));
#2031=CARTESIAN_POINT('',(5.24849974124752,-11.42112576423,5.99999999342881));
#2032=CARTESIAN_POINT('',(4.94805448625031,-12.4587471224069,5.99999999669625));
#2033=CARTESIAN_POINT('',(4.89463290062345,-12.6432445551742,5.99999999727723));
#2034=CARTESIAN_POINT('',(4.84094634256402,-12.8276710976799,5.99999999762658));
#2035=CARTESIAN_POINT('',(4.78698257687185,-13.0120248404723,5.99999999784549));
#2036=CARTESIAN_POINT('',(4.42951255631503,-14.2332319853121,5.99999999929564));
#2037=CARTESIAN_POINT('',(4.05987947975107,-15.4512451876472,5.99999999904724));
#2038=CARTESIAN_POINT('',(3.67468160436518,-16.6636431812659,5.99999998131013));
#2039=CARTESIAN_POINT('',(3.45668261772329,-17.3497880198135,5.99999997127199));
#2040=CARTESIAN_POINT('',(3.23369816296797,-18.0341342448195,5.99999995469501));
#2041=CARTESIAN_POINT('',(3.00543036663268,-18.7166331746544,5.9999999304139));
#2042=CARTESIAN_POINT('',(2.83606034627905,-19.2230333743026,5.99999991239781));
#2043=CARTESIAN_POINT('',(2.66373903586955,-19.7283332069728,5.9999999104783));
#2044=CARTESIAN_POINT('',(2.48838172038646,-20.2325194872889,5.99999991929923));
#2045=CARTESIAN_POINT('',(2.06488359206427,-21.4501587140949,5.99999994060231));
#2046=CARTESIAN_POINT('',(1.62368005082858,-22.661299943935,5.99999998866371));
#2047=CARTESIAN_POINT('',(1.16355869564528,-23.8657882267887,5.99999999255722));
#2048=CARTESIAN_POINT('',(1.03521988507978,-24.2017487116046,5.99999999364321));
#2049=CARTESIAN_POINT('',(0.905409114798429,-24.5371918792644,5.99999999343572));
#2050=CARTESIAN_POINT('',(0.774192912421453,-24.8721248579704,5.99999999020972));
#2051=CARTESIAN_POINT('',(0.567120014810975,-25.4006841452351,5.99999998511876));
#2052=CARTESIAN_POINT('',(0.356431449845718,-25.9279715140663,5.99999998304616));
#2053=CARTESIAN_POINT('',(0.142373366668125,-26.4539962028637,5.99999998446955));
#2054=CARTESIAN_POINT('',(-0.466882085862042,-27.951175870447,5.99999998852083));
#2055=CARTESIAN_POINT('',(-1.10343300509954,-29.4381230746496,6.));
#2056=CARTESIAN_POINT('',(-1.76161199885049,-30.9150872825266,6.));
#2057=CARTESIAN_POINT('',(6.68309819044596,-6.14010247883652,6.));
#2058=CARTESIAN_POINT('',(7.75746154319404,-1.95494000057944,6.));
#2059=CARTESIAN_POINT('',(7.1356083966074,-4.42253587058178,6.));
#2060=CARTESIAN_POINT('',(6.17975304141067,-8.11774004156311,6.));
#2061=CARTESIAN_POINT('',(4.79918633558418,-13.0151555246026,6.));
#2062=CARTESIAN_POINT('',(3.32027680610455,-17.8873168825106,6.));
#2063=CARTESIAN_POINT('',(1.23789226516774,-23.8917765267622,6.));
#2064=CARTESIAN_POINT('',(-0.725994363208348,-28.5911447146049,6.));
#2065=CARTESIAN_POINT('',(-1.76161199885049,-30.9150872825266,6.));
#2066=CARTESIAN_POINT('',(7.75746154319404,-1.95494000057944,6.));
#2067=CARTESIAN_POINT('',(0.,0.,6.));
#2068=CARTESIAN_POINT('',(-2.62192772885537E-16,8.,6.));
#2069=CARTESIAN_POINT('',(-2.62192772885544E-16,8.,6.));
#2070=CARTESIAN_POINT('',(-0.577315622891689,8.00000000129592,6.));
#2071=CARTESIAN_POINT('',(-1.15446214352627,7.99549390479103,6.00000000452279));
#2072=CARTESIAN_POINT('',(-1.73080284454888,7.97802524001849,5.99999999547733));
#2073=CARTESIAN_POINT('',(-1.78639123151181,7.97634037740966,5.99999999460489));
#2074=CARTESIAN_POINT('',(-1.84197215064553,7.97453496017418,5.99999999352418));
#2075=CARTESIAN_POINT('',(-1.89754505317606,7.97260142598903,5.99999999214162));
#2076=CARTESIAN_POINT('',(-1.89755484620451,7.97260108526262,5.99999999214137));
#2077=CARTESIAN_POINT('',(-1.89756463923279,7.97260074453213,5.99999999214113));
#2078=CARTESIAN_POINT('',(-1.89757443226089,7.97260040379755,5.99999999214088));
#2079=CARTESIAN_POINT('',(-2.21348313801871,7.96160880659915,5.99999998428156));
#2080=CARTESIAN_POINT('',(-2.52921190374652,7.94636360615289,5.99999997937863));
#2081=CARTESIAN_POINT('',(-2.84455364413736,7.9244669304327,5.99999998233111));
#2082=CARTESIAN_POINT('',(-3.15982135163604,7.90257539540282,5.99999998528289));
#2083=CARTESIAN_POINT('',(-3.47470212571456,7.87403555583722,5.9999999941161));
#2084=CARTESIAN_POINT('',(-3.78930231522709,7.83529346526254,5.99999999803854));
#2085=CARTESIAN_POINT('',(-3.78932181006572,7.83529106453035,5.99999999803878));
#2086=CARTESIAN_POINT('',(-3.78934130490287,7.83528866375945,5.99999999803902));
#2087=CARTESIAN_POINT('',(-3.78936079973854,7.83528626294985,5.99999999803927));
#2088=CARTESIAN_POINT('',(-4.10398326220746,7.79654017451759,6.00000000196077));
#2089=CARTESIAN_POINT('',(-4.41822201283488,7.74771632062253,6.00000000007349));
#2090=CARTESIAN_POINT('',(-4.72781538158062,7.68470151014584,5.9999999999265));
#2091=CARTESIAN_POINT('',(-4.72783936396278,7.68469662875812,5.99999999992649));
#2092=CARTESIAN_POINT('',(-4.72786334631705,7.68469174728487,5.99999999992648));
#2093=CARTESIAN_POINT('',(-4.7278873286434,7.68468686572608,5.99999999992647));
#2094=CARTESIAN_POINT('',(-5.03747517787724,7.62167082367199,5.9999999997795));
#2095=CARTESIAN_POINT('',(-5.34241102769734,7.54439990953256,5.9999999999868));
#2096=CARTESIAN_POINT('',(-5.64157131435697,7.44799350956287,5.9999999999956));
#2097=CARTESIAN_POINT('',(-5.64159913921478,7.44798454281664,5.9999999999956));
#2098=CARTESIAN_POINT('',(-5.64162696402258,7.44797557590475,5.9999999999956));
#2099=CARTESIAN_POINT('',(-5.64165478878036,7.44796660882718,5.9999999999956));
#2100=CARTESIAN_POINT('',(-5.94080934962786,7.35155814510045,6.0000000000044));
#2101=CARTESIAN_POINT('',(-6.23418257883847,7.23599991712916,6.));
#2102=CARTESIAN_POINT('',(-6.52040955260596,7.09753100097145,6.));
#2103=CARTESIAN_POINT('',(-6.52044061346323,7.09751597456362,6.));
#2104=CARTESIAN_POINT('',(-6.52047167423632,7.09750094788595,6.));
#2105=CARTESIAN_POINT('',(-6.52050273492522,7.09748592093844,6.));
#2106=CARTESIAN_POINT('',(-6.66359769642463,7.02825756343321,5.99999999999991));
#2107=CARTESIAN_POINT('',(-6.80490580050823,6.95330212909809,6.));
#2108=CARTESIAN_POINT('',(-6.94238676593314,6.8738755199977,6.));
#2109=CARTESIAN_POINT('',(-6.94241869412846,6.87385707418391,6.));
#2110=CARTESIAN_POINT('',(-6.94245062211738,6.87383862812894,6.));
#2111=CARTESIAN_POINT('',(-6.94248254989988,6.87382018183282,6.));
#2112=CARTESIAN_POINT('',(-7.07995965174293,6.79439270106448,6.));
#2113=CARTESIAN_POINT('',(-7.21360971072235,6.71049400189357,6.));
#2114=CARTESIAN_POINT('',(-7.34404142464014,6.62242014678617,6.));
#2115=CARTESIAN_POINT('',(-7.3440737984476,6.62239828641232,6.));
#2116=CARTESIAN_POINT('',(-7.3441061720568,6.62237642578125,6.));
#2117=CARTESIAN_POINT('',(-7.34413854546772,6.62235456489297,6.));
#2118=CARTESIAN_POINT('',(-7.60502698701285,6.44618366074019,6.));
#2119=CARTESIAN_POINT('',(-7.85303949454603,6.25330861468132,6.));
#2120=CARTESIAN_POINT('',(-8.09132625657105,6.04681939382117,6.));
#2121=CARTESIAN_POINT('',(-8.09135945720879,6.04679062355395,6.));
#2122=CARTESIAN_POINT('',(-8.09139265765772,6.04676185302244,6.));
#2123=CARTESIAN_POINT('',(-8.09142585791783,6.04673308222666,6.));
#2124=CARTESIAN_POINT('',(-8.32970627788553,5.84024321502534,6.));
#2125=CARTESIAN_POINT('',(-8.55826126977783,5.62014032475757,6.));
#2126=CARTESIAN_POINT('',(-8.77744294239678,5.39191049761886,6.));
#2127=CARTESIAN_POINT('',(-8.7774770286846,5.39187500419697,6.));
#2128=CARTESIAN_POINT('',(-8.77751111474572,5.39183951057853,6.));
#2129=CARTESIAN_POINT('',(-8.77754520058016,5.39180401676354,6.));
#2130=CARTESIAN_POINT('',(-8.99672041080646,5.16357535551156,6.));
#2131=CARTESIAN_POINT('',(-9.20652283951531,4.92722057674853,6.));
#2132=CARTESIAN_POINT('',(-9.40843716832084,4.68631919029186,6.));
#2133=CARTESIAN_POINT('',(-9.40847156793077,4.68627814856009,6.));
#2134=CARTESIAN_POINT('',(-9.40850596731175,4.68623710669634,6.));
#2135=CARTESIAN_POINT('',(-9.40854036646379,4.68619606470063,6.));
#2136=CARTESIAN_POINT('',(-9.61044900953672,4.44529670613554,6.));
#2137=CARTESIAN_POINT('',(-9.80447033098512,4.19985113633505,6.));
#2138=CARTESIAN_POINT('',(-9.9930344408484,3.95078407725923,6.));
#2139=CARTESIAN_POINT('',(-9.99306952856972,3.95073773124161,6.));
#2140=CARTESIAN_POINT('',(-9.99310461610208,3.9506913850986,6.));
#2141=CARTESIAN_POINT('',(-9.99313970344549,3.9506450388302,6.));
#2142=CARTESIAN_POINT('',(-10.3702930246319,3.45246970404066,6.));
#2143=CARTESIAN_POINT('',(-10.7256155295579,2.93980721846611,5.99999999999987));
#2144=CARTESIAN_POINT('',(-11.0680438467303,2.4189283396857,6.));
#2145=CARTESIAN_POINT('',(-11.0680809987327,2.41887182656358,6.));
#2146=CARTESIAN_POINT('',(-11.0681181505832,2.41881531334474,6.));
#2147=CARTESIAN_POINT('',(-11.068155302282,2.41875880002921,6.));
#2148=CARTESIAN_POINT('',(-11.4105755267366,1.89788619328939,6.));
#2149=CARTESIAN_POINT('',(-11.7401040167616,1.36879866752341,6.00000000000079));
#2150=CARTESIAN_POINT('',(-12.0614525210689,0.834408799570198,5.9999999999992));
#2151=CARTESIAN_POINT('',(-12.0614923716808,0.834342529576811,5.9999999999992));
#2152=CARTESIAN_POINT('',(-12.061532222167,0.83427625950193,5.9999999999992));
#2153=CARTESIAN_POINT('',(-12.0615720725275,0.834209989345561,5.9999999999992));
#2154=CARTESIAN_POINT('',(-12.3829135641602,0.299827097241327,5.99999999999761));
#2155=CARTESIAN_POINT('',(-12.6960809764352,-0.239854450280405,5.99999999996965));
#2156=CARTESIAN_POINT('',(-13.0038469188025,-0.783034789568118,5.99999999998988));
#2157=CARTESIAN_POINT('',(-13.0038898543323,-0.78311056707449,5.99999999998989));
#2158=CARTESIAN_POINT('',(-13.0039327897574,-0.78318634464876,5.99999999998989));
#2159=CARTESIAN_POINT('',(-13.0039757250777,-0.783262122290918,5.99999999998989));
#2160=CARTESIAN_POINT('',(-13.3117353970544,-1.32643501853286,6.00000000001011));
#2161=CARTESIAN_POINT('',(-13.6141125628906,-1.87309644474459,6.00000000024062));
#2162=CARTESIAN_POINT('',(-13.9128233969635,-2.42204769528826,5.99999999975932));
#2163=CARTESIAN_POINT('',(-13.9128697042978,-2.42213279588116,5.99999999975924));
#2164=CARTESIAN_POINT('',(-13.9129160115448,-2.42221789653234,5.99999999975917));
#2165=CARTESIAN_POINT('',(-13.9129623187043,-2.42230299724178,5.99999999975909));
#2166=CARTESIAN_POINT('',(-14.2117350808523,-2.97137087955861,5.9999999992775));
#2167=CARTESIAN_POINT('',(-14.5068698440589,-3.5228642064043,5.99999999820421));
#2168=CARTESIAN_POINT('',(-14.7993257645333,-4.07574025629707,5.99999999785379));
#2169=CARTESIAN_POINT('',(-15.0916944954082,-4.62845147779011,5.99999999750347));
#2170=CARTESIAN_POINT('',(-15.3813859439387,-5.1825445841484,5.99999999810547));
#2171=CARTESIAN_POINT('',(-15.6692774517046,-5.73762698109585,5.99999999905263));
#2172=CARTESIAN_POINT('',(-15.6693237239375,-5.73771619839207,5.99999999905278));
#2173=CARTESIAN_POINT('',(-15.6693699961231,-5.73780541571028,5.99999999905294));
#2174=CARTESIAN_POINT('',(-15.6694162682615,-5.7378946330505,5.99999999905309));
#2175=CARTESIAN_POINT('',(-16.2452823244461,-6.84822235132988,6.00000000094692));
#2176=CARTESIAN_POINT('',(-16.8138357694156,-7.96195689495928,6.00000000005774));
#2177=CARTESIAN_POINT('',(-17.3791659785178,-9.07742973557894,5.99999999994225));
#2178=CARTESIAN_POINT('',(-17.3791935673106,-9.07748417199246,5.99999999994224));
#2179=CARTESIAN_POINT('',(-17.3792211560956,-9.0775386084102,5.99999999994223));
#2180=CARTESIAN_POINT('',(-17.3792487448727,-9.07759304483215,5.99999999994223));
#2181=CARTESIAN_POINT('',(-17.9445964707792,-10.1931012522811,5.99999999982674));
#2182=CARTESIAN_POINT('',(-18.5066656516555,-11.3103766344957,6.));
#2183=CARTESIAN_POINT('',(-19.0674739823386,-12.4282489887074,6.));
#2184=CARTESIAN_POINT('',(-19.0674739823386,-12.4282489887074,6.));
#2185=CARTESIAN_POINT('',(-16.0474419017799,-16.0567667056271,6.));
#2186=CARTESIAN_POINT('',(-16.0474419017799,-16.0567667056271,6.));
#2187=CARTESIAN_POINT('',(-12.3270504956198,-25.3389371298852,6.));
#2188=CARTESIAN_POINT('',(0.,0.,6.));
#2189=CARTESIAN_POINT('',(2.6,0.,6.));
#2190=CARTESIAN_POINT('',(3.52307268582925,-23.2721971149735,6.));
#2191=CARTESIAN_POINT('',(-15.0131301527449,-7.92033710765217,0.));
#2192=CARTESIAN_POINT('',(-15.0131301527449,-7.92033710765217,0.));
#2193=CARTESIAN_POINT('',(-10.860114435803,-12.9101155952969,0.));
#2194=CARTESIAN_POINT('',(-18.0875701302911,-10.4792077226824,0.));
#2195=CARTESIAN_POINT('',(-18.3036657965076,-6.48504915509371,0.));
#2196=CARTESIAN_POINT('',(3.69983129925645E-14,10.,0.));
#2197=CARTESIAN_POINT('',(-8.64380458770381,10.,0.));
#2198=CARTESIAN_POINT('',(-10.440885013303,8.88242576499535,0.));
#2199=CARTESIAN_POINT('',(-18.3036657965076,-6.48504915509374,0.));
#2200=CARTESIAN_POINT('',(6.12323399573677E-16,10.,0.));
#2201=CARTESIAN_POINT('',(0.,0.,0.));
#2202=CARTESIAN_POINT('',(9.69682692899255,-2.44367500072431,0.));
#2203=CARTESIAN_POINT('',(2.97421748643793,-24.729651329779,0.));
#2204=CARTESIAN_POINT('',(5.49452153949925,-18.157735024481,0.));
#2205=CARTESIAN_POINT('',(7.38005760437743,-11.6369233535261,0.));
#2206=CARTESIAN_POINT('',(9.69682692899255,-2.4436750007243,0.));
#2207=CARTESIAN_POINT('',(2.97421748643627,-24.7296513297833,0.));
#2208=CARTESIAN_POINT('',(-0.166514338600935,-27.2067067597643,0.));
#2209=CARTESIAN_POINT('',(1.89514246868074,-23.7789420057316,0.));
#2210=CARTESIAN_POINT('',(-0.281024175457033,-22.4700689944237,0.));
#2211=CARTESIAN_POINT('',(-0.281024175457034,-22.4700689944237,0.));
#2212=CARTESIAN_POINT('',(-2.34268098273871,-25.8978337484564,0.));
#2213=CARTESIAN_POINT('',(-4.76872719248454,-22.7175350536515,0.));
#2214=CARTESIAN_POINT('',(-12.3270504956198,-25.3389371298852,0.));
#2215=CARTESIAN_POINT('',(-10.5163980619874,-17.5465345629883,0.));
#2216=CARTESIAN_POINT('',(-13.9345544133492,-15.4689862103271,0.));
#2217=CARTESIAN_POINT('',(0.,0.,0.));
#2218=CARTESIAN_POINT('',(2.6,0.,0.));
#2219=CARTESIAN_POINT('',(3.52307268582925,-23.2721971149735,0.));
#2220=CARTESIAN_POINT('',(-5.51167315579998,-43.3278505538953,-16.));
#2221=CARTESIAN_POINT('',(-5.51167315579998,-43.3278505538953,-16.));
#2222=CARTESIAN_POINT('',(-5.51167315579998,-43.3278505538953,-24.));
#2223=CARTESIAN_POINT('',(-5.51167315579999,-43.3278505538953,-24.));
#2224=CARTESIAN_POINT('',(-2.49828197595071,-37.380773636881,-24.));
#2225=CARTESIAN_POINT('',(-0.216557656721184,-32.5583466387841,-24.));
#2226=CARTESIAN_POINT('',(1.68151443270704,-27.9714221711547,-24.));
#2227=CARTESIAN_POINT('',(1.68151443270703,-27.9714221711547,-24.));
#2228=CARTESIAN_POINT('',(1.68151443270703,-27.9714221711547,-2.));
#2229=CARTESIAN_POINT('',(1.68151443270703,-27.9714221711547,-2.));
#2230=CARTESIAN_POINT('',(2.97421748643625,-24.7296513297834,0.));
#2231=CARTESIAN_POINT('',(2.72343503203386,-25.3835888176698,-2.71084424439266E-14));
#2232=CARTESIAN_POINT('',(2.48332919942477,-25.9928337827123,-0.269234944533639));
#2233=CARTESIAN_POINT('',(2.22553921499503,-26.6375765252409,-0.722248732644696));
#2234=CARTESIAN_POINT('',(2.17406756458878,-26.7656495328951,-0.82188893938346));
#2235=CARTESIAN_POINT('',(2.07143108454677,-27.019269209652,-1.03673622044239));
#2236=CARTESIAN_POINT('',(2.01299104029927,-27.1626867863468,-1.16987789495232));
#2237=CARTESIAN_POINT('',(1.90516708084855,-27.4287703138608,-1.42454230035647));
#2238=CARTESIAN_POINT('',(1.80712299956843,-27.6678736326721,-1.67384814429157));
#2239=CARTESIAN_POINT('',(1.68151443270703,-27.9714221711547,-2.));
#2240=CARTESIAN_POINT('',(9.69682692899255,-2.44367500072431,4.));
#2241=CARTESIAN_POINT('',(9.69682692899255,-2.44367500072431,4.));
#2242=CARTESIAN_POINT('',(9.69682692899254,-2.4436750007243,4.));
#2243=CARTESIAN_POINT('',(6.57325512276496,-14.8384227459408,3.99999999999999));
#2244=CARTESIAN_POINT('',(4.23356343426752,-22.3753123981372,3.99999999999999));
#2245=CARTESIAN_POINT('',(0.065206663927333,-31.729171782641,3.99999999999999));
#2246=CARTESIAN_POINT('',(0.0652066639273861,-31.7291717826409,4.));
#2247=CARTESIAN_POINT('',(0.0652066639273834,-31.7291717826409,4.));
#2248=CARTESIAN_POINT('',(0.0652066639273794,-31.7291717826409,-16.));
#2249=CARTESIAN_POINT('',(0.0652066639273935,-31.7291717826409,-16.));
#2250=CARTESIAN_POINT('',(-1.49280579790238,-35.2253767118728,-16.));
#2251=CARTESIAN_POINT('',(-3.30629199619834,-38.9754214782446,-16.));
#2252=CARTESIAN_POINT('',(-5.51167315579999,-43.3278505538953,-16.));
#2253=CARTESIAN_POINT('',(9.69682692899254,-2.4436750007243,-24.));
#2254=CARTESIAN_POINT('',(9.69682692899254,-2.4436750007243,4.));
#2255=CARTESIAN_POINT('',(5.40575337863631,-19.471224713779,-24.));
#2256=CARTESIAN_POINT('',(5.40575337863631,-19.471224713779,3.99999999999999));
#2257=CARTESIAN_POINT('',(2.5940558591775,-27.3307924079439,-24.));
#2258=CARTESIAN_POINT('',(2.5940558591775,-27.3307924079439,3.99999999999999));
#2259=CARTESIAN_POINT('',(-5.51167315579999,-43.3278505538953,-24.));
#2260=CARTESIAN_POINT('',(-5.51167315579999,-43.3278505538953,4.));
#2261=CARTESIAN_POINT('',(6.12323399573677E-16,10.,4.));
#2262=CARTESIAN_POINT('',(6.12323399573677E-16,10.,4.));
#2263=CARTESIAN_POINT('',(0.,0.,4.));
#2264=CARTESIAN_POINT('',(0.,0.,6.));
#2265=CARTESIAN_POINT('',(-19.8734975031768,-9.57895030461937,-2.));
#2266=CARTESIAN_POINT('',(-19.8018140045698,-9.43674484229507,-1.84093218816735));
#2267=CARTESIAN_POINT('',(-19.7391584955572,-9.31211039544402,-1.70096259032014));
#2268=CARTESIAN_POINT('',(-19.6559212611713,-9.14701008288042,-1.52243650611773));
#2269=CARTESIAN_POINT('',(-19.6300194509076,-9.09577524812058,-1.4680884485053));
#2270=CARTESIAN_POINT('',(-19.5821515936907,-9.00130850031253,-1.36950960097356));
#2271=CARTESIAN_POINT('',(-19.5706215011053,-8.97870924743605,-1.34615751781533));
#2272=CARTESIAN_POINT('',(-19.4201113377313,-8.68109722546227,-1.04477757221283));
#2273=CARTESIAN_POINT('',(-19.2994677716174,-8.44117702363277,-0.827433326401732));
#2274=CARTESIAN_POINT('',(-18.926920687682,-7.70956462241562,-0.283621556353596));
#2275=CARTESIAN_POINT('',(-18.6253525960151,-7.11377249863625,-1.1424780392566E-14));
#2276=CARTESIAN_POINT('',(-18.3036657965076,-6.48504915509371,0.));
#2277=CARTESIAN_POINT('',(-19.8734975031768,-9.57895030461938,-2.));
#2278=CARTESIAN_POINT('',(-19.8734975031768,-9.57895030461938,-2.));
#2279=CARTESIAN_POINT('',(-19.8734975031768,-9.57895030461938,-24.));
#2280=CARTESIAN_POINT('',(-19.8734975031716,-9.57895030460904,-24.));
#2281=CARTESIAN_POINT('',(-22.5963998492144,-14.9806340185351,-24.));
#2282=CARTESIAN_POINT('',(-25.9962440717648,-21.8655080042956,-24.));
#2283=CARTESIAN_POINT('',(-30.4712650903169,-30.6385892250978,-24.));
#2284=CARTESIAN_POINT('',(-30.4712650903169,-30.6385892250978,-24.));
#2285=CARTESIAN_POINT('',(-30.4712650903169,-30.6385892250978,-16.));
#2286=CARTESIAN_POINT('',(-30.4712650903169,-30.6385892250978,-16.));
#2287=CARTESIAN_POINT('',(-30.4712650903169,-30.6385892250978,-16.));
#2288=CARTESIAN_POINT('',(-26.5185064581518,-22.8893803649724,-16.));
#2289=CARTESIAN_POINT('',(-23.404609428293,-16.6133660088242,-16.));
#2290=CARTESIAN_POINT('',(-20.8551292126396,-11.5314275028043,-16.));
#2291=CARTESIAN_POINT('',(-20.8551292126535,-11.5314275028319,-16.));
#2292=CARTESIAN_POINT('',(-20.8551292126535,-11.5314275028319,4.));
#2293=CARTESIAN_POINT('',(-20.8551292126535,-11.5314275028319,4.));
#2294=CARTESIAN_POINT('',(-20.8551292126534,-11.5314275028319,3.99999999999999));
#2295=CARTESIAN_POINT('',(-10.7316521851276,8.64793588469986,3.99999999999999));
#2296=CARTESIAN_POINT('',(-9.50747939709861,9.99999999999999,3.99999999999999));
#2297=CARTESIAN_POINT('',(3.64291929955129E-14,10.,4.));
#2298=CARTESIAN_POINT('',(-30.4712650903169,-30.6385892250978,-24.));
#2299=CARTESIAN_POINT('',(-30.4712650903169,-30.6385892250978,4.));
#2300=CARTESIAN_POINT('',(-10.8228909509842,7.88118117742168,-24.));
#2301=CARTESIAN_POINT('',(-10.8228909509842,7.88118117742168,3.99999999999999));
#2302=CARTESIAN_POINT('',(-11.9018277576179,9.99999999999999,-24.));
#2303=CARTESIAN_POINT('',(-11.9018277576179,9.99999999999999,3.99999999999999));
#2304=CARTESIAN_POINT('',(3.64291929955129E-14,10.,-24.));
#2305=CARTESIAN_POINT('',(3.64291929955129E-14,10.,4.));
#2306=CARTESIAN_POINT('',(-18.,-37.,-24.));
#2307=CARTESIAN_POINT('',(-18.,-37.,-16.));
#2308=CARTESIAN_POINT('',(-18.,-37.,6.));
#2309=CARTESIAN_POINT('',(-25.1938807099664,-33.5002742492055,-16.));
#2310=CARTESIAN_POINT('',(-25.1938807099664,-33.5002742492055,-16.));
#2311=CARTESIAN_POINT('',(-25.1938807099664,-33.5002742492055,-24.));
#2312=CARTESIAN_POINT('',(-18.,-37.,-16.));
#2313=CARTESIAN_POINT('',(-10.8061192900336,-40.4997257507944,-16.));
#2314=CARTESIAN_POINT('',(-10.8061192900336,-40.4997257507944,-16.));
#2315=CARTESIAN_POINT('',(-10.8061192900336,-40.4997257507944,-24.));
#2316=CARTESIAN_POINT('',(-18.,-37.,-24.));
#2317=CARTESIAN_POINT('',(-18.,-37.,6.));
#2318=CARTESIAN_POINT('',(-6.98604383349687,-32.6473484234689,-16.));
#2319=CARTESIAN_POINT('',(-6.98604383349687,-32.6473484234689,-16.));
#2320=CARTESIAN_POINT('',(-5.22920600418899,-29.0362394306087,-11.9999999999999));
#2321=CARTESIAN_POINT('',(-5.22920600418929,-29.0362394306093,-12.0955622071322));
#2322=CARTESIAN_POINT('',(-5.22722373717086,-29.0321503325461,-12.3388313450444));
#2323=CARTESIAN_POINT('',(-5.28842057948856,-29.1578963272145,-13.0993093870263));
#2324=CARTESIAN_POINT('',(-5.32357885655975,-29.2301578717388,-13.3167650250647));
#2325=CARTESIAN_POINT('',(-5.40802371036671,-29.4037395580318,-13.7756601430822));
#2326=CARTESIAN_POINT('',(-5.41728507625894,-29.4227813373378,-13.8266555302403));
#2327=CARTESIAN_POINT('',(-5.52411466618764,-29.6424031548008,-14.2234296117077));
#2328=CARTESIAN_POINT('',(-5.5915961840789,-29.7811336242061,-14.4365790363847));
#2329=CARTESIAN_POINT('',(-5.66423033133672,-29.9304536678247,-14.6382220406815));
#2330=CARTESIAN_POINT('',(-5.70275143385947,-30.0096405602879,-14.7352329156714));
#2331=CARTESIAN_POINT('',(-5.78407274596051,-30.1768019654642,-14.9204840337575));
#2332=CARTESIAN_POINT('',(-5.82681400650167,-30.2646553023012,-15.0085872401727));
#2333=CARTESIAN_POINT('',(-5.9160293866696,-30.4480274265668,-15.1752329239269));
#2334=CARTESIAN_POINT('',(-5.99160118709986,-30.6033556339641,-15.3012386383889));
#2335=CARTESIAN_POINT('',(-6.16989026986731,-30.9698149141074,-15.556081589856));
#2336=CARTESIAN_POINT('',(-6.27177422810133,-31.1792360162254,-15.6589323347544));
#2337=CARTESIAN_POINT('',(-6.42293971619504,-31.4899647727799,-15.793565677031));
#2338=CARTESIAN_POINT('',(-6.49628319706628,-31.6407341153615,-15.8541913828816));
#2339=CARTESIAN_POINT('',(-6.76624754665518,-32.1957058697485,-15.9810060683007));
#2340=CARTESIAN_POINT('',(-6.9104854447116,-32.4922214542456,-16.0000007825516));
#2341=CARTESIAN_POINT('',(-6.98596973715668,-32.6473844701375,-16.0000007861376));
#2342=CARTESIAN_POINT('',(-5.22927268393883,-29.0362077271551,-12.));
#2343=CARTESIAN_POINT('',(-5.22927268393883,-29.0362077271551,4.));
#2344=CARTESIAN_POINT('',(-5.22927268393883,-29.0362077271551,4.));
#2345=CARTESIAN_POINT('',(-5.22927268393883,-29.0362077271551,4.));
#2346=CARTESIAN_POINT('',(-5.13316978565344,-28.8386628806796,4.));
#2347=CARTESIAN_POINT('',(-5.13316978565344,-28.8386628806796,4.));
#2348=CARTESIAN_POINT('',(-5.13316978565344,-28.8386628806796,-24.));
#2349=CARTESIAN_POINT('',(-10.8061192900336,-40.4997257507944,-24.));
#2350=CARTESIAN_POINT('',(-10.8061192900336,-40.4997257507944,6.));
#2351=CARTESIAN_POINT('',(-15.3033636205478,-17.9132007904787,4.));
#2352=CARTESIAN_POINT('',(-15.3033636205478,-17.9132007904787,4.));
#2353=CARTESIAN_POINT('',(-15.3033636205478,-17.9132007904787,-12.));
#2354=CARTESIAN_POINT('',(-15.3033636205478,-17.9132007904788,-12.));
#2355=CARTESIAN_POINT('',(-15.3034610832683,-17.9132398545609,-12.4819338753271));
#2356=CARTESIAN_POINT('',(-15.3649219970893,-17.9367219933359,-12.9329803494779));
#2357=CARTESIAN_POINT('',(-15.6338378946343,-18.0528813186167,-13.8695568988554));
#2358=CARTESIAN_POINT('',(-15.8052111950051,-18.1284017989504,-14.2592487226353));
#2359=CARTESIAN_POINT('',(-16.3338028180532,-18.4081826661863,-15.0769905328309));
#2360=CARTESIAN_POINT('',(-16.6146077076403,-18.572053697848,-15.3825043276183));
#2361=CARTESIAN_POINT('',(-17.2948503857982,-19.0544464997488,-15.8649008872056));
#2362=CARTESIAN_POINT('',(-17.6585300516478,-19.3560379745425,-16.));
#2363=CARTESIAN_POINT('',(-17.9896707593875,-19.6878547779488,-16.));
#2364=CARTESIAN_POINT('',(-17.9896707593875,-19.6878547779488,-16.));
#2365=CARTESIAN_POINT('',(-12.3270504956198,-25.3389371298852,-16.));
#2366=CARTESIAN_POINT('',(-19.5209312055862,-21.8392113790907,-16.));
#2367=CARTESIAN_POINT('',(-19.5209312055862,-21.8392113790907,-16.));
#2368=CARTESIAN_POINT('',(-19.5209312055862,-21.8392113790907,-24.));
#2369=CARTESIAN_POINT('',(-12.3270504956198,-25.3389371298852,-24.));
#2370=CARTESIAN_POINT('',(-13.6130536298033,-17.4429763942387,-24.));
#2371=CARTESIAN_POINT('',(-13.6130536298033,-17.4429763942387,-2.));
#2372=CARTESIAN_POINT('',(-13.6130536298033,-17.4429763942387,-2.));
#2373=CARTESIAN_POINT('',(-10.5163980619874,-17.5465345629883,-2.04387901936577E-28));
#2374=CARTESIAN_POINT('',(-11.1455923563812,-17.400334187611,1.30510836512943E-14));
#2375=CARTESIAN_POINT('',(-11.7474718171428,-17.3435163263545,-0.280283015913611));
#2376=CARTESIAN_POINT('',(-12.7724533744352,-17.3349205415953,-1.05060231326781));
#2377=CARTESIAN_POINT('',(-13.1949345069059,-17.3748779676495,-1.52637035325525));
#2378=CARTESIAN_POINT('',(-13.6130536298033,-17.4429763942387,-2.));
#2379=CARTESIAN_POINT('',(-4.76872719248453,-22.7175350536515,-5.41453096472526E-29));
#2380=CARTESIAN_POINT('',(-4.55706317544756,-23.3278287155472,-6.43406226734366E-15));
#2381=CARTESIAN_POINT('',(-4.43716165058055,-23.9203747297767,-0.280283015913801));
#2382=CARTESIAN_POINT('',(-4.32064591295476,-24.9387485134096,-1.05060231326828));
#2383=CARTESIAN_POINT('',(-4.31587843886927,-25.363088204854,-1.52637035393742));
#2384=CARTESIAN_POINT('',(-4.33955488531493,-25.7860544247422,-2.));
#2385=CARTESIAN_POINT('',(-4.33955488531492,-25.7860544247422,-2.00000000000001));
#2386=CARTESIAN_POINT('',(-4.33955488531493,-25.7860544247422,-2.));
#2387=CARTESIAN_POINT('',(-4.33955488531493,-25.7860544247422,-24.));
#2388=CARTESIAN_POINT('',(-12.3270504956198,-25.3389371298852,-24.));
#2389=CARTESIAN_POINT('',(-12.3270504956198,-25.3389371298852,4.));
#2390=CARTESIAN_POINT('',(-12.3270504956198,-25.3389371298852,6.));
#2391=CARTESIAN_POINT('',(-19.5209312055862,-21.8392113790907,-24.));
#2392=CARTESIAN_POINT('',(-25.1938807099664,-33.5002742492055,-16.));
#2393=CARTESIAN_POINT('',(-19.5209312055862,-21.8392113790907,6.));
#2394=CARTESIAN_POINT('',(0.,0.,6.));
#2395=CARTESIAN_POINT('',(-12.3973344245761,-14.189550902812,-24.));
#2396=CARTESIAN_POINT('',(-12.3973344245761,-14.189550902812,-24.));
#2397=CARTESIAN_POINT('',(-12.3973344245761,-14.189550902812,-2.));
#2398=CARTESIAN_POINT('',(-16.550350141518,-9.1997724151673,-24.));
#2399=CARTESIAN_POINT('',(-16.550350141518,-9.1997724151673,-24.));
#2400=CARTESIAN_POINT('',(-16.550350141518,-9.1997724151673,-2.));
#2401=CARTESIAN_POINT('',(-16.550350141518,-9.1997724151673,-2.));
#2402=CARTESIAN_POINT('',(-16.550350141518,-9.1997724151673,-2.));
#2403=CARTESIAN_POINT('',(-9.27116454150866,-17.9455914031207,-26.));
#2404=CARTESIAN_POINT('',(0.864314065039901,-25.492824382748,-2.));
#2405=CARTESIAN_POINT('',(0.864314065039901,-25.492824382748,-2.));
#2406=CARTESIAN_POINT('',(0.864314065039901,-25.492824382748,-24.));
#2407=CARTESIAN_POINT('',(-1.31185257909787,-24.18395137144,-24.));
#2408=CARTESIAN_POINT('',(-1.31185257909787,-24.18395137144,-24.));
#2409=CARTESIAN_POINT('',(-1.31185257909787,-24.18395137144,-24.));
#2410=CARTESIAN_POINT('',(-1.31185257909787,-24.18395137144,-2.));
#2411=CARTESIAN_POINT('',(-1.31185257909787,-24.18395137144,-2.));
#2412=CARTESIAN_POINT('',(-5.10179024732456,-21.9044627385984,-26.));
#2413=CARTESIAN_POINT('',(-12.3270504956198,-25.3389371298852,-26.));
#2414=CARTESIAN_POINT('',(-2.34268098273871,-25.8978337484564,-26.));
#2415=CARTESIAN_POINT('',(-3.33469960816185,-29.7135943183782,-26.));
#2416=CARTESIAN_POINT('',(-2.34268098273871,-25.8978337484564,-26.));
#2417=CARTESIAN_POINT('',(-0.166514338600935,-27.2067067597643,-26.));
#2418=CARTESIAN_POINT('',(-0.166514338600937,-27.2067067597643,-26.));
#2419=CARTESIAN_POINT('',(-0.685147538034217,-28.4600476236101,-26.));
#2420=CARTESIAN_POINT('',(-1.22253311073901,-29.7054634095516,-25.9999999999986));
#2421=CARTESIAN_POINT('',(-1.77485713270487,-30.9441860253171,-25.9999999999882));
#2422=CARTESIAN_POINT('',(-2.36341223684416,-32.2641657638892,-25.9999999999772));
#2423=CARTESIAN_POINT('',(-2.96893107526249,-33.5765452154171,-25.9999999999661));
#2424=CARTESIAN_POINT('',(-3.58684782642653,-34.8827955743585,-25.9999999999833));
#2425=CARTESIAN_POINT('',(-3.5869234869973,-34.882955517664,-25.9999999999833));
#2426=CARTESIAN_POINT('',(-3.586999147754,-34.8831154608776,-25.9999999999833));
#2427=CARTESIAN_POINT('',(-3.5870748086966,-34.8832754039993,-25.9999999999833));
#2428=CARTESIAN_POINT('',(-4.64993113404502,-37.1300959266316,-26.0000000000129));
#2429=CARTESIAN_POINT('',(-5.74945548292004,-39.3587858409474,-26.));
#2430=CARTESIAN_POINT('',(-6.86838548992377,-41.5783897262219,-26.));
#2431=CARTESIAN_POINT('',(-7.01052897869022,-41.860357532928,-26.));
#2432=CARTESIAN_POINT('',(-7.15298557497525,-42.1421787382183,-26.));
#2433=CARTESIAN_POINT('',(-7.29571984782856,-42.4238719033388,-26.));
#2434=CARTESIAN_POINT('',(-7.29571984782856,-42.4238719033388,-26.));
#2435=CARTESIAN_POINT('',(-18.,-37.,-26.));
#2436=CARTESIAN_POINT('',(-28.6896557917002,-31.547362192941,-26.));
#2437=CARTESIAN_POINT('',(-28.6896557917002,-31.547362192941,-26.));
#2438=CARTESIAN_POINT('',(-26.9034822410019,-28.0456477718521,-26.));
#2439=CARTESIAN_POINT('',(-25.1322936669259,-24.5363898349252,-26.));
#2440=CARTESIAN_POINT('',(-23.3699206133422,-21.02269427185,-26.));
#2441=CARTESIAN_POINT('',(-22.4887340865504,-19.2658464903124,-26.));
#2442=CARTESIAN_POINT('',(-21.6097514837058,-17.507889280329,-26.));
#2443=CARTESIAN_POINT('',(-20.7306368005985,-15.7499984115979,-26.));
#2444=CARTESIAN_POINT('',(-19.8515221174912,-13.9921075428669,-26.));
#2445=CARTESIAN_POINT('',(-18.9722754772676,-12.2342829538347,-26.));
#2446=CARTESIAN_POINT('',(-18.087570130286,-10.4792077226721,-26.));
#2447=CARTESIAN_POINT('',(-18.087570130286,-10.4792077226721,-26.));
#2448=CARTESIAN_POINT('',(-18.0875701302941,-10.4792077226789,-26.));
#2449=CARTESIAN_POINT('',(-13.9345544133492,-15.4689862103271,-26.));
#2450=CARTESIAN_POINT('',(-12.3270504956198,-25.3389371298852,-26.));
#2451=CARTESIAN_POINT('',(-21.3194013830778,-20.9642799413921,-26.));
#2452=CARTESIAN_POINT('',(-21.3194013830778,-20.9642799413921,-26.));
#2453=CARTESIAN_POINT('',(-26.9923508874579,-32.6253428115069,-26.));
#2454=CARTESIAN_POINT('',(-18.,-37.,-26.));
#2455=CARTESIAN_POINT('',(-9.00764911254203,-41.3746571884931,-26.));
#2456=CARTESIAN_POINT('',(-9.00764911254203,-41.3746571884931,-26.));
#2457=CARTESIAN_POINT('',(3.52307268582925,-23.2721971149735,-26.));
#2458=CARTESIAN_POINT('',(-17.584661890553,-17.3362020131422,-12.));
#2459=CARTESIAN_POINT('',(-17.584661890553,-17.3362020131422,-12.));
#2460=CARTESIAN_POINT('',(-17.584661890553,-17.3362020131422,4.));
#2461=CARTESIAN_POINT('',(-17.584661890553,-17.3362020131422,4.));
#2462=CARTESIAN_POINT('',(-20.6046939711118,-13.7076842962226,4.));
#2463=CARTESIAN_POINT('',(-20.6046939711118,-13.7076842962226,4.));
#2464=CARTESIAN_POINT('',(-20.6046939711118,-13.7076842962226,-12.3354515757645));
#2465=CARTESIAN_POINT('',(-20.6046939711118,-13.7076842962226,-12.3354515757645));
#2466=CARTESIAN_POINT('',(-20.2452936956575,-14.1394976783872,-12.1102848073331));
#2467=CARTESIAN_POINT('',(-19.8718107557675,-14.5882311448566,-12.0000000050929));
#2468=CARTESIAN_POINT('',(-19.4848086897588,-15.0532076138276,-12.));
#2469=CARTESIAN_POINT('',(-19.4848086897588,-15.0532076138276,-12.));
#2470=CARTESIAN_POINT('',(-17.584661890553,-17.3362020131422,-12.));
#2471=CARTESIAN_POINT('',(-21.4418001409487,-12.7019153218632,-14.));
#2472=CARTESIAN_POINT('',(-2.79244040249124,-32.628969659543,4.));
#2473=CARTESIAN_POINT('',(-2.79244040249124,-32.628969659543,4.));
#2474=CARTESIAN_POINT('',(-2.79244040249124,-32.628969659543,-12.));
#2475=CARTESIAN_POINT('',(-2.79244040249123,-32.628969659543,4.));
#2476=CARTESIAN_POINT('',(-4.46163091008798,-31.6250215418702,4.));
#2477=CARTESIAN_POINT('',(-4.46163091008798,-31.6250215418702,4.));
#2478=CARTESIAN_POINT('',(-4.46163091008798,-31.6250215418702,-12.));
#2479=CARTESIAN_POINT('',(-2.79244040249124,-32.628969659543,-12.));
#2480=CARTESIAN_POINT('',(-19.2844525058416,-22.709715726309,-14.));
#2481=CARTESIAN_POINT('',(-7.29571984782856,-42.4238719033388,-14.));
#2482=CARTESIAN_POINT('',(-6.327749813427,-40.5135350424778,-14.));
#2483=CARTESIAN_POINT('',(-5.37283085096183,-38.5968548533494,-14.0000000000174));
#2484=CARTESIAN_POINT('',(-4.44119286192798,-36.6688514306166,-14.0000000000117));
#2485=CARTESIAN_POINT('',(-4.10077963063779,-35.9643740662364,-14.0000000000096));
#2486=CARTESIAN_POINT('',(-3.76347480055321,-35.2583848763104,-14.));
#2487=CARTESIAN_POINT('',(-3.42995802113174,-34.5505546214718,-14.));
#2488=CARTESIAN_POINT('',(-7.29571984782856,-42.4238719033388,-14.));
#2489=CARTESIAN_POINT('',(-3.42996486946548,-34.5505513385119,-14.0000000000036));
#2490=CARTESIAN_POINT('',(-1.76161199885049,-30.9150872825266,-14.));
#2491=CARTESIAN_POINT('',(-3.82326880613198,-34.3428520365594,-14.));
#2492=CARTESIAN_POINT('',(-3.82326880613198,-34.3428520365594,-14.));
#2493=CARTESIAN_POINT('',(-5.18757365600528,-33.5222798611675,-14.));
#2494=CARTESIAN_POINT('',(-5.18757365600528,-33.5222798611675,-14.));
#2495=CARTESIAN_POINT('',(-9.00764911254203,-41.3746571884931,-14.));
#2496=CARTESIAN_POINT('',(-18.,-37.,-14.));
#2497=CARTESIAN_POINT('',(-26.992350887458,-32.6253428115069,-14.));
#2498=CARTESIAN_POINT('',(-26.992350887458,-32.6253428115069,-14.));
#2499=CARTESIAN_POINT('',(-21.3194013830778,-20.9642799413921,-14.));
#2500=CARTESIAN_POINT('',(-12.3270504956198,-25.3389371298852,-14.));
#2501=CARTESIAN_POINT('',(-19.4053258253295,-18.2750841899647,-14.));
#2502=CARTESIAN_POINT('',(-19.4053258253295,-18.2750841899647,-14.));
#2503=CARTESIAN_POINT('',(-21.0224698424943,-16.3324359784509,-14.));
#2504=CARTESIAN_POINT('',(-21.0225442968795,-16.3323851131581,-14.));
#2505=CARTESIAN_POINT('',(-21.9577465150396,-18.2020209456327,-14.));
#2506=CARTESIAN_POINT('',(-22.8926207765791,-20.0718226805956,-14.000000002259));
#2507=CARTESIAN_POINT('',(-23.830424928702,-21.9401459283861,-14.0000000033));
#2508=CARTESIAN_POINT('',(-24.1664859570409,-22.6096573935473,-14.000000003673));
#2509=CARTESIAN_POINT('',(-24.5029232306036,-23.2789790130217,-14.0000000033493));
#2510=CARTESIAN_POINT('',(-24.8397583155683,-23.9481013905958,-14.0000000023039));
#2511=CARTESIAN_POINT('',(-26.1165576172163,-26.4844612371168,-13.9999999983413));
#2512=CARTESIAN_POINT('',(-27.3993616562064,-29.0177974818642,-14.));
#2513=CARTESIAN_POINT('',(-28.6896557917002,-31.547362192941,-14.));
#2514=CARTESIAN_POINT('',(-28.6896557917002,-31.547362192941,-14.));
#2515=CARTESIAN_POINT('',(-18.,-37.,-14.));
#2516=CARTESIAN_POINT('',(3.52307268582925,-23.2721971149735,-14.));
#2517=CARTESIAN_POINT('',(-16.0474419017799,-16.0567667056271,4.));
#2518=CARTESIAN_POINT('',(-16.0474419017799,-16.0567667056271,-12.));
#2519=CARTESIAN_POINT('',(-16.0474419017799,-16.0567667056271,6.));
#2520=CARTESIAN_POINT('',(-3.43080250644723,-29.9111391648538,4.));
#2521=CARTESIAN_POINT('',(-5.22927268393879,-29.0362077271551,-12.));
#2522=CARTESIAN_POINT('',(-5.66151327444767,-29.9247022743122,-12.));
#2523=CARTESIAN_POINT('',(-5.30833671900587,-31.1157634918052,-12.));
#2524=CARTESIAN_POINT('',(-4.46163091008799,-31.6250215418702,-12.));
#2525=CARTESIAN_POINT('',(-3.43080250644723,-29.9111391648538,-14.));
#2526=CARTESIAN_POINT('',(-16.0474419017799,-16.0567667056271,4.));
#2527=CARTESIAN_POINT('',(-3.33469960816185,-29.7135943183782,4.));
#2528=CARTESIAN_POINT('',(-12.3270504956198,-25.3389371298852,4.));
#2529=CARTESIAN_POINT('',(-3.43080250644724,-29.9111391648538,4.));
#2530=CARTESIAN_POINT('',(-9.00764911254203,-41.3746571884931,4.));
#2531=CARTESIAN_POINT('',(-18.0875701302911,-10.4792077226824,-24.));
#2532=CARTESIAN_POINT('',(-18.0875701302911,-10.4792077226824,-2.));
#2533=CARTESIAN_POINT('',(-18.0875701302911,-10.4792077226824,-13.));
#2534=CARTESIAN_POINT('',(-18.0875701302911,-10.4792077226824,-24.));
#2535=CARTESIAN_POINT('',(-28.6896557917002,-31.547362192941,-24.));
#2536=CARTESIAN_POINT('',(-30.4712650903169,-30.6385892250978,-24.));
#2537=CARTESIAN_POINT('',(-30.4712650903169,-30.6385892250978,-26.));
#2538=CARTESIAN_POINT('',(-28.6896557917002,-31.547362192941,-26.));
#2539=CARTESIAN_POINT('',(-28.6875324265354,-27.1416600552284,-24.));
#2540=CARTESIAN_POINT('',(-28.6875324264706,-27.1416600551094,-25.9999999999518));
#2541=CARTESIAN_POINT('',(-26.9034760653632,-28.0456356647851,-26.));
#2542=CARTESIAN_POINT('',(-26.0342410391537,-21.8847021223868,-24.));
#2543=CARTESIAN_POINT('',(-26.0342410391252,-21.8847021224378,-26.0000000000149));
#2544=CARTESIAN_POINT('',(-24.2466803477683,-22.781723168226,-26.));
#2545=CARTESIAN_POINT('',(-22.5200560794036,-14.8563755103347,-24.));
#2546=CARTESIAN_POINT('',(-22.5200560794727,-14.8563755102894,-25.9999999999912));
#2547=CARTESIAN_POINT('',(-20.7307476998408,-15.7498896607883,-26.));
#2548=CARTESIAN_POINT('',(-20.7601956385093,-11.3379788220227,-24.));
#2549=CARTESIAN_POINT('',(-20.7601956383507,-11.3379788221103,-26.0000000000145));
#2550=CARTESIAN_POINT('',(-18.9722282088691,-12.2341891833767,-26.));
#2551=CARTESIAN_POINT('',(-19.8734975031716,-9.57895030460906,-24.));
#2552=CARTESIAN_POINT('',(-19.8734975031716,-9.57895030460906,-26.));
#2553=CARTESIAN_POINT('',(-18.087570130286,-10.4792077226721,-26.));
#2554=CARTESIAN_POINT('',(-0.166514338600935,-27.2067067597643,-24.));
#2555=CARTESIAN_POINT('',(-0.166514338600935,-27.2067067597643,-2.));
#2556=CARTESIAN_POINT('',(-0.166514338600935,-27.2067067597643,-13.));
#2557=CARTESIAN_POINT('',(-7.29571984782856,-42.4238719033388,-24.));
#2558=CARTESIAN_POINT('',(-18.,-37.,-24.));
#2559=CARTESIAN_POINT('',(-0.166514338600937,-27.2067067597643,-24.));
#2560=CARTESIAN_POINT('',(-7.31085862320708,-42.4162010672565,-26.));
#2561=CARTESIAN_POINT('',(-7.30328923551782,-42.4200364852977,-26.));
#2562=CARTESIAN_POINT('',(-7.29571984782856,-42.4238719033388,-26.));
#2563=CARTESIAN_POINT('',(-5.51167315579998,-43.3278505538953,-26.));
#2564=CARTESIAN_POINT('',(-5.51167315579998,-43.3278505538953,-24.));
#2565=CARTESIAN_POINT('',(-6.04451052495494,-39.9170003020154,-25.9999999999999));
#2566=CARTESIAN_POINT('',(-6.03691777250738,-39.9207896085477,-26.));
#2567=CARTESIAN_POINT('',(-6.02932502005981,-39.9245789150799,-26.));
#2568=CARTESIAN_POINT('',(-4.23977143348702,-40.8176894362271,-26.0000000000275));
#2569=CARTESIAN_POINT('',(-4.23977143366596,-40.8176894360837,-24.));
#2570=CARTESIAN_POINT('',(-3.5557629698517,-34.8988989308613,-26.));
#2571=CARTESIAN_POINT('',(-3.54810636068735,-34.9025614655049,-26.));
#2572=CARTESIAN_POINT('',(-3.540449751523,-34.9062240001486,-26.));
#2573=CARTESIAN_POINT('',(-1.7358456259879,-35.7694553583122,-25.9999999999966));
#2574=CARTESIAN_POINT('',(-1.73584562600142,-35.7694553583156,-24.));
#2575=CARTESIAN_POINT('',(-1.25274615501414,-29.7873335720773,-26.));
#2576=CARTESIAN_POINT('',(-1.24497124722753,-29.7907374838724,-26.));
#2577=CARTESIAN_POINT('',(-1.23719633944092,-29.7941413956675,-26.));
#2578=CARTESIAN_POINT('',(0.595289865118062,-30.5964173296426,-25.9999999999794));
#2579=CARTESIAN_POINT('',(0.595289865324039,-30.5964173297792,-24.));
#2580=CARTESIAN_POINT('',(-0.182196042777665,-27.2002176611924,-26.));
#2581=CARTESIAN_POINT('',(-0.174355190689299,-27.2034622104783,-26.));
#2582=CARTESIAN_POINT('',(-0.166514338600933,-27.2067067597643,-26.));
#2583=CARTESIAN_POINT('',(1.68151443270703,-27.9714221711547,-26.));
#2584=CARTESIAN_POINT('',(1.68151443270703,-27.9714221711547,-24.));
#2585=CARTESIAN_POINT('',(-19.0674739823386,-12.4282489887075,4.));
#2586=CARTESIAN_POINT('',(3.61237968201053E-14,8.,4.));
#2587=CARTESIAN_POINT('',(3.69983129925645E-14,10.,4.));
#2588=CARTESIAN_POINT('',(3.69983129925645E-14,10.,6.));
#2589=CARTESIAN_POINT('',(3.61237968201053E-14,8.,6.));
#2590=CARTESIAN_POINT('',(3.61200725425838E-14,7.99148265603597,6.));
#2591=CARTESIAN_POINT('',(3.61163482650624E-14,7.98296531207195,6.));
#2592=CARTESIAN_POINT('',(-0.645889258566895,10.,4.00000000000329));
#2593=CARTESIAN_POINT('',(-0.645889258566895,10.0000000015067,6.00000000000155));
#2594=CARTESIAN_POINT('',(-0.633007852677788,8.00000000142093,6.));
#2595=CARTESIAN_POINT('',(-0.632952994995439,7.99148265745654,6.));
#2596=CARTESIAN_POINT('',(-0.63289813731309,7.98296531349215,6.));
#2597=CARTESIAN_POINT('',(-1.62553707154283,9.99199608058326,3.99999999999925));
#2598=CARTESIAN_POINT('',(-1.62553707154283,9.99199608024351,5.99999999999964));
#2599=CARTESIAN_POINT('',(-1.58205345752514,7.99187814263521,6.));
#2600=CARTESIAN_POINT('',(-1.58186827507645,7.98336029641359,6.));
#2601=CARTESIAN_POINT('',(-1.58168309262775,7.97484245019198,6.));
#2602=CARTESIAN_POINT('',(-2.97762327871196,9.92695283159298,4.00000000000014));
#2603=CARTESIAN_POINT('',(-2.97762327871195,9.92695283165697,6.00000000000007));
#2604=CARTESIAN_POINT('',(-2.84494634917902,7.93080605419786,6.));
#2605=CARTESIAN_POINT('',(-2.84438132165656,7.92230511984471,6.));
#2606=CARTESIAN_POINT('',(-2.8438162941341,7.91380418549156,6.));
#2607=CARTESIAN_POINT('',(-4.02474245505704,9.83281530087435,4.));
#2608=CARTESIAN_POINT('',(-4.02474245505704,9.8328153008572,5.99999999999998));
#2609=CARTESIAN_POINT('',(-3.78964925002175,7.84537598722229,6.));
#2610=CARTESIAN_POINT('',(-3.7886480651763,7.83691213510136,6.));
#2611=CARTESIAN_POINT('',(-3.78764688033086,7.82844828298043,6.));
#2612=CARTESIAN_POINT('',(-5.12143312131781,9.66359207182237,4.));
#2613=CARTESIAN_POINT('',(-5.12143312131782,9.66359207182697,6.00000000000001));
#2614=CARTESIAN_POINT('',(-4.73255671481099,7.69888017038742,6.));
#2615=CARTESIAN_POINT('',(-4.73090061775414,7.69051310686003,6.));
#2616=CARTESIAN_POINT('',(-4.72924452069728,7.68214604333264,6.));
#2617=CARTESIAN_POINT('',(-6.25197375888184,9.37937746405692,4.));
#2618=CARTESIAN_POINT('',(-6.25197375888184,9.37937746405565,6.));
#2619=CARTESIAN_POINT('',(-5.64742732372493,7.46712369364771,6.));
#2620=CARTESIAN_POINT('',(-5.6448527587597,7.45898003209317,6.));
#2621=CARTESIAN_POINT('',(-5.64227819379447,7.45083637053864,6.));
#2622=CARTESIAN_POINT('',(-7.20813101799642,9.00395776522476,4.));
#2623=CARTESIAN_POINT('',(-7.20813101799641,9.00395776522491,6.));
#2624=CARTESIAN_POINT('',(-6.38095039316821,7.17818790799638,6.));
#2625=CARTESIAN_POINT('',(-6.37742770221719,7.1704125530598,6.));
#2626=CARTESIAN_POINT('',(-6.37390501126617,7.16263719812321,6.));
#2627=CARTESIAN_POINT('',(-7.94920452920235,8.6107213597206,4.));
#2628=CARTESIAN_POINT('',(-7.94920452920236,8.61072135972057,6.));
#2629=CARTESIAN_POINT('',(-6.94631147418948,6.87829363585856,6.));
#2630=CARTESIAN_POINT('',(-6.94204048163514,6.87091579445009,6.));
#2631=CARTESIAN_POINT('',(-6.9377694890808,6.86353795304161,6.));
#2632=CARTESIAN_POINT('',(-8.64258885876631,8.1751651051107,4.));
#2633=CARTESIAN_POINT('',(-8.6425888587663,8.17516510511071,6.));
#2634=CARTESIAN_POINT('',(-7.4810407393411,6.54261100210401,6.));
#2635=CARTESIAN_POINT('',(-7.47609408690914,6.53565848968641,6.));
#2636=CARTESIAN_POINT('',(-7.47114743447719,6.52870597726882,6.));
#2637=CARTESIAN_POINT('',(-9.42081409705512,7.56807076601657,4.));
#2638=CARTESIAN_POINT('',(-9.42081409705512,7.56807076601656,6.));
#2639=CARTESIAN_POINT('',(-8.10115382582204,6.06035078469853,6.));
#2640=CARTESIAN_POINT('',(-8.09553382559917,6.05392989985737,6.));
#2641=CARTESIAN_POINT('',(-8.08991382537629,6.04750901501621,6.));
#2642=CARTESIAN_POINT('',(-10.2366394154569,6.78056474372628,4.));
#2643=CARTESIAN_POINT('',(-10.2366394154569,6.78056474372628,6.));
#2644=CARTESIAN_POINT('',(-8.78692170951225,5.39993229436822,6.));
#2645=CARTESIAN_POINT('',(-8.78074783733611,5.39405263363868,6.));
#2646=CARTESIAN_POINT('',(-8.77457396515998,5.38817297290914,6.));
#2647=CARTESIAN_POINT('',(-10.9537714317487,5.97168431407267,4.));
#2648=CARTESIAN_POINT('',(-10.9537714317487,5.97168431407267,6.));
#2649=CARTESIAN_POINT('',(-9.41643048900528,4.69074408982028,6.));
#2650=CARTESIAN_POINT('',(-9.40988345820562,4.68528898557663,6.));
#2651=CARTESIAN_POINT('',(-9.40333642740596,4.67983388133297,6.));
#2652=CARTESIAN_POINT('',(-11.8102279100556,4.88741252111832,4.));
#2653=CARTESIAN_POINT('',(-11.8102279100556,4.88741252111832,6.));
#2654=CARTESIAN_POINT('',(-10.1926545141568,3.70877558776729,6.));
#2655=CARTESIAN_POINT('',(-10.1857657996568,3.70375615968226,6.));
#2656=CARTESIAN_POINT('',(-10.1788770851569,3.69873673159723,6.));
#2657=CARTESIAN_POINT('',(-12.7570306500544,3.51960015916661,4.));
#2658=CARTESIAN_POINT('',(-12.7570306500544,3.51960015916661,6.));
#2659=CARTESIAN_POINT('',(-11.0810512399016,2.42697390542007,6.));
#2660=CARTESIAN_POINT('',(-11.0739137933452,2.42232076860643,6.));
#2661=CARTESIAN_POINT('',(-11.0667763467887,2.41766763179279,6.));
#2662=CARTESIAN_POINT('',(-13.7863317318655,1.8664651086829,4.));
#2663=CARTESIAN_POINT('',(-13.7863317318655,1.86646510868291,6.));
#2664=CARTESIAN_POINT('',(-12.0697495919674,0.839519877842809,6.));
#2665=CARTESIAN_POINT('',(-12.0624392317034,0.835146454961168,6.));
#2666=CARTESIAN_POINT('',(-12.0551288714394,0.830773032079528,6.));
#2667=CARTESIAN_POINT('',(-14.7509085142395,0.203852092347172,4.));
#2668=CARTESIAN_POINT('',(-14.7509085142394,0.203852092347139,6.));
#2669=CARTESIAN_POINT('',(-13.0093736538213,-0.779798997129331,6.));
#2670=CARTESIAN_POINT('',(-13.0019570281055,-0.783988044464162,6.));
#2671=CARTESIAN_POINT('',(-12.9945404023898,-0.788177091798992,6.));
#2672=CARTESIAN_POINT('',(-15.6742752844497,-1.46558537832103,4.));
#2673=CARTESIAN_POINT('',(-15.6742752844499,-1.46558537832092,6.));
#2674=CARTESIAN_POINT('',(-13.9165769485364,-2.41991543224887,6.));
#2675=CARTESIAN_POINT('',(-13.9090914878804,-2.42397961091113,6.));
#2676=CARTESIAN_POINT('',(-13.9016060272244,-2.42804378957338,6.));
#2677=CARTESIAN_POINT('',(-16.5704068218443,-3.14031467323991,4.));
#2678=CARTESIAN_POINT('',(-16.5704068218434,-3.14031467324033,6.));
#2679=CARTESIAN_POINT('',(-14.8019288580668,-4.07444627313081,6.));
#2680=CARTESIAN_POINT('',(-14.7943974905117,-4.07842443320278,6.));
#2681=CARTESIAN_POINT('',(-14.7868661229565,-4.08240259327474,6.));
#2682=CARTESIAN_POINT('',(-17.7391297022754,-5.3757060793714,4.));
#2683=CARTESIAN_POINT('',(-17.7391297022799,-5.37570607936915,6.));
#2684=CARTESIAN_POINT('',(-15.9609181080259,-6.29118584899331,6.));
#2685=CARTESIAN_POINT('',(-15.9533452881314,-6.29508457703831,6.));
#2686=CARTESIAN_POINT('',(-15.9457724682368,-6.29898330508331,6.));
#2687=CARTESIAN_POINT('',(-19.167206592346,-8.17321510727239,4.));
#2688=CARTESIAN_POINT('',(-19.1672065923098,-8.17321510729057,6.));
#2689=CARTESIAN_POINT('',(-17.3825172745321,-9.07594053267562,6.));
#2690=CARTESIAN_POINT('',(-17.3749168681379,-9.07978494415216,6.));
#2691=CARTESIAN_POINT('',(-17.3673164617437,-9.08362935562869,6.));
#2692=CARTESIAN_POINT('',(-20.2936067668922,-10.4121316865365,4.));
#2693=CARTESIAN_POINT('',(-20.2936067669683,-10.4121316864983,6.));
#2694=CARTESIAN_POINT('',(-18.5066682517048,-11.3103818172348,6.));
#2695=CARTESIAN_POINT('',(-18.4990582667163,-11.3142071698994,6.));
#2696=CARTESIAN_POINT('',(-18.4914482817277,-11.318032522564,6.));
#2697=CARTESIAN_POINT('',(-20.8551292126535,-11.5314275028319,4.));
#2698=CARTESIAN_POINT('',(-20.8551292126535,-11.5314275028319,6.));
#2699=CARTESIAN_POINT('',(-19.0674739823386,-12.4282489887075,6.));
#2700=CARTESIAN_POINT('',(-19.0598609450958,-12.4320682572423,6.));
#2701=CARTESIAN_POINT('',(-19.0522479078529,-12.435887525777,6.));
#2702=CARTESIAN_POINT('',(-19.0674739823386,-12.4282489887075,4.));
#2703=CARTESIAN_POINT('',(-20.8551292126534,-11.5314275028319,-16.));
#2704=CARTESIAN_POINT('',(-20.9045106470155,-11.6298606701994,-15.7800297867224));
#2705=CARTESIAN_POINT('',(-20.9390593661536,-11.7186382460591,-15.5910295341478));
#2706=CARTESIAN_POINT('',(-20.9896857455364,-11.8701439874615,-15.2749689504046));
#2707=CARTESIAN_POINT('',(-21.0010513952886,-11.9085161987852,-15.1959096856816));
#2708=CARTESIAN_POINT('',(-21.061407442703,-12.1841086708506,-14.6498599303691));
#2709=CARTESIAN_POINT('',(-21.0747013612991,-12.3192491384969,-14.3962296960251));
#2710=CARTESIAN_POINT('',(-21.0606236807845,-12.6220658072085,-13.868308741455));
#2711=CARTESIAN_POINT('',(-21.0484417019965,-12.7191581130626,-13.7057896868867));
#2712=CARTESIAN_POINT('',(-21.0123602704212,-12.9039364400744,-13.4076607716599));
#2713=CARTESIAN_POINT('',(-20.9958940569164,-12.972858553244,-13.2989894025589));
#2714=CARTESIAN_POINT('',(-20.8727019256957,-13.3242212649527,-12.781632179875));
#2715=CARTESIAN_POINT('',(-20.7503311800147,-13.5327036408352,-12.5179370401306));
#2716=CARTESIAN_POINT('',(-20.6046939711118,-13.7076842962226,-12.3354515757645));
#2717=CARTESIAN_POINT('',(-19.0674739823386,-12.4282489887075,-4.));
#2718=CARTESIAN_POINT('',(7.75746154319404,-1.95494000057945,4.));
#2719=CARTESIAN_POINT('',(0.,0.,4.));
#2720=CARTESIAN_POINT('',(-21.4248660507975,-15.3457468880535,-14.1677257820497));
#2721=CARTESIAN_POINT('',(-21.2956453406328,-15.6622950624401,-14.0551988188568));
#2722=CARTESIAN_POINT('',(-21.1613705908188,-15.9912610497883,-14.0000552831456));
#2723=CARTESIAN_POINT('',(-21.022237940344,-16.3321301312124,-14.0000000415468));
#2724=CARTESIAN_POINT('',(-21.4249218546258,-15.345719011273,-14.1675831629831));
#2725=CARTESIAN_POINT('',(-20.8551292126535,-11.5314275028319,-16.));
#2726=CARTESIAN_POINT('',(-20.8942738723096,-11.6094554679011,-15.9563517660871));
#2727=CARTESIAN_POINT('',(-20.9709831158399,-11.768884761251,-15.8679036667818));
#2728=CARTESIAN_POINT('',(-21.1115956353098,-12.0879182905335,-15.6938058199222));
#2729=CARTESIAN_POINT('',(-21.2663906640918,-12.4928757188124,-15.4781390462703));
#2730=CARTESIAN_POINT('',(-21.4167345669154,-12.9868049676826,-15.2237214559814));
#2731=CARTESIAN_POINT('',(-21.5283709563914,-13.4910272935346,-14.9733863812132));
#2732=CARTESIAN_POINT('',(-21.5928673246352,-13.9836398232924,-14.7388045601005));
#2733=CARTESIAN_POINT('',(-21.6059830370022,-14.4710975337353,-14.5180350809998));
#2734=CARTESIAN_POINT('',(-21.5572264734112,-14.934511655149,-14.3218634314929));
#2735=CARTESIAN_POINT('',(-21.4786022779174,-15.2141109142069,-14.2145199259182));
#2736=CARTESIAN_POINT('',(-21.4248660789362,-15.3457469145148,-14.1677257878823));
#2737=CARTESIAN_POINT('',(-28.6896557917002,-31.547362192941,-16.));
#2738=CARTESIAN_POINT('',(-28.6896557917002,-31.547362192941,-14.));
#2739=CARTESIAN_POINT('',(-30.4712650903169,-30.6385892250978,-14.));
#2740=CARTESIAN_POINT('',(-30.4712650903169,-30.6385892250978,-16.));
#2741=CARTESIAN_POINT('',(-27.0589660903278,-28.3504669968474,-14.));
#2742=CARTESIAN_POINT('',(-28.8428094304261,-27.4460737688892,-13.9999999999472));
#2743=CARTESIAN_POINT('',(-28.8428094304852,-27.4460737689802,-16.));
#2744=CARTESIAN_POINT('',(-23.8214872410446,-21.9446721530844,-14.));
#2745=CARTESIAN_POINT('',(-25.6094492518895,-21.0484497688314,-14.0000000000264));
#2746=CARTESIAN_POINT('',(-25.6094492517546,-21.048449768834,-16.));
#2747=CARTESIAN_POINT('',(-20.6193484384263,-15.5209786127834,-14.));
#2748=CARTESIAN_POINT('',(-22.40906822396,-14.6282715781495,-14.));
#2749=CARTESIAN_POINT('',(-22.4090682241706,-14.6282715780533,-16.));
#2750=CARTESIAN_POINT('',(-19.009883597316,-12.3134646358462,-14.));
#2751=CARTESIAN_POINT('',(-20.797463751384,-11.4164935143589,-14.));
#2752=CARTESIAN_POINT('',(-20.797463751384,-11.4164935143589,-16.));
#2753=CARTESIAN_POINT('',(-1.76161199885049,-30.9150872825266,4.));
#2754=CARTESIAN_POINT('',(7.75746154319404,-1.95494000057944,6.));
#2755=CARTESIAN_POINT('',(9.69682692899255,-2.4436750007243,6.));
#2756=CARTESIAN_POINT('',(9.69682692899255,-2.4436750007243,4.));
#2757=CARTESIAN_POINT('',(7.1356083966074,-4.42253587058178,6.));
#2758=CARTESIAN_POINT('',(9.07279937097158,-4.91989922413191,6.00000000000469));
#2759=CARTESIAN_POINT('',(9.07279937078894,-4.91989922408814,4.));
#2760=CARTESIAN_POINT('',(6.17975304141067,-8.11774004156311,6.));
#2761=CARTESIAN_POINT('',(8.11223535802988,-8.63370419289957,5.99999999999895));
#2762=CARTESIAN_POINT('',(8.11223535806909,-8.63370419290887,4.));
#2763=CARTESIAN_POINT('',(4.79918633558418,-13.0151555246026,6.));
#2764=CARTESIAN_POINT('',(6.71927842084085,-13.5752888938094,6.0000000000002));
#2765=CARTESIAN_POINT('',(6.71927842083636,-13.5752888938085,3.99999999999995));
#2766=CARTESIAN_POINT('',(3.32027680610455,-17.8873168825106,6.));
#2767=CARTESIAN_POINT('',(5.22280131909289,-18.5057496551586,5.99999999999989));
#2768=CARTESIAN_POINT('',(5.22280131908059,-18.5057496551548,4.00000000000026));
#2769=CARTESIAN_POINT('',(1.23789226516774,-23.8917765267622,6.));
#2770=CARTESIAN_POINT('',(3.10692775052893,-24.6073485061969,6.00000000000004));
#2771=CARTESIAN_POINT('',(3.10692775066202,-24.6073485062357,3.9999999999979));
#2772=CARTESIAN_POINT('',(-0.725994363208348,-28.5911447146049,6.));
#2773=CARTESIAN_POINT('',(1.11322607696876,-29.377399427505,6.));
#2774=CARTESIAN_POINT('',(1.11322607668578,-29.3773994274228,4.00000000000442));
#2775=CARTESIAN_POINT('',(-1.76161199885049,-30.9150872825266,6.));
#2776=CARTESIAN_POINT('',(0.0652066639273786,-31.729171782641,6.));
#2777=CARTESIAN_POINT('',(0.0652066639273788,-31.729171782641,4.));
#2778=CARTESIAN_POINT('',(-7.29571984782856,-42.4238719033388,-16.));
#2779=CARTESIAN_POINT('',(-18.,-37.,-16.));
#2780=CARTESIAN_POINT('',(-1.76161199885049,-30.9150872825266,4.));
#2781=CARTESIAN_POINT('',(-1.76161199885049,-30.9150872825266,-12.));
#2782=CARTESIAN_POINT('',(-2.59579187996609,-32.7328177152206,-12.));
#2783=CARTESIAN_POINT('',(-2.59579187996608,-32.7328177152206,-12.));
#2784=CARTESIAN_POINT('',(-2.41053282596657,-32.8178354785046,-12.));
#2785=CARTESIAN_POINT('',(-2.1799983079946,-32.8778216337438,-12.0848480198776));
#2786=CARTESIAN_POINT('',(-1.93383940063306,-32.9093743810551,-12.2327223958656));
#2787=CARTESIAN_POINT('',(-1.84866740039708,-32.9151135686492,-12.2937363169211));
#2788=CARTESIAN_POINT('',(-1.67335296945586,-32.915060815314,-12.439209083818));
#2789=CARTESIAN_POINT('',(-1.54860936446262,-32.9045484559396,-12.5599419859249));
#2790=CARTESIAN_POINT('',(-1.37718348371631,-32.8811794085086,-12.739663741831));
#2791=CARTESIAN_POINT('',(-1.25675089704606,-32.8546938830393,-12.8878927373144));
#2792=CARTESIAN_POINT('',(-1.07130908078187,-32.7933102473321,-13.1528579678584));
#2793=CARTESIAN_POINT('',(-1.00871949064915,-32.7692423199415,-13.2482833342596));
#2794=CARTESIAN_POINT('',(-0.914448073406823,-32.7271297189353,-13.4020768181911));
#2795=CARTESIAN_POINT('',(-0.882961383978706,-32.7120910393071,-13.4551172185566));
#2796=CARTESIAN_POINT('',(-0.820011389979074,-32.6799209002568,-13.5647498307308));
#2797=CARTESIAN_POINT('',(-0.772076520074344,-32.653223175264,-13.651989248118));
#2798=CARTESIAN_POINT('',(-0.518796814632727,-32.5061255708169,-14.1232447512988));
#2799=CARTESIAN_POINT('',(-0.162016003793554,-32.2390630899198,-14.8966746979422));
#2800=CARTESIAN_POINT('',(0.0652066639273693,-31.729171782641,-16.));
#2801=CARTESIAN_POINT('',(-1.76161199885049,-30.9150872825266,-4.));
#2802=CARTESIAN_POINT('',(-3.42997176108189,-34.5505481479151,-14.));
#2803=CARTESIAN_POINT('',(-3.35596525240241,-34.5836117092269,-14.));
#2804=CARTESIAN_POINT('',(-3.20216823532785,-34.6308710640287,-14.009795289696));
#2805=CARTESIAN_POINT('',(-2.95454945699075,-34.6494570218059,-14.0518136897138));
#2806=CARTESIAN_POINT('',(-2.69319782513614,-34.6167970953645,-14.120015649503));
#2807=CARTESIAN_POINT('',(-2.43263230719252,-34.5394898514985,-14.2084231077609));
#2808=CARTESIAN_POINT('',(-2.16936294945181,-34.4210047722797,-14.3161614325931));
#2809=CARTESIAN_POINT('',(-1.91577106066983,-34.2708446586674,-14.4363698979341));
#2810=CARTESIAN_POINT('',(-1.66926588356295,-34.0926855882916,-14.5679011884723));
#2811=CARTESIAN_POINT('',(-1.34867942929606,-33.8193889976964,-14.757932977347));
#2812=CARTESIAN_POINT('',(-1.05390907586515,-33.5102715468314,-14.9590435556883));
#2813=CARTESIAN_POINT('',(-0.780705410678814,-33.1713784283909,-15.169355258243));
#2814=CARTESIAN_POINT('',(-0.585655976085822,-32.901825627626,-15.3321085902525));
#2815=CARTESIAN_POINT('',(-0.403001970099029,-32.6213587467671,-15.4973274861701));
#2816=CARTESIAN_POINT('',(-0.233636861559871,-32.3326958032077,-15.6635920347742));
#2817=CARTESIAN_POINT('',(-0.077069512947429,-32.0361690145342,-15.8308528112637));
#2818=CARTESIAN_POINT('',(0.019630322947879,-31.8314458220936,-15.9440190250127));
#2819=CARTESIAN_POINT('',(0.0652066639273764,-31.729171782641,-16.));
#2820=CARTESIAN_POINT('',(-5.51167315579998,-43.3278505538953,-16.));
#2821=CARTESIAN_POINT('',(-5.51167315579998,-43.3278505538953,-14.));
#2822=CARTESIAN_POINT('',(-7.29571984782856,-42.4238719033388,-14.));
#2823=CARTESIAN_POINT('',(-4.53944073886481,-41.4091016694516,-16.0000000000149));
#2824=CARTESIAN_POINT('',(-4.53944073874506,-41.4091016694923,-14.0000000000105));
#2825=CARTESIAN_POINT('',(-6.32769686087681,-40.5134305379943,-14.));
#2826=CARTESIAN_POINT('',(-2.61881184498522,-37.554183988363,-15.9999999999926));
#2827=CARTESIAN_POINT('',(-2.61881184492784,-37.5541839884123,-14.0000000000026));
#2828=CARTESIAN_POINT('',(-4.41785553450107,-36.6800138703839,-14.));
#2829=CARTESIAN_POINT('',(-0.784672087191255,-33.6387191534001,-16.));
#2830=CARTESIAN_POINT('',(-0.784672087425753,-33.6387191532607,-13.9999999999842));
#2831=CARTESIAN_POINT('',(-2.60138810636361,-32.8019355615822,-14.));
#2832=CARTESIAN_POINT('',(0.0967643945065982,-31.6583119330323,-16.));
#2833=CARTESIAN_POINT('',(0.0967643945065981,-31.6583119330323,-14.));
#2834=CARTESIAN_POINT('',(-1.73042853867131,-30.8450678214983,-14.));
#2835=CARTESIAN_POINT('',(-13.9345544133492,-15.4689862103271,-24.));
#2836=CARTESIAN_POINT('',(-13.9345544133492,-15.4689862103271,-2.));
#2837=CARTESIAN_POINT('',(-13.9345544133492,-15.4689862103271,6.));
#2838=CARTESIAN_POINT('',(-2.34268098273871,-25.8978337484564,-24.));
#2839=CARTESIAN_POINT('',(-2.34268098273871,-25.8978337484564,-2.));
#2840=CARTESIAN_POINT('',(-2.34268098273871,-25.8978337484564,6.));
#2841=CARTESIAN_POINT('',(-22.1419139598849,-14.9871196037377,-12.3354515757645));
#2842=CARTESIAN_POINT('',(-21.4248660789362,-15.3457469145148,-14.1677257878823));
#2843=CARTESIAN_POINT('',(-20.2000108606831,-14.1939042424878,-13.9138349697211));
#2844=CARTESIAN_POINT('',(-20.6046939711118,-13.7076842962226,-12.3354515757645));
#2845=CARTESIAN_POINT('',(-21.4786022779174,-15.2141109142069,-14.2145199259182));
#2846=CARTESIAN_POINT('',(-20.273055137215,-14.1628236145429,-13.908889816272));
#2847=CARTESIAN_POINT('',(-20.6793845021232,-13.6179448802721,-12.4290398581687));
#2848=CARTESIAN_POINT('',(-21.5572264734112,-14.934511655149,-14.3218634314929));
#2849=CARTESIAN_POINT('',(-20.4382621024649,-14.0641575335237,-13.9230901676396));
#2850=CARTESIAN_POINT('',(-20.8060684351973,-13.4344352494065,-12.643726860047));
#2851=CARTESIAN_POINT('',(-21.6059830370022,-14.4710975337353,-14.5180350809998));
#2852=CARTESIAN_POINT('',(-20.6922742525652,-13.8032259292021,-14.0425890327522));
#2853=CARTESIAN_POINT('',(-20.9426372343816,-13.1465732018016,-13.0360701627872));
#2854=CARTESIAN_POINT('',(-21.5928673246352,-13.9836398232924,-14.7388045601005));
#2855=CARTESIAN_POINT('',(-20.8988524307018,-13.4649267652221,-14.252480375401));
#2856=CARTESIAN_POINT('',(-21.0283325800528,-12.856621986607,-13.47760911999));
#2857=CARTESIAN_POINT('',(-21.5283709563914,-13.4910272935346,-14.9733863812132));
#2858=CARTESIAN_POINT('',(-21.0360803862818,-13.087625064491,-14.528264598258));
#2859=CARTESIAN_POINT('',(-21.0688227076563,-12.5738068597194,-13.946772762483));
#2860=CARTESIAN_POINT('',(-21.4167345669154,-12.9868049676826,-15.2237214559814));
#2861=CARTESIAN_POINT('',(-21.100839376947,-12.6839382579222,-14.8600513914939));
#2862=CARTESIAN_POINT('',(-21.0692223542839,-12.2933905986225,-14.4474429119478));
#2863=CARTESIAN_POINT('',(-21.2663906640918,-12.4928757188124,-15.4781390462703));
#2864=CARTESIAN_POINT('',(-21.0909078757115,-12.2840147515454,-15.2218923101042));
#2865=CARTESIAN_POINT('',(-21.0327486157551,-12.0268262354009,-14.9562780925447));
#2866=CARTESIAN_POINT('',(-21.1115956353098,-12.0879182905335,-15.6938058199222));
#2867=CARTESIAN_POINT('',(-21.0247403675993,-11.9598057623553,-15.5412384327575));
#2868=CARTESIAN_POINT('',(-20.9744941104614,-11.8145213073895,-15.3876116398437));
#2869=CARTESIAN_POINT('',(-20.9709831158399,-11.768884761251,-15.8679036667818));
#2870=CARTESIAN_POINT('',(-20.9388573790705,-11.7113562566919,-15.8017146278681));
#2871=CARTESIAN_POINT('',(-20.9118291270919,-11.6509551778025,-15.7358073335638));
#2872=CARTESIAN_POINT('',(-20.8942738723096,-11.6094554679011,-15.9563517660871));
#2873=CARTESIAN_POINT('',(-20.8845001987023,-11.5899733758474,-15.9345276481096));
#2874=CARTESIAN_POINT('',(-20.8747265241792,-11.5704912819685,-15.9127035321741));
#2875=CARTESIAN_POINT('',(-20.8551292126535,-11.5314275028319,-16.));
#2876=CARTESIAN_POINT('',(-20.8551292126535,-11.5314275028319,-16.));
#2877=CARTESIAN_POINT('',(-20.8551292126535,-11.5314275028319,-16.));
#2878=CARTESIAN_POINT('',(-21.0220286785319,-16.3326429213427,-12.));
#2879=CARTESIAN_POINT('',(-20.6046939711118,-13.7076842962226,-12.3354515757645));
#2880=CARTESIAN_POINT('',(-20.2000108686917,-14.1939042328656,-13.9138349384853));
#2881=CARTESIAN_POINT('',(-21.4248660507975,-15.3457468880535,-14.1677257820497));
#2882=CARTESIAN_POINT('',(-20.2452936956575,-14.1394976783872,-12.1102848073331));
#2883=CARTESIAN_POINT('',(-19.9468662849752,-14.4980531897058,-13.8545139829251));
#2884=CARTESIAN_POINT('',(-21.2955805470184,-15.6624537854523,-14.0551423957907));
#2885=CARTESIAN_POINT('',(-19.8718107557675,-14.5882311448566,-12.0000000050929));
#2886=CARTESIAN_POINT('',(-19.703395033564,-14.790579800608,-13.8918258414669));
#2887=CARTESIAN_POINT('',(-21.1612359339445,-15.9915909519694,-13.9999999976294));
#2888=CARTESIAN_POINT('',(-19.4848086897588,-15.0532076138276,-12.));
#2889=CARTESIAN_POINT('',(-19.4848086897588,-15.0532076138276,-13.9999999573558));
#2890=CARTESIAN_POINT('',(-21.0220286457552,-16.3326428940625,-14.));
#2891=CARTESIAN_POINT('',(-19.4053258253295,-18.2750841899647,-14.));
#2892=CARTESIAN_POINT('',(-19.3238819452378,-18.1771323924744,-14.));
#2893=CARTESIAN_POINT('',(-19.2332153534517,-18.0841405100594,-13.9881999608408));
#2894=CARTESIAN_POINT('',(-19.0374691337137,-17.911432749918,-13.9370255045658));
#2895=CARTESIAN_POINT('',(-18.8992013537411,-17.8102632538118,-13.8810951014644));
#2896=CARTESIAN_POINT('',(-18.7463065182386,-17.7114269135778,-13.8049203302329));
#2897=CARTESIAN_POINT('',(-18.6551817626662,-17.6606175530806,-13.7540426339683));
#2898=CARTESIAN_POINT('',(-18.4516964296597,-17.5629738108838,-13.6137895213882));
#2899=CARTESIAN_POINT('',(-18.3154274083746,-17.5080691251508,-13.5006465637583));
#2900=CARTESIAN_POINT('',(-17.8548958419661,-17.3531659123986,-13.0445053925024));
#2901=CARTESIAN_POINT('',(-17.584661890553,-17.3362020131422,-12.4767086680979));
#2902=CARTESIAN_POINT('',(-17.584661890553,-17.3362020131422,-12.));
#2903=CARTESIAN_POINT('',(-7.56509100804116,-32.5009270489156,-12.));
#2904=CARTESIAN_POINT('',(-3.42997176108168,-34.5505481479146,-12.));
#2905=CARTESIAN_POINT('',(-2.59579187996608,-32.7328177152206,-12.));
#2906=CARTESIAN_POINT('',(-2.59579187996609,-32.7328177152206,-14.0000000000005));
#2907=CARTESIAN_POINT('',(-3.42997176108189,-34.5505481479151,-14.));
#2908=CARTESIAN_POINT('',(-2.52213364156195,-32.7666204284557,-12.0000000027997));
#2909=CARTESIAN_POINT('',(-2.59578441335744,-32.7328211434956,-13.9991831184663));
#2910=CARTESIAN_POINT('',(-3.35596525240241,-34.5836117092269,-14.));
#2911=CARTESIAN_POINT('',(-2.37319553316271,-32.824190822989,-12.0195905780926));
#2912=CARTESIAN_POINT('',(-2.59928153368102,-32.7423499204373,-13.9874768850169));
#2913=CARTESIAN_POINT('',(-3.20216823532785,-34.6308710640287,-14.009795289696));
#2914=CARTESIAN_POINT('',(-2.1444349067461,-32.8828241968764,-12.1036273797758));
#2915=CARTESIAN_POINT('',(-2.57723077313468,-32.7911215276276,-13.9503035811307));
#2916=CARTESIAN_POINT('',(-2.95454945699075,-34.6494570218059,-14.0518136897138));
#2917=CARTESIAN_POINT('',(-1.9129526923628,-32.9136851409212,-12.2400312989127));
#2918=CARTESIAN_POINT('',(-2.49966945956138,-32.8641402600393,-13.9147133481811));
#2919=CARTESIAN_POINT('',(-2.69319782513614,-34.6167970953645,-14.120015649503));
#2920=CARTESIAN_POINT('',(-1.69062538594171,-32.9178553348083,-12.4168462155469));
#2921=CARTESIAN_POINT('',(-2.36387342951237,-32.9387143283717,-13.9024439042911));
#2922=CARTESIAN_POINT('',(-2.43263230719252,-34.5394898514985,-14.2084231077609));
#2923=CARTESIAN_POINT('',(-1.47354883844915,-32.8980415175085,-12.6323228651796));
#2924=CARTESIAN_POINT('',(-2.17466277550397,-32.9984726621165,-13.9261485558246));
#2925=CARTESIAN_POINT('',(-2.16936294945181,-34.4210047722797,-14.3161614325931));
#2926=CARTESIAN_POINT('',(-1.27112669299779,-32.857503095706,-12.87273979587));
#2927=CARTESIAN_POINT('',(-1.95320610930871,-33.0295749910974,-13.9894298586746));
#2928=CARTESIAN_POINT('',(-1.91577106066983,-34.2708446586674,-14.4363698979341));
#2929=CARTESIAN_POINT('',(-1.08026248738514,-32.7989282053847,-13.1358023769441));
#2930=CARTESIAN_POINT('',(-1.71193888037853,-33.028091294763,-14.090523681868));
#2931=CARTESIAN_POINT('',(-1.66926588356295,-34.0926855882916,-14.5679011884723));
#2932=CARTESIAN_POINT('',(-0.839586837614446,-32.6979972263278,-13.5158659546943));
#2933=CARTESIAN_POINT('',(-1.37887067380587,-32.9798470899336,-14.27191681142));
#2934=CARTESIAN_POINT('',(-1.34867942929606,-33.8193889976964,-14.757932977347));
#2935=CARTESIAN_POINT('',(-0.62868112179871,-32.5708153925552,-13.9180871113766));
#2936=CARTESIAN_POINT('',(-1.05132009261874,-32.8657213628526,-14.5105391256592));
#2937=CARTESIAN_POINT('',(-1.05390907586515,-33.5102715468314,-14.9590435556883));
#2938=CARTESIAN_POINT('',(-0.442473460597299,-32.4218914133877,-14.338710516486));
#2939=CARTESIAN_POINT('',(-0.750555929892679,-32.6943632114755,-14.7897234657913));
#2940=CARTESIAN_POINT('',(-0.780705410678814,-33.1713784283909,-15.169355258243));
#2941=CARTESIAN_POINT('',(-0.31439283399422,-32.2992431255294,-14.6642171805051));
#2942=CARTESIAN_POINT('',(-0.541850727252157,-32.5403067022796,-15.0152050889284));
#2943=CARTESIAN_POINT('',(-0.585655976085822,-32.901825627626,-15.3321085902525));
#2944=CARTESIAN_POINT('',(-0.199367377103891,-32.1678393017997,-14.9946549723402));
#2945=CARTESIAN_POINT('',(-0.353737729937094,-32.3640130870366,-15.2522965741911));
#2946=CARTESIAN_POINT('',(-0.403001970099029,-32.6213587467671,-15.4973274861701));
#2947=CARTESIAN_POINT('',(-0.0977114666504364,-32.029155146381,-15.3271840695484));
#2948=CARTESIAN_POINT('',(-0.188735429850148,-32.1692636677721,-15.4965928121923));
#2949=CARTESIAN_POINT('',(-0.233636861559871,-32.3326958032077,-15.6635920347742));
#2950=CARTESIAN_POINT('',(-0.00892034565075059,-31.8835157125231,-15.6617056225274));
#2951=CARTESIAN_POINT('',(-0.04745502113973,-31.9581798314013,-15.7459833892183));
#2952=CARTESIAN_POINT('',(-0.077069512947429,-32.0361690145342,-15.8308528112637));
#2953=CARTESIAN_POINT('',(0.042148828754933,-31.7809139342362,-15.8880380500255));
#2954=CARTESIAN_POINT('',(0.0308895753271716,-31.8061798793413,-15.9160285362374));
#2955=CARTESIAN_POINT('',(0.019630322947879,-31.8314458220936,-15.9440190250127));
#2956=CARTESIAN_POINT('',(0.0652066639273764,-31.729171782641,-16.));
#2957=CARTESIAN_POINT('',(0.0652066639273764,-31.729171782641,-16.));
#2958=CARTESIAN_POINT('',(0.0652066639273764,-31.729171782641,-16.));
#2959=CARTESIAN_POINT('',(-19.4053258253295,-18.2750841899647,-16.));
#2960=CARTESIAN_POINT('',(-17.584661890553,-17.3362020131422,-12.));
#2961=CARTESIAN_POINT('',(-16.6538917632248,-18.4545066560403,-12.));
#2962=CARTESIAN_POINT('',(-15.3033636205478,-17.9132007904787,-12.));
#2963=CARTESIAN_POINT('',(-17.5846618911809,-17.3362020123878,-12.1328367699639));
#2964=CARTESIAN_POINT('',(-16.6538917650865,-18.454506657283,-12.1641042553703));
#2965=CARTESIAN_POINT('',(-15.3033636229107,-17.9132007914258,-12.2656735399275));
#2966=CARTESIAN_POINT('',(-17.6080010780221,-17.3388558723426,-12.3284681374536));
#2967=CARTESIAN_POINT('',(-16.6785154588138,-18.4708033182879,-12.4067155835847));
#2968=CARTESIAN_POINT('',(-15.3341091895321,-17.9253733061725,-12.6569362749073));
#2969=CARTESIAN_POINT('',(-17.6823391007029,-17.3490969464961,-12.5826499753854));
#2970=CARTESIAN_POINT('',(-16.7543513463049,-18.5229935533551,-12.7110794487325));
#2971=CARTESIAN_POINT('',(-15.4327408058137,-17.9661602118568,-13.1652999507708));
#2972=CARTESIAN_POINT('',(-17.7852953502945,-17.365379190536,-12.8317244487669));
#2973=CARTESIAN_POINT('',(-16.8575374318252,-18.5962863167135,-13.0015945251351));
#2974=CARTESIAN_POINT('',(-15.5701685588935,-18.0250149914577,-13.6634488975338));
#2975=CARTESIAN_POINT('',(-17.9223879249454,-17.3918635755083,-13.0599594248438));
#2976=CARTESIAN_POINT('',(-16.989465583027,-18.6953447654741,-13.2497198393704));
#2977=CARTESIAN_POINT('',(-15.755051568797,-18.1087992565737,-14.1199188496875));
#2978=CARTESIAN_POINT('',(-18.090380264028,-17.4351357117119,-13.2714647203894));
#2979=CARTESIAN_POINT('',(-17.1377656828147,-18.8167513313319,-13.4563384462458));
#2980=CARTESIAN_POINT('',(-15.9858614397162,-18.2236644480482,-14.5429294407788));
#2981=CARTESIAN_POINT('',(-18.2264103622167,-17.4768095575863,-13.4160666568235));
#2982=CARTESIAN_POINT('',(-17.2510774078206,-18.9152921570973,-13.5863755717273));
#2983=CARTESIAN_POINT('',(-16.175367178323,-18.3241552436287,-14.832133313647));
#2984=CARTESIAN_POINT('',(-18.3703273701391,-17.5289635581428,-13.5468173244272));
#2985=CARTESIAN_POINT('',(-17.3625552710927,-19.0185130944461,-13.6926680326551));
#2986=CARTESIAN_POINT('',(-16.3790322878625,-18.4395636237167,-15.0936346488543));
#2987=CARTESIAN_POINT('',(-18.5216291044965,-17.5936997693757,-13.6641988158641));
#2988=CARTESIAN_POINT('',(-17.4703488683996,-19.1248716714436,-13.7777235989013));
#2989=CARTESIAN_POINT('',(-16.597044538939,-18.5720618910372,-15.3283976317289));
#2990=CARTESIAN_POINT('',(-18.6770304487275,-17.6721767447178,-13.7660701109395));
#2991=CARTESIAN_POINT('',(-17.5713596342656,-19.2307330006659,-13.8430791920755));
#2992=CARTESIAN_POINT('',(-16.8256789849034,-18.7216639721737,-15.5321402218765));
#2993=CARTESIAN_POINT('',(-18.8309021838659,-17.7635042242169,-13.8497668244575));
#2994=CARTESIAN_POINT('',(-17.6629609380081,-19.3314815039059,-13.891451088915));
#2995=CARTESIAN_POINT('',(-17.0574216427563,-18.8851519163585,-15.6995336489245));
#2996=CARTESIAN_POINT('',(-18.9831633463978,-17.8691761943027,-13.9162280546865));
#2997=CARTESIAN_POINT('',(-17.7476175284691,-19.4271250646657,-13.9281066341045));
#2998=CARTESIAN_POINT('',(-17.2927571442176,-19.0641781829508,-15.8324561093375));
#2999=CARTESIAN_POINT('',(-19.1835663961137,-18.0322069496016,-13.9810639167182));
#3000=CARTESIAN_POINT('',(-17.8558975296217,-19.5491504276373,-13.9667178164701));
#3001=CARTESIAN_POINT('',(-17.6119207953931,-19.3268070623686,-15.9621278336252));
#3002=CARTESIAN_POINT('',(-19.3203094624338,-18.1728358006155,-14.));
#3003=CARTESIAN_POINT('',(-17.9330577732471,-19.6311262052243,-13.987913752135));
#3004=CARTESIAN_POINT('',(-17.8412582810389,-19.5391392832958,-15.9999999991626));
#3005=CARTESIAN_POINT('',(-19.4053258253295,-18.2750841899647,-14.));
#3006=CARTESIAN_POINT('',(-17.9896707593875,-19.6878547779488,-14.));
#3007=CARTESIAN_POINT('',(-17.9896707593875,-19.6878547779488,-16.));
#3008=CARTESIAN_POINT('',(-3.82326880613198,-34.3428520365594,-12.));
#3009=CARTESIAN_POINT('',(-1.76161199885049,-30.9150872825266,-12.));
#3010=CARTESIAN_POINT('',(-21.3194013830778,-20.9642799413921,-16.));
#3011=CARTESIAN_POINT('',(-12.3270504956198,-25.3389371298852,-16.));
#3012=CARTESIAN_POINT('',(-4.46163091008801,-31.6250215418702,-12.));
#3013=CARTESIAN_POINT('',(-4.46163091008801,-31.6250215418702,-12.2457066978042));
#3014=CARTESIAN_POINT('',(-4.47783567897433,-31.6688123775216,-12.4999474498026));
#3015=CARTESIAN_POINT('',(-4.53070456268083,-31.807258656015,-12.8645414247317));
#3016=CARTESIAN_POINT('',(-4.55302956603329,-31.8654372445553,-12.9831837939782));
#3017=CARTESIAN_POINT('',(-4.60692486380557,-32.0055900660317,-13.2089001905901));
#3018=CARTESIAN_POINT('',(-4.65166880221767,-32.1218789016479,-13.3521528896408));
#3019=CARTESIAN_POINT('',(-4.76459787919927,-32.4160625830573,-13.6624562533022));
#3020=CARTESIAN_POINT('',(-4.93489862248393,-32.8619112410205,-14.));
#3021=CARTESIAN_POINT('',(-5.18757365600528,-33.5222798611675,-14.));
#3022=CARTESIAN_POINT('',(-3.31817923794914,-34.6466422384121,-12.));
#3023=CARTESIAN_POINT('',(-26.992350887458,-32.6253428115069,-16.));
#3024=CARTESIAN_POINT('',(-17.4730406265978,-13.0578717197388,-16.));
#3025=CARTESIAN_POINT('',(-6.985968595486,-32.6473821233569,-16.0000007861396));
#3026=CARTESIAN_POINT('',(-6.98193271265601,-32.649345864485,-15.5295609016559));
#3027=CARTESIAN_POINT('',(-6.81296126412833,-32.7315485842277,-14.9830528064538));
#3028=CARTESIAN_POINT('',(-6.11416675732904,-33.0715032337304,-14.1980648380289));
#3029=CARTESIAN_POINT('',(-5.61406082125082,-33.3147981560313,-14.0000000273085));
#3030=CARTESIAN_POINT('',(-5.18757318420326,-33.5222786281086,-13.9999999999996));
#3031=CARTESIAN_POINT('',(-5.22207160773946,-29.0214055149675,-11.9999999999999));
#3032=CARTESIAN_POINT('',(-5.42014797899637,-29.428562500329,-12.));
#3033=CARTESIAN_POINT('',(-5.4967276979672,-29.9703273172173,-12.));
#3034=CARTESIAN_POINT('',(-5.20517606194907,-30.9709262283117,-12.));
#3035=CARTESIAN_POINT('',(-4.84963800112762,-31.3916515419091,-12.));
#3036=CARTESIAN_POINT('',(-4.46163091008797,-31.6250215418702,-12.));
#3037=CARTESIAN_POINT('',(-5.22207160774267,-29.0214055149742,-13.0515240379241));
#3038=CARTESIAN_POINT('',(-5.42014797899975,-29.428562500338,-12.9325181495751));
#3039=CARTESIAN_POINT('',(-5.49672769797026,-29.9703273172277,-12.7956676213114));
#3040=CARTESIAN_POINT('',(-5.20517606195,-30.9709262283202,-12.5927001839737));
#3041=CARTESIAN_POINT('',(-4.84963800112684,-31.3916515419143,-12.5341422501932));
#3042=CARTESIAN_POINT('',(-4.46163091008574,-31.6250215418715,-12.5235987865059));
#3043=CARTESIAN_POINT('',(-5.41218115128048,-29.4121862433574,-14.0966761846466));
#3044=CARTESIAN_POINT('',(-5.58997050477371,-29.7776421366489,-13.8590208159759));
#3045=CARTESIAN_POINT('',(-5.64187218201303,-30.2733918646534,-13.5855543370747));
#3046=CARTESIAN_POINT('',(-5.30695509926253,-31.2045266449243,-13.1805638817428));
#3047=CARTESIAN_POINT('',(-4.93450796412724,-31.6033727749012,-13.0642451628378));
#3048=CARTESIAN_POINT('',(-4.53988426456355,-31.8295374332763,-13.044018106027));
#3049=CARTESIAN_POINT('',(-6.06514947844433,-30.7543989158609,-15.5838328196402));
#3050=CARTESIAN_POINT('',(-6.17088199709675,-30.9717379819799,-15.170828778114));
#3051=CARTESIAN_POINT('',(-6.13410140434659,-31.3016446314844,-14.6922638492716));
#3052=CARTESIAN_POINT('',(-5.64805372925716,-31.9908293242128,-13.9950157074535));
#3053=CARTESIAN_POINT('',(-5.2204424286701,-32.3205845949184,-13.8049437784688));
#3054=CARTESIAN_POINT('',(-4.80862497066434,-32.5318938425833,-13.7844090187192));
#3055=CARTESIAN_POINT('',(-6.52415523482539,-31.6979107484221,-16.0170424454121));
#3056=CARTESIAN_POINT('',(-6.57825989854204,-31.8091258905058,-15.548264494425));
#3057=CARTESIAN_POINT('',(-6.47747287730896,-32.0191417500814,-15.0022187433215));
#3058=CARTESIAN_POINT('',(-5.88422938734519,-32.5367707945422,-14.2164058357869));
#3059=CARTESIAN_POINT('',(-5.41906386886321,-32.8205045005929,-14.0110006083406));
#3060=CARTESIAN_POINT('',(-4.99752228562171,-33.0255787844144,-14.));
#3061=CARTESIAN_POINT('',(-6.98604383349687,-32.6473484234689,-16.0172424092642));
#3062=CARTESIAN_POINT('',(-6.98604383349687,-32.6473484234689,-15.5429641535958));
#3063=CARTESIAN_POINT('',(-6.8172131300566,-32.7294822791966,-14.9878281396007));
#3064=CARTESIAN_POINT('',(-6.11416732814935,-33.0715045612055,-14.1980647924978));
#3065=CARTESIAN_POINT('',(-5.61406130533142,-33.314799383117,-14.));
#3066=CARTESIAN_POINT('',(-5.18757365600525,-33.5222798611676,-14.));
#3067=CARTESIAN_POINT('',(-9.00764911254202,-41.3746571884931,-16.));
#3068=CARTESIAN_POINT('',(-18.,-37.,-16.));
#3069=CARTESIAN_POINT('',(0.511661148318153,-21.8071860967249,-16.));
#3070=CARTESIAN_POINT('',(-0.166514338600936,-27.2067067597643,-24.));
#3071=CARTESIAN_POINT('',(-0.166514338600937,-27.2067067597643,-24.));
#3072=CARTESIAN_POINT('',(-2.34268098273871,-25.8978337484564,-24.));
#3073=CARTESIAN_POINT('',(0.805134376613427,-27.7911127303466,-24.));
#3074=CARTESIAN_POINT('',(-2.34268098273871,-25.8978337484564,-24.));
#3075=CARTESIAN_POINT('',(-2.34268098273871,-25.8978337484564,-24.));
#3076=CARTESIAN_POINT('',(-3.33469960816185,-29.7135943183782,-24.));
#3077=CARTESIAN_POINT('',(-12.3270504956198,-25.3389371298852,-24.));
#3078=CARTESIAN_POINT('',(-9.00764911254203,-41.3746571884931,-24.));
#3079=CARTESIAN_POINT('',(0.511661148318153,-21.8071860967249,-24.));
#3080=CARTESIAN_POINT('',(-26.992350887458,-32.6253428115069,-24.));
#3081=CARTESIAN_POINT('',(-18.,-37.,-24.));
#3082=CARTESIAN_POINT('',(-21.3194013830778,-20.9642799413921,-24.));
#3083=CARTESIAN_POINT('',(-17.4730406265978,-13.0578717197388,-24.));
#3084=CARTESIAN_POINT('',(-13.9345544133492,-15.4689862103271,-24.));
#3085=CARTESIAN_POINT('',(-12.3270504956198,-25.3389371298852,-24.));
#3086=CARTESIAN_POINT('',(-13.9345544133492,-15.4689862103271,-24.));
#3087=CARTESIAN_POINT('',(-13.9345544133492,-15.4689862103271,-24.));
#3088=CARTESIAN_POINT('',(-18.0875701302911,-10.4792077226824,-24.));
#3089=CARTESIAN_POINT('',(-2.95343104172138,-28.6626211263702,-24.));
#3090=CARTESIAN_POINT('',(-18.0875701302911,-10.4792077226824,-24.));
#3091=CARTESIAN_POINT('',(-10.860114435803,-12.9101155952969,-2.));
#3092=CARTESIAN_POINT('',(-13.9345544133492,-15.4689862103271,-2.));
#3093=CARTESIAN_POINT('',(-15.0131301527449,-7.92033710765217,-2.));
#3094=CARTESIAN_POINT('',(-7.73394455273553,-16.6661560956056,-2.));
#3095=CARTESIAN_POINT('',(-18.0875701302911,-10.4792077226824,-2.));
#3096=CARTESIAN_POINT('',(1.89514246868074,-23.7789420057316,-2.));
#3097=CARTESIAN_POINT('',(-0.166514338600935,-27.2067067597643,-2.));
#3098=CARTESIAN_POINT('',(-0.281024175457034,-22.4700689944237,-2.));
#3099=CARTESIAN_POINT('',(-4.07096184368372,-20.1905803615821,-2.));
#3100=CARTESIAN_POINT('',(-2.34268098273871,-25.8978337484564,-2.));
#3101=CARTESIAN_POINT('',(-3.43080250644724,-29.9111391648538,4.));
#3102=CARTESIAN_POINT('',(-3.43080250644724,-29.9111391648538,4.));
#3103=CARTESIAN_POINT('',(-1.76161199885049,-30.9150872825266,4.));
#3104=CARTESIAN_POINT('',(-18.2536241022009,-20.9958333492925,4.));
#3105=CARTESIAN_POINT('',(-1.76161199885049,-30.9150872825266,4.));
#3106=CARTESIAN_POINT('',(-19.0674739823394,-12.4282489887089,4.));
#3107=CARTESIAN_POINT('',(-19.0674739823386,-12.4282489887075,4.));
#3108=CARTESIAN_POINT('',(-16.0474419017799,-16.0567667056271,4.));
#3109=CARTESIAN_POINT('',(-19.9045801521755,-11.4224800143481,4.));
#3110=CARTESIAN_POINT('',(-16.0474419017799,-16.0567667056271,4.));
#3111=MECHANICAL_DESIGN_GEOMETRIC_PRESENTATION_REPRESENTATION('',(#24),
#3112);
#3112=(
GEOMETRIC_REPRESENTATION_CONTEXT(3)
GLOBAL_UNCERTAINTY_ASSIGNED_CONTEXT((#3113))
GLOBAL_UNIT_ASSIGNED_CONTEXT((#3119,#3115,#3114))
REPRESENTATION_CONTEXT('Trigger','TOP_LEVEL_ASSEMBLY_PART')
);
#3113=UNCERTAINTY_MEASURE_WITH_UNIT(LENGTH_MEASURE(0.0508),#3119,
'DISTANCE_ACCURACY_VALUE','Maximum Tolerance applied to model');
#3114=(
NAMED_UNIT(*)
SI_UNIT($,.STERADIAN.)
SOLID_ANGLE_UNIT()
);
#3115=(
CONVERSION_BASED_UNIT('DEGREE',#3117)
NAMED_UNIT(#3116)
PLANE_ANGLE_UNIT()
);
#3116=DIMENSIONAL_EXPONENTS(0.,0.,0.,0.,0.,0.,0.);
#3117=PLANE_ANGLE_MEASURE_WITH_UNIT(PLANE_ANGLE_MEASURE(0.0174532925),#3118);
#3118=(
NAMED_UNIT(*)
PLANE_ANGLE_UNIT()
SI_UNIT($,.RADIAN.)
);
#3119=(
LENGTH_UNIT()
NAMED_UNIT(*)
SI_UNIT(.MILLI.,.METRE.)
);
ENDSEC;
END-ISO-10303-21;
