ISO-10303-21;
HEADER;
FILE_DESCRIPTION (( 'STEP AP203' ),
    '1' );
FILE_NAME ('Under_arm.stp.STEP',
    '2026-05-22T02:50:14',
    ( '' ),
    ( '' ),
    'SwSTEP 2.0',
    'SolidWorks 2022',
    '' );
FILE_SCHEMA (( 'CONFIG_CONTROL_DESIGN' ));
ENDSEC;

DATA;
#1 = AXIS2_PLACEMENT_3D ( 'NONE', #1656, #4362, #2052 ) ;
#2 = VERTEX_POINT ( 'NONE', #451 ) ;
#3 = DIRECTION ( 'NONE',  ( 0.000000000000000000, 0.000000000000000000, 1.000000000000000000 ) ) ;
#4 = DIRECTION ( 'NONE',  ( 0.000000000000000000, 1.000000000000000000, 0.000000000000000000 ) ) ;
#5 = EDGE_CURVE ( 'NONE', #2295, #186, #5993, .T. ) ;
#6 = DIRECTION ( 'NONE',  ( 0.000000000000000000, -1.000000000000000000, 0.000000000000000000 ) ) ;
#7 = ORIENTED_EDGE ( 'NONE', *, *, #4147, .F. ) ;
#8 = CARTESIAN_POINT ( 'NONE',  ( 20.00000000000000000, 33.89999999999999858, -45.00105008681759955 ) ) ;
#9 = LINE ( 'NONE', #408, #1563 ) ;
#10 = CARTESIAN_POINT ( 'NONE',  ( 0.000000000000000000, -30.90000000000000213, -58.50105008681759955 ) ) ;
#11 = CARTESIAN_POINT ( 'NONE',  ( 13.27872615504569964, 36.38377351978320462, -45.00105008681759955 ) ) ;
#12 = AXIS2_PLACEMENT_3D ( 'NONE', #2623, #690, #2541 ) ;
#13 = DIRECTION ( 'NONE',  ( 1.000000000000000000, 0.000000000000000000, 0.000000000000000000 ) ) ;
#14 = AXIS2_PLACEMENT_3D ( 'NONE', #647, #5198, #1502 ) ;
#15 = ORIENTED_EDGE ( 'NONE', *, *, #2975, .F. ) ;
#16 = ORIENTED_EDGE ( 'NONE', *, *, #1339, .T. ) ;
#17 = VECTOR ( 'NONE', #1699, 1000.000000000000000 ) ;
#18 = CARTESIAN_POINT ( 'NONE',  ( 0.000000000000000000, -16.00000000000000000, 32.19874991318239665 ) ) ;
#19 = SECURITY_CLASSIFICATION_LEVEL ( 'unclassified' ) ;
#20 = CARTESIAN_POINT ( 'NONE',  ( 21.38559377763853675, -3.835590178294086359E-15, 15.00000000000001599 ) ) ;
#21 = CARTESIAN_POINT ( 'NONE',  ( 0.000000000000000000, 0.000000000000000000, -6.443734216477297494 ) ) ;
#22 = CARTESIAN_POINT ( 'NONE',  ( 1.257241531086733088, -18.44197073021101474, 51.47512144428703351 ) ) ;
#23 = AXIS2_PLACEMENT_3D ( 'NONE', #5483, #4632, #5573 ) ;
#24 = VERTEX_POINT ( 'NONE', #3859 ) ;
#25 = VERTEX_POINT ( 'NONE', #5730 ) ;
#26 = DIRECTION ( 'NONE',  ( 0.000000000000000000, -1.000000000000000000, 0.000000000000000000 ) ) ;
#27 = ORIENTED_EDGE ( 'NONE', *, *, #5162, .F. ) ;
#28 = DIRECTION ( 'NONE',  ( 0.000000000000000000, 0.7071067811865480168, -0.7071067811865470176 ) ) ;
#29 = CARTESIAN_POINT ( 'NONE',  ( 3.200000000000000178, 11.50000000000000000, 50.99844991318239806 ) ) ;
#30 = AXIS2_PLACEMENT_3D ( 'NONE', #1006, #2730, #4131 ) ;
#31 = ORIENTED_EDGE ( 'NONE', *, *, #348, .T. ) ;
#32 = VECTOR ( 'NONE', #4315, 1000.000000000000000 ) ;
#33 = ADVANCED_FACE ( 'NONE', ( #664 ), #2852, .F. ) ;
#34 = ORIENTED_EDGE ( 'NONE', *, *, #1643, .T. ) ;
#35 = VERTEX_POINT ( 'NONE', #2972 ) ;
#36 = PLANE ( 'NONE',  #1082 ) ;
#37 = DIRECTION ( 'NONE',  ( 0.000000000000000000, -1.000000000000000000, 0.000000000000000000 ) ) ;
#38 = CIRCLE ( 'NONE', #5759, 2.000000000000001776 ) ;
#39 = LINE ( 'NONE', #4132, #1623 ) ;
#40 = VECTOR ( 'NONE', #3065, 1000.000000000000000 ) ;
#41 = ORIENTED_EDGE ( 'NONE', *, *, #4017, .F. ) ;
#42 = CARTESIAN_POINT ( 'NONE',  ( 11.69829999999999970, -26.39999999999999858, -57.34215422574949628 ) ) ;
#43 = DIRECTION ( 'NONE',  ( -1.000000000000000000, 0.000000000000000000, 0.000000000000000000 ) ) ;
#44 = DIRECTION ( 'NONE',  ( 0.000000000000000000, -0.9396926207859080948, -0.3420201433256693235 ) ) ;
#45 = DIRECTION ( 'NONE',  ( 0.000000000000000000, -0.7071067811865480168, 0.7071067811865470176 ) ) ;
#46 = EDGE_CURVE ( 'NONE', #3437, #525, #3921, .T. ) ;
#48 = EDGE_LOOP ( 'NONE', ( #4575, #5279 ) ) ;
#47 = EDGE_CURVE ( 'NONE', #4415, #5044, #3338, .T. ) ;
#49 = EDGE_CURVE ( 'NONE', #1903, #4516, #5213, .T. ) ;
#50 = VERTEX_POINT ( 'NONE', #4724 ) ;
#51 = DIRECTION ( 'NONE',  ( -0.000000000000000000, 0.7071067811865480168, 0.7071067811865470176 ) ) ;
#52 = CARTESIAN_POINT ( 'NONE',  ( 0.000000000000000000, -26.39999999999999858, -40.50105008681759955 ) ) ;
#53 = DIRECTION ( 'NONE',  ( 1.000000000000000000, 0.000000000000000000, 0.000000000000000000 ) ) ;
#54 = CARTESIAN_POINT ( 'NONE',  ( 24.00000000000000000, 1.171572875253809931, 44.19874991318239665 ) ) ;
#55 = CARTESIAN_POINT ( 'NONE',  ( 1.200024947957804677, -18.40021049260814578, 51.01595004626036456 ) ) ;
#56 = VECTOR ( 'NONE', #3699, 1000.000000000000000 ) ;
#57 = ORIENTED_EDGE ( 'NONE', *, *, #49, .T. ) ;
#58 = CARTESIAN_POINT ( 'NONE',  ( 11.69829999999999970, 33.89999999999999858, -61.34215422574949628 ) ) ;
#59 = VERTEX_POINT ( 'NONE', #3430 ) ;
#60 = CARTESIAN_POINT ( 'NONE',  ( 24.00000000000000000, -8.849999999999999645, 48.99874991318240092 ) ) ;
#61 = CARTESIAN_POINT ( 'NONE',  ( 3.000000000000000000, -11.84999999999999964, 60.19874991318240376 ) ) ;
#62 = VERTEX_POINT ( 'NONE', #570 ) ;
#63 = ORIENTED_EDGE ( 'NONE', *, *, #2968, .F. ) ;
#64 = ORIENTED_EDGE ( 'NONE', *, *, #489, .T. ) ;
#65 = CARTESIAN_POINT ( 'NONE',  ( 24.00000000000000000, -1.171572875253809931, 52.19874991318240376 ) ) ;
#66 = CARTESIAN_POINT ( 'NONE',  ( 8.280638352128308455, 36.93790984927080245, -45.00105008681759955 ) ) ;
#67 = CARTESIAN_POINT ( 'NONE',  ( 0.000000000000000000, 16.00000000000000000, 60.19874991318240376 ) ) ;
#68 = AXIS2_PLACEMENT_3D ( 'NONE', #880, #5096, #910 ) ;
#69 = ORIENTED_EDGE ( 'NONE', *, *, #3351, .T. ) ;
#70 = DIRECTION ( 'NONE',  ( 0.000000000000000000, 0.000000000000000000, 1.000000000000000000 ) ) ;
#71 = DIRECTION ( 'NONE',  ( -0.000000000000000000, 1.000000000000000000, 0.000000000000000000 ) ) ;
#72 = ADVANCED_FACE ( 'NONE', ( #3367 ), #2744, .T. ) ;
#73 = AXIS2_PLACEMENT_3D ( 'NONE', #3287, #2831, #4226 ) ;
#74 = DIRECTION ( 'NONE',  ( -1.000000000000000000, 0.000000000000000000, 0.000000000000000000 ) ) ;
#75 = LINE ( 'NONE', #469, #275 ) ;
#76 = ORIENTED_EDGE ( 'NONE', *, *, #5822, .T. ) ;
#77 = ORIENTED_EDGE ( 'NONE', *, *, #1996, .T. ) ;
#78 = FACE_OUTER_BOUND ( 'NONE', #1619, .T. ) ;
#79 = CARTESIAN_POINT ( 'NONE',  ( 24.00000000000000000, 4.000000000000000000, 41.37032278843620503 ) ) ;
#80 = DIRECTION ( 'NONE',  ( 0.000000000000000000, 0.000000000000000000, 1.000000000000000000 ) ) ;
#81 = ADVANCED_FACE ( 'NONE', ( #1608 ), #1995, .T. ) ;
#82 = ADVANCED_FACE ( 'NONE', ( #5150 ), #149, .F. ) ;
#83 = DIRECTION ( 'NONE',  ( 0.000000000000000000, 0.000000000000000000, 1.000000000000000000 ) ) ;
#84 = CARTESIAN_POINT ( 'NONE',  ( 1.975877237210319048, -18.81976079576067207, 49.41682418664235144 ) ) ;
#85 = EDGE_LOOP ( 'NONE', ( #5761, #5545, #3918, #3417 ) ) ;
#86 = ORIENTED_EDGE ( 'NONE', *, *, #1928, .T. ) ;
#87 = DIRECTION ( 'NONE',  ( -1.000000000000000000, 0.000000000000000000, 0.000000000000000000 ) ) ;
#88 = DIRECTION ( 'NONE',  ( 0.000000000000000000, 0.000000000000000000, 1.000000000000000000 ) ) ;
#89 = ADVANCED_FACE ( 'NONE', ( #2059 ), #2391, .F. ) ;
#90 = CARTESIAN_POINT ( 'NONE',  ( 24.00000000000000000, -4.000000000000000000, 47.02717703792860249 ) ) ;
#91 = DIRECTION ( 'NONE',  ( 0.000000000000000000, 0.000000000000000000, -1.000000000000000000 ) ) ;
#92 = ORIENTED_EDGE ( 'NONE', *, *, #796, .F. ) ;
#93 = AXIS2_PLACEMENT_3D ( 'NONE', #3642, #871, #3280 ) ;
#94 = ORIENTED_EDGE ( 'NONE', *, *, #4190, .T. ) ;
#95 = ORIENTED_EDGE ( 'NONE', *, *, #1457, .T. ) ;
#96 = DIRECTION ( 'NONE',  ( -1.000000000000000000, 0.000000000000000000, 0.000000000000000000 ) ) ;
#97 = CARTESIAN_POINT ( 'NONE',  ( 3.000000000000000000, 8.849999999999999645, 48.99874991318240092 ) ) ;
#98 = CARTESIAN_POINT ( 'NONE',  ( 24.00000000000000000, -6.828427124746190735, 44.19874991318239665 ) ) ;
#99 = AXIS2_PLACEMENT_3D ( 'NONE', #4994, #1802, #5021 ) ;
#100 = VERTEX_POINT ( 'NONE', #1085 ) ;
#101 = CARTESIAN_POINT ( 'NONE',  ( 21.20004805605810461, -18.99347287716778965, 51.06573036181175951 ) ) ;
#102 = FACE_BOUND ( 'NONE', #1312, .T. ) ;
#103 = CARTESIAN_POINT ( 'NONE',  ( 7.162924960380889772, 33.89999999999999858, -59.93475008681759419 ) ) ;
#104 = CARTESIAN_POINT ( 'NONE',  ( 0.000000000000000000, -11.84999999999999964, 23.99874991318240092 ) ) ;
#105 = EDGE_CURVE ( 'NONE', #2269, #4685, #1108, .T. ) ;
#106 = EDGE_LOOP ( 'NONE', ( #3103, #2479 ) ) ;
#107 = DIRECTION ( 'NONE',  ( -1.000000000000000000, 0.000000000000000000, 0.000000000000000000 ) ) ;
#108 = AXIS2_PLACEMENT_3D ( 'NONE', #3227, #2768, #5472 ) ;
#109 = CYLINDRICAL_SURFACE ( 'NONE', #2071, 1.000000000000000888 ) ;
#110 = CARTESIAN_POINT ( 'NONE',  ( 11.69829999999999970, 65.86479725780770877, -54.07925008681760204 ) ) ;
#111 = DIRECTION ( 'NONE',  ( 0.000000000000000000, -1.000000000000000000, 0.000000000000000000 ) ) ;
#112 = VECTOR ( 'NONE', #4137, 1000.000000000000000 ) ;
#113 = CARTESIAN_POINT ( 'NONE',  ( 1.468592840995564863, -18.57974074699175659, 49.99709285545578297 ) ) ;
#114 = CIRCLE ( 'NONE', #3508, 2.000000000000001776 ) ;
#115 = EDGE_CURVE ( 'NONE', #841, #5087, #4981, .T. ) ;
#116 = AXIS2_PLACEMENT_3D ( 'NONE', #136, #2344, #4203 ) ;
#117 = EDGE_LOOP ( 'NONE', ( #4245, #1812 ) ) ;
#118 = DIRECTION ( 'NONE',  ( 0.000000000000000000, -1.000000000000000000, 0.000000000000000000 ) ) ;
#119 = DIRECTION ( 'NONE',  ( 0.000000000000000000, -1.000000000000000000, 0.000000000000000000 ) ) ;
#120 = CARTESIAN_POINT ( 'NONE',  ( 7.162924960380889772, -33.89999999999999858, -63.93475008681759419 ) ) ;
#121 = DIRECTION ( 'NONE',  ( 0.000000000000000000, 1.000000000000000000, 0.000000000000000000 ) ) ;
#122 = CIRCLE ( 'NONE', #23, 2.000000000000001776 ) ;
#123 = ORIENTED_EDGE ( 'NONE', *, *, #2014, .F. ) ;
#124 = EDGE_CURVE ( 'NONE', #4326, #5566, #4883, .T. ) ;
#125 = EDGE_CURVE ( 'NONE', #2756, #532, #4786, .T. ) ;
#126 = ORIENTED_EDGE ( 'NONE', *, *, #2891, .T. ) ;
#127 = EDGE_LOOP ( 'NONE', ( #7, #4750, #1513, #4312 ) ) ;
#128 = LINE ( 'NONE', #705, #1849 ) ;
#129 = CARTESIAN_POINT ( 'NONE',  ( 3.200000000000000178, 59.17773170840619912, 50.99844991318239806 ) ) ;
#130 = CARTESIAN_POINT ( 'NONE',  ( 19.19999999999999929, -19.00000000000000000, 50.99844991318239806 ) ) ;
#131 = AXIS2_PLACEMENT_3D ( 'NONE', #5064, #1368, #2400 ) ;
#132 = DIRECTION ( 'NONE',  ( 0.000000000000000000, 1.000000000000000000, 0.000000000000000000 ) ) ;
#133 = ORIENTED_EDGE ( 'NONE', *, *, #3231, .F. ) ;
#134 = LINE ( 'NONE', #980, #313 ) ;
#135 = DIRECTION ( 'NONE',  ( -1.000000000000000000, 0.000000000000000000, 0.000000000000000000 ) ) ;
#136 = CARTESIAN_POINT ( 'NONE',  ( 21.00000000000000000, 17.50000000000000000, -26.44373421647729927 ) ) ;
#137 = CARTESIAN_POINT ( 'NONE',  ( 24.00000000000000000, -11.50000000000000000, 48.99874991318240092 ) ) ;
#138 = AXIS2_PLACEMENT_3D ( 'NONE', #1120, #5701, #2910 ) ;
#139 = ORIENTED_EDGE ( 'NONE', *, *, #2326, .T. ) ;
#140 = AXIS2_PLACEMENT_3D ( 'NONE', #5395, #5876, #1242 ) ;
#141 = CARTESIAN_POINT ( 'NONE',  ( 24.00000000000000000, 0.000000000000000000, -26.44373421647729927 ) ) ;
#142 = CARTESIAN_POINT ( 'NONE',  ( 21.59375984589560105, 12.41072137632779970, -45.00105008681759955 ) ) ;
#143 = CARTESIAN_POINT ( 'NONE',  ( 24.00000000000000000, 0.000000000000000000, -58.50105008681759955 ) ) ;
#144 = DIRECTION ( 'NONE',  ( -1.000000000000000000, 0.000000000000000000, 0.000000000000000000 ) ) ;
#145 = DIRECTION ( 'NONE',  ( -1.000000000000000000, 0.000000000000000000, 0.000000000000000000 ) ) ;
#146 = ORIENTED_EDGE ( 'NONE', *, *, #4939, .T. ) ;
#147 = VERTEX_POINT ( 'NONE', #4306 ) ;
#148 = CARTESIAN_POINT ( 'NONE',  ( 7.162924960380889772, -30.90000000000000213, -62.93475008681759419 ) ) ;
#149 = CYLINDRICAL_SURFACE ( 'NONE', #4782, 2.000000000000001776 ) ;
#150 = CYLINDRICAL_SURFACE ( 'NONE', #163, 2.999999999999999112 ) ;
#151 = CARTESIAN_POINT ( 'NONE',  ( 12.00000000000000000, 30.90000000000000213, -58.50105008681759955 ) ) ;
#152 = EDGE_CURVE ( 'NONE', #906, #546, #4337, .T. ) ;
#153 = VERTEX_POINT ( 'NONE', #3889 ) ;
#154 = EDGE_LOOP ( 'NONE', ( #3344, #5251, #5834, #2950 ) ) ;
#155 = ORIENTED_EDGE ( 'NONE', *, *, #1160, .F. ) ;
#156 = CARTESIAN_POINT ( 'NONE',  ( 0.000000000000000000, 0.000000000000000000, -26.44373421647729927 ) ) ;
#157 = DIRECTION ( 'NONE',  ( 0.000000000000000000, 1.000000000000000000, 0.000000000000000000 ) ) ;
#158 = CARTESIAN_POINT ( 'NONE',  ( 21.03402410046036408, 19.00000000000000000, 50.19692110026188203 ) ) ;
#159 = EDGE_CURVE ( 'NONE', #2693, #374, #5763, .T. ) ;
#160 = ADVANCED_FACE ( 'NONE', ( #1483 ), #1026, .F. ) ;
#161 = CIRCLE ( 'NONE', #4125, 1.000000000000000888 ) ;
#162 = FACE_OUTER_BOUND ( 'NONE', #2948, .T. ) ;
#163 = AXIS2_PLACEMENT_3D ( 'NONE', #2853, #5246, #3307 ) ;
#164 = EDGE_LOOP ( 'NONE', ( #1843, #2699, #5203, #1713 ) ) ;
#165 = DIRECTION ( 'NONE',  ( 0.000000000000000000, 0.000000000000000000, -1.000000000000000000 ) ) ;
#166 = LINE ( 'NONE', #1593, #3170 ) ;
#167 = EDGE_CURVE ( 'NONE', #2741, #2128, #5066, .T. ) ;
#168 = CARTESIAN_POINT ( 'NONE',  ( 19.19999999999999929, 11.50000000000000000, 50.99844991318239806 ) ) ;
#169 = LINE ( 'NONE', #137, #1327 ) ;
#170 = AXIS2_PLACEMENT_3D ( 'NONE', #3129, #5858, #708 ) ;
#171 = VECTOR ( 'NONE', #5356, 1000.000000000000000 ) ;
#172 = CIRCLE ( 'NONE', #5006, 0.9999999999999940048 ) ;
#173 = EDGE_LOOP ( 'NONE', ( #4781, #1541, #428, #4320 ) ) ;
#174 = DIRECTION ( 'NONE',  ( 0.000000000000000000, 1.000000000000000000, 0.000000000000000000 ) ) ;
#175 = TOROIDAL_SURFACE ( 'NONE', #1240, 12.00000000000000000, 3.000000000000000000 ) ;
#176 = DIRECTION ( 'NONE',  ( 0.000000000000000000, 0.000000000000000000, -1.000000000000000000 ) ) ;
#177 = LINE ( 'NONE', #5598, #1692 ) ;
#178 = CARTESIAN_POINT ( 'NONE',  ( 16.23367503961910074, -58.32062494435390221, -60.93475008681769367 ) ) ;
#179 = CARTESIAN_POINT ( 'NONE',  ( 2.763577447681451638, 18.99285988639552158, 49.04268733174717454 ) ) ;
#180 = VERTEX_POINT ( 'NONE', #814 ) ;
#181 = EDGE_LOOP ( 'NONE', ( #1669, #1973 ) ) ;
#182 = CARTESIAN_POINT ( 'NONE',  ( 11.69829999999999970, -33.89999999999999858, -64.55325008681771237 ) ) ;
#183 = CARTESIAN_POINT ( 'NONE',  ( 24.00000000000000000, -4.000000000000000000, 55.02717703792859538 ) ) ;
#184 = DIRECTION ( 'NONE',  ( 0.000000000000000000, -1.000000000000000000, 0.000000000000000000 ) ) ;
#185 = DIRECTION ( 'NONE',  ( 0.000000000000000000, -0.7071067811865489050, -0.7071067811865460184 ) ) ;
#186 = VERTEX_POINT ( 'NONE', #2145 ) ;
#187 = EDGE_CURVE ( 'NONE', #1059, #147, #2173, .T. ) ;
#188 = ORIENTED_EDGE ( 'NONE', *, *, #4160, .F. ) ;
#189 = CARTESIAN_POINT ( 'NONE',  ( 24.00000000000000000, -16.00000000000000000, 60.19874991318240376 ) ) ;
#190 = DIRECTION ( 'NONE',  ( 0.000000000000000000, 0.000000000000000000, -1.000000000000000000 ) ) ;
#191 = CARTESIAN_POINT ( 'NONE',  ( 1.190183406609076983E-15, -32.65735931288071470, -44.83655858797484228 ) ) ;
#192 = CARTESIAN_POINT ( 'NONE',  ( 3.000000000000000000, -19.00000000000000000, 32.19874991318239665 ) ) ;
#193 = VERTEX_POINT ( 'NONE', #3034 ) ;
#194 = EDGE_CURVE ( 'NONE', #5210, #906, #2662, .T. ) ;
#195 = VERTEX_POINT ( 'NONE', #2119 ) ;
#196 = CARTESIAN_POINT ( 'NONE',  ( 11.69829999999999970, 33.89999999999999858, -62.55325008681771237 ) ) ;
#197 = CYLINDRICAL_SURFACE ( 'NONE', #3855, 2.000000000000001776 ) ;
#198 = DIRECTION ( 'NONE',  ( 0.000000000000000000, 0.000000000000000000, 1.000000000000000000 ) ) ;
#199 = VECTOR ( 'NONE', #4538, 1000.000000000000000 ) ;
#200 = LINE ( 'NONE', #3877, #5004 ) ;
#201 = EDGE_CURVE ( 'NONE', #4274, #1980, #3930, .T. ) ;
#202 = ORIENTED_EDGE ( 'NONE', *, *, #4118, .F. ) ;
#203 = CIRCLE ( 'NONE', #4071, 3.000000000000000000 ) ;
#204 = CARTESIAN_POINT ( 'NONE',  ( 16.23367503961910074, -33.89999999999999858, -54.69775008681769179 ) ) ;
#205 = DIRECTION ( 'NONE',  ( 0.000000000000000000, 0.000000000000000000, -1.000000000000000000 ) ) ;
#206 = CARTESIAN_POINT ( 'NONE',  ( 19.19999999999999929, 16.35000000000000142, 50.99844991318239806 ) ) ;
#207 = DIRECTION ( 'NONE',  ( 0.000000000000000000, -6.938893903907229610E-17, 1.000000000000000000 ) ) ;
#208 = CYLINDRICAL_SURFACE ( 'NONE', #2275, 2.999999999999999112 ) ;
#209 = ORIENTED_EDGE ( 'NONE', *, *, #5418, .T. ) ;
#210 = VECTOR ( 'NONE', #1012, 1000.000000000000000 ) ;
#211 = ORIENTED_EDGE ( 'NONE', *, *, #4127, .T. ) ;
#212 = AXIS2_PLACEMENT_3D ( 'NONE', #2801, #4650, #495 ) ;
#213 = DIRECTION ( 'NONE',  ( 0.000000000000000000, -2.478176394252580155E-16, 1.000000000000000000 ) ) ;
#214 = DIRECTION ( 'NONE',  ( 0.000000000000000000, 1.000000000000000000, 0.000000000000000000 ) ) ;
#215 = CARTESIAN_POINT ( 'NONE',  ( 24.00000000000000000, -26.39999999999999858, -40.50105008681759955 ) ) ;
#216 = LINE ( 'NONE', #2974, #2869 ) ;
#217 = AXIS2_PLACEMENT_3D ( 'NONE', #5713, #3380, #4768 ) ;
#218 = VECTOR ( 'NONE', #74, 1000.000000000000000 ) ;
#219 = ORIENTED_EDGE ( 'NONE', *, *, #2005, .F. ) ;
#220 = EDGE_LOOP ( 'NONE', ( #4342, #2180 ) ) ;
#221 = CARTESIAN_POINT ( 'NONE',  ( 21.00000000000000000, 4.000000000000000000, 49.37032278843619792 ) ) ;
#222 = PLANE ( 'NONE',  #717 ) ;
#223 = CARTESIAN_POINT ( 'NONE',  ( 11.69829999999999970, -30.90000000000000213, -56.07925008681760914 ) ) ;
#224 = DIRECTION ( 'NONE',  ( 0.000000000000000000, -0.7071067811865480168, 0.7071067811865470176 ) ) ;
#225 = EDGE_CURVE ( 'NONE', #2427, #2766, #3548, .T. ) ;
#226 = ORIENTED_EDGE ( 'NONE', *, *, #2697, .F. ) ;
#227 = ORIENTED_EDGE ( 'NONE', *, *, #3490, .T. ) ;
#228 = DIRECTION ( 'NONE',  ( 0.000000000000000000, 0.000000000000000000, -1.000000000000000000 ) ) ;
#229 = PLANE ( 'NONE',  #4757 ) ;
#230 = DIRECTION ( 'NONE',  ( -0.000000000000000000, 0.7071067811865470176, 0.7071067811865480168 ) ) ;
#231 = FACE_OUTER_BOUND ( 'NONE', #5275, .T. ) ;
#232 = EDGE_CURVE ( 'NONE', #2593, #4428, #4511, .T. ) ;
#233 = AXIS2_PLACEMENT_3D ( 'NONE', #2242, #2993, #401 ) ;
#234 = VECTOR ( 'NONE', #3127, 1000.000000000000000 ) ;
#235 = EDGE_LOOP ( 'NONE', ( #2361, #5232 ) ) ;
#236 = DIRECTION ( 'NONE',  ( 0.7499999999999998890, 0.6614378277661479011, 0.000000000000000000 ) ) ;
#237 = AXIS2_PLACEMENT_3D ( 'NONE', #79, #561, #534 ) ;
#238 = DIRECTION ( 'NONE',  ( 0.000000000000000000, 1.000000000000000000, 0.000000000000000000 ) ) ;
#239 = FACE_OUTER_BOUND ( 'NONE', #1465, .T. ) ;
#240 = AXIS2_PLACEMENT_3D ( 'NONE', #4030, #5792, #5337 ) ;
#241 = CARTESIAN_POINT ( 'NONE',  ( 1.023296371989594444, 1.360174273843025077E-05, 14.25780249850780557 ) ) ;
#242 = CARTESIAN_POINT ( 'NONE',  ( 2.187316016904868210, 18.88822751024941482, 49.27270805746209703 ) ) ;
#243 = AXIS2_PLACEMENT_3D ( 'NONE', #4907, #781, #4429 ) ;
#244 = EDGE_CURVE ( 'NONE', #986, #662, #4430, .T. ) ;
#245 = EDGE_CURVE ( 'NONE', #370, #3180, #724, .T. ) ;
#246 = EDGE_CURVE ( 'NONE', #4487, #354, #4411, .T. ) ;
#247 = VERTEX_POINT ( 'NONE', #280 ) ;
#248 = AXIS2_PLACEMENT_3D ( 'NONE', #4276, #996, #541 ) ;
#249 = ORIENTED_EDGE ( 'NONE', *, *, #5650, .T. ) ;
#250 = CARTESIAN_POINT ( 'NONE',  ( 3.000000000000000000, -33.89999999999999858, -44.61744750750959554 ) ) ;
#251 = CARTESIAN_POINT ( 'NONE',  ( 23.69599104424297664, 0.0004851701226292663249, 13.33030507154552424 ) ) ;
#252 = CARTESIAN_POINT ( 'NONE',  ( 11.69829999999999970, 33.89999999999999858, -64.55325008681771237 ) ) ;
#253 = FACE_OUTER_BOUND ( 'NONE', #2265, .T. ) ;
#254 = EDGE_LOOP ( 'NONE', ( #5011, #4729, #4182, #5348, #1210 ) ) ;
#255 = EDGE_LOOP ( 'NONE', ( #63, #1029, #5402, #1116 ) ) ;
#256 = DIRECTION ( 'NONE',  ( 0.000000000000000000, 0.000000000000000000, 1.000000000000000000 ) ) ;
#257 = EDGE_LOOP ( 'NONE', ( #1971, #1505, #4990, #2823 ) ) ;
#258 = VECTOR ( 'NONE', #2174, 1000.000000000000000 ) ;
#259 = DIRECTION ( 'NONE',  ( 0.000000000000000000, -1.000000000000000000, 0.000000000000000000 ) ) ;
#260 = CARTESIAN_POINT ( 'NONE',  ( 11.69829999999999970, 26.39999999999999858, -63.55325008681771237 ) ) ;
#261 = VERTEX_POINT ( 'NONE', #362 ) ;
#262 = EDGE_LOOP ( 'NONE', ( #5211, #985, #4023, #2210 ) ) ;
#263 = AXIS2_PLACEMENT_3D ( 'NONE', #1636, #3489, #5703 ) ;
#264 = DIRECTION ( 'NONE',  ( 0.000000000000000000, 0.000000000000000000, -1.000000000000000000 ) ) ;
#265 = CARTESIAN_POINT ( 'NONE',  ( 11.69829999999999970, -30.90000000000000213, -64.55325008681771237 ) ) ;
#266 = FACE_OUTER_BOUND ( 'NONE', #4604, .T. ) ;
#267 = VERTEX_POINT ( 'NONE', #1725 ) ;
#268 = ADVANCED_FACE ( 'NONE', ( #1634 ), #2202, .T. ) ;
#269 = DIRECTION ( 'NONE',  ( 0.000000000000000000, 0.000000000000000000, 1.000000000000000000 ) ) ;
#270 = CIRCLE ( 'NONE', #3653, 2.000000000000001776 ) ;
#271 = FACE_OUTER_BOUND ( 'NONE', #901, .T. ) ;
#272 = CARTESIAN_POINT ( 'NONE',  ( 21.00000000000000000, 8.849999999999999645, 48.99874991318240092 ) ) ;
#273 = CARTESIAN_POINT ( 'NONE',  ( 2.302906015280858476, 18.91786080247971569, 49.21091273803320831 ) ) ;
#274 = EDGE_LOOP ( 'NONE', ( #5285, #3217 ) ) ;
#275 = VECTOR ( 'NONE', #45, 1000.000000000000000 ) ;
#276 = EDGE_CURVE ( 'NONE', #5790, #4126, #1663, .T. ) ;
#277 = EDGE_CURVE ( 'NONE', #4685, #4290, #5367, .T. ) ;
#278 = VERTEX_POINT ( 'NONE', #4059 ) ;
#279 = LINE ( 'NONE', #4878, #4496 ) ;
#280 = CARTESIAN_POINT ( 'NONE',  ( 24.00000000000000000, 0.000000000000000000, -6.443734216477297494 ) ) ;
#281 = CARTESIAN_POINT ( 'NONE',  ( 3.200000000000000178, 59.17773170840619912, 51.99844991318239806 ) ) ;
#282 = DIRECTION ( 'NONE',  ( 0.000000000000000000, 0.000000000000000000, 1.000000000000000000 ) ) ;
#283 = EDGE_LOOP ( 'NONE', ( #5712, #5061 ) ) ;
#284 = EDGE_CURVE ( 'NONE', #5874, #3893, #2631, .T. ) ;
#285 = VERTEX_POINT ( 'NONE', #5423 ) ;
#286 = PLANE ( 'NONE',  #3031 ) ;
#287 = VERTEX_POINT ( 'NONE', #1270 ) ;
#288 = DIRECTION ( 'NONE',  ( -1.000000000000000000, 0.000000000000000000, 0.000000000000000000 ) ) ;
#289 = EDGE_LOOP ( 'NONE', ( #1603, #4616, #944, #2579 ) ) ;
#290 = ORIENTED_EDGE ( 'NONE', *, *, #3954, .F. ) ;
#291 = FACE_OUTER_BOUND ( 'NONE', #993, .T. ) ;
#292 = CARTESIAN_POINT ( 'NONE',  ( 7.162924960380889772, 26.39999999999999858, -60.93475008681759419 ) ) ;
#293 = DIRECTION ( 'NONE',  ( 0.000000000000000000, 0.7071067811865470176, 0.7071067811865480168 ) ) ;
#294 = VERTEX_POINT ( 'NONE', #3120 ) ;
#295 = AXIS2_PLACEMENT_3D ( 'NONE', #5081, #922, #4513 ) ;
#296 = CARTESIAN_POINT ( 'NONE',  ( 7.162924960380889772, -30.90000000000000213, -60.93475008681759419 ) ) ;
#297 = LINE ( 'NONE', #2139, #792 ) ;
#298 = CARTESIAN_POINT ( 'NONE',  ( 5.000000000000000000, 33.89999999999999858, -51.50105008681759955 ) ) ;
#299 = CARTESIAN_POINT ( 'NONE',  ( 1.199822477896975492, 18.39990865633888717, 51.11026914585507086 ) ) ;
#300 = EDGE_CURVE ( 'NONE', #2766, #3105, #5376, .T. ) ;
#301 = ORIENTED_EDGE ( 'NONE', *, *, #417, .F. ) ;
#302 = AXIS2_PLACEMENT_3D ( 'NONE', #3549, #1243, #1215 ) ;
#303 = CARTESIAN_POINT ( 'NONE',  ( 21.00000000000000000, -11.50000000000000000, 48.99874991318240092 ) ) ;
#304 = CARTESIAN_POINT ( 'NONE',  ( 3.000000000000000000, 19.00000000000000000, 60.19874991318240376 ) ) ;
#305 = CARTESIAN_POINT ( 'NONE',  ( 11.69829999999999970, -64.90997688364261364, -53.07925008681760204 ) ) ;
#306 = LINE ( 'NONE', #5852, #5958 ) ;
#307 = EDGE_CURVE ( 'NONE', #2271, #287, #762, .T. ) ;
#308 = ORIENTED_EDGE ( 'NONE', *, *, #1922, .T. ) ;
#309 = ORIENTED_EDGE ( 'NONE', *, *, #1037, .F. ) ;
#310 = DIRECTION ( 'NONE',  ( 0.000000000000000000, 1.000000000000000000, -2.478176394252580155E-16 ) ) ;
#311 = ORIENTED_EDGE ( 'NONE', *, *, #598, .T. ) ;
#312 = FACE_OUTER_BOUND ( 'NONE', #1653, .T. ) ;
#313 = VECTOR ( 'NONE', #618, 1000.000000000000000 ) ;
#314 = VECTOR ( 'NONE', #619, 1000.000000000000000 ) ;
#315 = PRODUCT_RELATED_PRODUCT_CATEGORY ( 'detail', '', ( #4205 ) ) ;
#316 = EDGE_CURVE ( 'NONE', #2151, #5044, #3052, .T. ) ;
#317 = ADVANCED_FACE ( 'NONE', ( #1864 ), #5987, .F. ) ;
#318 = EDGE_LOOP ( 'NONE', ( #301, #5181, #2176, #2665 ) ) ;
#319 = EDGE_LOOP ( 'NONE', ( #2616, #4692 ) ) ;
#320 = CYLINDRICAL_SURFACE ( 'NONE', #2722, 2.999999999999999112 ) ;
#321 = DIRECTION ( 'NONE',  ( 0.000000000000000000, 1.000000000000000000, 0.000000000000000000 ) ) ;
#322 = CARTESIAN_POINT ( 'NONE',  ( 11.69829999999999970, 26.39999999999999858, -61.34215422574949628 ) ) ;
#323 = VECTOR ( 'NONE', #422, 1000.000000000000227 ) ;
#324 = ORIENTED_EDGE ( 'NONE', *, *, #1497, .T. ) ;
#325 = CARTESIAN_POINT ( 'NONE',  ( 21.19998736145921114, 18.99343397470359918, 51.01703712209577901 ) ) ;
#326 = CARTESIAN_POINT ( 'NONE',  ( 3.200000000000000178, 16.35000000000000142, 50.99844991318239806 ) ) ;
#327 = CARTESIAN_POINT ( 'NONE',  ( 0.9510440189623957652, 5.142067638099024922E-06, 14.19150955852658669 ) ) ;
#328 = CARTESIAN_POINT ( 'NONE',  ( 1.256695434333249262, 18.44200879629237733, 51.47567093964385521 ) ) ;
#329 = VECTOR ( 'NONE', #1399, 1000.000000000000000 ) ;
#330 = VECTOR ( 'NONE', #5252, 1000.000000000000000 ) ;
#331 = ORIENTED_EDGE ( 'NONE', *, *, #2578, .T. ) ;
#332 = VECTOR ( 'NONE', #504, 1000.000000000000000 ) ;
#333 = DIRECTION ( 'NONE',  ( 0.000000000000000000, 1.000000000000000000, 0.000000000000000000 ) ) ;
#334 = CARTESIAN_POINT ( 'NONE',  ( 0.000000000000000000, 26.39999999999999858, -58.50105008681759955 ) ) ;
#335 = DIRECTION ( 'NONE',  ( 1.000000000000000000, 0.000000000000000000, 0.000000000000000000 ) ) ;
#336 = CARTESIAN_POINT ( 'NONE',  ( 2.071015405697623546, -18.85269228850106060, 52.64986111498081556 ) ) ;
#337 = AXIS2_PLACEMENT_3D ( 'NONE', #4694, #1543, #1965 ) ;
#338 = ORIENTED_EDGE ( 'NONE', *, *, #385, .F. ) ;
#339 = ORIENTED_EDGE ( 'NONE', *, *, #1922, .F. ) ;
#340 = CARTESIAN_POINT ( 'NONE',  ( 0.000000000000000000, 0.000000000000000000, -26.44373421647729927 ) ) ;
#341 = EDGE_CURVE ( 'NONE', #2850, #4647, #730, .T. ) ;
#342 = DIRECTION ( 'NONE',  ( 0.000000000000000000, -1.000000000000000000, 0.000000000000000000 ) ) ;
#343 = CARTESIAN_POINT ( 'NONE',  ( 3.200000000000000178, -19.00000000000000000, 50.99844991318239806 ) ) ;
#344 = VERTEX_POINT ( 'NONE', #2688 ) ;
#345 = AXIS2_PLACEMENT_3D ( 'NONE', #5151, #4695, #4754 ) ;
#346 = VERTEX_POINT ( 'NONE', #5506 ) ;
#347 = DIRECTION ( 'NONE',  ( 0.000000000000000000, 1.000000000000000000, 2.891205793294679312E-16 ) ) ;
#348 = EDGE_CURVE ( 'NONE', #1788, #2165, #5568, .T. ) ;
#349 = EDGE_CURVE ( 'NONE', #4428, #559, #5020, .T. ) ;
#350 = EDGE_CURVE ( 'NONE', #3466, #1903, #2171, .T. ) ;
#351 = CARTESIAN_POINT ( 'NONE',  ( 3.000000000000000000, 30.90000000000000213, -70.50105008681758534 ) ) ;
#352 = DIRECTION ( 'NONE',  ( 0.000000000000000000, -1.000000000000000000, 0.000000000000000000 ) ) ;
#353 = CIRCLE ( 'NONE', #3740, 1.000000000000000888 ) ;
#354 = VERTEX_POINT ( 'NONE', #1801 ) ;
#355 = EDGE_CURVE ( 'NONE', #2057, #4892, #3146, .T. ) ;
#356 = DIRECTION ( 'NONE',  ( 0.000000000000000000, 0.000000000000000000, -1.000000000000000000 ) ) ;
#357 = CARTESIAN_POINT ( 'NONE',  ( 21.19979272030406037, -18.99344369494418672, 50.96528930463380647 ) ) ;
#358 = CARTESIAN_POINT ( 'NONE',  ( 24.00000000000000000, -32.65735931288071470, -44.83655858797484228 ) ) ;
#359 = CARTESIAN_POINT ( 'NONE',  ( 1.642922560826975742, 18.67565516307505646, 52.25379313526295277 ) ) ;
#360 = EDGE_LOOP ( 'NONE', ( #2691, #1305, #1835, #4497 ) ) ;
#361 = LINE ( 'NONE', #2201, #1591 ) ;
#362 = CARTESIAN_POINT ( 'NONE',  ( 16.23367503961910074, -30.90000000000000213, -60.93475008681769367 ) ) ;
#363 = CARTESIAN_POINT ( 'NONE',  ( 12.03369234184500058, 34.89999999999999858, -51.50105008681759955 ) ) ;
#364 = CARTESIAN_POINT ( 'NONE',  ( 0.000000000000000000, 18.79385241571819876, -19.60333134996399806 ) ) ;
#365 = AXIS2_PLACEMENT_3D ( 'NONE', #5101, #5068, #2430 ) ;
#366 = CIRCLE ( 'NONE', #68, 2.000000000000001776 ) ;
#367 = CIRCLE ( 'NONE', #1125, 2.000000000000001776 ) ;
#368 = VERTEX_POINT ( 'NONE', #892 ) ;
#369 = PLANE ( 'NONE',  #409 ) ;
#370 = VERTEX_POINT ( 'NONE', #2779 ) ;
#371 = CIRCLE ( 'NONE', #4820, 2.000000000000001776 ) ;
#372 = CARTESIAN_POINT ( 'NONE',  ( 3.000000000000000000, -8.849999999999999645, 48.99874991318240092 ) ) ;
#373 = LINE ( 'NONE', #1810, #552 ) ;
#374 = VERTEX_POINT ( 'NONE', #3689 ) ;
#375 = EDGE_CURVE ( 'NONE', #5645, #4697, #505, .T. ) ;
#376 = VERTEX_POINT ( 'NONE', #4565 ) ;
#377 = DIRECTION ( 'NONE',  ( 0.000000000000000000, 2.312964634635739999E-16, -1.000000000000000000 ) ) ;
#378 = CARTESIAN_POINT ( 'NONE',  ( 21.00000000000000000, 1.171572875253809931, 52.19874991318240376 ) ) ;
#379 = EDGE_CURVE ( 'NONE', #5884, #622, #3537, .T. ) ;
#380 = ORIENTED_EDGE ( 'NONE', *, *, #350, .T. ) ;
#381 = CARTESIAN_POINT ( 'NONE',  ( 21.14684164922308440, 18.99649751068967873, 51.45662734609907574 ) ) ;
#382 = DIRECTION ( 'NONE',  ( 0.000000000000000000, -1.000000000000000000, 0.000000000000000000 ) ) ;
#383 = CARTESIAN_POINT ( 'NONE',  ( 16.23367503961910074, -30.90000000000000213, -58.69775008681769890 ) ) ;
#384 = CARTESIAN_POINT ( 'NONE',  ( 1.900390656950625701, 18.79117169048539537, 52.51888526725607420 ) ) ;
#385 = EDGE_CURVE ( 'NONE', #1420, #5291, #3174, .T. ) ;
#386 = ORIENTED_EDGE ( 'NONE', *, *, #1268, .T. ) ;
#387 = DIRECTION ( 'NONE',  ( 1.000000000000000000, 0.000000000000000000, 0.000000000000000000 ) ) ;
#388 = DIRECTION ( 'NONE',  ( 0.000000000000000000, 0.000000000000000000, -1.000000000000000000 ) ) ;
#389 = DIRECTION ( 'NONE',  ( 0.000000000000000000, 0.3420201433256691015, -0.9396926207859082059 ) ) ;
#390 = CARTESIAN_POINT ( 'NONE',  ( 1.982139314954639131, -18.82202987592691912, 52.58489992059603679 ) ) ;
#391 = VECTOR ( 'NONE', #1664, 1000.000000000000000 ) ;
#392 = ORIENTED_EDGE ( 'NONE', *, *, #2076, .F. ) ;
#393 = DIRECTION ( 'NONE',  ( 0.000000000000000000, 0.000000000000000000, 1.000000000000000000 ) ) ;
#394 = ORIENTED_EDGE ( 'NONE', *, *, #4999, .F. ) ;
#395 = LINE ( 'NONE', #4183, #1163 ) ;
#396 = FACE_OUTER_BOUND ( 'NONE', #1222, .T. ) ;
#397 = ORIENTED_EDGE ( 'NONE', *, *, #1267, .T. ) ;
#398 = EDGE_LOOP ( 'NONE', ( #5883, #5744, #1907, #3967 ) ) ;
#399 = VERTEX_POINT ( 'NONE', #1384 ) ;
#400 = AXIS2_PLACEMENT_3D ( 'NONE', #326, #3543, #3571 ) ;
#401 = DIRECTION ( 'NONE',  ( 1.000000000000000000, 0.000000000000000000, 0.000000000000000000 ) ) ;
#402 = CIRCLE ( 'NONE', #696, 1.000000000000000888 ) ;
#403 = EDGE_CURVE ( 'NONE', #3907, #2165, #4537, .T. ) ;
#404 = CARTESIAN_POINT ( 'NONE',  ( 0.000000000000000000, 17.50000000000000000, -8.330231028943009264 ) ) ;
#405 = AXIS2_PLACEMENT_3D ( 'NONE', #5836, #5381, #2074 ) ;
#406 = ORIENTED_EDGE ( 'NONE', *, *, #2184, .F. ) ;
#407 = CARTESIAN_POINT ( 'NONE',  ( 21.19897681415496393, 18.99349408199285349, 51.06449721904263583 ) ) ;
#408 = CARTESIAN_POINT ( 'NONE',  ( 24.00000000000000000, 4.000000000000000000, 41.37032278843620503 ) ) ;
#409 = AXIS2_PLACEMENT_3D ( 'NONE', #5911, #310, #842 ) ;
#410 = ADVANCED_FACE ( 'NONE', ( #2351 ), #4115, .F. ) ;
#411 = DIRECTION ( 'NONE',  ( 0.000000000000000000, -1.000000000000000000, 0.000000000000000000 ) ) ;
#412 = CARTESIAN_POINT ( 'NONE',  ( 1.456457243712814931, 18.57249538791935706, 51.97840890383621826 ) ) ;
#413 = ORIENTED_EDGE ( 'NONE', *, *, #5425, .F. ) ;
#414 = CARTESIAN_POINT ( 'NONE',  ( 23.25554102171577853, 0.0002553333782997567036, 13.98032069491033802 ) ) ;
#415 = VECTOR ( 'NONE', #4297, 1000.000000000000000 ) ;
#416 = EDGE_CURVE ( 'NONE', #3578, #193, #921, .T. ) ;
#417 = EDGE_CURVE ( 'NONE', #5404, #5156, #2226, .T. ) ;
#418 = CARTESIAN_POINT ( 'NONE',  ( 0.000000000000000000, -26.39999999999999858, -58.50105008681759955 ) ) ;
#419 = EDGE_CURVE ( 'NONE', #4540, #2329, #4309, .T. ) ;
#420 = CARTESIAN_POINT ( 'NONE',  ( 2.391030259858749840, -18.93774713451094627, 52.82804144444011030 ) ) ;
#421 = ORIENTED_EDGE ( 'NONE', *, *, #966, .F. ) ;
#422 = DIRECTION ( 'NONE',  ( 0.000000000000000000, 0.3420201433256691015, -0.9396926207859082059 ) ) ;
#423 = ORIENTED_EDGE ( 'NONE', *, *, #4712, .F. ) ;
#424 = CARTESIAN_POINT ( 'NONE',  ( 14.50000000000000000, 39.39999999999999858, -51.50105008681759955 ) ) ;
#425 = AXIS2_PLACEMENT_3D ( 'NONE', #2317, #4718, #4173 ) ;
#426 = CARTESIAN_POINT ( 'NONE',  ( 24.00000000000000000, -17.50000000000000000, -8.330231028943009264 ) ) ;
#427 = ORIENTED_EDGE ( 'NONE', *, *, #5829, .F. ) ;
#428 = ORIENTED_EDGE ( 'NONE', *, *, #4601, .T. ) ;
#429 = AXIS2_PLACEMENT_3D ( 'NONE', #444, #3635, #3726 ) ;
#430 = ORIENTED_EDGE ( 'NONE', *, *, #5994, .T. ) ;
#431 = CARTESIAN_POINT ( 'NONE',  ( 24.00000000000000000, 0.000000000000000000, -26.44373421647729927 ) ) ;
#432 = DIRECTION ( 'NONE',  ( 0.000000000000000000, 0.7071067811865480168, 0.7071067811865470176 ) ) ;
#433 = LINE ( 'NONE', #2306, #4614 ) ;
#434 = ORIENTED_EDGE ( 'NONE', *, *, #4460, .T. ) ;
#435 = DIRECTION ( 'NONE',  ( 0.000000000000000000, 0.000000000000000000, -1.000000000000000000 ) ) ;
#436 = CARTESIAN_POINT ( 'NONE',  ( 21.14333530851790144, -18.99666949024589968, 50.52557775789850325 ) ) ;
#437 = DIRECTION ( 'NONE',  ( 0.000000000000000000, 1.000000000000000000, 0.000000000000000000 ) ) ;
#438 = FACE_BOUND ( 'NONE', #3288, .T. ) ;
#439 = PLANE ( 'NONE',  #5873 ) ;
#440 = VERTEX_POINT ( 'NONE', #5140 ) ;
#441 = EDGE_CURVE ( 'NONE', #4126, #3527, #177, .T. ) ;
#442 = EDGE_LOOP ( 'NONE', ( #2720, #5491, #1792, #2621 ) ) ;
#443 = PERSON_AND_ORGANIZATION ( #675, #3048 ) ;
#444 = CARTESIAN_POINT ( 'NONE',  ( 7.162924960380889772, 59.02920452126389961, -61.93475008681760130 ) ) ;
#445 = VECTOR ( 'NONE', #145, 1000.000000000000000 ) ;
#446 = CARTESIAN_POINT ( 'NONE',  ( 24.00000000000000000, 6.828427124746180077, 44.19874991318239665 ) ) ;
#447 = CARTESIAN_POINT ( 'NONE',  ( 2.767038093623659378, -19.00000000000000355, 49.03188859151148193 ) ) ;
#448 = EDGE_CURVE ( 'NONE', #4697, #5921, #5695, .T. ) ;
#449 = ORIENTED_EDGE ( 'NONE', *, *, #4629, .T. ) ;
#450 = FACE_OUTER_BOUND ( 'NONE', #874, .T. ) ;
#451 = CARTESIAN_POINT ( 'NONE',  ( 11.95199776687860016, 39.39999999999999858, -51.50105008681759955 ) ) ;
#452 = DIRECTION ( 'NONE',  ( 0.000000000000000000, -1.000000000000000000, 5.782411586589360597E-16 ) ) ;
#453 = DIRECTION ( 'NONE',  ( 0.000000000000000000, 1.000000000000000000, 0.000000000000000000 ) ) ;
#454 = CIRCLE ( 'NONE', #3854, 3.000000000000000000 ) ;
#455 = AXIS2_PLACEMENT_3D ( 'NONE', #1088, #5732, #2455 ) ;
#456 = ORIENTED_EDGE ( 'NONE', *, *, #448, .T. ) ;
#457 = EDGE_CURVE ( 'NONE', #3157, #5551, #625, .T. ) ;
#458 = ORIENTED_EDGE ( 'NONE', *, *, #1571, .F. ) ;
#459 = AXIS2_PLACEMENT_3D ( 'NONE', #98, #4377, #4765 ) ;
#460 = ORIENTED_EDGE ( 'NONE', *, *, #4056, .F. ) ;
#461 = DIRECTION ( 'NONE',  ( 0.000000000000000000, 0.000000000000000000, -1.000000000000000000 ) ) ;
#462 = DIRECTION ( 'NONE',  ( 0.000000000000000000, 0.000000000000000000, -1.000000000000000000 ) ) ;
#463 = DIRECTION ( 'NONE',  ( 0.000000000000000000, 0.000000000000000000, -1.000000000000000000 ) ) ;
#464 = ORIENTED_EDGE ( 'NONE', *, *, #5036, .F. ) ;
#465 = CARTESIAN_POINT ( 'NONE',  ( 1.242640687119286103, -33.90000000000000568, -44.61744750750960264 ) ) ;
#466 = CARTESIAN_POINT ( 'NONE',  ( 11.69829999999999970, -26.39999999999999858, -59.34215422574949628 ) ) ;
#467 = PLANE ( 'NONE',  #2629 ) ;
#468 = FACE_OUTER_BOUND ( 'NONE', #5093, .T. ) ;
#469 = CARTESIAN_POINT ( 'NONE',  ( 21.00000000000000000, -4.000000000000000000, 41.37032278843620503 ) ) ;
#470 = ORIENTED_EDGE ( 'NONE', *, *, #4861, .T. ) ;
#471 = ORIENTED_EDGE ( 'NONE', *, *, #1378, .F. ) ;
#472 = PERSON_AND_ORGANIZATION ( #675, #3048 ) ;
#473 = DIRECTION ( 'NONE',  ( 0.000000000000000000, 1.000000000000000000, 0.000000000000000000 ) ) ;
#474 = CARTESIAN_POINT ( 'NONE',  ( 24.00000000000000000, -1.171572875253809931, 52.19874991318240376 ) ) ;
#475 = CARTESIAN_POINT ( 'NONE',  ( 1.238860964529654218, -18.42866216672652158, 51.39110933649547519 ) ) ;
#476 = EDGE_CURVE ( 'NONE', #1798, #654, #2022, .T. ) ;
#477 = EDGE_LOOP ( 'NONE', ( #4914, #3981, #3183, #2955 ) ) ;
#478 = DIRECTION ( 'NONE',  ( 0.000000000000000000, -1.000000000000000000, -2.891205793294680298E-16 ) ) ;
#479 = EDGE_LOOP ( 'NONE', ( #1451, #5284, #5259, #5817 ) ) ;
#480 = FACE_OUTER_BOUND ( 'NONE', #289, .T. ) ;
#481 = AXIS2_PLACEMENT_3D ( 'NONE', #5696, #83, #111 ) ;
#482 = CARTESIAN_POINT ( 'NONE',  ( 21.00000000000000000, 20.50000000000000000, 32.19874991318239665 ) ) ;
#483 = ADVANCED_FACE ( 'NONE', ( #3361 ), #2386, .F. ) ;
#484 = EDGE_LOOP ( 'NONE', ( #3834, #5023, #5862, #41 ) ) ;
#485 = EDGE_LOOP ( 'NONE', ( #2178, #4793, #1253, #4640 ) ) ;
#486 = ORIENTED_EDGE ( 'NONE', *, *, #1787, .F. ) ;
#487 = CARTESIAN_POINT ( 'NONE',  ( 19.19999999999999929, 19.00000000000000000, 52.99844991318239806 ) ) ;
#488 = LINE ( 'NONE', #5946, #1000 ) ;
#489 = EDGE_CURVE ( 'NONE', #918, #153, #4662, .T. ) ;
#490 = ADVANCED_FACE ( 'NONE', ( #1565 ), #5207, .F. ) ;
#491 = EDGE_CURVE ( 'NONE', #1580, #4599, #658, .T. ) ;
#492 = CARTESIAN_POINT ( 'NONE',  ( 3.200000000000000178, 16.35000000000000142, 51.99844991318239806 ) ) ;
#493 = ORIENTED_EDGE ( 'NONE', *, *, #276, .T. ) ;
#494 = CARTESIAN_POINT ( 'NONE',  ( 11.69829999999999970, 33.89999999999999858, -59.34215422574949628 ) ) ;
#495 = DIRECTION ( 'NONE',  ( 0.000000000000000000, 0.000000000000000000, 1.000000000000000000 ) ) ;
#496 = DIRECTION ( 'NONE',  ( 0.000000000000000000, 5.361613695501830012E-16, -1.000000000000000000 ) ) ;
#497 = AXIS2_PLACEMENT_3D ( 'NONE', #494, #3809, #3775 ) ;
#498 = DIRECTION ( 'NONE',  ( 0.000000000000000000, -1.000000000000000000, 0.000000000000000000 ) ) ;
#499 = CIRCLE ( 'NONE', #1279, 2.000000000000001776 ) ;
#500 = VERTEX_POINT ( 'NONE', #592 ) ;
#501 = ORIENTED_EDGE ( 'NONE', *, *, #3632, .T. ) ;
#502 = CIRCLE ( 'NONE', #707, 2.999999999999999112 ) ;
#503 = DIRECTION ( 'NONE',  ( -1.000000000000000000, 0.000000000000000000, 0.000000000000000000 ) ) ;
#504 = DIRECTION ( 'NONE',  ( 0.000000000000000000, -0.7071067811865470176, -0.7071067811865480168 ) ) ;
#505 = LINE ( 'NONE', #2715, #2570 ) ;
#506 = CARTESIAN_POINT ( 'NONE',  ( 24.00000000000000000, 1.171572875253809931, 44.19874991318239665 ) ) ;
#507 = CARTESIAN_POINT ( 'NONE',  ( 1.247545453409609983, -18.43496096306117593, 51.43219232656792173 ) ) ;
#508 = ORIENTED_EDGE ( 'NONE', *, *, #4960, .T. ) ;
#509 = DIRECTION ( 'NONE',  ( 0.000000000000000000, -1.000000000000000000, 0.000000000000000000 ) ) ;
#510 = ORIENTED_EDGE ( 'NONE', *, *, #2413, .F. ) ;
#511 = DIRECTION ( 'NONE',  ( 0.000000000000000000, -5.782411586589360597E-16, -1.000000000000000000 ) ) ;
#512 = CARTESIAN_POINT ( 'NONE',  ( 3.000000000000000000, -16.00000000000000000, 60.19874991318240376 ) ) ;
#513 = ORIENTED_EDGE ( 'NONE', *, *, #2644, .T. ) ;
#514 = VECTOR ( 'NONE', #5219, 1000.000000000000000 ) ;
#515 = ORIENTED_EDGE ( 'NONE', *, *, #2536, .F. ) ;
#516 = ADVANCED_FACE ( 'NONE', ( #1076 ), #2842, .F. ) ;
#517 = CIRCLE ( 'NONE', #1205, 12.00000000000000000 ) ;
#518 = ORIENTED_EDGE ( 'NONE', *, *, #1851, .F. ) ;
#519 = DIRECTION ( 'NONE',  ( -1.000000000000000000, 0.000000000000000000, 0.000000000000000000 ) ) ;
#520 = DIRECTION ( 'NONE',  ( 1.000000000000000000, 0.000000000000000000, 0.000000000000000000 ) ) ;
#521 = AXIS2_PLACEMENT_3D ( 'NONE', #3919, #3858, #5700 ) ;
#522 = CARTESIAN_POINT ( 'NONE',  ( 24.00000000000000000, 6.828427124746190735, 44.19874991318239665 ) ) ;
#523 = EDGE_CURVE ( 'NONE', #4172, #3973, #4689, .T. ) ;
#524 = ADVANCED_FACE ( 'NONE', ( #535 ), #3882, .F. ) ;
#525 = VERTEX_POINT ( 'NONE', #3299 ) ;
#526 = CARTESIAN_POINT ( 'NONE',  ( 21.17935969934076823, -18.99471755727916999, 51.28770548352648717 ) ) ;
#527 = FACE_OUTER_BOUND ( 'NONE', #3553, .T. ) ;
#528 = CARTESIAN_POINT ( 'NONE',  ( 16.23367503961910074, 33.89999999999999858, -61.93475008681769367 ) ) ;
#529 = CARTESIAN_POINT ( 'NONE',  ( 24.00000000000000000, 20.50000000000000000, -7.801250086817620222 ) ) ;
#530 = ORIENTED_EDGE ( 'NONE', *, *, #245, .T. ) ;
#531 = EDGE_CURVE ( 'NONE', #1395, #5489, #4267, .T. ) ;
#532 = VERTEX_POINT ( 'NONE', #2874 ) ;
#533 = DIRECTION ( 'NONE',  ( -1.000000000000000000, 0.000000000000000000, 0.000000000000000000 ) ) ;
#534 = DIRECTION ( 'NONE',  ( -1.000000000000000000, 0.000000000000000000, 0.000000000000000000 ) ) ;
#535 = FACE_OUTER_BOUND ( 'NONE', #4033, .T. ) ;
#536 = LINE ( 'NONE', #5628, #1458 ) ;
#537 = CARTESIAN_POINT ( 'NONE',  ( 1.969839990739524760, -18.81755525357832326, 49.42151775363331723 ) ) ;
#538 = CIRCLE ( 'NONE', #4512, 2.000000000000001776 ) ;
#539 = VERTEX_POINT ( 'NONE', #3331 ) ;
#540 = DIRECTION ( 'NONE',  ( 0.000000000000000000, -2.891205793294677833E-16, 1.000000000000000000 ) ) ;
#541 = DIRECTION ( 'NONE',  ( 1.000000000000000000, 0.000000000000000000, 0.000000000000000000 ) ) ;
#542 = DIRECTION ( 'NONE',  ( 0.000000000000000000, 1.000000000000000000, 0.000000000000000000 ) ) ;
#543 = CARTESIAN_POINT ( 'NONE',  ( 11.69829999999999970, 33.89999999999999858, -62.55325008681771237 ) ) ;
#544 = ORIENTED_EDGE ( 'NONE', *, *, #1742, .T. ) ;
#545 = ORIENTED_EDGE ( 'NONE', *, *, #2599, .T. ) ;
#546 = VERTEX_POINT ( 'NONE', #2510 ) ;
#547 = AXIS2_PLACEMENT_3D ( 'NONE', #1617, #259, #791 ) ;
#548 = CARTESIAN_POINT ( 'NONE',  ( 16.23367503961910074, -30.90000000000000213, -63.93475008681769367 ) ) ;
#549 = CARTESIAN_POINT ( 'NONE',  ( 3.200000000000000178, -19.00000000000000000, 50.99844991318239806 ) ) ;
#550 = ADVANCED_FACE ( 'NONE', ( #5662 ), #4329, .F. ) ;
#551 = VECTOR ( 'NONE', #3448, 1000.000000000000000 ) ;
#552 = VECTOR ( 'NONE', #3557, 1000.000000000000000 ) ;
#553 = EDGE_LOOP ( 'NONE', ( #2408, #3587, #3365, #1878 ) ) ;
#554 = DIRECTION ( 'NONE',  ( -1.000000000000000000, 0.000000000000000000, 0.000000000000000000 ) ) ;
#555 = CARTESIAN_POINT ( 'NONE',  ( 16.23367503961910074, -33.89999999999999858, -56.69775008681769890 ) ) ;
#556 = DIRECTION ( 'NONE',  ( 0.000000000000000000, -1.000000000000000000, 0.000000000000000000 ) ) ;
#557 = CARTESIAN_POINT ( 'NONE',  ( 24.00000000000000000, -1.171572875253809931, 44.19874991318239665 ) ) ;
#558 = EDGE_CURVE ( 'NONE', #4943, #5489, #5346, .T. ) ;
#559 = VERTEX_POINT ( 'NONE', #562 ) ;
#560 = FACE_OUTER_BOUND ( 'NONE', #938, .T. ) ;
#561 = DIRECTION ( 'NONE',  ( 0.000000000000000000, -0.7071067811865480168, 0.7071067811865470176 ) ) ;
#562 = CARTESIAN_POINT ( 'NONE',  ( 24.00000000000000000, 6.828427124746180077, 52.19874991318240376 ) ) ;
#563 = CARTESIAN_POINT ( 'NONE',  ( 0.000000000000000000, 19.00000000000000000, 60.19874991318240376 ) ) ;
#564 = CARTESIAN_POINT ( 'NONE',  ( 1.378427362301236636, -18.52425003126224112, 50.17046503224039355 ) ) ;
#565 = ADVANCED_FACE ( 'NONE', ( #2411 ), #2446, .F. ) ;
#566 = EDGE_CURVE ( 'NONE', #5404, #4366, #876, .T. ) ;
#567 = ORIENTED_EDGE ( 'NONE', *, *, #105, .F. ) ;
#568 = VERTEX_POINT ( 'NONE', #4476 ) ;
#569 = DIRECTION ( 'NONE',  ( 0.000000000000000000, 0.000000000000000000, 1.000000000000000000 ) ) ;
#570 = CARTESIAN_POINT ( 'NONE',  ( 3.200000000000000622, 19.00000000000000000, 52.99844991318239806 ) ) ;
#571 = DIRECTION ( 'NONE',  ( 0.000000000000000000, 0.000000000000000000, -1.000000000000000000 ) ) ;
#572 = LINE ( 'NONE', #5997, #2008 ) ;
#573 = ORIENTED_EDGE ( 'NONE', *, *, #566, .F. ) ;
#574 = AXIS2_PLACEMENT_3D ( 'NONE', #1758, #1306, #4667 ) ;
#575 = ORIENTED_EDGE ( 'NONE', *, *, #1749, .T. ) ;
#576 = VERTEX_POINT ( 'NONE', #5870 ) ;
#577 = FACE_OUTER_BOUND ( 'NONE', #3585, .T. ) ;
#578 = DIRECTION ( 'NONE',  ( 0.000000000000000000, 1.000000000000000000, 0.000000000000000000 ) ) ;
#579 = FACE_OUTER_BOUND ( 'NONE', #5458, .T. ) ;
#580 = CARTESIAN_POINT ( 'NONE',  ( 20.00000000000000000, 33.89999999999999858, -45.00105008681759955 ) ) ;
#581 = AXIS2_PLACEMENT_3D ( 'NONE', #3487, #3977, #1635 ) ;
#582 = VERTEX_POINT ( 'NONE', #1716 ) ;
#583 = CARTESIAN_POINT ( 'NONE',  ( 11.69829999999999970, 30.90000000000000213, -62.55325008681771237 ) ) ;
#584 = CARTESIAN_POINT ( 'NONE',  ( 3.200000000000000178, -16.35000000000000142, 50.99844991318239806 ) ) ;
#585 = DIRECTION ( 'NONE',  ( 0.000000000000000000, 0.000000000000000000, 1.000000000000000000 ) ) ;
#586 = FACE_BOUND ( 'NONE', #5623, .T. ) ;
#587 = ORIENTED_EDGE ( 'NONE', *, *, #5379, .T. ) ;
#588 = CARTESIAN_POINT ( 'NONE',  ( 0.000000000000000000, -18.79385241571819876, -19.60333134996399806 ) ) ;
#589 = ADVANCED_FACE ( 'NONE', ( #749, #3910 ), #723, .F. ) ;
#590 = AXIS2_PLACEMENT_3D ( 'NONE', #4299, #1988, #2083 ) ;
#591 = DIRECTION ( 'NONE',  ( -1.000000000000000000, 0.000000000000000000, 0.000000000000000000 ) ) ;
#592 = CARTESIAN_POINT ( 'NONE',  ( 21.00000000000000000, 4.000000000000000000, 49.37032278843619792 ) ) ;
#593 = DIRECTION ( 'NONE',  ( 0.000000000000000000, 1.000000000000000000, 0.000000000000000000 ) ) ;
#594 = VECTOR ( 'NONE', #2311, 1000.000000000000227 ) ;
#595 = CARTESIAN_POINT ( 'NONE',  ( 1.554368058932058094, 18.62899376579721533, 49.86143939963909588 ) ) ;
#596 = ORIENTED_EDGE ( 'NONE', *, *, #4397, .T. ) ;
#597 = VECTOR ( 'NONE', #5863, 1000.000000000000000 ) ;
#598 = EDGE_CURVE ( 'NONE', #4097, #1684, #3510, .T. ) ;
#599 = ADVANCED_FACE ( 'NONE', ( #5843 ), #2167, .F. ) ;
#600 = ADVANCED_FACE ( 'NONE', ( #239, #4393, #2601 ), #805, .F. ) ;
#601 = ORIENTED_EDGE ( 'NONE', *, *, #3238, .T. ) ;
#602 = CARTESIAN_POINT ( 'NONE',  ( 11.69829999999999970, 33.89999999999999858, -52.07925008681760204 ) ) ;
#603 = DIRECTION ( 'NONE',  ( 0.000000000000000000, 1.000000000000000000, 0.000000000000000000 ) ) ;
#604 = CARTESIAN_POINT ( 'NONE',  ( 7.162924960380900430, 30.90000000000000213, -56.69775008681759942 ) ) ;
#605 = DIRECTION ( 'NONE',  ( 0.000000000000000000, 0.000000000000000000, 1.000000000000000000 ) ) ;
#606 = VECTOR ( 'NONE', #213, 1000.000000000000000 ) ;
#607 = VERTEX_POINT ( 'NONE', #4840 ) ;
#608 = ORIENTED_EDGE ( 'NONE', *, *, #4397, .F. ) ;
#609 = ORIENTED_EDGE ( 'NONE', *, *, #1077, .T. ) ;
#610 = LINE ( 'NONE', #4730, #1098 ) ;
#611 = DIRECTION ( 'NONE',  ( 0.000000000000000000, -1.000000000000000000, 0.000000000000000000 ) ) ;
#612 = CARTESIAN_POINT ( 'NONE',  ( 0.000000000000000000, -30.90000000000000213, -45.14642844963499613 ) ) ;
#613 = AXIS2_PLACEMENT_3D ( 'NONE', #1764, #4838, #2963 ) ;
#614 = FACE_OUTER_BOUND ( 'NONE', #1606, .T. ) ;
#615 = AXIS2_PLACEMENT_3D ( 'NONE', #2524, #4255, #611 ) ;
#616 = ORIENTED_EDGE ( 'NONE', *, *, #4153, .F. ) ;
#617 = LOCAL_TIME ( 10, 50, 14.00000000000000000, #3234 ) ;
#618 = DIRECTION ( 'NONE',  ( -1.000000000000000000, 0.000000000000000000, 0.000000000000000000 ) ) ;
#619 = DIRECTION ( 'NONE',  ( -1.000000000000000000, 0.000000000000000000, 0.000000000000000000 ) ) ;
#620 = DIRECTION ( 'NONE',  ( 0.000000000000000000, 0.000000000000000000, 1.000000000000000000 ) ) ;
#621 = DIRECTION ( 'NONE',  ( 0.000000000000000000, 1.000000000000000000, 0.000000000000000000 ) ) ;
#622 = VERTEX_POINT ( 'NONE', #1628 ) ;
#623 = CARTESIAN_POINT ( 'NONE',  ( 24.00000000000000000, 32.65735931288071470, -44.83655858797484228 ) ) ;
#624 = CARTESIAN_POINT ( 'NONE',  ( 24.00000000000000000, -0.1499999999999999944, 23.99874991318240092 ) ) ;
#625 = LINE ( 'NONE', #5236, #5071 ) ;
#626 = CARTESIAN_POINT ( 'NONE',  ( 11.69829999999999970, 30.90000000000000213, -65.55325008681771237 ) ) ;
#627 = EDGE_CURVE ( 'NONE', #2754, #2519, #5783, .T. ) ;
#628 = VERTEX_POINT ( 'NONE', #5388 ) ;
#629 = B_SPLINE_CURVE_WITH_KNOTS ( 'NONE', 3,
 ( #1403, #2735, #1822, #4587, #3256, #831, #2278, #2682, #436, #5528, #1373, #5069, #914, #5102, #2657, #4506, #357, #4649, #101, #5588, #3289, #526, #5197, #2403, #3323, #1435, #4229, #946, #4201, #3353, #5167 ),
 .UNSPECIFIED., .F., .F.,
 ( 4, 2, 2, 1, 2, 2, 2, 2, 2, 2, 2, 2, 1, 1, 2, 2, 4 ),
 ( 0.000000000000000000, 0.1250000000000756339, 0.1875000000001124378, 0.2187500000001308675, 0.2343750000001406653, 0.2500000000001504907, 0.3750000000002345901, 0.4375000000002762790, 0.4687500000002972622, 0.5000000000003183009, 0.6250000000003643752, 0.6875000000003814726, 0.7187500000003840261, 0.7343750000003853584, 0.7421875000003808065, 0.7500000000003761436, 1.000000000000000000 ),
 .UNSPECIFIED. ) ;
#630 = ORIENTED_EDGE ( 'NONE', *, *, #5747, .T. ) ;
#631 = DIRECTION ( 'NONE',  ( 0.000000000000000000, 0.000000000000000000, -1.000000000000000000 ) ) ;
#632 = CARTESIAN_POINT ( 'NONE',  ( 11.69829999999999970, 26.39999999999999858, -54.07925008681760204 ) ) ;
#633 = DIRECTION ( 'NONE',  ( -1.000000000000000000, 0.000000000000000000, 0.000000000000000000 ) ) ;
#634 = DIRECTION ( 'NONE',  ( 0.000000000000000000, 1.000000000000000000, 0.000000000000000000 ) ) ;
#635 = EDGE_CURVE ( 'NONE', #4516, #5323, #4899, .T. ) ;
#636 = ADVANCED_FACE ( 'NONE', ( #4956 ), #4422, .F. ) ;
#637 = EDGE_LOOP ( 'NONE', ( #3514, #962, #4980, #449 ) ) ;
#638 = ORIENTED_EDGE ( 'NONE', *, *, #4960, .F. ) ;
#639 = CARTESIAN_POINT ( 'NONE',  ( 11.69829999999999970, 30.90000000000000213, -63.55325008681771237 ) ) ;
#640 = DIRECTION ( 'NONE',  ( 1.000000000000000000, 0.000000000000000000, 0.000000000000000000 ) ) ;
#641 = DIRECTION ( 'NONE',  ( 0.000000000000000000, -1.000000000000000000, 0.000000000000000000 ) ) ;
#642 = CARTESIAN_POINT ( 'NONE',  ( 11.69829999999999970, -30.90000000000000213, -53.07925008681760204 ) ) ;
#643 = EDGE_CURVE ( 'NONE', #4057, #5517, #1655, .T. ) ;
#644 = ORIENTED_EDGE ( 'NONE', *, *, #1678, .T. ) ;
#645 = ORIENTED_EDGE ( 'NONE', *, *, #840, .F. ) ;
#646 = DIRECTION ( 'NONE',  ( 0.000000000000000000, 0.000000000000000000, 1.000000000000000000 ) ) ;
#647 = CARTESIAN_POINT ( 'NONE',  ( 3.000000000000000000, 30.90000000000000213, -58.50105008681759955 ) ) ;
#648 = CARTESIAN_POINT ( 'NONE',  ( 24.00000000000000000, 20.50000000000000000, 32.19874991318239665 ) ) ;
#649 = CARTESIAN_POINT ( 'NONE',  ( 7.162924960380889772, -33.89999999999999858, -59.93475008681759419 ) ) ;
#650 = CIRCLE ( 'NONE', #1715, 3.000000000000000000 ) ;
#651 = CIRCLE ( 'NONE', #1140, 12.00000000000000355 ) ;
#652 = AXIS2_PLACEMENT_3D ( 'NONE', #4038, #5859, #3589 ) ;
#653 = VECTOR ( 'NONE', #666, 1000.000000000000000 ) ;
#654 = VERTEX_POINT ( 'NONE', #1262 ) ;
#655 = FACE_OUTER_BOUND ( 'NONE', #254, .T. ) ;
#656 = AXIS2_PLACEMENT_3D ( 'NONE', #3406, #1524, #2954 ) ;
#657 = DIRECTION ( 'NONE',  ( 0.000000000000000000, 0.000000000000000000, -1.000000000000000000 ) ) ;
#658 = LINE ( 'NONE', #2476, #4078 ) ;
#659 = DIRECTION ( 'NONE',  ( 0.000000000000000000, 0.7071067811865480168, -0.7071067811865470176 ) ) ;
#660 = DIRECTION ( 'NONE',  ( 0.000000000000000000, 1.000000000000000000, 0.000000000000000000 ) ) ;
#661 = ORIENTED_EDGE ( 'NONE', *, *, #4089, .T. ) ;
#662 = VERTEX_POINT ( 'NONE', #1173 ) ;
#663 = DIRECTION ( 'NONE',  ( 0.000000000000000000, -6.938893903907229610E-17, 1.000000000000000000 ) ) ;
#664 = FACE_OUTER_BOUND ( 'NONE', #484, .T. ) ;
#665 = ADVANCED_FACE ( 'NONE', ( #3026 ), #4872, .F. ) ;
#666 = DIRECTION ( 'NONE',  ( 0.000000000000000000, -1.734723475976809806E-16, -1.000000000000000000 ) ) ;
#667 = DIRECTION ( 'NONE',  ( -1.000000000000000000, 0.000000000000000000, 0.000000000000000000 ) ) ;
#668 = ORIENTED_EDGE ( 'NONE', *, *, #2737, .T. ) ;
#669 = ORIENTED_EDGE ( 'NONE', *, *, #3093, .F. ) ;
#670 = DIRECTION ( 'NONE',  ( 0.000000000000000000, 1.000000000000000000, 0.000000000000000000 ) ) ;
#671 = CARTESIAN_POINT ( 'NONE',  ( 16.23367503961910074, -26.39999999999999858, -56.69775008681769890 ) ) ;
#672 = ADVANCED_FACE ( 'NONE', ( #271 ), #2112, .F. ) ;
#673 = DIRECTION ( 'NONE',  ( 0.000000000000000000, 1.000000000000000000, 0.000000000000000000 ) ) ;
#674 = FACE_OUTER_BOUND ( 'NONE', #1356, .T. ) ;
#675 = PERSON ( '未指定', '未指定', '未指定', ('未指定'), ('未指定'), ('未指定') ) ;
#676 = ORIENTED_EDGE ( 'NONE', *, *, #4530, .F. ) ;
#677 = ORIENTED_EDGE ( 'NONE', *, *, #2737, .F. ) ;
#678 = EDGE_CURVE ( 'NONE', #1397, #4540, #297, .T. ) ;
#679 = EDGE_CURVE ( 'NONE', #823, #3313, #4178, .T. ) ;
#680 = ADVANCED_FACE ( 'NONE', ( #2051 ), #3656, .F. ) ;
#681 = FACE_OUTER_BOUND ( 'NONE', #1931, .T. ) ;
#682 = FACE_OUTER_BOUND ( 'NONE', #3955, .T. ) ;
#683 = LINE ( 'NONE', #648, #5147 ) ;
#684 = CIRCLE ( 'NONE', #2806, 8.999999999999998224 ) ;
#685 = FACE_OUTER_BOUND ( 'NONE', #3982, .T. ) ;
#686 = ORIENTED_EDGE ( 'NONE', *, *, #4257, .F. ) ;
#687 = VECTOR ( 'NONE', #3332, 1000.000000000000000 ) ;
#688 = CARTESIAN_POINT ( 'NONE',  ( 16.23367503961910074, -30.90000000000000213, -56.69775008681769890 ) ) ;
#689 = DIRECTION ( 'NONE',  ( 0.000000000000000000, 1.000000000000000000, 0.000000000000000000 ) ) ;
#690 = DIRECTION ( 'NONE',  ( -0.000000000000000000, 1.000000000000000000, 0.000000000000000000 ) ) ;
#691 = CARTESIAN_POINT ( 'NONE',  ( 21.00000000000000000, 16.00000000000000000, -26.44373421647729927 ) ) ;
#692 = CARTESIAN_POINT ( 'NONE',  ( 1.902318309402170726, 18.79228649460455713, 49.47541916224091096 ) ) ;
#693 = ORIENTED_EDGE ( 'NONE', *, *, #3789, .F. ) ;
#694 = CIRCLE ( 'NONE', #497, 2.000000000000001776 ) ;
#695 = ORIENTED_EDGE ( 'NONE', *, *, #5677, .F. ) ;
#696 = AXIS2_PLACEMENT_3D ( 'NONE', #2866, #4801, #4355 ) ;
#697 = DIRECTION ( 'NONE',  ( 0.000000000000000000, 0.000000000000000000, -1.000000000000000000 ) ) ;
#698 = CARTESIAN_POINT ( 'NONE',  ( 7.162924960380900430, 30.90000000000000213, -56.69775008681759942 ) ) ;
#699 = CARTESIAN_POINT ( 'NONE',  ( 16.23367503961910074, 33.89999999999999858, -54.69775008681769179 ) ) ;
#700 = CARTESIAN_POINT ( 'NONE',  ( 7.806246455814020102, 36.39999999999999858, -41.50105008681759955 ) ) ;
#701 = CIRCLE ( 'NONE', #1949, 1.000000000000000888 ) ;
#702 = AXIS2_PLACEMENT_3D ( 'NONE', #265, #4866, #3050 ) ;
#703 = ORIENTED_EDGE ( 'NONE', *, *, #2039, .F. ) ;
#704 = ORIENTED_EDGE ( 'NONE', *, *, #159, .F. ) ;
#705 = CARTESIAN_POINT ( 'NONE',  ( 21.00000000000000000, 11.50000000000000000, 60.19874991318240376 ) ) ;
#706 = DIRECTION ( 'NONE',  ( 0.000000000000000000, 1.000000000000000000, 0.000000000000000000 ) ) ;
#707 = AXIS2_PLACEMENT_3D ( 'NONE', #3220, #877, #519 ) ;
#708 = DIRECTION ( 'NONE',  ( 0.000000000000000000, 0.000000000000000000, -1.000000000000000000 ) ) ;
#709 = CARTESIAN_POINT ( 'NONE',  ( 11.69829999999999970, -64.90997688364261364, -54.07925008681760204 ) ) ;
#710 = ORIENTED_EDGE ( 'NONE', *, *, #5481, .T. ) ;
#711 = EDGE_CURVE ( 'NONE', #5921, #1639, #886, .T. ) ;
#712 = ORIENTED_EDGE ( 'NONE', *, *, #3780, .T. ) ;
#713 = AXIS2_PLACEMENT_3D ( 'NONE', #798, #3133, #347 ) ;
#714 = CARTESIAN_POINT ( 'NONE',  ( 12.00000000000000000, 30.90000000000000213, -58.50105008681759955 ) ) ;
#715 = CARTESIAN_POINT ( 'NONE',  ( 0.000000000000000000, -17.50000000000000000, -8.330231028943019922 ) ) ;
#716 = DIRECTION ( 'NONE',  ( 0.000000000000000000, 1.000000000000000000, 0.000000000000000000 ) ) ;
#717 = AXIS2_PLACEMENT_3D ( 'NONE', #1063, #4731, #5738 ) ;
#718 = EDGE_CURVE ( 'NONE', #3614, #5566, #4167, .T. ) ;
#719 = ADVANCED_FACE ( 'NONE', ( #4053, #1741 ), #5980, .F. ) ;
#720 = ORIENTED_EDGE ( 'NONE', *, *, #4819, .T. ) ;
#721 = VECTOR ( 'NONE', #1476, 1000.000000000000227 ) ;
#722 = CARTESIAN_POINT ( 'NONE',  ( 0.000000000000000000, -11.84999999999999964, 23.99874991318240092 ) ) ;
#723 = PLANE ( 'NONE',  #400 ) ;
#724 = CIRCLE ( 'NONE', #2467, 2.000000000000001776 ) ;
#725 = CARTESIAN_POINT ( 'NONE',  ( 1.571267722879462037, 0.0001444460312013628154, 14.64636130331363084 ) ) ;
#726 = CARTESIAN_POINT ( 'NONE',  ( 1.722043744633119156, 18.71414552052302938, 49.65098333243019368 ) ) ;
#727 = CIRCLE ( 'NONE', #4684, 1.000000000000000888 ) ;
#728 = EDGE_CURVE ( 'NONE', #1336, #2057, #9, .T. ) ;
#729 = ORIENTED_EDGE ( 'NONE', *, *, #152, .F. ) ;
#730 = CIRCLE ( 'NONE', #3830, 1.000000000000000888 ) ;
#731 = ORIENTED_EDGE ( 'NONE', *, *, #1332, .T. ) ;
#732 = LINE ( 'NONE', #303, #1297 ) ;
#733 = DIRECTION ( 'NONE',  ( 0.000000000000000000, -0.3420201433256691015, 0.9396926207859082059 ) ) ;
#734 = DIRECTION ( 'NONE',  ( 0.6614378277661479011, -0.7499999999999997780, 0.000000000000000000 ) ) ;
#735 = DIRECTION ( 'NONE',  ( 0.000000000000000000, -1.000000000000000000, -7.709882115452480139E-16 ) ) ;
#736 = EDGE_LOOP ( 'NONE', ( #3216, #1547, #2537, #2839, #3953 ) ) ;
#737 = EDGE_LOOP ( 'NONE', ( #5736, #3552, #2618, #4876 ) ) ;
#738 = CARTESIAN_POINT ( 'NONE',  ( 11.69829999999999970, 30.90000000000000213, -52.07925008681760204 ) ) ;
#739 = ORIENTED_EDGE ( 'NONE', *, *, #3125, .T. ) ;
#740 = CYLINDRICAL_SURFACE ( 'NONE', #934, 1.000000000000000888 ) ;
#741 = ORIENTED_EDGE ( 'NONE', *, *, #5321, .T. ) ;
#742 = EDGE_LOOP ( 'NONE', ( #795, #1409 ) ) ;
#743 = DIRECTION ( 'NONE',  ( 0.000000000000000000, -1.000000000000000000, 5.782411586589360597E-16 ) ) ;
#744 = EDGE_CURVE ( 'NONE', #25, #4214, #2194, .T. ) ;
#745 = CARTESIAN_POINT ( 'NONE',  ( 12.00000000000000000, -33.89999999999999858, -70.50105008681759955 ) ) ;
#746 = CARTESIAN_POINT ( 'NONE',  ( 24.00000000000000000, -19.00000000000000000, 32.19874991318239665 ) ) ;
#747 = ORIENTED_EDGE ( 'NONE', *, *, #379, .T. ) ;
#748 = CARTESIAN_POINT ( 'NONE',  ( 24.00000000000000000, 16.00000000000000000, 32.19874991318239665 ) ) ;
#749 = FACE_OUTER_BOUND ( 'NONE', #1671, .T. ) ;
#750 = EDGE_CURVE ( 'NONE', #5674, #4129, #3992, .T. ) ;
#751 = DIRECTION ( 'NONE',  ( 0.000000000000000000, 0.000000000000000000, -1.000000000000000000 ) ) ;
#752 = CARTESIAN_POINT ( 'NONE',  ( 1.503254066712653714, 18.59995516937827276, 49.93964931682629782 ) ) ;
#753 = ORIENTED_EDGE ( 'NONE', *, *, #5029, .F. ) ;
#754 = AXIS2_PLACEMENT_3D ( 'NONE', #3991, #3137, #2678 ) ;
#755 = DIRECTION ( 'NONE',  ( 0.000000000000000000, 0.7071067811865470176, -0.7071067811865480168 ) ) ;
#756 = DIRECTION ( 'NONE',  ( 0.000000000000000000, 0.000000000000000000, -1.000000000000000000 ) ) ;
#757 = ADVANCED_FACE ( 'NONE', ( #3196, #4533 ), #1319, .F. ) ;
#758 = LINE ( 'NONE', #4031, #1828 ) ;
#759 = EDGE_CURVE ( 'NONE', #3853, #1820, #5444, .T. ) ;
#760 = CARTESIAN_POINT ( 'NONE',  ( 1.812501700029449880, -18.75497871149952189, 52.43927276888662448 ) ) ;
#761 = ORIENTED_EDGE ( 'NONE', *, *, #5719, .F. ) ;
#762 = B_SPLINE_CURVE_WITH_KNOTS ( 'NONE', 3,
 ( #4847, #2549, #4401, #251, #2090, #3950, #5957, #414, #3203, #4144, #2746, #1777, #20, #4085 ),
 .UNSPECIFIED., .F., .F.,
 ( 4, 2, 2, 2, 2, 2, 4 ),
 ( 0.000000000000000000, 0.2500000000000026645, 0.3750000000000039968, 0.4375000000000046629, 0.5000000000000053291, 0.7500000000000026645, 1.000000000000000000 ),
 .UNSPECIFIED. ) ;
#763 = ORIENTED_EDGE ( 'NONE', *, *, #4161, .F. ) ;
#764 = CARTESIAN_POINT ( 'NONE',  ( 21.00000000000000000, 11.50000000000000000, 48.99874991318240092 ) ) ;
#765 = ORIENTED_EDGE ( 'NONE', *, *, #1202, .F. ) ;
#766 = DIRECTION ( 'NONE',  ( 0.000000000000000000, 1.000000000000000000, 0.000000000000000000 ) ) ;
#767 = B_SPLINE_CURVE_WITH_KNOTS ( 'NONE', 3,
 ( #3027, #4478, #5813, #5301, #725, #3087, #4929, #2996, #241, #327, #3943, #2575, #5784, #2168, #4026, #5871, #1629, #4424 ),
 .UNSPECIFIED., .F., .F.,
 ( 4, 2, 2, 2, 1, 1, 2, 2, 2, 4 ),
 ( 0.000000000000000000, 0.2499999999999985567, 0.3749999999999978906, 0.4374999999999977796, 0.4687499999999977796, 0.4843749999999978351, 0.4921874999999981681, 0.4999999999999985567, 0.7499999999999992228, 1.000000000000000000 ),
 .UNSPECIFIED. ) ;
#768 = ORIENTED_EDGE ( 'NONE', *, *, #5867, .F. ) ;
#769 = VERTEX_POINT ( 'NONE', #3141 ) ;
#770 = CARTESIAN_POINT ( 'NONE',  ( 12.00000000000000000, 30.89999999999999503, -67.50105008681759955 ) ) ;
#771 = DIRECTION ( 'NONE',  ( 0.000000000000000000, -1.000000000000000000, 0.000000000000000000 ) ) ;
#772 = ORIENTED_EDGE ( 'NONE', *, *, #5384, .F. ) ;
#773 = AXIS2_PLACEMENT_3D ( 'NONE', #363, #4060, #4212 ) ;
#774 = DIRECTION ( 'NONE',  ( 0.000000000000000000, -2.891205793294677833E-16, -1.000000000000000000 ) ) ;
#775 = DIRECTION ( 'NONE',  ( 0.000000000000000000, -1.000000000000000000, 0.000000000000000000 ) ) ;
#776 = DIRECTION ( 'NONE',  ( 0.000000000000000000, -1.000000000000000000, 0.000000000000000000 ) ) ;
#777 = CARTESIAN_POINT ( 'NONE',  ( 1.501198950307754298, 18.59876825540088774, 49.94295030815874270 ) ) ;
#778 = ORIENTED_EDGE ( 'NONE', *, *, #2644, .F. ) ;
#779 = AXIS2_PLACEMENT_3D ( 'NONE', #2844, #4690, #1509 ) ;
#780 = EDGE_CURVE ( 'NONE', #3180, #370, #4952, .T. ) ;
#781 = DIRECTION ( 'NONE',  ( 0.000000000000000000, -1.000000000000000000, 0.000000000000000000 ) ) ;
#782 = DIRECTION ( 'NONE',  ( 0.000000000000000000, -2.478176394252580155E-16, 1.000000000000000000 ) ) ;
#783 = DIRECTION ( 'NONE',  ( 0.000000000000000000, -1.000000000000000000, 0.000000000000000000 ) ) ;
#784 = DIRECTION ( 'NONE',  ( 0.000000000000000000, 0.000000000000000000, 1.000000000000000000 ) ) ;
#785 = EDGE_CURVE ( 'NONE', #870, #50, #5733, .T. ) ;
#786 = ADVANCED_FACE ( 'NONE', ( #4075, #4554 ), #3713, .F. ) ;
#787 = ORIENTED_EDGE ( 'NONE', *, *, #2005, .T. ) ;
#788 = ORIENTED_EDGE ( 'NONE', *, *, #1007, .T. ) ;
#789 = FACE_OUTER_BOUND ( 'NONE', #4452, .T. ) ;
#790 = ORIENTED_EDGE ( 'NONE', *, *, #928, .T. ) ;
#791 = DIRECTION ( 'NONE',  ( 0.000000000000000000, 0.000000000000000000, -1.000000000000000000 ) ) ;
#792 = VECTOR ( 'NONE', #3085, 1000.000000000000000 ) ;
#793 = CYLINDRICAL_SURFACE ( 'NONE', #2777, 2.000000000000001776 ) ;
#794 = VECTOR ( 'NONE', #2532, 1000.000000000000000 ) ;
#795 = ORIENTED_EDGE ( 'NONE', *, *, #5278, .T. ) ;
#796 = EDGE_CURVE ( 'NONE', #4002, #4474, #629, .T. ) ;
#797 = ORIENTED_EDGE ( 'NONE', *, *, #3567, .T. ) ;
#798 = CARTESIAN_POINT ( 'NONE',  ( 3.000000000000000000, 17.50000000000000000, -7.801250086817620222 ) ) ;
#799 = CYLINDRICAL_SURFACE ( 'NONE', #983, 2.000000000000001776 ) ;
#800 = CARTESIAN_POINT ( 'NONE',  ( 11.69829999999999970, -26.39999999999999858, -54.07925008681760204 ) ) ;
#801 = AXIS2_PLACEMENT_3D ( 'NONE', #60, #1934, #3793 ) ;
#802 = CIRCLE ( 'NONE', #3807, 1.000000000000000888 ) ;
#803 = ORIENTED_EDGE ( 'NONE', *, *, #2697, .T. ) ;
#804 = CARTESIAN_POINT ( 'NONE',  ( 21.11799399346384121, 18.99773241889083053, 51.56572927462351430 ) ) ;
#805 = PLANE ( 'NONE',  #12 ) ;
#806 = DIRECTION ( 'NONE',  ( 0.000000000000000000, 1.000000000000000000, 0.000000000000000000 ) ) ;
#807 = CARTESIAN_POINT ( 'NONE',  ( 1.500967385395134190, 18.59863463591588939, 49.94332484613491374 ) ) ;
#808 = CIRCLE ( 'NONE', #4574, 2.000000000000001776 ) ;
#809 = AXIS2_PLACEMENT_3D ( 'NONE', #1582, #4854, #256 ) ;
#810 = ORIENTED_EDGE ( 'NONE', *, *, #4529, .F. ) ;
#811 = VECTOR ( 'NONE', #1206, 1000.000000000000000 ) ;
#812 = DIRECTION ( 'NONE',  ( 0.000000000000000000, -1.000000000000000000, 0.000000000000000000 ) ) ;
#813 = PRODUCT_DEFINITION_FORMATION_WITH_SPECIFIED_SOURCE ( '任何', '', #4205, .NOT_KNOWN. ) ;
#814 = CARTESIAN_POINT ( 'NONE',  ( 3.200000000000000622, -16.35000000000000142, 48.99844991318239806 ) ) ;
#815 = CARTESIAN_POINT ( 'NONE',  ( 16.23367503961910074, -30.90000000000000213, -56.69775008681769890 ) ) ;
#816 = CARTESIAN_POINT ( 'NONE',  ( 1.500967385383916941, -18.59863463590938437, 52.05357498021180618 ) ) ;
#817 = ADVANCED_FACE ( 'NONE', ( #4321 ), #1067, .F. ) ;
#818 = ORIENTED_EDGE ( 'NONE', *, *, #2298, .F. ) ;
#819 = DIRECTION ( 'NONE',  ( 0.000000000000000000, 1.000000000000000000, 0.000000000000000000 ) ) ;
#820 = ORIENTED_EDGE ( 'NONE', *, *, #2949, .T. ) ;
#821 = CARTESIAN_POINT ( 'NONE',  ( 21.00000000000000000, 4.000000000000000000, 47.02717703792860249 ) ) ;
#822 = CARTESIAN_POINT ( 'NONE',  ( 11.69829999999999970, 33.89999999999999858, -56.07925008681760914 ) ) ;
#823 = VERTEX_POINT ( 'NONE', #1946 ) ;
#824 = ORIENTED_EDGE ( 'NONE', *, *, #3789, .T. ) ;
#825 = DIRECTION ( 'NONE',  ( 0.000000000000000000, 0.000000000000000000, -1.000000000000000000 ) ) ;
#826 = EDGE_CURVE ( 'NONE', #1788, #2125, #134, .T. ) ;
#827 = DIRECTION ( 'NONE',  ( 0.000000000000000000, -5.782411586589355667E-16, -1.000000000000000000 ) ) ;
#828 = AXIS2_PLACEMENT_3D ( 'NONE', #3924, #1578, #3892 ) ;
#829 = ORIENTED_EDGE ( 'NONE', *, *, #4346, .T. ) ;
#830 = FACE_OUTER_BOUND ( 'NONE', #442, .T. ) ;
#831 = CARTESIAN_POINT ( 'NONE',  ( 21.11799399345525075, -18.99773241889082698, 50.43117055171206431 ) ) ;
#832 = DIRECTION ( 'NONE',  ( 0.000000000000000000, 0.000000000000000000, -1.000000000000000000 ) ) ;
#833 = CARTESIAN_POINT ( 'NONE',  ( 1.324739531737604947, 18.48869012079899576, 51.69376828014034686 ) ) ;
#834 = ORIENTED_EDGE ( 'NONE', *, *, #4827, .F. ) ;
#835 = DIRECTION ( 'NONE',  ( -1.000000000000000000, 0.000000000000000000, 0.000000000000000000 ) ) ;
#836 = LINE ( 'NONE', #4566, #5716 ) ;
#837 = CARTESIAN_POINT ( 'NONE',  ( 1.314170774948912657, -18.48188261386044573, 51.66775291957699778 ) ) ;
#838 = CIRCLE ( 'NONE', #4042, 1.000000000000000888 ) ;
#839 = AXIS2_PLACEMENT_3D ( 'NONE', #343, #3341, #1516 ) ;
#840 = EDGE_CURVE ( 'NONE', #628, #2824, #3309, .T. ) ;
#841 = VERTEX_POINT ( 'NONE', #1915 ) ;
#842 = DIRECTION ( 'NONE',  ( 0.000000000000000000, -2.478176394252580155E-16, -1.000000000000000000 ) ) ;
#843 = ORIENTED_EDGE ( 'NONE', *, *, #277, .T. ) ;
#844 = AXIS2_PLACEMENT_3D ( 'NONE', #549, #4288, #5680 ) ;
#845 = CARTESIAN_POINT ( 'NONE',  ( 19.19999999999999929, -16.35000000000000142, 50.99844991318239806 ) ) ;
#846 = CARTESIAN_POINT ( 'NONE',  ( 16.23367503961910074, -30.90000000000000213, -61.93475008681769367 ) ) ;
#847 = ORIENTED_EDGE ( 'NONE', *, *, #4978, .F. ) ;
#848 = ORIENTED_EDGE ( 'NONE', *, *, #1774, .T. ) ;
#849 = EDGE_CURVE ( 'NONE', #4129, #5674, #694, .T. ) ;
#850 = EDGE_LOOP ( 'NONE', ( #4304, #4442, #2087, #2115 ) ) ;
#851 = CYLINDRICAL_SURFACE ( 'NONE', #613, 2.999999999999999112 ) ;
#852 = DIRECTION ( 'NONE',  ( 0.000000000000000000, -1.000000000000000000, 5.361613695501830012E-16 ) ) ;
#853 = EDGE_CURVE ( 'NONE', #376, #4784, #2049, .T. ) ;
#854 = EDGE_CURVE ( 'NONE', #4727, #2, #2924, .T. ) ;
#855 = EDGE_CURVE ( 'NONE', #2647, #294, #5226, .T. ) ;
#856 = ORIENTED_EDGE ( 'NONE', *, *, #5854, .F. ) ;
#857 = CARTESIAN_POINT ( 'NONE',  ( 21.16880833707152121, 18.99536674651055890, 51.36095181888367023 ) ) ;
#858 = DIRECTION ( 'NONE',  ( 0.000000000000000000, 1.000000000000000000, 0.000000000000000000 ) ) ;
#859 = CARTESIAN_POINT ( 'NONE',  ( 11.69829999999999970, 30.90000000000000213, -55.07925008681760204 ) ) ;
#860 = CARTESIAN_POINT ( 'NONE',  ( 9.030638352128310231, 36.27647202150469496, -41.50105008681759955 ) ) ;
#861 = CARTESIAN_POINT ( 'NONE',  ( 1.334223430219046991, 18.49503524345292504, 51.71881198392054557 ) ) ;
#862 = ORIENTED_EDGE ( 'NONE', *, *, #855, .F. ) ;
#863 = DATE_TIME_ROLE ( 'classification_date' ) ;
#864 = DIRECTION ( 'NONE',  ( 0.000000000000000000, 0.7071067811865480168, -0.7071067811865470176 ) ) ;
#865 = DIRECTION ( 'NONE',  ( 0.000000000000000000, -1.000000000000000000, 0.000000000000000000 ) ) ;
#866 = DIRECTION ( 'NONE',  ( -1.000000000000000000, 0.000000000000000000, 0.000000000000000000 ) ) ;
#867 = VECTOR ( 'NONE', #593, 1000.000000000000000 ) ;
#868 = VERTEX_POINT ( 'NONE', #1040 ) ;
#869 = CARTESIAN_POINT ( 'NONE',  ( 3.200000000000000622, 19.00000000000000000, 52.99844991318239806 ) ) ;
#870 = VERTEX_POINT ( 'NONE', #42 ) ;
#871 = DIRECTION ( 'NONE',  ( 0.000000000000000000, 1.000000000000000000, 0.000000000000000000 ) ) ;
#872 = FACE_OUTER_BOUND ( 'NONE', #3219, .T. ) ;
#873 = ORIENTED_EDGE ( 'NONE', *, *, #1526, .F. ) ;
#874 = EDGE_LOOP ( 'NONE', ( #338, #5904, #969, #3963, #4608 ) ) ;
#875 = VERTEX_POINT ( 'NONE', #1467 ) ;
#876 = CIRCLE ( 'NONE', #1464, 1.000000000000000888 ) ;
#877 = DIRECTION ( 'NONE',  ( 0.000000000000000000, 0.000000000000000000, 1.000000000000000000 ) ) ;
#878 = CARTESIAN_POINT ( 'NONE',  ( 24.00000000000000000, 1.171572875253809931, 52.19874991318240376 ) ) ;
#879 = CIRCLE ( 'NONE', #2534, 1.000000000000000888 ) ;
#880 = CARTESIAN_POINT ( 'NONE',  ( 16.23367503961910074, -33.89999999999999858, -56.69775008681769890 ) ) ;
#881 = EDGE_CURVE ( 'NONE', #2097, #5572, #2230, .T. ) ;
#882 = AXIS2_PLACEMENT_3D ( 'NONE', #1981, #4736, #2800 ) ;
#883 = VECTOR ( 'NONE', #556, 1000.000000000000000 ) ;
#884 = EDGE_LOOP ( 'NONE', ( #5971, #729, #4104, #5196 ) ) ;
#885 = CARTESIAN_POINT ( 'NONE',  ( 21.19577274262650235, 18.99370789979237983, 51.13289909340237216 ) ) ;
#886 = LINE ( 'NONE', #4136, #4557 ) ;
#887 = DIRECTION ( 'NONE',  ( 0.000000000000000000, 1.000000000000000000, 0.000000000000000000 ) ) ;
#888 = CARTESIAN_POINT ( 'NONE',  ( 2.260869304875295693, 18.90735087059562503, 52.76425969537292104 ) ) ;
#889 = EDGE_CURVE ( 'NONE', #5826, #1420, #4860, .T. ) ;
#890 = ORIENTED_EDGE ( 'NONE', *, *, #3669, .F. ) ;
#891 = VERTEX_POINT ( 'NONE', #4291 ) ;
#892 = CARTESIAN_POINT ( 'NONE',  ( 10.45199776687860016, 39.39999999999999858, -51.50105008681759955 ) ) ;
#893 = AXIS2_PLACEMENT_3D ( 'NONE', #4526, #3563, #377 ) ;
#894 = DIRECTION ( 'NONE',  ( 0.000000000000000000, -1.000000000000000000, 0.000000000000000000 ) ) ;
#895 = CARTESIAN_POINT ( 'NONE',  ( 2.273459913570106572, -18.91051393297645333, 49.22600129117849832 ) ) ;
#896 = ADVANCED_FACE ( 'NONE', ( #4259 ), #1556, .F. ) ;
#897 = ORIENTED_EDGE ( 'NONE', *, *, #2307, .T. ) ;
#898 = VECTOR ( 'NONE', #3347, 1000.000000000000000 ) ;
#899 = EDGE_LOOP ( 'NONE', ( #2207, #4296, #5060, #1908 ) ) ;
#900 = DIRECTION ( 'NONE',  ( 0.000000000000000000, 6.938893903907229610E-17, -1.000000000000000000 ) ) ;
#901 = EDGE_LOOP ( 'NONE', ( #3885, #1118, #1380, #3749 ) ) ;
#902 = LINE ( 'NONE', #5027, #2494 ) ;
#903 = ORIENTED_EDGE ( 'NONE', *, *, #1804, .F. ) ;
#904 = VERTEX_POINT ( 'NONE', #5685 ) ;
#905 = VECTOR ( 'NONE', #835, 1000.000000000000000 ) ;
#906 = VERTEX_POINT ( 'NONE', #2893 ) ;
#907 = FACE_BOUND ( 'NONE', #2822, .T. ) ;
#908 = DIRECTION ( 'NONE',  ( 0.000000000000000000, 1.000000000000000000, 0.000000000000000000 ) ) ;
#909 = DESIGN_CONTEXT ( 'detailed design', #1962, 'design' ) ;
#910 = DIRECTION ( 'NONE',  ( 0.000000000000000000, 0.000000000000000000, 1.000000000000000000 ) ) ;
#911 = VERTEX_POINT ( 'NONE', #3411 ) ;
#912 = EDGE_CURVE ( 'NONE', #3458, #3055, #5633, .T. ) ;
#913 = CARTESIAN_POINT ( 'NONE',  ( 21.00000000000000000, 19.00000000000000000, 50.12667012447429471 ) ) ;
#914 = CARTESIAN_POINT ( 'NONE',  ( 21.19308688753882919, -18.99388747964356483, 50.82812484862891012 ) ) ;
#915 = DIRECTION ( 'NONE',  ( 0.000000000000000000, 0.000000000000000000, -1.000000000000000000 ) ) ;
#916 = CARTESIAN_POINT ( 'NONE',  ( 19.19999999999999929, -19.00000000000000000, 50.99844991318239806 ) ) ;
#917 = CARTESIAN_POINT ( 'NONE',  ( 24.00000000000000000, -1.171572875253809931, 44.19874991318239665 ) ) ;
#918 = VERTEX_POINT ( 'NONE', #583 ) ;
#919 = ORIENTED_EDGE ( 'NONE', *, *, #5379, .F. ) ;
#920 = ADVANCED_FACE ( 'NONE', ( #2435 ), #2341, .F. ) ;
#921 = LINE ( 'NONE', #4626, #1499 ) ;
#922 = DIRECTION ( 'NONE',  ( -1.000000000000000000, 0.000000000000000000, 0.000000000000000000 ) ) ;
#923 = CARTESIAN_POINT ( 'NONE',  ( 1.297145403806389430, -18.47005493068097337, 50.38116326606414219 ) ) ;
#924 = ORIENTED_EDGE ( 'NONE', *, *, #2014, .T. ) ;
#925 = CC_DESIGN_PERSON_AND_ORGANIZATION_ASSIGNMENT ( #5505, #2809, ( #3135 ) ) ;
#926 = EDGE_CURVE ( 'NONE', #4415, #344, #4283, .T. ) ;
#927 = ADVANCED_FACE ( 'NONE', ( #681 ), #320, .T. ) ;
#928 = EDGE_CURVE ( 'NONE', #5644, #193, #3995, .T. ) ;
#929 = ORIENTED_EDGE ( 'NONE', *, *, #1413, .F. ) ;
#930 = CYLINDRICAL_SURFACE ( 'NONE', #4962, 2.000000000000001776 ) ;
#931 = ORIENTED_EDGE ( 'NONE', *, *, #4926, .T. ) ;
#932 = CARTESIAN_POINT ( 'NONE',  ( 0.000000000000000000, 16.00000000000000000, 32.19874991318239665 ) ) ;
#933 = FACE_BOUND ( 'NONE', #1676, .T. ) ;
#934 = AXIS2_PLACEMENT_3D ( 'NONE', #2129, #766, #1642 ) ;
#935 = CIRCLE ( 'NONE', #4334, 12.00000000000000000 ) ;
#936 = AXIS2_PLACEMENT_3D ( 'NONE', #700, #1545, #5247 ) ;
#937 = VECTOR ( 'NONE', #4605, 1000.000000000000227 ) ;
#938 = EDGE_LOOP ( 'NONE', ( #4461, #1533 ) ) ;
#939 = ORIENTED_EDGE ( 'NONE', *, *, #3972, .F. ) ;
#940 = ORIENTED_EDGE ( 'NONE', *, *, #448, .F. ) ;
#941 = DIRECTION ( 'NONE',  ( 1.000000000000000000, 0.000000000000000000, 0.000000000000000000 ) ) ;
#942 = DIRECTION ( 'NONE',  ( 0.000000000000000000, 0.000000000000000000, -1.000000000000000000 ) ) ;
#943 = DIRECTION ( 'NONE',  ( 0.000000000000000000, -1.000000000000000000, 0.000000000000000000 ) ) ;
#944 = ORIENTED_EDGE ( 'NONE', *, *, #1011, .F. ) ;
#945 = CARTESIAN_POINT ( 'NONE',  ( 24.00000000000000000, 19.00000000000000000, 32.19874991318239665 ) ) ;
#946 = CARTESIAN_POINT ( 'NONE',  ( 21.15130999546428114, -18.99618214696464591, 51.43712771669732575 ) ) ;
#947 = DIRECTION ( 'NONE',  ( 0.000000000000000000, 0.7071067811865470176, 0.7071067811865480168 ) ) ;
#948 = DIRECTION ( 'NONE',  ( 0.000000000000000000, -1.000000000000000000, 0.000000000000000000 ) ) ;
#949 = DIRECTION ( 'NONE',  ( 0.000000000000000000, -0.7071067811865470176, -0.7071067811865480168 ) ) ;
#950 = ORIENTED_EDGE ( 'NONE', *, *, #4636, .T. ) ;
#951 = ORIENTED_EDGE ( 'NONE', *, *, #4932, .F. ) ;
#952 = CARTESIAN_POINT ( 'NONE',  ( 21.00000000000000000, -19.00000000000000000, 60.19874991318240376 ) ) ;
#953 = CARTESIAN_POINT ( 'NONE',  ( 9.243087638741080525, 33.89999999999999858, -41.50105008681759955 ) ) ;
#954 = APPLICATION_PROTOCOL_DEFINITION ( 'international standard', 'config_control_design', 1994, #1540 ) ;
#955 = DIRECTION ( 'NONE',  ( 0.000000000000000000, -1.000000000000000000, 0.000000000000000000 ) ) ;
#956 = DIRECTION ( 'NONE',  ( 0.000000000000000000, 0.000000000000000000, 1.000000000000000000 ) ) ;
#957 = CARTESIAN_POINT ( 'NONE',  ( 1.496792212554399981, -18.59622420040328805, 49.95007603630373438 ) ) ;
#958 = ADVANCED_BREP_SHAPE_REPRESENTATION ( 'Under_arm.stp', ( #4108, #2256 ), #4884 ) ;
#959 = ADVANCED_FACE ( 'NONE', ( #3935 ), #5260, .F. ) ;
#960 = ORIENTED_EDGE ( 'NONE', *, *, #2938, .F. ) ;
#961 = CARTESIAN_POINT ( 'NONE',  ( 16.23367503961910074, -26.39999999999999858, -60.93475008681769367 ) ) ;
#962 = ORIENTED_EDGE ( 'NONE', *, *, #5903, .T. ) ;
#963 = CARTESIAN_POINT ( 'NONE',  ( 0.000000000000000000, -19.00000000000000000, 32.19874991318239665 ) ) ;
#964 = CIRCLE ( 'NONE', #3886, 2.000000000000001776 ) ;
#965 = CARTESIAN_POINT ( 'NONE',  ( 8.163633333921509916, 35.77817261511909663, -51.50105008681759955 ) ) ;
#966 = EDGE_CURVE ( 'NONE', #1909, #4172, #3049, .T. ) ;
#967 = EDGE_CURVE ( 'NONE', #1827, #153, #4893, .T. ) ;
#968 = ADVANCED_FACE ( 'NONE', ( #1648 ), #1759, .T. ) ;
#969 = ORIENTED_EDGE ( 'NONE', *, *, #3092, .T. ) ;
#970 = VECTOR ( 'NONE', #659, 1000.000000000000000 ) ;
#971 = EDGE_LOOP ( 'NONE', ( #2339, #1808, #1837, #4447 ) ) ;
#972 = EDGE_LOOP ( 'NONE', ( #3253, #3047 ) ) ;
#973 = CYLINDRICAL_SURFACE ( 'NONE', #5640, 2.999999999999999112 ) ;
#974 = CARTESIAN_POINT ( 'NONE',  ( 3.000000000000000000, -19.00000000000000000, 49.00847503896920898 ) ) ;
#975 = FACE_BOUND ( 'NONE', #220, .T. ) ;
#976 = ADVANCED_FACE ( 'NONE', ( #1592 ), #2149, .T. ) ;
#977 = AXIS2_PLACEMENT_3D ( 'NONE', #5014, #1287, #1769 ) ;
#978 = ORIENTED_EDGE ( 'NONE', *, *, #2441, .T. ) ;
#979 = VECTOR ( 'NONE', #1468, 1000.000000000000227 ) ;
#980 = CARTESIAN_POINT ( 'NONE',  ( 24.00000000000000000, -8.849999999999999645, 48.99874991318240092 ) ) ;
#981 = CARTESIAN_POINT ( 'NONE',  ( 16.23367503961910074, -30.90000000000000213, -61.93475008681769367 ) ) ;
#982 = FACE_OUTER_BOUND ( 'NONE', #4853, .T. ) ;
#983 = AXIS2_PLACEMENT_3D ( 'NONE', #3107, #2650, #4501 ) ;
#984 = FACE_OUTER_BOUND ( 'NONE', #3710, .T. ) ;
#985 = ORIENTED_EDGE ( 'NONE', *, *, #1780, .F. ) ;
#986 = VERTEX_POINT ( 'NONE', #2567 ) ;
#987 = AXIS2_PLACEMENT_3D ( 'NONE', #1910, #5612, #5158 ) ;
#988 = DIRECTION ( 'NONE',  ( 0.000000000000000000, 1.000000000000000000, 0.000000000000000000 ) ) ;
#989 = DIRECTION ( 'NONE',  ( 0.000000000000000000, -1.000000000000000000, 0.000000000000000000 ) ) ;
#990 = DIRECTION ( 'NONE',  ( 0.000000000000000000, 1.000000000000000000, 0.000000000000000000 ) ) ;
#991 = DIRECTION ( 'NONE',  ( 0.000000000000000000, 1.000000000000000000, 0.000000000000000000 ) ) ;
#992 = CARTESIAN_POINT ( 'NONE',  ( 1.946044057725823562, -18.80874540016496255, 49.44029000294037246 ) ) ;
#993 = EDGE_LOOP ( 'NONE', ( #4671, #3730, #897, #1877 ) ) ;
#994 = ORIENTED_EDGE ( 'NONE', *, *, #718, .F. ) ;
#995 = FACE_OUTER_BOUND ( 'NONE', #2969, .T. ) ;
#996 = DIRECTION ( 'NONE',  ( -0.000000000000000000, 0.7071067811865480168, 0.7071067811865470176 ) ) ;
#997 = EDGE_CURVE ( 'NONE', #3927, #911, #1666, .T. ) ;
#998 = LINE ( 'NONE', #2422, #3856 ) ;
#999 = CARTESIAN_POINT ( 'NONE',  ( 11.69829999999999970, -33.89999999999999858, -56.07925008681760914 ) ) ;
#1000 = VECTOR ( 'NONE', #1790, 1000.000000000000000 ) ;
#1001 = ORIENTED_EDGE ( 'NONE', *, *, #5641, .T. ) ;
#1002 = ORIENTED_EDGE ( 'NONE', *, *, #1497, .F. ) ;
#1003 = AXIS2_PLACEMENT_3D ( 'NONE', #2994, #4360, #2138 ) ;
#1004 = ORIENTED_EDGE ( 'NONE', *, *, #3871, .F. ) ;
#1005 = PLANE ( 'NONE',  #5887 ) ;
#1006 = CARTESIAN_POINT ( 'NONE',  ( 16.23367503961910074, 30.90000000000000213, -61.93475008681769367 ) ) ;
#1007 = EDGE_CURVE ( 'NONE', #2329, #4097, #701, .T. ) ;
#1008 = DIRECTION ( 'NONE',  ( 0.000000000000000000, 0.9396926207859082059, -0.3420201433256691015 ) ) ;
#1009 = ORIENTED_EDGE ( 'NONE', *, *, #1959, .F. ) ;
#1010 = CC_DESIGN_PERSON_AND_ORGANIZATION_ASSIGNMENT ( #1800, #2318, ( #813 ) ) ;
#1011 = EDGE_CURVE ( 'NONE', #3527, #2741, #3213, .T. ) ;
#1012 = DIRECTION ( 'NONE',  ( 0.000000000000000000, -1.000000000000000000, 0.000000000000000000 ) ) ;
#1013 = DIRECTION ( 'NONE',  ( 0.000000000000000000, 0.000000000000000000, -1.000000000000000000 ) ) ;
#1014 = CARTESIAN_POINT ( 'NONE',  ( 3.200000000000000178, 16.35000000000000142, 49.99844991318239806 ) ) ;
#1015 = FACE_OUTER_BOUND ( 'NONE', #4631, .T. ) ;
#1016 = VERTEX_POINT ( 'NONE', #3964 ) ;
#1017 = DIRECTION ( 'NONE',  ( 0.000000000000000000, 1.000000000000000000, 0.000000000000000000 ) ) ;
#1018 = DIRECTION ( 'NONE',  ( 0.000000000000000000, -1.000000000000000000, 0.000000000000000000 ) ) ;
#1019 = DIRECTION ( 'NONE',  ( 0.7660444431189790127, -0.6427876096865381417, 0.000000000000000000 ) ) ;
#1020 = CARTESIAN_POINT ( 'NONE',  ( 3.000000000000000000, 16.00000000000000000, 60.19874991318240376 ) ) ;
#1021 = CARTESIAN_POINT ( 'NONE',  ( 2.197568318418551492, -18.89076226882826148, 49.26737451754821961 ) ) ;
#1022 = ORIENTED_EDGE ( 'NONE', *, *, #5276, .F. ) ;
#1023 = AXIS2_PLACEMENT_3D ( 'NONE', #2024, #660, #2967 ) ;
#1024 = ORIENTED_EDGE ( 'NONE', *, *, #5867, .T. ) ;
#1025 = PLANE ( 'NONE',  #4766 ) ;
#1026 = CYLINDRICAL_SURFACE ( 'NONE', #240, 2.000000000000001776 ) ;
#1027 = LINE ( 'NONE', #1056, #3846 ) ;
#1028 = LINE ( 'NONE', #2424, #1892 ) ;
#1029 = ORIENTED_EDGE ( 'NONE', *, *, #3275, .T. ) ;
#1030 = EDGE_CURVE ( 'NONE', #5632, #1788, #3902, .T. ) ;
#1031 = ORIENTED_EDGE ( 'NONE', *, *, #1007, .F. ) ;
#1032 = ORIENTED_EDGE ( 'NONE', *, *, #5276, .T. ) ;
#1033 = DIRECTION ( 'NONE',  ( -1.000000000000000000, 0.000000000000000000, 0.000000000000000000 ) ) ;
#1034 = VECTOR ( 'NONE', #3405, 1000.000000000000000 ) ;
#1035 = CARTESIAN_POINT ( 'NONE',  ( 16.23367503961910074, -26.39999999999999858, -61.93475008681769367 ) ) ;
#1036 = CYLINDRICAL_SURFACE ( 'NONE', #3862, 1.000000000000000888 ) ;
#1037 = EDGE_CURVE ( 'NONE', #1303, #2216, #114, .T. ) ;
#1038 = CIRCLE ( 'NONE', #1906, 2.000000000000001776 ) ;
#1039 = ORIENTED_EDGE ( 'NONE', *, *, #3645, .T. ) ;
#1040 = CARTESIAN_POINT ( 'NONE',  ( 7.162924960380900430, 33.89999999999999858, -54.69775008681759942 ) ) ;
#1041 = DIRECTION ( 'NONE',  ( 0.000000000000000000, 0.000000000000000000, 1.000000000000000000 ) ) ;
#1042 = CARTESIAN_POINT ( 'NONE',  ( 19.19999999999999929, -16.35000000000000142, 50.99844991318239806 ) ) ;
#1043 = CARTESIAN_POINT ( 'NONE',  ( 12.03369234184500058, 33.89999999999999858, -51.50105008681759955 ) ) ;
#1044 = ADVANCED_FACE ( 'NONE', ( #291 ), #2133, .F. ) ;
#1045 = EDGE_CURVE ( 'NONE', #904, #4727, #4922, .T. ) ;
#1046 = EDGE_CURVE ( 'NONE', #5087, #1874, #4800, .T. ) ;
#1047 = ORIENTED_EDGE ( 'NONE', *, *, #3045, .F. ) ;
#1048 = DIRECTION ( 'NONE',  ( 0.000000000000000000, -1.000000000000000000, 6.938893903907229610E-17 ) ) ;
#1049 = DIRECTION ( 'NONE',  ( 0.000000000000000000, -2.478176394252580155E-16, -1.000000000000000000 ) ) ;
#1050 = DIRECTION ( 'NONE',  ( 0.000000000000000000, 1.000000000000000000, 0.000000000000000000 ) ) ;
#1051 = CARTESIAN_POINT ( 'NONE',  ( 7.162924960380889772, 26.39999999999999858, -62.93475008681759419 ) ) ;
#1052 = CARTESIAN_POINT ( 'NONE',  ( 1.719767668554788909, 18.71307434861344632, 49.65347913880239616 ) ) ;
#1053 = VERTEX_POINT ( 'NONE', #196 ) ;
#1054 = ORIENTED_EDGE ( 'NONE', *, *, #4568, .F. ) ;
#1055 = CARTESIAN_POINT ( 'NONE',  ( 3.000000000000000000, -17.68092213764229825, -8.827310516794620199 ) ) ;
#1056 = CARTESIAN_POINT ( 'NONE',  ( 24.00000000000000000, 1.171572875253809931, 52.19874991318240376 ) ) ;
#1057 = CARTESIAN_POINT ( 'NONE',  ( 16.23367503961910074, -30.90000000000000213, -59.93475008681769367 ) ) ;
#1058 = EDGE_LOOP ( 'NONE', ( #5173, #2660, #4400, #2673 ) ) ;
#1059 = VERTEX_POINT ( 'NONE', #4833 ) ;
#1060 = ORIENTED_EDGE ( 'NONE', *, *, #4159, .T. ) ;
#1061 = CIRCLE ( 'NONE', #773, 0.9999999999999991118 ) ;
#1062 = CARTESIAN_POINT ( 'NONE',  ( 16.23367503961910074, 30.90000000000000213, -60.93475008681769367 ) ) ;
#1063 = CARTESIAN_POINT ( 'NONE',  ( 0.000000000000000000, 0.000000000000000000, -45.00105008681759955 ) ) ;
#1064 = CARTESIAN_POINT ( 'NONE',  ( 11.69829999999999970, 30.90000000000000213, -54.07925008681760204 ) ) ;
#1065 = CARTESIAN_POINT ( 'NONE',  ( 7.162924960380889772, -26.39999999999999858, -60.93475008681759419 ) ) ;
#1066 = ORIENTED_EDGE ( 'NONE', *, *, #1123, .T. ) ;
#1067 = CYLINDRICAL_SURFACE ( 'NONE', #3693, 1.000000000000000888 ) ;
#1068 = CARTESIAN_POINT ( 'NONE',  ( 24.00000000000000000, -4.000000000000000000, 47.02717703792860249 ) ) ;
#1069 = ADVANCED_FACE ( 'NONE', ( #3564 ), #799, .F. ) ;
#1070 = DIRECTION ( 'NONE',  ( 0.000000000000000000, -1.000000000000000000, 0.000000000000000000 ) ) ;
#1071 = DIRECTION ( 'NONE',  ( 0.000000000000000000, 0.000000000000000000, -1.000000000000000000 ) ) ;
#1072 = ORIENTED_EDGE ( 'NONE', *, *, #2968, .T. ) ;
#1073 = PLANE ( 'NONE',  #5932 ) ;
#1074 = AXIS2_PLACEMENT_3D ( 'NONE', #4744, #5177, #1897 ) ;
#1075 = PLANE ( 'NONE',  #2848 ) ;
#1076 = FACE_OUTER_BOUND ( 'NONE', #5456, .T. ) ;
#1077 = EDGE_CURVE ( 'NONE', #3900, #3466, #4949, .T. ) ;
#1078 = LINE ( 'NONE', #4241, #2217 ) ;
#1079 = CIRCLE ( 'NONE', #4080, 2.000000000000001776 ) ;
#1080 = CARTESIAN_POINT ( 'NONE',  ( 21.00000000000000000, 11.84999999999999964, -26.44373421647729927 ) ) ;
#1081 = ORIENTED_EDGE ( 'NONE', *, *, #5902, .T. ) ;
#1082 = AXIS2_PLACEMENT_3D ( 'NONE', #2304, #1880, #941 ) ;
#1083 = ORIENTED_EDGE ( 'NONE', *, *, #5353, .T. ) ;
#1084 = DIRECTION ( 'NONE',  ( 0.000000000000000000, 0.3420201433256691015, 0.9396926207859082059 ) ) ;
#1085 = CARTESIAN_POINT ( 'NONE',  ( 19.19999999999999929, -11.50000000000000000, 51.99844991318239806 ) ) ;
#1086 = ADVANCED_FACE ( 'NONE', ( #5411 ), #1255, .T. ) ;
#1087 = DIRECTION ( 'NONE',  ( 1.000000000000000000, 0.000000000000000000, 0.000000000000000000 ) ) ;
#1088 = CARTESIAN_POINT ( 'NONE',  ( 11.69829999999999970, -30.90000000000000213, -64.55325008681771237 ) ) ;
#1089 = VECTOR ( 'NONE', #4909, 1000.000000000000000 ) ;
#1090 = AXIS2_PLACEMENT_3D ( 'NONE', #5604, #478, #540 ) ;
#1091 = VERTEX_POINT ( 'NONE', #952 ) ;
#1092 = EDGE_LOOP ( 'NONE', ( #669, #3132, #1329, #2282 ) ) ;
#1093 = DIRECTION ( 'NONE',  ( 0.000000000000000000, 6.938893903907229610E-17, 1.000000000000000000 ) ) ;
#1094 = DIRECTION ( 'NONE',  ( 0.000000000000000000, -1.000000000000000000, 0.000000000000000000 ) ) ;
#1095 = PLANE ( 'NONE',  #1424 ) ;
#1096 = AXIS2_PLACEMENT_3D ( 'NONE', #1432, #462, #2305 ) ;
#1097 = CARTESIAN_POINT ( 'NONE',  ( 19.19999999999999929, 59.39363543471729656, 51.99844991318239806 ) ) ;
#1098 = VECTOR ( 'NONE', #1093, 1000.000000000000000 ) ;
#1099 = ORIENTED_EDGE ( 'NONE', *, *, #3788, .T. ) ;
#1100 = VECTOR ( 'NONE', #2120, 1000.000000000000000 ) ;
#1101 = AXIS2_PLACEMENT_3D ( 'NONE', #1035, #1975, #5317 ) ;
#1102 = ORIENTED_EDGE ( 'NONE', *, *, #2405, .T. ) ;
#1103 = CIRCLE ( 'NONE', #2566, 1.000000000000000888 ) ;
#1104 = DIRECTION ( 'NONE',  ( 1.000000000000000000, 0.000000000000000000, 0.000000000000000000 ) ) ;
#1105 = FACE_OUTER_BOUND ( 'NONE', #5187, .T. ) ;
#1106 = LINE ( 'NONE', #2990, #4279 ) ;
#1107 = LINE ( 'NONE', #4740, #551 ) ;
#1108 = CIRCLE ( 'NONE', #3335, 3.000000000000000000 ) ;
#1109 = ADVANCED_FACE ( 'NONE', ( #4687 ), #1073, .F. ) ;
#1110 = ORIENTED_EDGE ( 'NONE', *, *, #1598, .T. ) ;
#1111 = CARTESIAN_POINT ( 'NONE',  ( 21.00000000000000000, 4.000000000000000000, 41.37032278843620503 ) ) ;
#1112 = CARTESIAN_POINT ( 'NONE',  ( 24.00000000000000000, -0.1499999999999999944, 23.99874991318240092 ) ) ;
#1113 = CARTESIAN_POINT ( 'NONE',  ( 19.19999999999999929, -19.00000000000000000, 52.99844991318239806 ) ) ;
#1114 = CARTESIAN_POINT ( 'NONE',  ( 19.19999999999999929, 16.35000000000000142, 52.99844991318239806 ) ) ;
#1115 = DIRECTION ( 'NONE',  ( 0.000000000000000000, 1.000000000000000000, 0.000000000000000000 ) ) ;
#1116 = ORIENTED_EDGE ( 'NONE', *, *, #3645, .F. ) ;
#1117 = EDGE_CURVE ( 'NONE', #5517, #4122, #3783, .T. ) ;
#1118 = ORIENTED_EDGE ( 'NONE', *, *, #855, .T. ) ;
#1119 = CARTESIAN_POINT ( 'NONE',  ( 16.23367503961910074, 30.90000000000000213, -56.69775008681769890 ) ) ;
#1120 = CARTESIAN_POINT ( 'NONE',  ( 3.000000000000000000, 0.1499999999999999944, 23.99874991318240092 ) ) ;
#1121 = CARTESIAN_POINT ( 'NONE',  ( 7.162924960380889772, 30.90000000000000213, -63.93475008681759419 ) ) ;
#1122 = LINE ( 'NONE', #2030, #4615 ) ;
#1123 = EDGE_CURVE ( 'NONE', #1335, #2389, #2930, .T. ) ;
#1124 = ADVANCED_FACE ( 'NONE', ( #3329 ), #4655, .F. ) ;
#1125 = AXIS2_PLACEMENT_3D ( 'NONE', #5120, #121, #5547 ) ;
#1126 = EDGE_CURVE ( 'NONE', #1059, #1335, #4186, .T. ) ;
#1127 = ORIENTED_EDGE ( 'NONE', *, *, #2675, .F. ) ;
#1128 = ORIENTED_EDGE ( 'NONE', *, *, #5353, .F. ) ;
#1129 = DIRECTION ( 'NONE',  ( 0.000000000000000000, 0.000000000000000000, 1.000000000000000000 ) ) ;
#1130 = FACE_OUTER_BOUND ( 'NONE', #1192, .T. ) ;
#1131 = DIRECTION ( 'NONE',  ( 0.000000000000000000, 0.000000000000000000, -1.000000000000000000 ) ) ;
#1132 = DIRECTION ( 'NONE',  ( 0.000000000000000000, 1.000000000000000000, 0.000000000000000000 ) ) ;
#1133 = ORIENTED_EDGE ( 'NONE', *, *, #997, .F. ) ;
#1134 = VERTEX_POINT ( 'NONE', #2899 ) ;
#1135 = DIRECTION ( 'NONE',  ( -1.000000000000000000, 0.000000000000000000, 0.000000000000000000 ) ) ;
#1136 = LINE ( 'NONE', #2436, #5142 ) ;
#1137 = DIRECTION ( 'NONE',  ( 1.000000000000000000, 0.000000000000000000, 0.000000000000000000 ) ) ;
#1138 = CARTESIAN_POINT ( 'NONE',  ( 24.00000000000000000, -4.000000000000000000, 49.37032278843619792 ) ) ;
#1139 = AXIS2_PLACEMENT_3D ( 'NONE', #4317, #641, #3931 ) ;
#1140 = AXIS2_PLACEMENT_3D ( 'NONE', #5200, #5010, #827 ) ;
#1141 = VECTOR ( 'NONE', #4975, 1000.000000000000000 ) ;
#1142 = ORIENTED_EDGE ( 'NONE', *, *, #5427, .T. ) ;
#1143 = CARTESIAN_POINT ( 'NONE',  ( 24.00000000000000000, 11.84999999999999964, 35.19874991318239665 ) ) ;
#1144 = AXIS2_PLACEMENT_3D ( 'NONE', #3251, #2702, #2797 ) ;
#1145 = DIRECTION ( 'NONE',  ( 0.000000000000000000, 1.000000000000000000, 0.000000000000000000 ) ) ;
#1146 = DIRECTION ( 'NONE',  ( 0.000000000000000000, 1.000000000000000000, 0.000000000000000000 ) ) ;
#1147 = CARTESIAN_POINT ( 'NONE',  ( 16.23367503961910074, -62.80109830120279923, -56.69775008681769890 ) ) ;
#1148 = CARTESIAN_POINT ( 'NONE',  ( 2.391030259848467399, 18.93774713451094982, 49.16885838192933278 ) ) ;
#1149 = ORIENTED_EDGE ( 'NONE', *, *, #3192, .T. ) ;
#1150 = ORIENTED_EDGE ( 'NONE', *, *, #849, .T. ) ;
#1151 = DIRECTION ( 'NONE',  ( 0.000000000000000000, 0.000000000000000000, -1.000000000000000000 ) ) ;
#1152 = DIRECTION ( 'NONE',  ( 0.000000000000000000, 0.000000000000000000, -1.000000000000000000 ) ) ;
#1153 = DIRECTION ( 'NONE',  ( 1.000000000000000000, 0.000000000000000000, 0.000000000000000000 ) ) ;
#1154 = DIRECTION ( 'NONE',  ( 0.000000000000000000, 0.000000000000000000, -1.000000000000000000 ) ) ;
#1155 = ORIENTED_EDGE ( 'NONE', *, *, #3972, .T. ) ;
#1156 = ORIENTED_EDGE ( 'NONE', *, *, #3745, .F. ) ;
#1157 = CARTESIAN_POINT ( 'NONE',  ( 3.000000000000000000, -19.00000000000000000, 32.19874991318239665 ) ) ;
#1158 = LINE ( 'NONE', #4316, #3529 ) ;
#1159 = CARTESIAN_POINT ( 'NONE',  ( 7.162924960380889772, -26.39999999999999858, -61.93475008681760130 ) ) ;
#1160 = EDGE_CURVE ( 'NONE', #1853, #5856, #5648, .T. ) ;
#1161 = EDGE_CURVE ( 'NONE', #4877, #3649, #2067, .T. ) ;
#1162 = DIRECTION ( 'NONE',  ( 0.000000000000000000, -6.938893903907229610E-17, 1.000000000000000000 ) ) ;
#1163 = VECTOR ( 'NONE', #4123, 1000.000000000000000 ) ;
#1164 = VERTEX_POINT ( 'NONE', #2872 ) ;
#1165 = VERTEX_POINT ( 'NONE', #588 ) ;
#1166 = DIRECTION ( 'NONE',  ( 0.000000000000000000, -0.9396926207859082059, 0.3420201433256691015 ) ) ;
#1167 = ADVANCED_FACE ( 'NONE', ( #78 ), #1921, .F. ) ;
#1168 = DIRECTION ( 'NONE',  ( 0.000000000000000000, -1.000000000000000000, 0.000000000000000000 ) ) ;
#1169 = VECTOR ( 'NONE', #1353, 1000.000000000000000 ) ;
#1170 = CARTESIAN_POINT ( 'NONE',  ( 11.69829999999999970, 26.39999999999999858, -64.55325008681771237 ) ) ;
#1171 = VERTEX_POINT ( 'NONE', #1954 ) ;
#1172 = CARTESIAN_POINT ( 'NONE',  ( 21.00000000000000000, -11.84999999999999964, 23.99874991318240092 ) ) ;
#1173 = CARTESIAN_POINT ( 'NONE',  ( 12.79973678496399891, 34.25721239031349796, -51.50105008681759955 ) ) ;
#1174 = CARTESIAN_POINT ( 'NONE',  ( 11.69829999999999970, -26.39999999999999858, -63.55325008681771237 ) ) ;
#1175 = CARTESIAN_POINT ( 'NONE',  ( 1.737454196047335753, 18.72135597826506626, 49.63422744860584856 ) ) ;
#1176 = ORIENTED_EDGE ( 'NONE', *, *, #3464, .T. ) ;
#1177 = AXIS2_PLACEMENT_3D ( 'NONE', #4449, #3481, #775 ) ;
#1178 = ORIENTED_EDGE ( 'NONE', *, *, #5829, .T. ) ;
#1179 = CIRCLE ( 'NONE', #2923, 2.000000000000001776 ) ;
#1180 = CARTESIAN_POINT ( 'NONE',  ( 12.00000000000000000, 33.89999999999999858, -58.50105008681759955 ) ) ;
#1181 = CYLINDRICAL_SURFACE ( 'NONE', #5334, 2.000000000000001776 ) ;
#1182 = FACE_BOUND ( 'NONE', #4141, .T. ) ;
#1183 = AXIS2_PLACEMENT_3D ( 'NONE', #3501, #4865, #1225 ) ;
#1184 = CIRCLE ( 'NONE', #702, 2.000000000000001776 ) ;
#1185 = VERTEX_POINT ( 'NONE', #3387 ) ;
#1186 = EDGE_CURVE ( 'NONE', #4366, #1789, #1506, .T. ) ;
#1187 = ORIENTED_EDGE ( 'NONE', *, *, #2750, .F. ) ;
#1188 = CARTESIAN_POINT ( 'NONE',  ( 24.00000000000000000, -8.849999999999999645, 23.99874991318240092 ) ) ;
#1189 = ORIENTED_EDGE ( 'NONE', *, *, #4637, .F. ) ;
#1190 = VECTOR ( 'NONE', #3667, 1000.000000000000000 ) ;
#1191 = DIRECTION ( 'NONE',  ( 0.000000000000000000, -1.000000000000000000, 0.000000000000000000 ) ) ;
#1192 = EDGE_LOOP ( 'NONE', ( #2461, #903, #3200, #1128, #3841, #3063 ) ) ;
#1193 = ADVANCED_FACE ( 'NONE', ( #560, #3815 ), #5660, .F. ) ;
#1194 = EDGE_CURVE ( 'NONE', #374, #247, #1865, .T. ) ;
#1195 = ORIENTED_EDGE ( 'NONE', *, *, #5115, .F. ) ;
#1196 = AXIS2_PLACEMENT_3D ( 'NONE', #5693, #3880, #5721 ) ;
#1197 = CARTESIAN_POINT ( 'NONE',  ( 16.23367503961910074, -33.89999999999999858, -56.69775008681769890 ) ) ;
#1198 = CARTESIAN_POINT ( 'NONE',  ( 1.242640687119283660, -20.50000000000000711, -7.801250086817596241 ) ) ;
#1199 = DIRECTION ( 'NONE',  ( 0.000000000000000000, 5.361613695501830012E-16, 1.000000000000000000 ) ) ;
#1200 = AXIS2_PLACEMENT_3D ( 'NONE', #1493, #2952, #5647 ) ;
#1201 = CC_DESIGN_PERSON_AND_ORGANIZATION_ASSIGNMENT ( #1776, #3662, ( #813 ) ) ;
#1202 = EDGE_CURVE ( 'NONE', #287, #1420, #3224, .T. ) ;
#1203 = ADVANCED_FACE ( 'NONE', ( #5204, #4327 ), #1986, .F. ) ;
#1204 = ORIENTED_EDGE ( 'NONE', *, *, #2676, .F. ) ;
#1205 = AXIS2_PLACEMENT_3D ( 'NONE', #624, #3881, #3025 ) ;
#1206 = DIRECTION ( 'NONE',  ( 0.000000000000000000, -1.734723475976809806E-16, 1.000000000000000000 ) ) ;
#1207 = DIRECTION ( 'NONE',  ( 0.000000000000000000, -1.000000000000000000, 0.000000000000000000 ) ) ;
#1208 = CYLINDRICAL_SURFACE ( 'NONE', #5617, 1.000000000000000888 ) ;
#1209 = CARTESIAN_POINT ( 'NONE',  ( 1.496792212554310497, 18.59622420040298607, 52.04682379006091253 ) ) ;
#1210 = ORIENTED_EDGE ( 'NONE', *, *, #1405, .T. ) ;
#1211 = VECTOR ( 'NONE', #1352, 1000.000000000000000 ) ;
#1212 = ORIENTED_EDGE ( 'NONE', *, *, #4087, .F. ) ;
#1213 = CARTESIAN_POINT ( 'NONE',  ( 7.162924960380889772, -26.39999999999999858, -61.93475008681760130 ) ) ;
#1214 = CARTESIAN_POINT ( 'NONE',  ( 24.00000000000000000, -1.171572875253809931, 52.19874991318240376 ) ) ;
#1215 = DIRECTION ( 'NONE',  ( 1.000000000000000000, 0.000000000000000000, 0.000000000000000000 ) ) ;
#1216 = FACE_BOUND ( 'NONE', #181, .T. ) ;
#1217 = ORIENTED_EDGE ( 'NONE', *, *, #4712, .T. ) ;
#1218 = ORIENTED_EDGE ( 'NONE', *, *, #419, .F. ) ;
#1219 = DIRECTION ( 'NONE',  ( 1.000000000000000000, 0.000000000000000000, 0.000000000000000000 ) ) ;
#1220 = ORIENTED_EDGE ( 'NONE', *, *, #3701, .F. ) ;
#1221 = CARTESIAN_POINT ( 'NONE',  ( 3.200000000000000178, 11.50000000000000000, 49.99844991318239806 ) ) ;
#1222 = EDGE_LOOP ( 'NONE', ( #460, #2878, #308, #2928, #5432, #3284 ) ) ;
#1223 = ORIENTED_EDGE ( 'NONE', *, *, #4902, .T. ) ;
#1224 = AXIS2_PLACEMENT_3D ( 'NONE', #3036, #735, #2121 ) ;
#1225 = DIRECTION ( 'NONE',  ( 0.000000000000000000, 0.000000000000000000, 1.000000000000000000 ) ) ;
#1226 = CARTESIAN_POINT ( 'NONE',  ( 24.00000000000000000, 30.90000000000000213, -26.44373421647739875 ) ) ;
#1227 = DIRECTION ( 'NONE',  ( 0.000000000000000000, 0.000000000000000000, -1.000000000000000000 ) ) ;
#1228 = ADVANCED_FACE ( 'NONE', ( #3263 ), #5109, .T. ) ;
#1229 = VERTEX_POINT ( 'NONE', #2538 ) ;
#1230 = DIRECTION ( 'NONE',  ( 1.000000000000000000, 0.000000000000000000, 0.000000000000000000 ) ) ;
#1231 = AXIS2_PLACEMENT_3D ( 'NONE', #130, #2641, #4919 ) ;
#1232 = CARTESIAN_POINT ( 'NONE',  ( 9.821747027186221501, 34.89999999999999858, -41.50105008681759955 ) ) ;
#1233 = AXIS2_PLACEMENT_3D ( 'NONE', #4550, #6, #3189 ) ;
#1234 = CARTESIAN_POINT ( 'NONE',  ( 7.162924960380900430, -33.89999999999999858, -56.69775008681759942 ) ) ;
#1235 = CARTESIAN_POINT ( 'NONE',  ( 1.491224182135795884, 18.59299579013944737, 52.03773662992719551 ) ) ;
#1236 = AXIS2_PLACEMENT_3D ( 'NONE', #5702, #2454, #1577 ) ;
#1237 = ADVANCED_FACE ( 'NONE', ( #2648 ), #5892, .F. ) ;
#1238 = EDGE_CURVE ( 'NONE', #2001, #3294, #808, .T. ) ;
#1239 = EDGE_LOOP ( 'NONE', ( #4576, #4010, #5603, #5801 ) ) ;
#1240 = AXIS2_PLACEMENT_3D ( 'NONE', #2037, #1942, #5256 ) ;
#1241 = CARTESIAN_POINT ( 'NONE',  ( 24.00000000000000000, -4.000000000000000000, 41.37032278843620503 ) ) ;
#1242 = DIRECTION ( 'NONE',  ( 0.000000000000000000, 0.000000000000000000, -1.000000000000000000 ) ) ;
#1243 = DIRECTION ( 'NONE',  ( 0.000000000000000000, 0.000000000000000000, -1.000000000000000000 ) ) ;
#1244 = CARTESIAN_POINT ( 'NONE',  ( 1.554368058639550076, -18.62899376563981235, 52.13546042630234467 ) ) ;
#1245 = ADVANCED_FACE ( 'NONE', ( #5007 ), #851, .T. ) ;
#1246 = EDGE_LOOP ( 'NONE', ( #4171, #2591 ) ) ;
#1247 = ORIENTED_EDGE ( 'NONE', *, *, #5425, .T. ) ;
#1248 = DIRECTION ( 'NONE',  ( 0.000000000000000000, 1.000000000000000000, 0.000000000000000000 ) ) ;
#1249 = EDGE_LOOP ( 'NONE', ( #5375, #1757 ) ) ;
#1250 = CARTESIAN_POINT ( 'NONE',  ( -9.357190303138580134, 7.851614932219179721, -45.00105008681759955 ) ) ;
#1251 = DIRECTION ( 'NONE',  ( 0.000000000000000000, -1.000000000000000000, 0.000000000000000000 ) ) ;
#1252 = EDGE_LOOP ( 'NONE', ( #2367, #3089, #4700, #5180 ) ) ;
#1253 = ORIENTED_EDGE ( 'NONE', *, *, #1381, .F. ) ;
#1254 = DIRECTION ( 'NONE',  ( 1.000000000000000000, 0.000000000000000000, 0.000000000000000000 ) ) ;
#1255 = CYLINDRICAL_SURFACE ( 'NONE', #3327, 2.999999999999999112 ) ;
#1256 = DIRECTION ( 'NONE',  ( 0.000000000000000000, 0.000000000000000000, 1.000000000000000000 ) ) ;
#1257 = CARTESIAN_POINT ( 'NONE',  ( 5.000000000000000000, 33.89999999999999858, -45.00105008681759955 ) ) ;
#1258 = ORIENTED_EDGE ( 'NONE', *, *, #3413, .F. ) ;
#1259 = EDGE_CURVE ( 'NONE', #1335, #2741, #5437, .T. ) ;
#1260 = CIRCLE ( 'NONE', #4264, 12.00000000000000000 ) ;
#1261 = CARTESIAN_POINT ( 'NONE',  ( 21.19656303044400047, 18.99372329708148754, 50.85924489325746123 ) ) ;
#1262 = CARTESIAN_POINT ( 'NONE',  ( 3.000000000000000000, -20.50000000000000000, -7.801250086817620222 ) ) ;
#1263 = CYLINDRICAL_SURFACE ( 'NONE', #5048, 2.999999999999999112 ) ;
#1264 = CARTESIAN_POINT ( 'NONE',  ( 1.698946335209335023, 18.70316632815849900, 52.32014268424242687 ) ) ;
#1265 = ORIENTED_EDGE ( 'NONE', *, *, #1117, .T. ) ;
#1266 = VECTOR ( 'NONE', #4556, 1000.000000000000000 ) ;
#1267 = EDGE_CURVE ( 'NONE', #4886, #3428, #4006, .T. ) ;
#1268 = EDGE_CURVE ( 'NONE', #2080, #1761, #3134, .T. ) ;
#1269 = DIRECTION ( 'NONE',  ( 0.000000000000000000, 0.000000000000000000, 1.000000000000000000 ) ) ;
#1270 = CARTESIAN_POINT ( 'NONE',  ( 21.00000000000000000, -6.803368632346539535E-15, 15.00000000000000000 ) ) ;
#1271 = CARTESIAN_POINT ( 'NONE',  ( 19.19999999999999929, -19.00000000000000000, 48.99844991318239806 ) ) ;
#1272 = CARTESIAN_POINT ( 'NONE',  ( 1.539948301061056624, -18.62092422491350874, 52.11410816510781530 ) ) ;
#1273 = CIRCLE ( 'NONE', #14, 3.000000000000000000 ) ;
#1274 = ORIENTED_EDGE ( 'NONE', *, *, #2291, .F. ) ;
#1275 = DIRECTION ( 'NONE',  ( -1.000000000000000000, 0.000000000000000000, 0.000000000000000000 ) ) ;
#1276 = EDGE_LOOP ( 'NONE', ( #4414, #712, #3700, #4253 ) ) ;
#1277 = CARTESIAN_POINT ( 'NONE',  ( 8.030638352128308455, 36.27647202150469496, -45.00105008681759955 ) ) ;
#1278 = CARTESIAN_POINT ( 'NONE',  ( 19.19999999999999929, -16.35000000000000142, 50.99844991318239806 ) ) ;
#1279 = AXIS2_PLACEMENT_3D ( 'NONE', #1436, #5500, #3228 ) ;
#1280 = ORIENTED_EDGE ( 'NONE', *, *, #840, .T. ) ;
#1281 = CIRCLE ( 'NONE', #4669, 8.999999999999998224 ) ;
#1282 = EDGE_LOOP ( 'NONE', ( #5944, #2847 ) ) ;
#1283 = CARTESIAN_POINT ( 'NONE',  ( 0.000000000000000000, 20.50000000000000000, 32.19874991318239665 ) ) ;
#1284 = CARTESIAN_POINT ( 'NONE',  ( 7.162924960380900430, -26.39999999999999858, -56.69775008681759942 ) ) ;
#1285 = ORIENTED_EDGE ( 'NONE', *, *, #5384, .T. ) ;
#1286 = CARTESIAN_POINT ( 'NONE',  ( 21.17935969934319473, 18.99471755727916644, 50.70919434285450933 ) ) ;
#1287 = DIRECTION ( 'NONE',  ( 0.000000000000000000, -1.000000000000000000, 0.000000000000000000 ) ) ;
#1288 = DIRECTION ( 'NONE',  ( 0.000000000000000000, 0.000000000000000000, 1.000000000000000000 ) ) ;
#1289 = CARTESIAN_POINT ( 'NONE',  ( 1.200234429762713662, 18.40038244650960308, 50.96406710555476849 ) ) ;
#1290 = AXIS2_PLACEMENT_3D ( 'NONE', #5624, #988, #4716 ) ;
#1291 = APPROVAL_PERSON_ORGANIZATION ( #5956, #3538, #2745 ) ;
#1292 = CIRCLE ( 'NONE', #2546, 8.999999999999998224 ) ;
#1293 = ADVANCED_FACE ( 'NONE', ( #3593 ), #4805, .F. ) ;
#1294 = VERTEX_POINT ( 'NONE', #2674 ) ;
#1295 = CIRCLE ( 'NONE', #425, 12.00000000000000000 ) ;
#1296 = LINE ( 'NONE', #1241, #5172 ) ;
#1297 = VECTOR ( 'NONE', #2606, 1000.000000000000000 ) ;
#1298 = CARTESIAN_POINT ( 'NONE',  ( 24.00000000000000000, 4.000000000000000000, 55.02717703792859538 ) ) ;
#1299 = FACE_OUTER_BOUND ( 'NONE', #2283, .T. ) ;
#1300 = CARTESIAN_POINT ( 'NONE',  ( 1.348177180392485353, -18.50446826754068397, 51.75396180795778633 ) ) ;
#1301 = VECTOR ( 'NONE', #2516, 1000.000000000000000 ) ;
#1302 = EDGE_CURVE ( 'NONE', #1016, #2269, #2212, .T. ) ;
#1303 = VERTEX_POINT ( 'NONE', #204 ) ;
#1304 = DIRECTION ( 'NONE',  ( 0.000000000000000000, 1.000000000000000000, 0.000000000000000000 ) ) ;
#1305 = ORIENTED_EDGE ( 'NONE', *, *, #4559, .F. ) ;
#1306 = DIRECTION ( 'NONE',  ( 0.000000000000000000, -1.000000000000000000, 0.000000000000000000 ) ) ;
#1307 = DIRECTION ( 'NONE',  ( 0.000000000000000000, 0.000000000000000000, 1.000000000000000000 ) ) ;
#1308 = ADVANCED_FACE ( 'NONE', ( #4046 ), #2081, .T. ) ;
#1309 = ADVANCED_FACE ( 'NONE', ( #655, #2700, #4359, #5781, #4983, #3451, #2186, #5468 ), #2508, .F. ) ;
#1310 = ADVANCED_FACE ( 'NONE', ( #4069, #2048 ), #1314, .F. ) ;
#1311 = ORIENTED_EDGE ( 'NONE', *, *, #489, .F. ) ;
#1312 = EDGE_LOOP ( 'NONE', ( #2855, #1441 ) ) ;
#1313 = ORIENTED_EDGE ( 'NONE', *, *, #2190, .F. ) ;
#1314 = PLANE ( 'NONE',  #233 ) ;
#1315 = DIRECTION ( 'NONE',  ( 0.000000000000000000, 1.000000000000000000, 0.000000000000000000 ) ) ;
#1316 = AXIS2_PLACEMENT_3D ( 'NONE', #4809, #2478, #2512 ) ;
#1317 = ORIENTED_EDGE ( 'NONE', *, *, #3162, .T. ) ;
#1318 = CARTESIAN_POINT ( 'NONE',  ( 3.000000000000000000, 33.89999999999999858, -44.61744750750959554 ) ) ;
#1319 = PLANE ( 'NONE',  #3022 ) ;
#1320 = DIRECTION ( 'NONE',  ( 0.000000000000000000, 0.000000000000000000, -1.000000000000000000 ) ) ;
#1321 = CARTESIAN_POINT ( 'NONE',  ( 1.241447971464464617, 18.43054208431818708, 50.59312881924566341 ) ) ;
#1322 = ORIENTED_EDGE ( 'NONE', *, *, #47, .T. ) ;
#1323 = AXIS2_PLACEMENT_3D ( 'NONE', #3195, #4135, #435 ) ;
#1324 = DIRECTION ( 'NONE',  ( 0.000000000000000000, 1.000000000000000000, 0.000000000000000000 ) ) ;
#1325 = CARTESIAN_POINT ( 'NONE',  ( 24.00000000000000000, 8.849999999999999645, 48.99874991318240092 ) ) ;
#1326 = CARTESIAN_POINT ( 'NONE',  ( 24.00000000000000000, 0.1499999999999999944, 23.99874991318240092 ) ) ;
#1327 = VECTOR ( 'NONE', #3812, 1000.000000000000000 ) ;
#1328 = VECTOR ( 'NONE', #5486, 1000.000000000000000 ) ;
#1329 = ORIENTED_EDGE ( 'NONE', *, *, #785, .F. ) ;
#1330 = CARTESIAN_POINT ( 'NONE',  ( 3.200000000000000178, -11.50000000000000000, 49.99844991318239806 ) ) ;
#1331 = ORIENTED_EDGE ( 'NONE', *, *, #780, .T. ) ;
#1332 = EDGE_CURVE ( 'NONE', #4172, #1893, #5750, .T. ) ;
#1333 = LINE ( 'NONE', #3698, #3978 ) ;
#1334 = DIRECTION ( 'NONE',  ( 0.000000000000000000, 0.000000000000000000, 1.000000000000000000 ) ) ;
#1335 = VERTEX_POINT ( 'NONE', #3420 ) ;
#1336 = VERTEX_POINT ( 'NONE', #1111 ) ;
#1337 = VERTEX_POINT ( 'NONE', #1143 ) ;
#1338 = DIRECTION ( 'NONE',  ( 0.000000000000000000, 0.000000000000000000, -1.000000000000000000 ) ) ;
#1339 = EDGE_CURVE ( 'NONE', #440, #62, #5363, .T. ) ;
#1340 = EDGE_CURVE ( 'NONE', #2850, #1761, #3318, .T. ) ;
#1341 = FACE_BOUND ( 'NONE', #4381, .T. ) ;
#1342 = EDGE_LOOP ( 'NONE', ( #5482, #5145 ) ) ;
#1343 = EDGE_CURVE ( 'NONE', #2308, #4057, #4772, .T. ) ;
#1344 = CARTESIAN_POINT ( 'NONE',  ( 21.19308688753575964, 18.99388747964354707, 51.16877497777186790 ) ) ;
#1345 = DIRECTION ( 'NONE',  ( 0.000000000000000000, 0.000000000000000000, -1.000000000000000000 ) ) ;
#1346 = DIRECTION ( 'NONE',  ( 1.000000000000000000, 0.000000000000000000, 0.000000000000000000 ) ) ;
#1347 = CARTESIAN_POINT ( 'NONE',  ( 24.00000000000000000, -1.171572875253809931, 44.19874991318239665 ) ) ;
#1348 = DIRECTION ( 'NONE',  ( 0.000000000000000000, 0.000000000000000000, -1.000000000000000000 ) ) ;
#1349 = ORIENTED_EDGE ( 'NONE', *, *, #5163, .F. ) ;
#1350 = ORIENTED_EDGE ( 'NONE', *, *, #2229, .F. ) ;
#1351 = APPROVAL_ROLE ( '' ) ;
#1352 = DIRECTION ( 'NONE',  ( 0.000000000000000000, -6.938893903907229610E-17, -1.000000000000000000 ) ) ;
#1353 = DIRECTION ( 'NONE',  ( -1.000000000000000000, 0.000000000000000000, 0.000000000000000000 ) ) ;
#1354 = FACE_OUTER_BOUND ( 'NONE', #1389, .T. ) ;
#1355 = AXIS2_PLACEMENT_3D ( 'NONE', #2608, #2092, #3066 ) ;
#1356 = EDGE_LOOP ( 'NONE', ( #1985, #4443, #5998, #3679 ) ) ;
#1357 = VERTEX_POINT ( 'NONE', #4702 ) ;
#1358 = DIRECTION ( 'NONE',  ( 0.000000000000000000, 0.000000000000000000, -1.000000000000000000 ) ) ;
#1359 = VERTEX_POINT ( 'NONE', #548 ) ;
#1360 = CARTESIAN_POINT ( 'NONE',  ( 21.00000000000000000, 11.50000000000000000, 60.19874991318240376 ) ) ;
#1361 = DIRECTION ( 'NONE',  ( 0.000000000000000000, -1.000000000000000000, 0.000000000000000000 ) ) ;
#1362 = ORIENTED_EDGE ( 'NONE', *, *, #3223, .F. ) ;
#1363 = EDGE_CURVE ( 'NONE', #2132, #4172, #2937, .T. ) ;
#1364 = ORIENTED_EDGE ( 'NONE', *, *, #3638, .F. ) ;
#1365 = ORIENTED_EDGE ( 'NONE', *, *, #4087, .T. ) ;
#1366 = VECTOR ( 'NONE', #382, 1000.000000000000000 ) ;
#1367 = DIRECTION ( 'NONE',  ( 0.000000000000000000, 0.000000000000000000, -1.000000000000000000 ) ) ;
#1368 = DIRECTION ( 'NONE',  ( 0.000000000000000000, 0.000000000000000000, 1.000000000000000000 ) ) ;
#1369 = DIRECTION ( 'NONE',  ( 0.000000000000000000, 0.000000000000000000, 1.000000000000000000 ) ) ;
#1370 = EDGE_CURVE ( 'NONE', #374, #1165, #5493, .T. ) ;
#1371 = VERTEX_POINT ( 'NONE', #1881 ) ;
#1372 = CARTESIAN_POINT ( 'NONE',  ( 21.19979272030390405, 18.99344369494417961, 51.03161052174228729 ) ) ;
#1373 = CARTESIAN_POINT ( 'NONE',  ( 21.16880833707691423, -18.99536674651056956, 50.63594800750462355 ) ) ;
#1374 = DIRECTION ( 'NONE',  ( 0.000000000000000000, -1.000000000000000000, 0.000000000000000000 ) ) ;
#1375 = DIRECTION ( 'NONE',  ( 0.000000000000000000, -1.000000000000000000, 0.000000000000000000 ) ) ;
#1376 = CARTESIAN_POINT ( 'NONE',  ( 7.162924960380889772, -30.90000000000000213, -61.93475008681760130 ) ) ;
#1377 = CC_DESIGN_PERSON_AND_ORGANIZATION_ASSIGNMENT ( #1383, #4595, ( #4205 ) ) ;
#1378 = EDGE_CURVE ( 'NONE', #769, #4282, #488, .T. ) ;
#1380 = ORIENTED_EDGE ( 'NONE', *, *, #3016, .F. ) ;
#1379 = EDGE_CURVE ( 'NONE', #1944, #1359, #3187, .T. ) ;
#1381 = EDGE_CURVE ( 'NONE', #3893, #875, #4399, .T. ) ;
#1382 = ORIENTED_EDGE ( 'NONE', *, *, #284, .T. ) ;
#1383 = PERSON_AND_ORGANIZATION ( #675, #3048 ) ;
#1384 = CARTESIAN_POINT ( 'NONE',  ( 24.00000000000000000, -4.000000000000000000, 41.37032278843620503 ) ) ;
#1385 = AXIS2_PLACEMENT_3D ( 'NONE', #141, #107, #174 ) ;
#1386 = FACE_OUTER_BOUND ( 'NONE', #4235, .T. ) ;
#1387 = CARTESIAN_POINT ( 'NONE',  ( 1.206118867319178056, -18.40478368219850225, 51.15789144411950673 ) ) ;
#1388 = VERTEX_POINT ( 'NONE', #974 ) ;
#1389 = EDGE_LOOP ( 'NONE', ( #2554, #5028, #3866, #741 ) ) ;
#1390 = CARTESIAN_POINT ( 'NONE',  ( 11.69829999999999970, -26.39999999999999858, -65.55325008681771237 ) ) ;
#1391 = ORIENTED_EDGE ( 'NONE', *, *, #416, .T. ) ;
#1392 = CARTESIAN_POINT ( 'NONE',  ( 3.000000000000000000, 33.89999999999999858, -44.61744750750959554 ) ) ;
#1393 = LINE ( 'NONE', #4726, #56 ) ;
#1394 = ORIENTED_EDGE ( 'NONE', *, *, #4351, .T. ) ;
#1395 = VERTEX_POINT ( 'NONE', #4611 ) ;
#1396 = VECTOR ( 'NONE', #3580, 1000.000000000000000 ) ;
#1397 = VERTEX_POINT ( 'NONE', #66 ) ;
#1398 = FACE_OUTER_BOUND ( 'NONE', #2636, .T. ) ;
#1399 = DIRECTION ( 'NONE',  ( 0.000000000000000000, 2.312964634635739999E-16, -1.000000000000000000 ) ) ;
#1400 = CYLINDRICAL_SURFACE ( 'NONE', #1144, 12.00000000000000355 ) ;
#1401 = ORIENTED_EDGE ( 'NONE', *, *, #3838, .T. ) ;
#1402 = CARTESIAN_POINT ( 'NONE',  ( 7.162924960380889772, -58.27579733601310608, -61.93475008681760130 ) ) ;
#1403 = CARTESIAN_POINT ( 'NONE',  ( 21.00000000000000000, -19.00000000000000000, 50.12667012447429471 ) ) ;
#1404 = CARTESIAN_POINT ( 'NONE',  ( 7.162924960380900430, -30.90000000000000213, -54.69775008681759942 ) ) ;
#1405 = EDGE_CURVE ( 'NONE', #5005, #3893, #5521, .T. ) ;
#1406 = DIRECTION ( 'NONE',  ( 0.000000000000000000, 1.000000000000000000, 0.000000000000000000 ) ) ;
#1407 = LINE ( 'NONE', #557, #2095 ) ;
#1408 = ORIENTED_EDGE ( 'NONE', *, *, #2459, .F. ) ;
#1409 = ORIENTED_EDGE ( 'NONE', *, *, #3644, .T. ) ;
#1410 = LINE ( 'NONE', #52, #721 ) ;
#1411 = APPROVAL_DATE_TIME ( #4084, #3538 ) ;
#1412 = DIRECTION ( 'NONE',  ( -4.498928074410620196E-16, -5.361613695501830012E-16, -1.000000000000000000 ) ) ;
#1413 = EDGE_CURVE ( 'NONE', #5155, #986, #5976, .T. ) ;
#1414 = EDGE_CURVE ( 'NONE', #5291, #1294, #5160, .T. ) ;
#1415 = CARTESIAN_POINT ( 'NONE',  ( 7.162924960380900430, 30.90000000000000213, -55.69775008681759942 ) ) ;
#1416 = ADVANCED_FACE ( 'NONE', ( #3286 ), #5126, .F. ) ;
#1417 = CARTESIAN_POINT ( 'NONE',  ( 1.491224182136071219, -18.59299579014044923, 49.95916319643716008 ) ) ;
#1418 = ORIENTED_EDGE ( 'NONE', *, *, #1861, .T. ) ;
#1419 = CARTESIAN_POINT ( 'NONE',  ( 8.030638352128308455, 36.27647202150469496, -41.50105008681759955 ) ) ;
#1420 = VERTEX_POINT ( 'NONE', #2827 ) ;
#1421 = ADVANCED_FACE ( 'NONE', ( #1846 ), #5159, .F. ) ;
#1422 = LINE ( 'NONE', #963, #5099 ) ;
#1423 = CARTESIAN_POINT ( 'NONE',  ( 16.23367503961910074, -30.90000000000000213, -56.69775008681769890 ) ) ;
#1424 = AXIS2_PLACEMENT_3D ( 'NONE', #945, #4617, #2309 ) ;
#1425 = VECTOR ( 'NONE', #1765, 1000.000000000000000 ) ;
#1426 = CIRCLE ( 'NONE', #4133, 1.000000000000000888 ) ;
#1427 = EDGE_LOOP ( 'NONE', ( #2898, #3500, #4207, #324, #4068 ) ) ;
#1428 = ORIENTED_EDGE ( 'NONE', *, *, #2215, .F. ) ;
#1429 = CIRCLE ( 'NONE', #4049, 2.000000000000001776 ) ;
#1430 = ORIENTED_EDGE ( 'NONE', *, *, #5524, .F. ) ;
#1431 = DIRECTION ( 'NONE',  ( 0.000000000000000000, 0.000000000000000000, -1.000000000000000000 ) ) ;
#1432 = CARTESIAN_POINT ( 'NONE',  ( 3.000000000000000000, 11.84999999999999964, 23.99874991318240092 ) ) ;
#1433 = DIRECTION ( 'NONE',  ( 0.000000000000000000, 1.000000000000000000, 0.000000000000000000 ) ) ;
#1434 = EDGE_LOOP ( 'NONE', ( #3661, #1408, #4252, #2970 ) ) ;
#1435 = CARTESIAN_POINT ( 'NONE',  ( 21.15418400733560489, -18.99603726706046203, 51.42411477809125131 ) ) ;
#1436 = CARTESIAN_POINT ( 'NONE',  ( 3.200000000000000178, -16.35000000000000142, 50.99844991318239806 ) ) ;
#1437 = DIRECTION ( 'NONE',  ( 0.000000000000000000, -1.000000000000000000, 0.000000000000000000 ) ) ;
#1438 = CARTESIAN_POINT ( 'NONE',  ( 2.521833445337716029, 18.97120072027908222, 52.89855002406824269 ) ) ;
#1439 = ORIENTED_EDGE ( 'NONE', *, *, #5935, .F. ) ;
#1440 = ADVANCED_FACE ( 'NONE', ( #5553 ), #1911, .T. ) ;
#1441 = ORIENTED_EDGE ( 'NONE', *, *, #3385, .T. ) ;
#1442 = CARTESIAN_POINT ( 'NONE',  ( 21.00000000000000000, -0.1499999999999999944, 23.99874991318240092 ) ) ;
#1443 = FACE_BOUND ( 'NONE', #3668, .T. ) ;
#1444 = PERSON_AND_ORGANIZATION_ROLE ( 'creator' ) ;
#1445 = CARTESIAN_POINT ( 'NONE',  ( 24.00000000000000000, -20.50000000000000000, -7.801250086817620222 ) ) ;
#1446 = DIRECTION ( 'NONE',  ( 0.000000000000000000, 0.000000000000000000, -1.000000000000000000 ) ) ;
#1447 = CARTESIAN_POINT ( 'NONE',  ( 1.706665458609901487, -18.70685852106363356, 49.66804176785811364 ) ) ;
#1448 = EDGE_CURVE ( 'NONE', #5401, #5421, #5264, .T. ) ;
#1449 = ORIENTED_EDGE ( 'NONE', *, *, #2939, .F. ) ;
#1450 = CARTESIAN_POINT ( 'NONE',  ( 21.00000000000000000, -11.50000000000000000, 48.99874991318240092 ) ) ;
#1451 = ORIENTED_EDGE ( 'NONE', *, *, #1748, .T. ) ;
#1452 = DIRECTION ( 'NONE',  ( 0.000000000000000000, 0.000000000000000000, 1.000000000000000000 ) ) ;
#1453 = VECTOR ( 'NONE', #783, 1000.000000000000000 ) ;
#1454 = DIRECTION ( 'NONE',  ( -1.000000000000000000, 0.000000000000000000, 0.000000000000000000 ) ) ;
#1455 = APPROVAL ( #3202, '未指定' ) ;
#1456 = EDGE_LOOP ( 'NONE', ( #856, #1133, #69, #2330 ) ) ;
#1457 = EDGE_CURVE ( 'NONE', #3584, #532, #5613, .T. ) ;
#1458 = VECTOR ( 'NONE', #5112, 1000.000000000000000 ) ;
#1459 = EDGE_LOOP ( 'NONE', ( #3232, #1072, #1156, #406 ) ) ;
#1460 = ORIENTED_EDGE ( 'NONE', *, *, #853, .T. ) ;
#1461 = CARTESIAN_POINT ( 'NONE',  ( 12.00000000000000000, 30.89999999999999503, -70.50105008681759955 ) ) ;
#1462 = DIRECTION ( 'NONE',  ( 0.000000000000000000, 0.000000000000000000, -1.000000000000000000 ) ) ;
#1463 = FACE_BOUND ( 'NONE', #1735, .T. ) ;
#1464 = AXIS2_PLACEMENT_3D ( 'NONE', #4928, #5330, #5360 ) ;
#1465 = EDGE_LOOP ( 'NONE', ( #2908, #4888, #693, #3401 ) ) ;
#1466 = AXIS2_PLACEMENT_3D ( 'NONE', #770, #4323, #3876 ) ;
#1467 = CARTESIAN_POINT ( 'NONE',  ( 12.00000000000000000, 26.40000000000000213, -70.50105008681759955 ) ) ;
#1468 = DIRECTION ( 'NONE',  ( 0.000000000000000000, 0.3420201433256691015, 0.9396926207859082059 ) ) ;
#1469 = DIRECTION ( 'NONE',  ( 0.000000000000000000, 6.938893903907229610E-17, 1.000000000000000000 ) ) ;
#1470 = AXIS2_PLACEMENT_3D ( 'NONE', #3874, #5653, #554 ) ;
#1471 = CARTESIAN_POINT ( 'NONE',  ( 2.030534096767990793, 18.83956474409070836, 52.62220102491667006 ) ) ;
#1472 = AXIS2_PLACEMENT_3D ( 'NONE', #3844, #1406, #620 ) ;
#1473 = VERTEX_POINT ( 'NONE', #2860 ) ;
#1474 = AXIS2_PLACEMENT_3D ( 'NONE', #2233, #3586, #1304 ) ;
#1475 = CARTESIAN_POINT ( 'NONE',  ( 24.00000000000000000, 33.89999999999999858, -44.61744750750959554 ) ) ;
#1476 = DIRECTION ( 'NONE',  ( 0.000000000000000000, 0.3420201433256691015, 0.9396926207859082059 ) ) ;
#1477 = DIRECTION ( 'NONE',  ( 0.000000000000000000, 0.000000000000000000, 1.000000000000000000 ) ) ;
#1478 = DIRECTION ( 'NONE',  ( 0.000000000000000000, 1.000000000000000000, 0.000000000000000000 ) ) ;
#1479 = CARTESIAN_POINT ( 'NONE',  ( 2.082206187236315564, -18.85660728479997417, 49.33886613233698881 ) ) ;
#1480 = AXIS2_PLACEMENT_3D ( 'NONE', #4209, #51, #1254 ) ;
#1481 = ORIENTED_EDGE ( 'NONE', *, *, #1571, .T. ) ;
#1482 = DIRECTION ( 'NONE',  ( 0.000000000000000000, 0.000000000000000000, 1.000000000000000000 ) ) ;
#1483 = FACE_OUTER_BOUND ( 'NONE', #4028, .T. ) ;
#1484 = CARTESIAN_POINT ( 'NONE',  ( 3.200000000000000178, 59.17773170840619912, 50.99844991318239806 ) ) ;
#1485 = CARTESIAN_POINT ( 'NONE',  ( 24.00000000000000000, -30.90000000000000213, -58.50105008681759955 ) ) ;
#1486 = EDGE_CURVE ( 'NONE', #1229, #4428, #3676, .T. ) ;
#1487 = CIRCLE ( 'NONE', #5651, 9.000000000000001776 ) ;
#1488 = VERTEX_POINT ( 'NONE', #3010 ) ;
#1489 = ORIENTED_EDGE ( 'NONE', *, *, #1126, .T. ) ;
#1490 = VECTOR ( 'NONE', #2540, 1000.000000000000000 ) ;
#1491 = VERTEX_POINT ( 'NONE', #2463 ) ;
#1492 = CARTESIAN_POINT ( 'NONE',  ( 3.000000000000000000, -33.89999999999999858, -58.50105008681759955 ) ) ;
#1493 = CARTESIAN_POINT ( 'NONE',  ( 24.00000000000000000, -4.000000000000000000, 49.37032278843619792 ) ) ;
#1494 = AXIS2_PLACEMENT_3D ( 'NONE', #1213, #4933, #5818 ) ;
#1495 = ADVANCED_FACE ( 'NONE', ( #4375 ), #222, .T. ) ;
#1496 = EDGE_CURVE ( 'NONE', #2097, #5123, #3440, .T. ) ;
#1497 = EDGE_CURVE ( 'NONE', #2128, #1134, #1487, .T. ) ;
#1498 = FACE_OUTER_BOUND ( 'NONE', #1276, .T. ) ;
#1499 = VECTOR ( 'NONE', #473, 1000.000000000000000 ) ;
#1500 = ORIENTED_EDGE ( 'NONE', *, *, #385, .T. ) ;
#1501 = CARTESIAN_POINT ( 'NONE',  ( 16.23367503961910074, -33.89999999999999858, -61.93475008681769367 ) ) ;
#1502 = DIRECTION ( 'NONE',  ( -1.000000000000000000, 0.000000000000000000, 0.000000000000000000 ) ) ;
#1503 = CARTESIAN_POINT ( 'NONE',  ( 5.000000000000000000, 39.39999999999999858, -45.00105008681759955 ) ) ;
#1504 = CARTESIAN_POINT ( 'NONE',  ( 3.000000000000000000, 20.50000000000000000, -7.801250086817609564 ) ) ;
#1505 = ORIENTED_EDGE ( 'NONE', *, *, #5518, .F. ) ;
#1506 = LINE ( 'NONE', #1895, #415 ) ;
#1507 = DIRECTION ( 'NONE',  ( 0.000000000000000000, -1.734723475976809806E-16, 1.000000000000000000 ) ) ;
#1508 = DIRECTION ( 'NONE',  ( 0.000000000000000000, 1.000000000000000000, 0.000000000000000000 ) ) ;
#1509 = DIRECTION ( 'NONE',  ( 0.000000000000000000, 0.000000000000000000, 1.000000000000000000 ) ) ;
#1510 = CARTESIAN_POINT ( 'NONE',  ( 1.224018312298635225, -18.41787460620091466, 51.31382301993477313 ) ) ;
#1511 = ORIENTED_EDGE ( 'NONE', *, *, #3765, .F. ) ;
#1512 = CIRCLE ( 'NONE', #1224, 9.000000000000001776 ) ;
#1513 = ORIENTED_EDGE ( 'NONE', *, *, #3231, .T. ) ;
#1514 = DIRECTION ( 'NONE',  ( 0.000000000000000000, 1.000000000000000000, 0.000000000000000000 ) ) ;
#1515 = LINE ( 'NONE', #4004, #1089 ) ;
#1516 = DIRECTION ( 'NONE',  ( 0.000000000000000000, 0.000000000000000000, 1.000000000000000000 ) ) ;
#1517 = ORIENTED_EDGE ( 'NONE', *, *, #1804, .T. ) ;
#1518 = VERTEX_POINT ( 'NONE', #1616 ) ;
#1519 = ADVANCED_FACE ( 'NONE', ( #4824 ), #5770, .F. ) ;
#1520 = ORIENTED_EDGE ( 'NONE', *, *, #348, .F. ) ;
#1521 = CARTESIAN_POINT ( 'NONE',  ( 24.00000000000000000, 26.39999999999999858, -40.50105008681759955 ) ) ;
#1522 = CIRCLE ( 'NONE', #1323, 1.999999999999994893 ) ;
#1523 = CARTESIAN_POINT ( 'NONE',  ( 3.000000000000000000, -20.50000000000000000, 32.19874991318239665 ) ) ;
#1524 = DIRECTION ( 'NONE',  ( 0.000000000000000000, 1.000000000000000000, 0.000000000000000000 ) ) ;
#1525 = VECTOR ( 'NONE', #4471, 1000.000000000000000 ) ;
#1526 = EDGE_CURVE ( 'NONE', #4792, #5335, #2163, .T. ) ;
#1527 = ORIENTED_EDGE ( 'NONE', *, *, #2495, .F. ) ;
#1528 = DIRECTION ( 'NONE',  ( 0.000000000000000000, 0.000000000000000000, -1.000000000000000000 ) ) ;
#1529 = CARTESIAN_POINT ( 'NONE',  ( 0.000000000000000000, 26.39999999999999858, -58.50105008681759955 ) ) ;
#1530 = CYLINDRICAL_SURFACE ( 'NONE', #3512, 1.000000000000000888 ) ;
#1531 = LINE ( 'NONE', #2533, #1805 ) ;
#1532 = EDGE_CURVE ( 'NONE', #1919, #1488, #5554, .T. ) ;
#1533 = ORIENTED_EDGE ( 'NONE', *, *, #2084, .T. ) ;
#1534 = DIRECTION ( 'NONE',  ( 0.000000000000000000, -1.000000000000000000, 0.000000000000000000 ) ) ;
#1535 = CARTESIAN_POINT ( 'NONE',  ( 0.000000000000000000, 17.50000000000000000, -7.801250086817620222 ) ) ;
#1536 = DIRECTION ( 'NONE',  ( 0.000000000000000000, 1.000000000000000000, 0.000000000000000000 ) ) ;
#1537 = CARTESIAN_POINT ( 'NONE',  ( 24.00000000000000000, -6.828427124746190735, 44.19874991318239665 ) ) ;
#1538 = CARTESIAN_POINT ( 'NONE',  ( 1.522196822287690487, 18.61085189650008687, 49.90983026361730168 ) ) ;
#1539 = ORIENTED_EDGE ( 'NONE', *, *, #523, .T. ) ;
#1540 = APPLICATION_CONTEXT ( 'configuration controlled 3d designs of mechanical parts and assemblies' ) ;
#1541 = ORIENTED_EDGE ( 'NONE', *, *, #3276, .F. ) ;
#1542 = CARTESIAN_POINT ( 'NONE',  ( 19.19999999999999929, 16.35000000000000142, 50.99844991318239806 ) ) ;
#1543 = DIRECTION ( 'NONE',  ( 0.000000000000000000, -1.000000000000000000, 0.000000000000000000 ) ) ;
#1544 = CARTESIAN_POINT ( 'NONE',  ( 19.19999999999999929, 19.00000000000000000, 48.99844991318239806 ) ) ;
#1545 = DIRECTION ( 'NONE',  ( -0.7499999999999998890, 0.6614378277661479011, 0.000000000000000000 ) ) ;
#1546 = ORIENTED_EDGE ( 'NONE', *, *, #3017, .F. ) ;
#1547 = ORIENTED_EDGE ( 'NONE', *, *, #3575, .F. ) ;
#1548 = VECTOR ( 'NONE', #1153, 1000.000000000000000 ) ;
#1549 = CARTESIAN_POINT ( 'NONE',  ( 11.69829999999999970, 26.39999999999999858, -57.34215422574949628 ) ) ;
#1550 = LINE ( 'NONE', #5221, #1683 ) ;
#1551 = DIRECTION ( 'NONE',  ( 0.000000000000000000, 0.000000000000000000, -1.000000000000000000 ) ) ;
#1552 = CYLINDRICAL_SURFACE ( 'NONE', #4341, 1.000000000000000888 ) ;
#1553 = ADVANCED_FACE ( 'NONE', ( #3469 ), #2429, .T. ) ;
#1554 = EDGE_LOOP ( 'NONE', ( #4427, #3737 ) ) ;
#1555 = ORIENTED_EDGE ( 'NONE', *, *, #4190, .F. ) ;
#1556 = CYLINDRICAL_SURFACE ( 'NONE', #5146, 2.000000000000001776 ) ;
#1557 = DIRECTION ( 'NONE',  ( 0.000000000000000000, 1.000000000000000000, 0.000000000000000000 ) ) ;
#1558 = CARTESIAN_POINT ( 'NONE',  ( 16.23367503961910074, 26.39999999999999858, -56.69775008681769890 ) ) ;
#1559 = DIRECTION ( 'NONE',  ( -0.6614378277661479011, 0.7499999999999997780, 0.000000000000000000 ) ) ;
#1560 = EDGE_CURVE ( 'NONE', #193, #5644, #3718, .T. ) ;
#1561 = ORIENTED_EDGE ( 'NONE', *, *, #5822, .F. ) ;
#1562 = DIRECTION ( 'NONE',  ( 0.000000000000000000, 1.000000000000000000, 5.782411586589360597E-16 ) ) ;
#1563 = VECTOR ( 'NONE', #2248, 1000.000000000000000 ) ;
#1564 = LINE ( 'NONE', #1599, #1490 ) ;
#1565 = FACE_OUTER_BOUND ( 'NONE', #3293, .T. ) ;
#1566 = DIRECTION ( 'NONE',  ( 1.000000000000000000, 0.000000000000000000, 0.000000000000000000 ) ) ;
#1567 = AXIS2_PLACEMENT_3D ( 'NONE', #1710, #4470, #1256 ) ;
#1568 = CARTESIAN_POINT ( 'NONE',  ( 2.317542202814931063, 18.92131929500688514, 49.20364212231820034 ) ) ;
#1569 = EDGE_CURVE ( 'NONE', #4970, #2562, #2491, .T. ) ;
#1570 = EDGE_CURVE ( 'NONE', #4897, #2314, #1158, .T. ) ;
#1571 = EDGE_CURVE ( 'NONE', #5323, #5085, #3896, .T. ) ;
#1572 = ORIENTED_EDGE ( 'NONE', *, *, #2830, .F. ) ;
#1573 = CIRCLE ( 'NONE', #2338, 2.000000000000001776 ) ;
#1574 = ORIENTED_EDGE ( 'NONE', *, *, #5277, .T. ) ;
#1575 = LINE ( 'NONE', #3429, #606 ) ;
#1576 = CARTESIAN_POINT ( 'NONE',  ( 7.162924960380900430, 63.65353284628589847, -57.69775008681759942 ) ) ;
#1577 = DIRECTION ( 'NONE',  ( 0.000000000000000000, -1.000000000000000000, 0.000000000000000000 ) ) ;
#1578 = DIRECTION ( 'NONE',  ( 0.000000000000000000, -1.000000000000000000, 2.312964634635739999E-16 ) ) ;
#1579 = VECTOR ( 'NONE', #1607, 1000.000000000000000 ) ;
#1580 = VERTEX_POINT ( 'NONE', #2918 ) ;
#1581 = ORIENTED_EDGE ( 'NONE', *, *, #2413, .T. ) ;
#1582 = CARTESIAN_POINT ( 'NONE',  ( 11.69829999999999970, -33.89999999999999858, -54.07925008681760204 ) ) ;
#1583 = CARTESIAN_POINT ( 'NONE',  ( 24.00000000000000000, 4.000000000000000000, 47.02717703792860249 ) ) ;
#1584 = CARTESIAN_POINT ( 'NONE',  ( 9.821747027186221501, 34.89999999999999858, -45.00105008681759955 ) ) ;
#1585 = VECTOR ( 'NONE', #4193, 1000.000000000000000 ) ;
#1586 = CARTESIAN_POINT ( 'NONE',  ( 21.00000000000000000, 30.90000000000000213, -26.44373421647739875 ) ) ;
#1587 = CIRCLE ( 'NONE', #987, 2.000000000000001776 ) ;
#1588 = ORIENTED_EDGE ( 'NONE', *, *, #3632, .F. ) ;
#1589 = VECTOR ( 'NONE', #1987, 1000.000000000000114 ) ;
#1590 = ORIENTED_EDGE ( 'NONE', *, *, #5029, .T. ) ;
#1591 = VECTOR ( 'NONE', #4058, 1000.000000000000000 ) ;
#1592 = FACE_OUTER_BOUND ( 'NONE', #4039, .T. ) ;
#1593 = CARTESIAN_POINT ( 'NONE',  ( 21.00000000000000000, -33.89999999999999858, -44.61744750750959554 ) ) ;
#1594 = DIRECTION ( 'NONE',  ( 0.000000000000000000, 0.000000000000000000, -1.000000000000000000 ) ) ;
#1595 = DIRECTION ( 'NONE',  ( 0.000000000000000000, -1.000000000000000000, 0.000000000000000000 ) ) ;
#1596 = ORIENTED_EDGE ( 'NONE', *, *, #5961, .T. ) ;
#1597 = DIRECTION ( 'NONE',  ( 0.000000000000000000, 0.000000000000000000, 1.000000000000000000 ) ) ;
#1598 = EDGE_CURVE ( 'NONE', #5442, #3458, #3836, .T. ) ;
#1599 = CARTESIAN_POINT ( 'NONE',  ( 7.162924960380889772, 59.02920452126389961, -62.93475008681759419 ) ) ;
#1600 = CARTESIAN_POINT ( 'NONE',  ( 21.00000000000000000, 20.50000000000000000, -7.801250086817620222 ) ) ;
#1601 = FACE_OUTER_BOUND ( 'NONE', #2099, .T. ) ;
#1602 = CARTESIAN_POINT ( 'NONE',  ( 24.00000000000000000, -33.89999999999999858, -44.61744750750959554 ) ) ;
#1603 = ORIENTED_EDGE ( 'NONE', *, *, #3583, .F. ) ;
#1604 = EDGE_CURVE ( 'NONE', #868, #354, #1550, .T. ) ;
#1605 = ADVANCED_FACE ( 'NONE', ( #1130 ), #3404, .T. ) ;
#1606 = EDGE_LOOP ( 'NONE', ( #2507, #3994, #5436, #1786 ) ) ;
#1607 = DIRECTION ( 'NONE',  ( 1.000000000000000000, 0.000000000000000000, 0.000000000000000000 ) ) ;
#1608 = FACE_OUTER_BOUND ( 'NONE', #5579, .T. ) ;
#1609 = CARTESIAN_POINT ( 'NONE',  ( 5.000000000000000000, 33.89999999999999858, -45.00105008681759955 ) ) ;
#1610 = DIRECTION ( 'NONE',  ( 0.000000000000000000, -5.782411586589355667E-16, -1.000000000000000000 ) ) ;
#1611 = CIRCLE ( 'NONE', #2395, 1.000000000000000888 ) ;
#1612 = ORIENTED_EDGE ( 'NONE', *, *, #2421, .T. ) ;
#1613 = ADVANCED_FACE ( 'NONE', ( #4795 ), #4763, .T. ) ;
#1614 = VERTEX_POINT ( 'NONE', #97 ) ;
#1615 = CARTESIAN_POINT ( 'NONE',  ( 3.000000000000000000, 0.1499999999999999944, 23.99874991318240092 ) ) ;
#1616 = CARTESIAN_POINT ( 'NONE',  ( 0.02048661691208319979, -11.50000000000000000, 60.19874991318240376 ) ) ;
#1617 = CARTESIAN_POINT ( 'NONE',  ( 19.19999999999999929, -11.50000000000000000, 50.99844991318239806 ) ) ;
#1618 = CARTESIAN_POINT ( 'NONE',  ( 16.23367503961910074, 26.39999999999999858, -57.69775008681769890 ) ) ;
#1619 = EDGE_LOOP ( 'NONE', ( #1731, #4313, #2205, #847 ) ) ;
#1620 = ORIENTED_EDGE ( 'NONE', *, *, #1604, .F. ) ;
#1621 = DIRECTION ( 'NONE',  ( 0.000000000000000000, 0.000000000000000000, 1.000000000000000000 ) ) ;
#1622 = CARTESIAN_POINT ( 'NONE',  ( 7.162924960380900430, 30.90000000000000213, -57.69775008681759942 ) ) ;
#1623 = VECTOR ( 'NONE', #943, 1000.000000000000000 ) ;
#1624 = AXIS2_PLACEMENT_3D ( 'NONE', #61, #4250, #4635 ) ;
#1625 = ORIENTED_EDGE ( 'NONE', *, *, #523, .F. ) ;
#1626 = VECTOR ( 'NONE', #5193, 1000.000000000000000 ) ;
#1627 = CARTESIAN_POINT ( 'NONE',  ( 16.23367503961910074, -26.39999999999999858, -57.69775008681769890 ) ) ;
#1628 = CARTESIAN_POINT ( 'NONE',  ( 3.200000000000000178, -16.35000000000000142, 51.99844991318239806 ) ) ;
#1629 = CARTESIAN_POINT ( 'NONE',  ( -6.690807365133657523E-15, -0.0007043564310837872140, 12.39275946105413162 ) ) ;
#1630 = CARTESIAN_POINT ( 'NONE',  ( 1.812501699914616848, 18.75497871145308793, 49.55762705758942133 ) ) ;
#1631 = EDGE_CURVE ( 'NONE', #4799, #1016, #5848, .T. ) ;
#1632 = VERTEX_POINT ( 'NONE', #1523 ) ;
#1633 = VERTEX_POINT ( 'NONE', #5206 ) ;
#1634 = FACE_OUTER_BOUND ( 'NONE', #485, .T. ) ;
#1635 = DIRECTION ( 'NONE',  ( 0.000000000000000000, 0.000000000000000000, -1.000000000000000000 ) ) ;
#1636 = CARTESIAN_POINT ( 'NONE',  ( 21.00000000000000000, -30.90000000000000213, -26.44373421647739875 ) ) ;
#1637 = ADVANCED_FACE ( 'NONE', ( #4298 ), #109, .F. ) ;
#1638 = ORIENTED_EDGE ( 'NONE', *, *, #1340, .T. ) ;
#1639 = VERTEX_POINT ( 'NONE', #3816 ) ;
#1640 = PLANE ( 'NONE',  #2240 ) ;
#1641 = ORIENTED_EDGE ( 'NONE', *, *, #4198, .F. ) ;
#1642 = DIRECTION ( 'NONE',  ( 0.000000000000000000, 0.000000000000000000, 1.000000000000000000 ) ) ;
#1643 = EDGE_CURVE ( 'NONE', #2449, #1165, #1410, .T. ) ;
#1644 = ADVANCED_FACE ( 'NONE', ( #4688 ), #5596, .F. ) ;
#1645 = AXIS2_PLACEMENT_3D ( 'NONE', #2721, #5513, #5575 ) ;
#1646 = ORIENTED_EDGE ( 'NONE', *, *, #4902, .F. ) ;
#1647 = ORIENTED_EDGE ( 'NONE', *, *, #2412, .T. ) ;
#1648 = FACE_OUTER_BOUND ( 'NONE', #2070, .T. ) ;
#1649 = CARTESIAN_POINT ( 'NONE',  ( 12.00000000000000000, -30.90000000000000213, -58.50105008681759955 ) ) ;
#1650 = CIRCLE ( 'NONE', #5030, 2.000000000000001776 ) ;
#1651 = DIRECTION ( 'NONE',  ( -1.000000000000000000, 0.000000000000000000, 0.000000000000000000 ) ) ;
#1652 = B_SPLINE_CURVE_WITH_KNOTS ( 'NONE', 3,
 ( #5428, #2609, #4005, #1803, #5934, #5960, #420, #4514, #2664, #4936, #3665, #2259, #4567, #2717, #336, #3550, #1696, #4539, #4032, #390, #5508, #3205, #2175, #760, #4090, #1779, #1727, #5878, #4457, #2147, #5397, #3582, #1244, #1272, #3122, #3176, #2204, #2228, #4966, #816, #5480, #5022, #4061, #3611, #5452, #5907, #1300, #3148, #4995, #837, #2690, #4661, #22, #507, #4177, #475, #1510, #3333, #1387, #3237, #5083, #1867, #55, #2321, #4269, #4628, #5600, #2354, #923, #2781, #1958, #3728, #3691, #1926, #564, #5570, #4242, #3820, #113, #1899, #1417, #2876, #957, #2845, #3271, #4146, #5113, #2812, #4721, #3787, #4213, #3759, #1447, #3301, #5989, #1832, #2415, #5143, #5540, #992, #4691, #537, #2388, #84, #5630, #1479, #5179, #1021, #5664, #5052, #895, #2751, #4598, #447, #2290 ),
 .UNSPECIFIED., .F., .F.,
 ( 4, 2, 2, 1, 1, 2, 2, 2, 1, 1, 1, 2, 2, 2, 2, 1, 1, 2, 2, 2, 2, 1, 1, 1, 2, 2, 2, 1, 1, 2, 2, 2, 1, 2, 2, 2, 1, 2, 2, 2, 2, 1, 1, 2, 2, 2, 2, 1, 1, 1, 2, 2, 2, 2, 1, 1, 2, 2, 2, 2, 1, 1, 2, 2, 2, 1, 1, 2, 2, 4 ),
 ( 0.000000000000000000, 0.06250000000004456158, 0.09375000000006696033, 0.1093750000000775352, 0.1171875000000829892, 0.1210937500000850986, 0.1250000000000872080, 0.1562500000001050271, 0.1718750000001140477, 0.1796875000001175726, 0.1835937500001192380, 0.1855468750001209866, 0.1875000000001227352, 0.2187500000001085243, 0.2343750000001014466, 0.2421875000000968670, 0.2460937500000945910, 0.2480468750000934808, 0.2500000000000923706, 0.2812500000000612843, 0.2968750000000460743, 0.3046875000000388578, 0.3085937500000381917, 0.3105468750000345834, 0.3115234375000321965, 0.3125000000000298650, 0.3437499999999285571, 0.3593749999998794298, 0.3671874999998546163, 0.3710937499998421818, 0.3749999999998297473, 0.4062499999997440936, 0.4218749999997014055, 0.4296874999996802003, 0.4374999999996589950, 0.4687499999995776712, 0.4843749999995369260, 0.4921874999995166089, 0.4999999999994962363, 0.5624999999993371969, 0.5937499999992575939, 0.6093749999992176258, 0.6171874999991975308, 0.6210937499991873167, 0.6249999999991771027, 0.6562499999990886179, 0.6718749999990429878, 0.6796874999990201172, 0.6835937499990084598, 0.6855468749990024646, 0.6865234374990005772, 0.6874999999989986899, 0.7187499999990882849, 0.7343749999991315836, 0.7421874999991532329, 0.7460937499991638910, 0.7480468749991701083, 0.7499999999991762145, 0.7812499999992869038, 0.7968749999993411937, 0.8046874999993686162, 0.8085937499993826050, 0.8105468749993895994, 0.8124999999993967048, 0.8437499999994909627, 0.8593749999995388134, 0.8671874999995636824, 0.8710937499995762279, 0.8749999999995887734, 1.000000000000000000 ),
 .UNSPECIFIED. ) ;
#1653 = EDGE_LOOP ( 'NONE', ( #3345, #126, #3371, #1813 ) ) ;
#1654 = CARTESIAN_POINT ( 'NONE',  ( 16.23367503961910074, -58.32062494435390221, -61.93475008681769367 ) ) ;
#1655 = LINE ( 'NONE', #1600, #5531 ) ;
#1656 = CARTESIAN_POINT ( 'NONE',  ( 11.69829999999999970, -33.89999999999999858, -59.34215422574949628 ) ) ;
#1657 = CARTESIAN_POINT ( 'NONE',  ( 1.242609341244364174, 18.43192746082360500, 51.41377313396888127 ) ) ;
#1658 = ORIENTED_EDGE ( 'NONE', *, *, #4939, .F. ) ;
#1659 = VECTOR ( 'NONE', #3785, 1000.000000000000000 ) ;
#1660 = ORIENTED_EDGE ( 'NONE', *, *, #2495, .T. ) ;
#1661 = AXIS2_PLACEMENT_3D ( 'NONE', #2960, #5355, #4802 ) ;
#1662 = CARTESIAN_POINT ( 'NONE',  ( 11.69829999999999970, -33.89999999999999858, -59.34215422574949628 ) ) ;
#1663 = LINE ( 'NONE', #3518, #1979 ) ;
#1664 = DIRECTION ( 'NONE',  ( 0.000000000000000000, -1.734723475976809806E-16, -1.000000000000000000 ) ) ;
#1665 = FACE_BOUND ( 'NONE', #4187, .T. ) ;
#1666 = CIRCLE ( 'NONE', #4563, 2.000000000000001776 ) ;
#1667 = CIRCLE ( 'NONE', #4857, 2.999999999999999112 ) ;
#1668 = VERTEX_POINT ( 'NONE', #2410 ) ;
#1669 = ORIENTED_EDGE ( 'NONE', *, *, #2340, .T. ) ;
#1670 = CYLINDRICAL_SURFACE ( 'NONE', #4185, 2.000000000000001776 ) ;
#1671 = EDGE_LOOP ( 'NONE', ( #530, #1331 ) ) ;
#1672 = AXIS2_PLACEMENT_3D ( 'NONE', #3366, #1964, #697 ) ;
#1673 = ADVANCED_FACE ( 'NONE', ( #5661 ), #5694, .T. ) ;
#1674 = LINE ( 'NONE', #4012, #2284 ) ;
#1675 = ORIENTED_EDGE ( 'NONE', *, *, #2711, .F. ) ;
#1676 = EDGE_LOOP ( 'NONE', ( #4221, #2733 ) ) ;
#1677 = AXIS2_PLACEMENT_3D ( 'NONE', #2334, #3221, #520 ) ;
#1678 = EDGE_CURVE ( 'NONE', #267, #4998, #5110, .T. ) ;
#1679 = EDGE_CURVE ( 'NONE', #147, #2308, #3849, .T. ) ;
#1680 = DIRECTION ( 'NONE',  ( 0.000000000000000000, -1.000000000000000000, 0.000000000000000000 ) ) ;
#1681 = CARTESIAN_POINT ( 'NONE',  ( 24.00000000000000000, 30.90000000000000213, -58.50105008681759955 ) ) ;
#1682 = CARTESIAN_POINT ( 'NONE',  ( 0.000000000000000000, 0.000000000000000000, -51.50105008681759955 ) ) ;
#1683 = VECTOR ( 'NONE', #4345, 1000.000000000000000 ) ;
#1684 = VERTEX_POINT ( 'NONE', #1923 ) ;
#1685 = EDGE_CURVE ( 'NONE', #1388, #4998, #4743, .T. ) ;
#1686 = DIRECTION ( 'NONE',  ( 0.000000000000000000, 0.000000000000000000, -1.000000000000000000 ) ) ;
#1687 = DIRECTION ( 'NONE',  ( 0.000000000000000000, 0.000000000000000000, -1.000000000000000000 ) ) ;
#1688 = AXIS2_PLACEMENT_3D ( 'NONE', #632, #603, #4816 ) ;
#1689 = CARTESIAN_POINT ( 'NONE',  ( 24.00000000000000000, -4.000000000000000000, 41.37032278843620503 ) ) ;
#1690 = CARTESIAN_POINT ( 'NONE',  ( 1.534340960101609586, 18.61811995662967689, 52.10712999720605154 ) ) ;
#1691 = ORIENTED_EDGE ( 'NONE', *, *, #3238, .F. ) ;
#1692 = VECTOR ( 'NONE', #1536, 1000.000000000000000 ) ;
#1693 = CARTESIAN_POINT ( 'NONE',  ( 1.242640687119282106, 20.50000000000000711, -7.801250086817563378 ) ) ;
#1694 = DIRECTION ( 'NONE',  ( 0.000000000000000000, 1.000000000000000000, 0.000000000000000000 ) ) ;
#1695 = CARTESIAN_POINT ( 'NONE',  ( 0.000000000000000000, 0.000000000000000000, -45.00105008681759955 ) ) ;
#1696 = CARTESIAN_POINT ( 'NONE',  ( 2.002657094594161524, -18.82934864037752476, 52.60047556706531680 ) ) ;
#1697 = ORIENTED_EDGE ( 'NONE', *, *, #1685, .T. ) ;
#1698 = VERTEX_POINT ( 'NONE', #2900 ) ;
#1699 = DIRECTION ( 'NONE',  ( 0.000000000000000000, 0.000000000000000000, -1.000000000000000000 ) ) ;
#1700 = ORIENTED_EDGE ( 'NONE', *, *, #3915, .F. ) ;
#1701 = CARTESIAN_POINT ( 'NONE',  ( 21.00000000000000000, -15.25000000000000000, 60.19874991318240376 ) ) ;
#1702 = CARTESIAN_POINT ( 'NONE',  ( 7.162924960380889772, -58.27579733601310608, -61.93475008681760130 ) ) ;
#1703 = ORIENTED_EDGE ( 'NONE', *, *, #796, .T. ) ;
#1704 = EDGE_CURVE ( 'NONE', #1684, #4350, #2445, .T. ) ;
#1705 = ORIENTED_EDGE ( 'NONE', *, *, #2829, .T. ) ;
#1706 = DIRECTION ( 'NONE',  ( 1.000000000000000000, 0.000000000000000000, 0.000000000000000000 ) ) ;
#1707 = CIRCLE ( 'NONE', #2765, 20.00000000000000000 ) ;
#1708 = CARTESIAN_POINT ( 'NONE',  ( 24.00000000000000000, -30.90000000000000213, -26.44373421647739875 ) ) ;
#1709 = VECTOR ( 'NONE', #633, 1000.000000000000000 ) ;
#1710 = CARTESIAN_POINT ( 'NONE',  ( 11.69829999999999970, -33.89999999999999858, -64.55325008681771237 ) ) ;
#1711 = CARTESIAN_POINT ( 'NONE',  ( 7.162924960380900430, 30.90000000000000213, -56.69775008681759942 ) ) ;
#1712 = EDGE_CURVE ( 'NONE', #1016, #4891, #3784, .T. ) ;
#1713 = ORIENTED_EDGE ( 'NONE', *, *, #5587, .F. ) ;
#1714 = CARTESIAN_POINT ( 'NONE',  ( 1.242640687119285436, 33.90000000000000568, -44.61744750750960264 ) ) ;
#1715 = AXIS2_PLACEMENT_3D ( 'NONE', #5433, #3959, #2100 ) ;
#1716 = CARTESIAN_POINT ( 'NONE',  ( 21.00000000000000000, 6.828427124746190735, 52.19874991318240376 ) ) ;
#1717 = AXIS2_PLACEMENT_3D ( 'NONE', #5688, #4867, #1071 ) ;
#1718 = FACE_OUTER_BOUND ( 'NONE', #3240, .T. ) ;
#1719 = AXIS2_PLACEMENT_3D ( 'NONE', #3281, #5576, #605 ) ;
#1720 = CARTESIAN_POINT ( 'NONE',  ( 1.464635535262323707, 18.57766118939441924, 50.00193651213453450 ) ) ;
#1721 = ADVANCED_FACE ( 'NONE', ( #3388 ), #1075, .F. ) ;
#1722 = EDGE_LOOP ( 'NONE', ( #2102, #3450 ) ) ;
#1723 = VECTOR ( 'NONE', #1162, 1000.000000000000000 ) ;
#1724 = CARTESIAN_POINT ( 'NONE',  ( 24.00000000000000000, 17.50000000000000000, -8.330231028943009264 ) ) ;
#1725 = CARTESIAN_POINT ( 'NONE',  ( 21.00000000000000000, -19.00000000000000000, 32.19874991318239665 ) ) ;
#1726 = FACE_OUTER_BOUND ( 'NONE', #3673, .T. ) ;
#1727 = CARTESIAN_POINT ( 'NONE',  ( 1.737454196079792901, -18.72135597827891118, 52.36267237779389205 ) ) ;
#1728 = VERTEX_POINT ( 'NONE', #5567 ) ;
#1729 = VERTEX_POINT ( 'NONE', #4777 ) ;
#1730 = DIRECTION ( 'NONE',  ( 0.000000000000000000, -0.7071067811865470176, 0.7071067811865480168 ) ) ;
#1731 = ORIENTED_EDGE ( 'NONE', *, *, #3449, .T. ) ;
#1732 = DIRECTION ( 'NONE',  ( 0.000000000000000000, -0.7071067811865480168, -0.7071067811865470176 ) ) ;
#1733 = DIRECTION ( 'NONE',  ( 0.000000000000000000, -1.000000000000000000, 0.000000000000000000 ) ) ;
#1734 = ORIENTED_EDGE ( 'NONE', *, *, #2703, .T. ) ;
#1735 = EDGE_LOOP ( 'NONE', ( #76, #2547 ) ) ;
#1736 = CARTESIAN_POINT ( 'NONE',  ( 3.200000000000000178, 16.35000000000000142, 50.99844991318239806 ) ) ;
#1737 = FACE_OUTER_BOUND ( 'NONE', #4536, .T. ) ;
#1738 = ORIENTED_EDGE ( 'NONE', *, *, #3765, .T. ) ;
#1739 = AXIS2_PLACEMENT_3D ( 'NONE', #5051, #5988, #3270 ) ;
#1740 = CARTESIAN_POINT ( 'NONE',  ( 21.18140950117193810, 18.99462000840076570, 51.28065598016719662 ) ) ;
#1741 = FACE_BOUND ( 'NONE', #3857, .T. ) ;
#1742 = EDGE_CURVE ( 'NONE', #3241, #1294, #1295, .T. ) ;
#1743 = CARTESIAN_POINT ( 'NONE',  ( 16.23367503961910074, 59.07554720026720219, -61.93475008681769367 ) ) ;
#1744 = CARTESIAN_POINT ( 'NONE',  ( 1.238860964529661990, 18.42866216672652513, 50.60579048986927830 ) ) ;
#1745 = VERTEX_POINT ( 'NONE', #18 ) ;
#1746 = AXIS2_PLACEMENT_3D ( 'NONE', #860, #2196, #4054 ) ;
#1747 = CARTESIAN_POINT ( 'NONE',  ( 24.00000000000000000, 4.000000000000000000, 41.37032278843620503 ) ) ;
#1748 = EDGE_CURVE ( 'NONE', #559, #59, #1896, .T. ) ;
#1749 = EDGE_CURVE ( 'NONE', #3443, #3584, #5139, .T. ) ;
#1750 = LINE ( 'NONE', #5451, #3008 ) ;
#1751 = ADVANCED_FACE ( 'NONE', ( #1863, #2873, #1443 ), #2841, .F. ) ;
#1752 = CARTESIAN_POINT ( 'NONE',  ( 11.69829999999999970, 26.39999999999999858, -53.07925008681760204 ) ) ;
#1753 = AXIS2_PLACEMENT_3D ( 'NONE', #110, #990, #1477 ) ;
#1754 = VECTOR ( 'NONE', #43, 1000.000000000000000 ) ;
#1755 = ORIENTED_EDGE ( 'NONE', *, *, #3276, .T. ) ;
#1756 = LINE ( 'NONE', #1188, #234 ) ;
#1757 = ORIENTED_EDGE ( 'NONE', *, *, #5392, .T. ) ;
#1758 = CARTESIAN_POINT ( 'NONE',  ( 7.162924960380889772, 33.89999999999999858, -61.93475008681760130 ) ) ;
#1759 = TOROIDAL_SURFACE ( 'NONE', #1183, 12.00000000000000000, 3.000000000000000000 ) ;
#1760 = CYLINDRICAL_SURFACE ( 'NONE', #2671, 12.00000000000000355 ) ;
#1761 = VERTEX_POINT ( 'NONE', #2349 ) ;
#1762 = AXIS2_PLACEMENT_3D ( 'NONE', #4971, #4463, #4517 ) ;
#1763 = ORIENTED_EDGE ( 'NONE', *, *, #476, .F. ) ;
#1764 = CARTESIAN_POINT ( 'NONE',  ( 21.00000000000000000, -16.00000000000000000, -26.44373421647729927 ) ) ;
#1765 = DIRECTION ( 'NONE',  ( 0.000000000000000000, 6.938893903907229610E-17, -1.000000000000000000 ) ) ;
#1766 = AXIS2_PLACEMENT_3D ( 'NONE', #2409, #4265, #3751 ) ;
#1767 = ORIENTED_EDGE ( 'NONE', *, *, #2645, .F. ) ;
#1768 = CARTESIAN_POINT ( 'NONE',  ( 12.00000000000000000, -26.39999999999999858, -58.50105008681759955 ) ) ;
#1769 = DIRECTION ( 'NONE',  ( 0.000000000000000000, 0.000000000000000000, -1.000000000000000000 ) ) ;
#1770 = LINE ( 'NONE', #1824, #1266 ) ;
#1771 = CARTESIAN_POINT ( 'NONE',  ( 1.355954653398629528, 18.50959282692435437, 50.22396461729167072 ) ) ;
#1772 = AXIS2_PLACEMENT_3D ( 'NONE', #3651, #4, #3706 ) ;
#1773 = ORIENTED_EDGE ( 'NONE', *, *, #1842, .F. ) ;
#1774 = EDGE_CURVE ( 'NONE', #2216, #3294, #2082, .T. ) ;
#1775 = VECTOR ( 'NONE', #4455, 1000.000000000000000 ) ;
#1776 = PERSON_AND_ORGANIZATION ( #675, #3048 ) ;
#1777 = CARTESIAN_POINT ( 'NONE',  ( 21.77467897835365562, -0.0001721792176831118308, 14.92468415978773777 ) ) ;
#1778 = DIRECTION ( 'NONE',  ( 0.000000000000000000, -0.7071067811865480168, 0.7071067811865470176 ) ) ;
#1779 = CARTESIAN_POINT ( 'NONE',  ( 1.758854646285725742, -18.73121068792051958, 52.38540599064211989 ) ) ;
#1780 = EDGE_CURVE ( 'NONE', #4122, #4799, #2964, .T. ) ;
#1781 = ORIENTED_EDGE ( 'NONE', *, *, #5711, .F. ) ;
#1782 = DIRECTION ( 'NONE',  ( 0.000000000000000000, -1.000000000000000000, 0.000000000000000000 ) ) ;
#1783 = ORIENTED_EDGE ( 'NONE', *, *, #4271, .T. ) ;
#1784 = DIRECTION ( 'NONE',  ( 0.000000000000000000, 0.000000000000000000, -1.000000000000000000 ) ) ;
#1785 = LINE ( 'NONE', #4606, #3156 ) ;
#1786 = ORIENTED_EDGE ( 'NONE', *, *, #3577, .F. ) ;
#1787 = EDGE_CURVE ( 'NONE', #35, #1728, #3823, .T. ) ;
#1788 = VERTEX_POINT ( 'NONE', #5842 ) ;
#1789 = VERTEX_POINT ( 'NONE', #3509 ) ;
#1790 = DIRECTION ( 'NONE',  ( -1.000000000000000000, 0.000000000000000000, 0.000000000000000000 ) ) ;
#1791 = DIRECTION ( 'NONE',  ( 0.000000000000000000, -1.000000000000000000, 0.000000000000000000 ) ) ;
#1792 = ORIENTED_EDGE ( 'NONE', *, *, #4460, .F. ) ;
#1793 = CARTESIAN_POINT ( 'NONE',  ( 21.00000000000000000, 19.00000000000000000, 51.87022970189050142 ) ) ;
#1794 = DIRECTION ( 'NONE',  ( 0.000000000000000000, -1.000000000000000000, 0.000000000000000000 ) ) ;
#1795 = LINE ( 'NONE', #5529, #2336 ) ;
#1796 = DIRECTION ( 'NONE',  ( 0.000000000000000000, 1.000000000000000000, 0.000000000000000000 ) ) ;
#1797 = DIRECTION ( 'NONE',  ( 0.000000000000000000, -1.000000000000000000, 0.000000000000000000 ) ) ;
#1798 = VERTEX_POINT ( 'NONE', #5387 ) ;
#1799 = CIRCLE ( 'NONE', #170, 2.000000000000001776 ) ;
#1800 = PERSON_AND_ORGANIZATION ( #675, #3048 ) ;
#1801 = CARTESIAN_POINT ( 'NONE',  ( 7.162924960380900430, 30.90000000000000213, -54.69775008681759942 ) ) ;
#1802 = DIRECTION ( 'NONE',  ( 0.000000000000000000, -1.000000000000000000, 0.000000000000000000 ) ) ;
#1803 = CARTESIAN_POINT ( 'NONE',  ( 2.584350442862743513, -18.97143954558207923, 52.90235211722947639 ) ) ;
#1804 = EDGE_CURVE ( 'NONE', #3853, #4706, #3909, .T. ) ;
#1805 = VECTOR ( 'NONE', #3478, 1000.000000000000000 ) ;
#1806 = ORIENTED_EDGE ( 'NONE', *, *, #3872, .T. ) ;
#1807 = DIRECTION ( 'NONE',  ( -0.7071067811865480168, 0.7071067811865470176, 0.000000000000000000 ) ) ;
#1808 = ORIENTED_EDGE ( 'NONE', *, *, #5854, .T. ) ;
#1809 = DIRECTION ( 'NONE',  ( 0.000000000000000000, -1.000000000000000000, 0.000000000000000000 ) ) ;
#1810 = CARTESIAN_POINT ( 'NONE',  ( 21.00000000000000000, 11.50000000000000000, 48.99874991318240092 ) ) ;
#1811 = EDGE_CURVE ( 'NONE', #1728, #35, #3716, .T. ) ;
#1812 = ORIENTED_EDGE ( 'NONE', *, *, #4467, .T. ) ;
#1813 = ORIENTED_EDGE ( 'NONE', *, *, #3720, .F. ) ;
#1814 = ORIENTED_EDGE ( 'NONE', *, *, #3839, .T. ) ;
#1815 = CARTESIAN_POINT ( 'NONE',  ( 9.030638352128310231, 36.27647202150469496, -41.50105008681759955 ) ) ;
#1816 = DIRECTION ( 'NONE',  ( 0.000000000000000000, -2.891205793294677833E-16, 1.000000000000000000 ) ) ;
#1817 = APPROVAL ( #1829, '未指定' ) ;
#1818 = EDGE_CURVE ( 'NONE', #3561, #180, #4871, .T. ) ;
#1819 = DIRECTION ( 'NONE',  ( 0.000000000000000000, 1.000000000000000000, -2.891205793294680298E-16 ) ) ;
#1820 = VERTEX_POINT ( 'NONE', #5722 ) ;
#1821 = DIRECTION ( 'NONE',  ( 0.000000000000000000, 0.000000000000000000, -1.000000000000000000 ) ) ;
#1822 = CARTESIAN_POINT ( 'NONE',  ( 21.04474186240286215, -18.99969765585210979, 50.22219634812775979 ) ) ;
#1823 = DIRECTION ( 'NONE',  ( 0.000000000000000000, 0.000000000000000000, 1.000000000000000000 ) ) ;
#1824 = CARTESIAN_POINT ( 'NONE',  ( 11.69829999999999970, -33.89999999999999858, -52.07925008681760204 ) ) ;
#1825 = CARTESIAN_POINT ( 'NONE',  ( 24.00000000000000000, 4.000000000000000000, 55.02717703792859538 ) ) ;
#1826 = EDGE_LOOP ( 'NONE', ( #5467, #209, #5519, #4758, #1149, #5047, #3808, #2238, #3620, #1755, #4577, #1697 ) ) ;
#1827 = VERTEX_POINT ( 'NONE', #5329 ) ;
#1828 = VECTOR ( 'NONE', #3094, 1000.000000000000000 ) ;
#1829 = APPROVAL_STATUS ( 'not_yet_approved' ) ;
#1830 = DIRECTION ( 'NONE',  ( 0.000000000000000000, 0.000000000000000000, 1.000000000000000000 ) ) ;
#1831 = DIRECTION ( 'NONE',  ( 0.000000000000000000, 0.000000000000000000, 1.000000000000000000 ) ) ;
#1832 = CARTESIAN_POINT ( 'NONE',  ( 1.812086256521274308, -18.75504004529546975, 49.55716075023725153 ) ) ;
#1833 = AXIS2_PLACEMENT_3D ( 'NONE', #5530, #806, #3630 ) ;
#1834 = ORIENTED_EDGE ( 'NONE', *, *, #4161, .T. ) ;
#1835 = ORIENTED_EDGE ( 'NONE', *, *, #2905, .F. ) ;
#1836 = DIRECTION ( 'NONE',  ( 0.000000000000000000, -1.000000000000000000, 0.000000000000000000 ) ) ;
#1837 = ORIENTED_EDGE ( 'NONE', *, *, #2863, .F. ) ;
#1838 = DIRECTION ( 'NONE',  ( 0.000000000000000000, 1.000000000000000000, 0.000000000000000000 ) ) ;
#1839 = DIRECTION ( 'NONE',  ( 0.000000000000000000, 0.000000000000000000, 1.000000000000000000 ) ) ;
#1840 = ORIENTED_EDGE ( 'NONE', *, *, #5385, .F. ) ;
#1841 = ORIENTED_EDGE ( 'NONE', *, *, #300, .T. ) ;
#1842 = EDGE_CURVE ( 'NONE', #346, #3150, #2947, .T. ) ;
#1843 = ORIENTED_EDGE ( 'NONE', *, *, #3431, .F. ) ;
#1844 = AXIS2_PLACEMENT_3D ( 'NONE', #1232, #2574, #4025 ) ;
#1845 = DIRECTION ( 'NONE',  ( 0.000000000000000000, -2.478176394252580155E-16, -1.000000000000000000 ) ) ;
#1846 = FACE_OUTER_BOUND ( 'NONE', #3139, .T. ) ;
#1847 = AXIS2_PLACEMENT_3D ( 'NONE', #584, #2075, #4013 ) ;
#1848 = FACE_BOUND ( 'NONE', #48, .T. ) ;
#1849 = VECTOR ( 'NONE', #1129, 1000.000000000000000 ) ;
#1850 = EDGE_CURVE ( 'NONE', #1827, #1053, #4102, .T. ) ;
#1851 = EDGE_CURVE ( 'NONE', #5577, #2110, #4776, .T. ) ;
#1852 = ADVANCED_FACE ( 'NONE', ( #5811 ), #2509, .F. ) ;
#1853 = VERTEX_POINT ( 'NONE', #296 ) ;
#1854 = CYLINDRICAL_SURFACE ( 'NONE', #4911, 0.9999999999999940048 ) ;
#1855 = DIRECTION ( 'NONE',  ( 0.000000000000000000, -1.000000000000000000, 0.000000000000000000 ) ) ;
#1856 = AXIS2_PLACEMENT_3D ( 'NONE', #2851, #509, #1358 ) ;
#1857 = CARTESIAN_POINT ( 'NONE',  ( 16.23367503961910074, 33.89999999999999858, -58.69775008681769890 ) ) ;
#1858 = CYLINDRICAL_SURFACE ( 'NONE', #2543, 0.9999999999999940048 ) ;
#1859 = CARTESIAN_POINT ( 'NONE',  ( 1.969839990722676237, 18.81755525357178271, 52.57538207271836228 ) ) ;
#1860 = EDGE_LOOP ( 'NONE', ( #3159, #3774, #5760, #3800 ) ) ;
#1861 = EDGE_CURVE ( 'NONE', #5856, #2488, #1564, .T. ) ;
#1862 = ORIENTED_EDGE ( 'NONE', *, *, #1457, .F. ) ;
#1863 = FACE_OUTER_BOUND ( 'NONE', #5548, .T. ) ;
#1864 = FACE_OUTER_BOUND ( 'NONE', #5121, .T. ) ;
#1865 = CIRCLE ( 'NONE', #1385, 20.00000000000000000 ) ;
#1866 = LINE ( 'NONE', #446, #5516 ) ;
#1867 = CARTESIAN_POINT ( 'NONE',  ( 1.200234429762714328, -18.40038244650960308, 51.03283272081007738 ) ) ;
#1868 = CIRCLE ( 'NONE', #1474, 20.00000000000000000 ) ;
#1869 = ORIENTED_EDGE ( 'NONE', *, *, #2307, .F. ) ;
#1870 = VECTOR ( 'NONE', #1507, 1000.000000000000000 ) ;
#1871 = APPROVAL_PERSON_ORGANIZATION ( #443, #1455, #5077 ) ;
#1872 = ORIENTED_EDGE ( 'NONE', *, *, #854, .F. ) ;
#1873 = CARTESIAN_POINT ( 'NONE',  ( 5.000000000000000000, 39.39999999999999858, -45.00105008681759955 ) ) ;
#1874 = VERTEX_POINT ( 'NONE', #3452 ) ;
#1875 = CARTESIAN_POINT ( 'NONE',  ( 21.00000000000000000, -1.171572875253809931, 44.19874991318239665 ) ) ;
#1876 = CARTESIAN_POINT ( 'NONE',  ( 7.162924960380900430, -33.89999999999999858, -58.69775008681759942 ) ) ;
#1877 = ORIENTED_EDGE ( 'NONE', *, *, #5602, .F. ) ;
#1878 = ORIENTED_EDGE ( 'NONE', *, *, #1569, .F. ) ;
#1879 = ORIENTED_EDGE ( 'NONE', *, *, #2246, .F. ) ;
#1880 = DIRECTION ( 'NONE',  ( -0.000000000000000000, 0.7071067811865470176, 0.7071067811865480168 ) ) ;
#1881 = CARTESIAN_POINT ( 'NONE',  ( 24.00000000000000000, -17.50000000000000000, 32.19874991318239665 ) ) ;
#1882 = CARTESIAN_POINT ( 'NONE',  ( 11.69829999999999970, 33.89999999999999858, -64.55325008681771237 ) ) ;
#1883 = EDGE_CURVE ( 'NONE', #5826, #2271, #517, .T. ) ;
#1884 = ORIENTED_EDGE ( 'NONE', *, *, #1343, .F. ) ;
#1885 = DIRECTION ( 'NONE',  ( 0.000000000000000000, 1.000000000000000000, 0.000000000000000000 ) ) ;
#1886 = AXIS2_PLACEMENT_3D ( 'NONE', #4339, #184, #571 ) ;
#1887 = LINE ( 'NONE', #3167, #112 ) ;
#1888 = CARTESIAN_POINT ( 'NONE',  ( 19.19999999999999929, 16.35000000000000142, 49.99844991318239806 ) ) ;
#1889 = CARTESIAN_POINT ( 'NONE',  ( 24.00000000000000000, 16.00000000000000000, 60.19874991318240376 ) ) ;
#1890 = ADVANCED_FACE ( 'NONE', ( #2475 ), #5270, .F. ) ;
#1891 = VERTEX_POINT ( 'NONE', #3542 ) ;
#1892 = VECTOR ( 'NONE', #4278, 1000.000000000000000 ) ;
#1893 = VERTEX_POINT ( 'NONE', #2573 ) ;
#1894 =( BOUNDED_CURVE ( )  B_SPLINE_CURVE ( 3, ( #2023, #2511, #4841, #2085 ),
 .UNSPECIFIED., .F., .T. ) 
 B_SPLINE_CURVE_WITH_KNOTS ( ( 4, 4 ),
 ( 4.712388980384689674, 6.283185307179586232 ),
 .UNSPECIFIED. ) 
 CURVE ( )  GEOMETRIC_REPRESENTATION_ITEM ( )  RATIONAL_B_SPLINE_CURVE ( ( 1.000000000000000000, 0.8047378541243649375, 0.8047378541243649375, 1.000000000000000000 ) ) 
 REPRESENTATION_ITEM ( '' )  );
#1895 = CARTESIAN_POINT ( 'NONE',  ( 11.69829999999999970, -55.92897372223750097, -65.55325008681771237 ) ) ;
#1896 = LINE ( 'NONE', #4656, #332 ) ;
#1897 = DIRECTION ( 'NONE',  ( 0.000000000000000000, 0.000000000000000000, -1.000000000000000000 ) ) ;
#1898 = LINE ( 'NONE', #1537, #2423 ) ;
#1899 = CARTESIAN_POINT ( 'NONE',  ( 1.483545172756650654, -18.58852261720705457, 49.97184977543594897 ) ) ;
#1900 = ADVANCED_FACE ( 'NONE', ( #3056 ), #2111, .F. ) ;
#1901 = ORIENTED_EDGE ( 'NONE', *, *, #349, .F. ) ;
#1902 = LINE ( 'NONE', #4570, #323 ) ;
#1903 = VERTEX_POINT ( 'NONE', #748 ) ;
#1904 = CARTESIAN_POINT ( 'NONE',  ( 24.00000000000000000, -6.803368632346539535E-15, 15.00000000000000000 ) ) ;
#1905 = DIRECTION ( 'NONE',  ( 0.000000000000000000, -1.000000000000000000, 0.000000000000000000 ) ) ;
#1906 = AXIS2_PLACEMENT_3D ( 'NONE', #2652, #4021, #2569 ) ;
#1907 = ORIENTED_EDGE ( 'NONE', *, *, #4568, .T. ) ;
#1908 = ORIENTED_EDGE ( 'NONE', *, *, #2611, .F. ) ;
#1909 = VERTEX_POINT ( 'NONE', #4392 ) ;
#1910 = CARTESIAN_POINT ( 'NONE',  ( 19.19999999999999929, 16.35000000000000142, 50.99844991318239806 ) ) ;
#1911 = CYLINDRICAL_SURFACE ( 'NONE', #2649, 2.999999999999998668 ) ;
#1912 = CARTESIAN_POINT ( 'NONE',  ( 12.00000000000000000, -26.39999999999999858, -58.50105008681759955 ) ) ;
#1913 = VERTEX_POINT ( 'NONE', #3941 ) ;
#1914 = EDGE_CURVE ( 'NONE', #4390, #628, #5782, .T. ) ;
#1915 = CARTESIAN_POINT ( 'NONE',  ( 11.69829999999999970, -30.90000000000000213, -55.07925008681760204 ) ) ;
#1916 = LINE ( 'NONE', #5951, #3023 ) ;
#1917 = FACE_BOUND ( 'NONE', #283, .T. ) ;
#1918 = CARTESIAN_POINT ( 'NONE',  ( 2.159198624595743077, 18.87977639149920961, 52.70656373559913277 ) ) ;
#1919 = VERTEX_POINT ( 'NONE', #1627 ) ;
#1920 = ORIENTED_EDGE ( 'NONE', *, *, #3079, .F. ) ;
#1921 = CYLINDRICAL_SURFACE ( 'NONE', #1290, 1.000000000000000888 ) ;
#1922 = EDGE_CURVE ( 'NONE', #180, #4810, #4882, .T. ) ;
#1923 = CARTESIAN_POINT ( 'NONE',  ( 8.163633333921509916, 35.77817261511909663, -45.00105008681759955 ) ) ;
#1924 = CARTESIAN_POINT ( 'NONE',  ( 0.000000000000000000, 0.000000000000000000, -51.50105008681759955 ) ) ;
#1925 = CARTESIAN_POINT ( 'NONE',  ( 16.23367503961910074, 30.90000000000000213, -56.69775008681769890 ) ) ;
#1926 = CARTESIAN_POINT ( 'NONE',  ( 1.355841064884823810, -18.50944040590343675, 50.22264324567762372 ) ) ;
#1927 = CIRCLE ( 'NONE', #574, 1.999999999999994893 ) ;
#1928 = EDGE_CURVE ( 'NONE', #153, #918, #2253, .T. ) ;
#1929 = EDGE_CURVE ( 'NONE', #3973, #1491, #2162, .T. ) ;
#1930 = ADVANCED_FACE ( 'NONE', ( #4074 ), #2218, .F. ) ;
#1931 = EDGE_LOOP ( 'NONE', ( #4985, #3015, #5681, #4715, #5062, #2038 ) ) ;
#1932 = DIRECTION ( 'NONE',  ( 0.000000000000000000, 1.000000000000000000, 0.000000000000000000 ) ) ;
#1933 = CARTESIAN_POINT ( 'NONE',  ( 24.00000000000000000, -26.39999999999999858, -40.50105008681759955 ) ) ;
#1934 = DIRECTION ( 'NONE',  ( 0.000000000000000000, 0.000000000000000000, -1.000000000000000000 ) ) ;
#1935 = CIRCLE ( 'NONE', #3493, 3.000000000000000000 ) ;
#1936 = CARTESIAN_POINT ( 'NONE',  ( 7.162924960380889772, 30.90000000000000213, -61.93475008681760130 ) ) ;
#1937 = ORIENTED_EDGE ( 'NONE', *, *, #3540, .T. ) ;
#1938 = ORIENTED_EDGE ( 'NONE', *, *, #1774, .F. ) ;
#1939 = ORIENTED_EDGE ( 'NONE', *, *, #4903, .T. ) ;
#1940 = FACE_OUTER_BOUND ( 'NONE', #5526, .T. ) ;
#1941 = DIRECTION ( 'NONE',  ( 0.000000000000000000, 0.000000000000000000, -1.000000000000000000 ) ) ;
#1942 = DIRECTION ( 'NONE',  ( -1.000000000000000000, 0.000000000000000000, 0.000000000000000000 ) ) ;
#1943 = VECTOR ( 'NONE', #3683, 1000.000000000000000 ) ;
#1944 = VERTEX_POINT ( 'NONE', #5498 ) ;
#1945 = VECTOR ( 'NONE', #3080, 1000.000000000000000 ) ;
#1946 = CARTESIAN_POINT ( 'NONE',  ( 19.19999999999999929, 16.35000000000000142, 51.99844991318239806 ) ) ;
#1947 = CARTESIAN_POINT ( 'NONE',  ( 11.69829999999999970, -55.92897372223750097, -64.55325008681771237 ) ) ;
#1948 = DIRECTION ( 'NONE',  ( 0.000000000000000000, -1.000000000000000000, 0.000000000000000000 ) ) ;
#1949 = AXIS2_PLACEMENT_3D ( 'NONE', #5293, #4444, #2619 ) ;
#1950 = LINE ( 'NONE', #1504, #3370 ) ;
#1951 = CIRCLE ( 'NONE', #4000, 1.000000000000000888 ) ;
#1952 = ORIENTED_EDGE ( 'NONE', *, *, #1787, .T. ) ;
#1953 = VECTOR ( 'NONE', #5182, 1000.000000000000000 ) ;
#1954 = CARTESIAN_POINT ( 'NONE',  ( 11.69829999999999970, -33.89999999999999858, -56.07925008681760914 ) ) ;
#1955 = CARTESIAN_POINT ( 'NONE',  ( 11.69829999999999970, 56.59965550259200029, -64.55325008681771237 ) ) ;
#1956 = DIRECTION ( 'NONE',  ( 0.000000000000000000, 1.000000000000000000, 0.000000000000000000 ) ) ;
#1957 = CARTESIAN_POINT ( 'NONE',  ( 24.00000000000000000, 4.000000000000000000, 49.37032278843619792 ) ) ;
#1958 = CARTESIAN_POINT ( 'NONE',  ( 1.324739531741147003, -18.48869012079894958, 50.30313154621493510 ) ) ;
#1959 = EDGE_CURVE ( 'NONE', #2519, #525, #1522, .T. ) ;
#1960 = ORIENTED_EDGE ( 'NONE', *, *, #3914, .T. ) ;
#1961 = AXIS2_PLACEMENT_3D ( 'NONE', #3908, #5753, #1597 ) ;
#1962 = APPLICATION_CONTEXT ( 'configuration controlled 3d designs of mechanical parts and assemblies' ) ;
#1963 = ORIENTED_EDGE ( 'NONE', *, *, #1378, .T. ) ;
#1964 = DIRECTION ( 'NONE',  ( 0.000000000000000000, -1.000000000000000000, 0.000000000000000000 ) ) ;
#1965 = DIRECTION ( 'NONE',  ( 0.000000000000000000, 0.000000000000000000, -1.000000000000000000 ) ) ;
#1966 = CYLINDRICAL_SURFACE ( 'NONE', #1236, 2.999999999999999112 ) ;
#1967 = CARTESIAN_POINT ( 'NONE',  ( 11.69829999999999970, -33.89999999999999858, -54.07925008681760204 ) ) ;
#1968 = EDGE_CURVE ( 'NONE', #3887, #5698, #2622, .T. ) ;
#1969 = EDGE_CURVE ( 'NONE', #3614, #3569, #5583, .T. ) ;
#1970 = ORIENTED_EDGE ( 'NONE', *, *, #2189, .T. ) ;
#1971 = ORIENTED_EDGE ( 'NONE', *, *, #2254, .F. ) ;
#1972 = AXIS2_PLACEMENT_3D ( 'NONE', #1112, #4839, #4806 ) ;
#1973 = ORIENTED_EDGE ( 'NONE', *, *, #1532, .T. ) ;
#1974 = CARTESIAN_POINT ( 'NONE',  ( 21.00000000000000000, -19.00000000000000000, 60.19874991318240376 ) ) ;
#1975 = DIRECTION ( 'NONE',  ( 0.000000000000000000, -1.000000000000000000, 0.000000000000000000 ) ) ;
#1976 = CARTESIAN_POINT ( 'NONE',  ( 24.00000000000000000, 20.50000000000000000, 32.19874991318239665 ) ) ;
#1977 = CARTESIAN_POINT ( 'NONE',  ( 24.00000000000000000, -16.00000000000000000, 32.19874991318239665 ) ) ;
#1978 = ADVANCED_FACE ( 'NONE', ( #830 ), #5897, .F. ) ;
#1979 = VECTOR ( 'NONE', #4934, 1000.000000000000000 ) ;
#1980 = VERTEX_POINT ( 'NONE', #2656 ) ;
#1981 = CARTESIAN_POINT ( 'NONE',  ( 7.162924960380889772, 26.39999999999999858, -61.93475008681760130 ) ) ;
#1982 = DIRECTION ( 'NONE',  ( 0.000000000000000000, 1.000000000000000000, 0.000000000000000000 ) ) ;
#1983 = LINE ( 'NONE', #5133, #4083 ) ;
#1984 = DIRECTION ( 'NONE',  ( 0.000000000000000000, -0.7071067811865480168, 0.7071067811865470176 ) ) ;
#1985 = ORIENTED_EDGE ( 'NONE', *, *, #1414, .T. ) ;
#1986 = PLANE ( 'NONE',  #1196 ) ;
#1987 = DIRECTION ( 'NONE',  ( 0.4982994063855838429, -0.8670050182068006484, 0.000000000000000000 ) ) ;
#1988 = DIRECTION ( 'NONE',  ( 0.000000000000000000, -1.000000000000000000, 0.000000000000000000 ) ) ;
#1989 = CARTESIAN_POINT ( 'NONE',  ( 24.00000000000000000, 1.171572875253809931, 44.19874991318239665 ) ) ;
#1990 = CARTESIAN_POINT ( 'NONE',  ( 2.238346494425249578, 18.90209743409115717, 49.24392072668014464 ) ) ;
#1991 = VERTEX_POINT ( 'NONE', #5471 ) ;
#1992 = CIRCLE ( 'NONE', #5391, 2.999999999999999112 ) ;
#1993 = ORIENTED_EDGE ( 'NONE', *, *, #3597, .T. ) ;
#1994 = FACE_OUTER_BOUND ( 'NONE', #2170, .T. ) ;
#1995 = PLANE ( 'NONE',  #248 ) ;
#1996 = EDGE_CURVE ( 'NONE', #2040, #2389, #3572, .T. ) ;
#1997 = CARTESIAN_POINT ( 'NONE',  ( 0.000000000000000000, -26.39999999999999858, -40.50105008681759955 ) ) ;
#1998 = CARTESIAN_POINT ( 'NONE',  ( 3.000000000000000000, 16.00000000000000000, 32.19874991318239665 ) ) ;
#1999 = ORIENTED_EDGE ( 'NONE', *, *, #679, .F. ) ;
#2000 = ORIENTED_EDGE ( 'NONE', *, *, #4828, .F. ) ;
#2001 = VERTEX_POINT ( 'NONE', #5527 ) ;
#2002 = PLANE ( 'NONE',  #5751 ) ;
#2003 = CIRCLE ( 'NONE', #4811, 1.000000000000000888 ) ;
#2004 = CARTESIAN_POINT ( 'NONE',  ( 7.162924960380889772, -58.27579733601310608, -60.93475008681759419 ) ) ;
#2005 = EDGE_CURVE ( 'NONE', #628, #3900, #3519, .T. ) ;
#2006 = AXIS2_PLACEMENT_3D ( 'NONE', #5522, #4162, #463 ) ;
#2007 = LINE ( 'NONE', #2982, #4435 ) ;
#2008 = VECTOR ( 'NONE', #1905, 1000.000000000000000 ) ;
#2009 = DIRECTION ( 'NONE',  ( 0.000000000000000000, -1.000000000000000000, 0.000000000000000000 ) ) ;
#2010 = CIRCLE ( 'NONE', #73, 1.000000000000000888 ) ;
#2011 = ORIENTED_EDGE ( 'NONE', *, *, #3722, .T. ) ;
#2012 = ADVANCED_FACE ( 'NONE', ( #2799 ), #1095, .F. ) ;
#2013 = EDGE_CURVE ( 'NONE', #1633, #4350, #2003, .T. ) ;
#2014 = EDGE_CURVE ( 'NONE', #2792, #3723, #5678, .T. ) ;
#2015 = CARTESIAN_POINT ( 'NONE',  ( 16.23367503961910074, 33.89999999999999858, -54.69775008681769179 ) ) ;
#2016 = CARTESIAN_POINT ( 'NONE',  ( 21.00000000000000000, 19.00000000000000000, 50.12667012447429471 ) ) ;
#2017 = CARTESIAN_POINT ( 'NONE',  ( 21.00000000000000000, -20.50000000000000000, 32.19874991318239665 ) ) ;
#2018 = CARTESIAN_POINT ( 'NONE',  ( 16.23367503961910074, 30.90000000000000213, -56.69775008681769890 ) ) ;
#2019 = ORIENTED_EDGE ( 'NONE', *, *, #3423, .T. ) ;
#2020 = DIRECTION ( 'NONE',  ( 0.000000000000000000, 0.000000000000000000, 1.000000000000000000 ) ) ;
#2021 = DIRECTION ( 'NONE',  ( 0.000000000000000000, -1.000000000000000000, 0.000000000000000000 ) ) ;
#2022 = LINE ( 'NONE', #1445, #3239 ) ;
#2023 = CARTESIAN_POINT ( 'NONE',  ( 24.00000000000000000, -17.50000000000000000, -8.330231028943009264 ) ) ;
#2024 = CARTESIAN_POINT ( 'NONE',  ( 11.69829999999999970, 30.90000000000000213, -64.55325008681771237 ) ) ;
#2025 = ORIENTED_EDGE ( 'NONE', *, *, #1496, .F. ) ;
#2026 = EDGE_LOOP ( 'NONE', ( #803, #2858 ) ) ;
#2027 = CARTESIAN_POINT ( 'NONE',  ( 24.00000000000000000, 11.84999999999999964, 23.99874991318240092 ) ) ;
#2028 = DIRECTION ( 'NONE',  ( 0.000000000000000000, -0.7071067811865489050, -0.7071067811865460184 ) ) ;
#2029 = CARTESIAN_POINT ( 'NONE',  ( 14.50000000000000000, 39.39999999999999858, -45.00105008681759955 ) ) ;
#2030 = CARTESIAN_POINT ( 'NONE',  ( 21.00000000000000000, 6.828427124746180077, 52.19874991318240376 ) ) ;
#2031 = ORIENTED_EDGE ( 'NONE', *, *, #2675, .T. ) ;
#2032 = VERTEX_POINT ( 'NONE', #2525 ) ;
#2033 = VECTOR ( 'NONE', #5237, 1000.000000000000000 ) ;
#2034 = LINE ( 'NONE', #1521, #330 ) ;
#2035 = DIRECTION ( 'NONE',  ( 0.000000000000000000, 0.000000000000000000, 1.000000000000000000 ) ) ;
#2036 = LINE ( 'NONE', #8, #1034 ) ;
#2037 = CARTESIAN_POINT ( 'NONE',  ( 3.000000000000000000, -0.1499999999999999944, 23.99874991318240092 ) ) ;
#2038 = ORIENTED_EDGE ( 'NONE', *, *, #5344, .F. ) ;
#2039 = EDGE_CURVE ( 'NONE', #5990, #1944, #270, .T. ) ;
#2040 = VERTEX_POINT ( 'NONE', #4347 ) ;
#2041 = CARTESIAN_POINT ( 'NONE',  ( 11.69829999999999970, 33.89999999999999858, -66.55325008681771237 ) ) ;
#2042 = DIRECTION ( 'NONE',  ( -0.6614378277661479011, -0.7499999999999997780, 0.000000000000000000 ) ) ;
#2043 = DIRECTION ( 'NONE',  ( 0.000000000000000000, 1.000000000000000000, 0.000000000000000000 ) ) ;
#2044 = DIRECTION ( 'NONE',  ( -3.081514945857120103E-16, 5.361613695501830012E-16, 1.000000000000000000 ) ) ;
#2045 = EDGE_CURVE ( 'NONE', #576, #539, #5462, .T. ) ;
#2046 = ADVANCED_FACE ( 'NONE', ( #579 ), #1854, .F. ) ;
#2047 = ORIENTED_EDGE ( 'NONE', *, *, #3799, .F. ) ;
#2048 = FACE_BOUND ( 'NONE', #3770, .T. ) ;
#2049 = CIRCLE ( 'NONE', #217, 1.000000000000000888 ) ;
#2050 = CARTESIAN_POINT ( 'NONE',  ( 16.23367503961910074, 30.90000000000000213, -61.93475008681769367 ) ) ;
#2051 = FACE_OUTER_BOUND ( 'NONE', #4548, .T. ) ;
#2052 = DIRECTION ( 'NONE',  ( 0.000000000000000000, 0.000000000000000000, 1.000000000000000000 ) ) ;
#2053 = CARTESIAN_POINT ( 'NONE',  ( 21.00000000000000000, -16.00000000000000000, 32.19874991318239665 ) ) ;
#2054 = ADVANCED_FACE ( 'NONE', ( #3255 ), #3376, .F. ) ;
#2055 = ORIENTED_EDGE ( 'NONE', *, *, #635, .T. ) ;
#2056 = VECTOR ( 'NONE', #4942, 1000.000000000000000 ) ;
#2057 = VERTEX_POINT ( 'NONE', #2493 ) ;
#2058 = LINE ( 'NONE', #602, #5463 ) ;
#2059 = FACE_OUTER_BOUND ( 'NONE', #971, .T. ) ;
#2060 = DIRECTION ( 'NONE',  ( 0.000000000000000000, 0.000000000000000000, -1.000000000000000000 ) ) ;
#2061 = DIRECTION ( 'NONE',  ( 0.000000000000000000, -0.7071067811865470176, -0.7071067811865480168 ) ) ;
#2062 = ORIENTED_EDGE ( 'NONE', *, *, #3539, .T. ) ;
#2063 = EDGE_LOOP ( 'NONE', ( #3006, #470, #3790, #5605 ) ) ;
#2064 = DIRECTION ( 'NONE',  ( 0.000000000000000000, -1.000000000000000000, 0.000000000000000000 ) ) ;
#2065 = CARTESIAN_POINT ( 'NONE',  ( 11.69829999999999970, 26.39999999999999858, -59.34215422574949628 ) ) ;
#2066 = CYLINDRICAL_SURFACE ( 'NONE', #3750, 1.000000000000000888 ) ;
#2067 = CIRCLE ( 'NONE', #5846, 2.000000000000001776 ) ;
#2068 = DIRECTION ( 'NONE',  ( 0.000000000000000000, 0.000000000000000000, 1.000000000000000000 ) ) ;
#2069 = VECTOR ( 'NONE', #2064, 1000.000000000000000 ) ;
#2070 = EDGE_LOOP ( 'NONE', ( #5915, #3164, #1773, #2999 ) ) ;
#2071 = AXIS2_PLACEMENT_3D ( 'NONE', #1955, #4210, #5235 ) ;
#2072 = ORIENTED_EDGE ( 'NONE', *, *, #4119, .F. ) ;
#2073 = CIRCLE ( 'NONE', #1494, 0.9999999999999940048 ) ;
#2074 = DIRECTION ( 'NONE',  ( 0.000000000000000000, 0.000000000000000000, 1.000000000000000000 ) ) ;
#2075 = DIRECTION ( 'NONE',  ( 0.000000000000000000, 1.000000000000000000, 0.000000000000000000 ) ) ;
#2076 = EDGE_CURVE ( 'NONE', #3007, #5921, #2036, .T. ) ;
#2077 = CARTESIAN_POINT ( 'NONE',  ( 3.000000000000000000, -20.50000000000000000, -7.801250086817620222 ) ) ;
#2078 = CARTESIAN_POINT ( 'NONE',  ( 0.02048661691208319979, 11.50000000000000000, 48.99874991318240092 ) ) ;
#2079 = CLOSED_SHELL ( 'NONE', ( #2897, #5797, #160, #2222, #3116, #1416, #1124, #5830, #5449, #3177, #896, #1167, #3758, #3948, #5718, #2299, #565, #2577, #3947, #3155, #2155, #3190, #4040, #268, #2046, #4431, #3254, #1069, #2713, #2748, #5154, #89, #1852, #33, #3124, #672, #5970, #1644, #976, #3311, #3339, #5045, #2372, #1086, #2747, #1308, #1440, #4310, #5240, #5194, #2486, #5837, #2458, #4302, #3095, #927, #1245, #3264, #2520, #410, #4560, #5107, #3392, #5795, #3348, #5684, #1193, #2159, #2680, #786, #3831, #4011, #4826, #4698, #2335, #4896, #4050, #3274, #968, #5796, #4389, #4977, #2109, #5268, #665, #3352, #4714, #1605, #72, #5082, #1613, #550, #1293, #4233, #1721, #2626, #1044, #5571, #1421, #5488, #3756, #2116, #3384, #5195, #1519, #680, #757, #920, #4353, #589, #1930, #3878, #4076, #817, #82, #3719, #3987, #4243, #4585, #490, #3605, #1203, #1637, #599, #1310, #524, #4018, #719, #317, #516, #3502, #5556, #1890, #1978, #5231, #5122, #3149, #5525, #2261, #1553, #1228, #2093, #2504, #1673, #81, #5683, #5523, #5144, #4459, #4738, #5535, #636, #1751, #2571, #4338, #1900, #4272, #600, #2012, #2054, #4502, #5303, #4967, #1309, #1237, #3532, #959, #4197, #3310, #1109, #5642, #3647, #5189, #1495, #4773, #483, #4388 ) ) ;
#2080 = VERTEX_POINT ( 'NONE', #2465 ) ;
#2081 = CYLINDRICAL_SURFACE ( 'NONE', #713, 2.999999999999999112 ) ;
#2082 = LINE ( 'NONE', #5359, #4682 ) ;
#2083 = DIRECTION ( 'NONE',  ( 0.000000000000000000, 0.000000000000000000, -1.000000000000000000 ) ) ;
#2084 = EDGE_CURVE ( 'NONE', #5534, #2817, #2979, .T. ) ;
#2085 = CARTESIAN_POINT ( 'NONE',  ( 21.00000000000000000, -20.50000000000000000, -7.801250086817620222 ) ) ;
#2086 = CARTESIAN_POINT ( 'NONE',  ( 3.000000000000000000, -6.803368632346539535E-15, 15.00000000000000000 ) ) ;
#2087 = ORIENTED_EDGE ( 'NONE', *, *, #5901, .T. ) ;
#2088 = AXIS2_PLACEMENT_3D ( 'NONE', #2392, #3340, #4725 ) ;
#2089 = ORIENTED_EDGE ( 'NONE', *, *, #5969, .T. ) ;
#2090 = CARTESIAN_POINT ( 'NONE',  ( 23.60283455791351059, 0.0005272963351495477775, 13.50443059705101412 ) ) ;
#2091 = EDGE_CURVE ( 'NONE', #5085, #1371, #2007, .T. ) ;
#2092 = DIRECTION ( 'NONE',  ( 0.000000000000000000, 1.000000000000000000, 0.000000000000000000 ) ) ;
#2093 = ADVANCED_FACE ( 'NONE', ( #4376 ), #4796, .T. ) ;
#2094 = PLANE ( 'NONE',  #4904 ) ;
#2095 = VECTOR ( 'NONE', #949, 1000.000000000000000 ) ;
#2096 = ORIENTED_EDGE ( 'NONE', *, *, #2177, .F. ) ;
#2097 = VERTEX_POINT ( 'NONE', #3869 ) ;
#2098 = DIRECTION ( 'NONE',  ( 1.000000000000000000, 0.000000000000000000, 0.000000000000000000 ) ) ;
#2099 = EDGE_LOOP ( 'NONE', ( #5805, #146, #5658, #2025 ) ) ;
#2100 = DIRECTION ( 'NONE',  ( -1.000000000000000000, 0.000000000000000000, 0.000000000000000000 ) ) ;
#2101 = CARTESIAN_POINT ( 'NONE',  ( 14.04477059816469975, 35.74098591009670400, -45.00105008681759955 ) ) ;
#2102 = ORIENTED_EDGE ( 'NONE', *, *, #2441, .F. ) ;
#2103 = ORIENTED_EDGE ( 'NONE', *, *, #4827, .T. ) ;
#2104 = CARTESIAN_POINT ( 'NONE',  ( 21.00000000000000000, 30.90000000000000213, -58.50105008681759955 ) ) ;
#2105 = DIRECTION ( 'NONE',  ( 0.000000000000000000, -1.000000000000000000, 0.000000000000000000 ) ) ;
#2106 = CARTESIAN_POINT ( 'NONE',  ( 3.000000000000000000, -11.84999999999999964, 48.99874991318240092 ) ) ;
#2107 = AXIS2_PLACEMENT_3D ( 'NONE', #529, #3685, #3199 ) ;
#2108 = AXIS2_PLACEMENT_3D ( 'NONE', #4696, #5185, #3245 ) ;
#2109 = ADVANCED_FACE ( 'NONE', ( #3712 ), #2919, .T. ) ;
#2110 = VERTEX_POINT ( 'NONE', #223 ) ;
#2111 = CYLINDRICAL_SURFACE ( 'NONE', #1972, 8.999999999999998224 ) ;
#2112 = CYLINDRICAL_SURFACE ( 'NONE', #5828, 2.000000000000001776 ) ;
#2113 = DIRECTION ( 'NONE',  ( 0.000000000000000000, -0.7071067811865470176, -0.7071067811865480168 ) ) ;
#2114 = CYLINDRICAL_SURFACE ( 'NONE', #4325, 2.000000000000001776 ) ;
#2115 = ORIENTED_EDGE ( 'NONE', *, *, #3498, .F. ) ;
#2116 = ADVANCED_FACE ( 'NONE', ( #2767 ), #2066, .F. ) ;
#2117 = ORIENTED_EDGE ( 'NONE', *, *, #3524, .T. ) ;
#2118 = CARTESIAN_POINT ( 'NONE',  ( 21.00000000000000000, 1.171572875253809931, 44.19874991318239665 ) ) ;
#2119 = CARTESIAN_POINT ( 'NONE',  ( 16.23367503961910074, -30.90000000000000213, -55.69775008681769890 ) ) ;
#2120 = DIRECTION ( 'NONE',  ( 0.000000000000000000, 1.000000000000000000, 0.000000000000000000 ) ) ;
#2121 = DIRECTION ( 'NONE',  ( 0.000000000000000000, -7.709882115452474222E-16, 1.000000000000000000 ) ) ;
#2122 = EDGE_CURVE ( 'NONE', #4593, #1395, #4522, .T. ) ;
#2123 = EDGE_CURVE ( 'NONE', #2647, #3729, #1799, .T. ) ;
#2124 = EDGE_CURVE ( 'NONE', #2565, #1185, #1674, .T. ) ;
#2125 = VERTEX_POINT ( 'NONE', #372 ) ;
#2126 = ORIENTED_EDGE ( 'NONE', *, *, #316, .T. ) ;
#2127 = PLANE ( 'NONE',  #1762 ) ;
#2128 = VERTEX_POINT ( 'NONE', #3073 ) ;
#2129 = CARTESIAN_POINT ( 'NONE',  ( 7.162924960380900430, 63.65353284628589847, -56.69775008681759942 ) ) ;
#2130 = CIRCLE ( 'NONE', #5509, 1.000000000000000888 ) ;
#2131 = ORIENTED_EDGE ( 'NONE', *, *, #5321, .F. ) ;
#2132 = VERTEX_POINT ( 'NONE', #3528 ) ;
#2133 = PLANE ( 'NONE',  #5046 ) ;
#2134 = PLANE ( 'NONE',  #2718 ) ;
#2135 = VECTOR ( 'NONE', #3121, 1000.000000000000000 ) ;
#2136 = LINE ( 'NONE', #378, #1525 ) ;
#2137 = ORIENTED_EDGE ( 'NONE', *, *, #1643, .F. ) ;
#2138 = DIRECTION ( 'NONE',  ( 0.000000000000000000, 0.7071067811865470176, -0.7071067811865480168 ) ) ;
#2139 = CARTESIAN_POINT ( 'NONE',  ( 8.280638352128297797, 36.93790984927080245, -51.50105008681759955 ) ) ;
#2140 = DIRECTION ( 'NONE',  ( 1.000000000000000000, 0.000000000000000000, 0.000000000000000000 ) ) ;
#2141 = CARTESIAN_POINT ( 'NONE',  ( 1.268658661007348920, 18.45012484447093826, 50.47800526799621679 ) ) ;
#2142 = ORIENTED_EDGE ( 'NONE', *, *, #1045, .F. ) ;
#2143 = VECTOR ( 'NONE', #4260, 1000.000000000000000 ) ;
#2144 = CARTESIAN_POINT ( 'NONE',  ( 7.162924960380889772, -33.89999999999999858, -59.93475008681759419 ) ) ;
#2145 = CARTESIAN_POINT ( 'NONE',  ( 21.00000000000000000, -4.000000000000000000, 41.37032278843620503 ) ) ;
#2146 = DIRECTION ( 'NONE',  ( 0.000000000000000000, 0.000000000000000000, -1.000000000000000000 ) ) ;
#2147 = CARTESIAN_POINT ( 'NONE',  ( 1.719767668569159191, -18.71307434862000818, 52.34342068757833744 ) ) ;
#2148 = EDGE_CURVE ( 'NONE', #1698, #2315, #4890, .T. ) ;
#2149 = TOROIDAL_SURFACE ( 'NONE', #2539, 9.000000000000000000, 3.000000000000000000 ) ;
#2150 = EDGE_LOOP ( 'NONE', ( #3178, #2871, #4837, #5075 ) ) ;
#2151 = VERTEX_POINT ( 'NONE', #4465 ) ;
#2152 = CARTESIAN_POINT ( 'NONE',  ( 11.69829999999999970, -30.90000000000000213, -66.55325008681771237 ) ) ;
#2153 = EDGE_LOOP ( 'NONE', ( #919, #5860, #4885, #810 ) ) ;
#2154 = CARTESIAN_POINT ( 'NONE',  ( 24.00000000000000000, -1.171572875253809931, 52.19874991318240376 ) ) ;
#2155 = ADVANCED_FACE ( 'NONE', ( #5318 ), #2208, .F. ) ;
#2156 = EDGE_LOOP ( 'NONE', ( #951, #848, #5114, #4630 ) ) ;
#2157 = VERTEX_POINT ( 'NONE', #4492 ) ;
#2158 = CARTESIAN_POINT ( 'NONE',  ( 11.69829999999999970, 65.86479725780770877, -53.07925008681760204 ) ) ;
#2159 = ADVANCED_FACE ( 'NONE', ( #3588 ), #3556, .F. ) ;
#2160 = CARTESIAN_POINT ( 'NONE',  ( 16.23367503961910074, -33.89999999999999858, -54.69775008681769179 ) ) ;
#2161 = CARTESIAN_POINT ( 'NONE',  ( 3.200000000000000178, -16.35000000000000142, 52.99844991318239806 ) ) ;
#2162 = CIRCLE ( 'NONE', #3046, 12.00000000000000355 ) ;
#2163 = CIRCLE ( 'NONE', #5165, 2.000000000000001776 ) ;
#2164 =( BOUNDED_CURVE ( )  B_SPLINE_CURVE ( 3, ( #5073, #5952, #358, #3169 ),
 .UNSPECIFIED., .F., .T. ) 
 B_SPLINE_CURVE_WITH_KNOTS ( ( 4, 4 ),
 ( 3.141592653589793116, 4.712388980384689674 ),
 .UNSPECIFIED. ) 
 CURVE ( )  GEOMETRIC_REPRESENTATION_ITEM ( )  RATIONAL_B_SPLINE_CURVE ( ( 1.000000000000000000, 0.8047378541243649375, 0.8047378541243649375, 1.000000000000000000 ) ) 
 REPRESENTATION_ITEM ( '' )  );
#2165 = VERTEX_POINT ( 'NONE', #4037 ) ;
#2166 = DIRECTION ( 'NONE',  ( 0.000000000000000000, 0.000000000000000000, 1.000000000000000000 ) ) ;
#2167 = CYLINDRICAL_SURFACE ( 'NONE', #2432, 2.000000000000001776 ) ;
#2168 = CARTESIAN_POINT ( 'NONE',  ( 0.6019939599228415483, 5.149718046759632314E-06, 13.84486143055095475 ) ) ;
#2169 = CARTESIAN_POINT ( 'NONE',  ( 1.662337277520656631, 18.68539566826252596, 52.27767708976288930 ) ) ;
#2170 = EDGE_LOOP ( 'NONE', ( #249, #710, #5510, #4509 ) ) ;
#2171 = CIRCLE ( 'NONE', #5659, 2.999999999999999112 ) ;
#2172 = CARTESIAN_POINT ( 'NONE',  ( 20.00000000000000000, 33.89999999999999858, -51.50105008681759955 ) ) ;
#2173 = LINE ( 'NONE', #5905, #2464 ) ;
#2174 = DIRECTION ( 'NONE',  ( 0.6614378277661479011, 0.7499999999999997780, 0.000000000000000000 ) ) ;
#2175 = CARTESIAN_POINT ( 'NONE',  ( 1.835589899027475269, -18.76478955216738953, 52.46107945820421037 ) ) ;
#2176 = ORIENTED_EDGE ( 'NONE', *, *, #1186, .T. ) ;
#2177 = EDGE_CURVE ( 'NONE', #5343, #5155, #2557, .T. ) ;
#2178 = ORIENTED_EDGE ( 'NONE', *, *, #4273, .T. ) ;
#2179 = PLANE ( 'NONE',  #5153 ) ;
#2180 = ORIENTED_EDGE ( 'NONE', *, *, #5631, .T. ) ;
#2181 = CARTESIAN_POINT ( 'NONE',  ( 21.00000000000000000, -6.828427124746190735, 52.19874991318240376 ) ) ;
#2182 = CARTESIAN_POINT ( 'NONE',  ( 3.200000000000000178, -59.17773170840619912, 50.99844991318239806 ) ) ;
#2183 = EDGE_LOOP ( 'NONE', ( #77, #3590, #2047, #695 ) ) ;
#2184 = EDGE_CURVE ( 'NONE', #5401, #2032, #5377, .T. ) ;
#2185 = VERTEX_POINT ( 'NONE', #1221 ) ;
#2186 = FACE_BOUND ( 'NONE', #1282, .T. ) ;
#2187 = DIRECTION ( 'NONE',  ( 0.000000000000000000, 0.000000000000000000, -1.000000000000000000 ) ) ;
#2188 = DIRECTION ( 'NONE',  ( 0.000000000000000000, 0.000000000000000000, -1.000000000000000000 ) ) ;
#2189 = EDGE_CURVE ( 'NONE', #3145, #100, #5689, .T. ) ;
#2190 = EDGE_CURVE ( 'NONE', #24, #3723, #650, .T. ) ;
#2191 = ORIENTED_EDGE ( 'NONE', *, *, #316, .F. ) ;
#2192 = CARTESIAN_POINT ( 'NONE',  ( 3.200000000000000178, -16.35000000000000142, 50.99844991318239806 ) ) ;
#2193 = AXIS2_PLACEMENT_3D ( 'NONE', #1976, #4764, #5709 ) ;
#2194 = LINE ( 'NONE', #3599, #5041 ) ;
#2195 = CIRCLE ( 'NONE', #2006, 1.000000000000000888 ) ;
#2196 = DIRECTION ( 'NONE',  ( 0.000000000000000000, 0.000000000000000000, -1.000000000000000000 ) ) ;
#2197 = AXIS2_PLACEMENT_3D ( 'NONE', #4292, #5654, #4769 ) ;
#2198 = CARTESIAN_POINT ( 'NONE',  ( 1.764154150059630943, 18.73410430182153164, 52.39266209881337488 ) ) ;
#2199 = VERTEX_POINT ( 'NONE', #2669 ) ;
#2200 = VECTOR ( 'NONE', #224, 1000.000000000000000 ) ;
#2201 = CARTESIAN_POINT ( 'NONE',  ( 11.69829999999999970, -33.89999999999999858, -57.34215422574949628 ) ) ;
#2202 = CYLINDRICAL_SURFACE ( 'NONE', #140, 12.00000000000000355 ) ;
#2203 = DIRECTION ( 'NONE',  ( -1.000000000000000000, 0.000000000000000000, 0.000000000000000000 ) ) ;
#2204 = CARTESIAN_POINT ( 'NONE',  ( 1.506673639800369280, -18.60192985676780708, 52.06271996800189328 ) ) ;
#2205 = ORIENTED_EDGE ( 'NONE', *, *, #2340, .F. ) ;
#2206 = DIRECTION ( 'NONE',  ( 0.000000000000000000, 0.000000000000000000, 1.000000000000000000 ) ) ;
#2207 = ORIENTED_EDGE ( 'NONE', *, *, #379, .F. ) ;
#2208 = CYLINDRICAL_SURFACE ( 'NONE', #5967, 2.000000000000001776 ) ;
#2209 = FACE_OUTER_BOUND ( 'NONE', #4008, .T. ) ;
#2210 = ORIENTED_EDGE ( 'NONE', *, *, #1712, .F. ) ;
#2211 = ORIENTED_EDGE ( 'NONE', *, *, #5954, .F. ) ;
#2212 = LINE ( 'NONE', #1283, #2552 ) ;
#2213 = CIRCLE ( 'NONE', #93, 2.000000000000001776 ) ;
#2214 = CARTESIAN_POINT ( 'NONE',  ( 3.000000000000000000, 20.50000000000000000, 32.19874991318239665 ) ) ;
#2215 = EDGE_CURVE ( 'NONE', #285, #3273, #4065, .T. ) ;
#2216 = VERTEX_POINT ( 'NONE', #3471 ) ;
#2217 = VECTOR ( 'NONE', #3390, 1000.000000000000000 ) ;
#2218 = CYLINDRICAL_SURFACE ( 'NONE', #5487, 1.000000000000000888 ) ;
#2219 = DIRECTION ( 'NONE',  ( 0.000000000000000000, -1.000000000000000000, 0.000000000000000000 ) ) ;
#2220 = DIRECTION ( 'NONE',  ( 0.000000000000000000, 0.000000000000000000, 1.000000000000000000 ) ) ;
#2221 = CARTESIAN_POINT ( 'NONE',  ( 1.375230901544676199, 18.52216582738818218, 50.17892627181993959 ) ) ;
#2222 = ADVANCED_FACE ( 'NONE', ( #5888 ), #740, .F. ) ;
#2223 = ORIENTED_EDGE ( 'NONE', *, *, #2677, .F. ) ;
#2224 = AXIS2_PLACEMENT_3D ( 'NONE', #3544, #3058, #4900 ) ;
#2225 = APPLICATION_PROTOCOL_DEFINITION ( 'international standard', 'config_control_design', 1994, #1962 ) ;
#2226 = LINE ( 'NONE', #4175, #4109 ) ;
#2227 = DIRECTION ( 'NONE',  ( 0.000000000000000000, 2.478176394252580155E-16, 1.000000000000000000 ) ) ;
#2228 = CARTESIAN_POINT ( 'NONE',  ( 1.503254066674200029, -18.59995516935602922, 52.05725050947680899 ) ) ;
#2229 = EDGE_CURVE ( 'NONE', #4970, #2886, #5345, .T. ) ;
#2230 = CIRCLE ( 'NONE', #5625, 1.000000000000000888 ) ;
#2231 = AXIS2_PLACEMENT_3D ( 'NONE', #1649, #5777, #3535 ) ;
#2232 = ORIENTED_EDGE ( 'NONE', *, *, #1914, .F. ) ;
#2233 = CARTESIAN_POINT ( 'NONE',  ( 0.000000000000000000, 0.000000000000000000, -26.44373421647729927 ) ) ;
#2234 = ORIENTED_EDGE ( 'NONE', *, *, #1780, .T. ) ;
#2235 = CARTESIAN_POINT ( 'NONE',  ( 24.00000000000000000, 2.684863138478910019E-13, 11.99968744980630042 ) ) ;
#2236 = DIRECTION ( 'NONE',  ( 0.000000000000000000, 1.000000000000000000, 0.000000000000000000 ) ) ;
#2237 = AXIS2_PLACEMENT_3D ( 'NONE', #4621, #4110, #3573 ) ;
#2238 = ORIENTED_EDGE ( 'NONE', *, *, #5344, .T. ) ;
#2239 = ORIENTED_EDGE ( 'NONE', *, *, #5278, .F. ) ;
#2240 = AXIS2_PLACEMENT_3D ( 'NONE', #3494, #5342, #1807 ) ;
#2241 = ORIENTED_EDGE ( 'NONE', *, *, #2039, .T. ) ;
#2242 = CARTESIAN_POINT ( 'NONE',  ( 7.162924960380900430, -30.90000000000000213, -56.69775008681759942 ) ) ;
#2243 = CARTESIAN_POINT ( 'NONE',  ( 0.000000000000000000, 0.1499999999999999944, 23.99874991318240092 ) ) ;
#2244 = VECTOR ( 'NONE', #908, 1000.000000000000000 ) ;
#2245 = VERTEX_POINT ( 'NONE', #1277 ) ;
#2246 = EDGE_CURVE ( 'NONE', #5092, #2488, #5097, .T. ) ;
#2247 = CARTESIAN_POINT ( 'NONE',  ( 21.18451373206004362, 18.99442787386555409, 50.74722145083765668 ) ) ;
#2248 = DIRECTION ( 'NONE',  ( 1.000000000000000000, 0.000000000000000000, 0.000000000000000000 ) ) ;
#2249 = CARTESIAN_POINT ( 'NONE',  ( 24.00000000000000000, 11.50000000000000000, 60.19874991318240376 ) ) ;
#2250 = CARTESIAN_POINT ( 'NONE',  ( 11.69829999999999970, 33.89999999999999858, -59.34215422574949628 ) ) ;
#2251 = CARTESIAN_POINT ( 'NONE',  ( 1.201016507983676540, 18.40098563451099167, 50.93280303958555066 ) ) ;
#2252 = ORIENTED_EDGE ( 'NONE', *, *, #3839, .F. ) ;
#2253 = CIRCLE ( 'NONE', #4583, 2.000000000000001776 ) ;
#2254 = EDGE_CURVE ( 'NONE', #5705, #1632, #5879, .T. ) ;
#2255 = APPROVAL_DATE_TIME ( #2687, #1455 ) ;
#2256 = AXIS2_PLACEMENT_3D ( 'NONE', #5597, #3634, #387 ) ;
#2257 = DIRECTION ( 'NONE',  ( 0.000000000000000000, -1.000000000000000000, -2.275047181608930109E-16 ) ) ;
#2258 = LINE ( 'NONE', #5539, #2522 ) ;
#2259 = CARTESIAN_POINT ( 'NONE',  ( 2.238346494452420732, -18.90209743409917564, 52.75297909969857102 ) ) ;
#2260 = AXIS2_PLACEMENT_3D ( 'NONE', #5538, #1324, #1830 ) ;
#2261 = ADVANCED_FACE ( 'NONE', ( #312 ), #3986, .T. ) ;
#2262 = EDGE_CURVE ( 'NONE', #5188, #3128, #395, .T. ) ;
#2263 = ORIENTED_EDGE ( 'NONE', *, *, #3185, .F. ) ;
#2264 = LINE ( 'NONE', #5963, #1579 ) ;
#2265 = EDGE_LOOP ( 'NONE', ( #824, #2864, #5091, #4437 ) ) ;
#2266 = DIRECTION ( 'NONE',  ( 0.000000000000000000, 0.000000000000000000, -1.000000000000000000 ) ) ;
#2267 = CARTESIAN_POINT ( 'NONE',  ( 7.162924960380889772, -33.89999999999999858, -61.93475008681760130 ) ) ;
#2268 = ORIENTED_EDGE ( 'NONE', *, *, #3378, .F. ) ;
#2269 = VERTEX_POINT ( 'NONE', #932 ) ;
#2270 = VECTOR ( 'NONE', #2945, 1000.000000000000000 ) ;
#2271 = VERTEX_POINT ( 'NONE', #2235 ) ;
#2272 = DIRECTION ( 'NONE',  ( 0.000000000000000000, 1.000000000000000000, 0.000000000000000000 ) ) ;
#2273 = CARTESIAN_POINT ( 'NONE',  ( 21.00000000000000000, -21.27445658577340026, -18.70046526906719819 ) ) ;
#2274 = CARTESIAN_POINT ( 'NONE',  ( 19.19999999999999929, -16.35000000000000142, 48.99844991318239806 ) ) ;
#2275 = AXIS2_PLACEMENT_3D ( 'NONE', #1080, #5238, #1115 ) ;
#2276 = ORIENTED_EDGE ( 'NONE', *, *, #5009, .F. ) ;
#2277 = CARTESIAN_POINT ( 'NONE',  ( 11.69829999999999970, 30.90000000000000213, -64.55325008681771237 ) ) ;
#2278 = CARTESIAN_POINT ( 'NONE',  ( 21.12780409900242873, -18.99736393696057846, 50.46495018381622089 ) ) ;
#2279 = CARTESIAN_POINT ( 'NONE',  ( 3.200000000000000178, 11.50000000000000000, 50.99844991318239806 ) ) ;
#2280 = FACE_BOUND ( 'NONE', #4664, .T. ) ;
#2281 = DIRECTION ( 'NONE',  ( 0.000000000000000000, -6.938893903907229610E-17, -1.000000000000000000 ) ) ;
#2282 = ORIENTED_EDGE ( 'NONE', *, *, #5994, .F. ) ;
#2283 = EDGE_LOOP ( 'NONE', ( #1596, #423, #5673, #3732 ) ) ;
#2284 = VECTOR ( 'NONE', #3041, 1000.000000000000000 ) ;
#2285 = AXIS2_PLACEMENT_3D ( 'NONE', #1711, #352, #2188 ) ;
#2286 = COORDINATED_UNIVERSAL_TIME_OFFSET ( 8, 0, .AHEAD. ) ;
#2287 = CIRCLE ( 'NONE', #5691, 1.000000000000000888 ) ;
#2288 = DIRECTION ( 'NONE',  ( 0.000000000000000000, 0.000000000000000000, -1.000000000000000000 ) ) ;
#2289 = LINE ( 'NONE', #474, #3104 ) ;
#2290 = CARTESIAN_POINT ( 'NONE',  ( 3.000000000000000000, -19.00000000000000000, 49.00847503896920898 ) ) ;
#2291 = EDGE_CURVE ( 'NONE', #3437, #2754, #1927, .T. ) ;
#2292 = VECTOR ( 'NONE', #1559, 1000.000000000000000 ) ;
#2293 = ORIENTED_EDGE ( 'NONE', *, *, #3011, .F. ) ;
#2294 = CARTESIAN_POINT ( 'NONE',  ( 0.000000000000000000, 30.90000000000000213, -58.50105008681759955 ) ) ;
#2295 = VERTEX_POINT ( 'NONE', #1875 ) ;
#2296 = DIRECTION ( 'NONE',  ( 0.000000000000000000, -1.000000000000000000, 0.000000000000000000 ) ) ;
#2297 = FACE_OUTER_BOUND ( 'NONE', #1860, .T. ) ;
#2298 = EDGE_CURVE ( 'NONE', #4002, #4593, #2213, .T. ) ;
#2299 = ADVANCED_FACE ( 'NONE', ( #4572 ), #5026, .F. ) ;
#2300 = EDGE_CURVE ( 'NONE', #2499, #3172, #1333, .T. ) ;
#2301 = EDGE_LOOP ( 'NONE', ( #2936, #3639, #3110, #3479 ) ) ;
#2302 = ORIENTED_EDGE ( 'NONE', *, *, #3079, .T. ) ;
#2303 = ORIENTED_EDGE ( 'NONE', *, *, #4319, .F. ) ;
#2304 = CARTESIAN_POINT ( 'NONE',  ( 24.00000000000000000, -4.000000000000000000, 47.02717703792860249 ) ) ;
#2305 = DIRECTION ( 'NONE',  ( -1.000000000000000000, 0.000000000000000000, 0.000000000000000000 ) ) ;
#2306 = CARTESIAN_POINT ( 'NONE',  ( 7.162924960380900430, -62.75933672306680222, -57.69775008681759942 ) ) ;
#2307 = EDGE_CURVE ( 'NONE', #368, #2756, #4543, .T. ) ;
#2308 = VERTEX_POINT ( 'NONE', #5995 ) ;
#2309 = DIRECTION ( 'NONE',  ( 0.000000000000000000, 2.478176394252580155E-16, -1.000000000000000000 ) ) ;
#2310 = CARTESIAN_POINT ( 'NONE',  ( 11.69829999999999970, 30.90000000000000213, -64.55325008681771237 ) ) ;
#2311 = DIRECTION ( 'NONE',  ( 0.000000000000000000, 0.3420201433256691015, -0.9396926207859082059 ) ) ;
#2312 = DIRECTION ( 'NONE',  ( 0.000000000000000000, -1.000000000000000000, 0.000000000000000000 ) ) ;
#2313 = CARTESIAN_POINT ( 'NONE',  ( 7.162924960380900430, 30.90000000000000213, -58.69775008681759942 ) ) ;
#2314 = VERTEX_POINT ( 'NONE', #4095 ) ;
#2315 = VERTEX_POINT ( 'NONE', #1360 ) ;
#2316 = AXIS2_PLACEMENT_3D ( 'NONE', #4965, #4369, #2060 ) ;
#2317 = CARTESIAN_POINT ( 'NONE',  ( 0.000000000000000000, -0.1499999999999999944, 23.99874991318240092 ) ) ;
#2318 = PERSON_AND_ORGANIZATION_ROLE ( 'creator' ) ;
#2319 = CARTESIAN_POINT ( 'NONE',  ( 21.00000000000000000, 16.00000000000000000, 32.19874991318239665 ) ) ;
#2320 = DIRECTION ( 'NONE',  ( 0.000000000000000000, -5.361613695501830012E-16, 1.000000000000000000 ) ) ;
#2321 = CARTESIAN_POINT ( 'NONE',  ( 1.199822477896908435, -18.39990865633874861, 50.88663068046732718 ) ) ;
#2322 = AXIS2_PLACEMENT_3D ( 'NONE', #1689, #2113, #2966 ) ;
#2323 = ORIENTED_EDGE ( 'NONE', *, *, #491, .F. ) ;
#2324 = DIRECTION ( 'NONE',  ( 0.000000000000000000, -1.000000000000000000, 0.000000000000000000 ) ) ;
#2325 = EDGE_LOOP ( 'NONE', ( #3499, #2922 ) ) ;
#2326 = EDGE_CURVE ( 'NONE', #1874, #5896, #3488, .T. ) ;
#2327 = CARTESIAN_POINT ( 'NONE',  ( 7.162924960380889772, 33.89999999999999858, -61.93475008681760130 ) ) ;
#2328 = LINE ( 'NONE', #4184, #3753 ) ;
#2329 = VERTEX_POINT ( 'NONE', #3212 ) ;
#2330 = ORIENTED_EDGE ( 'NONE', *, *, #2084, .F. ) ;
#2331 = ORIENTED_EDGE ( 'NONE', *, *, #5313, .T. ) ;
#2332 = AXIS2_PLACEMENT_3D ( 'NONE', #5898, #858, #2707 ) ;
#2333 = FACE_OUTER_BOUND ( 'NONE', #4034, .T. ) ;
#2334 = CARTESIAN_POINT ( 'NONE',  ( 21.00000000000000000, -30.90000000000000213, -58.50105008681759955 ) ) ;
#2335 = ADVANCED_FACE ( 'NONE', ( #3617 ), #5057, .F. ) ;
#2336 = VECTOR ( 'NONE', #5015, 1000.000000000000000 ) ;
#2337 = CARTESIAN_POINT ( 'NONE',  ( 16.23367503961910074, 63.69651116357161413, -55.69775008681769890 ) ) ;
#2338 = AXIS2_PLACEMENT_3D ( 'NONE', #2666, #5431, #4916 ) ;
#2339 = ORIENTED_EDGE ( 'NONE', *, *, #5631, .F. ) ;
#2340 = EDGE_CURVE ( 'NONE', #1488, #1919, #3188, .T. ) ;
#2341 = CYLINDRICAL_SURFACE ( 'NONE', #3802, 1.000000000000000888 ) ;
#2342 = AXIS2_PLACEMENT_3D ( 'NONE', #182, #3337, #2879 ) ;
#2343 = CARTESIAN_POINT ( 'NONE',  ( 7.162924960380900430, 33.89999999999999858, -56.69775008681759942 ) ) ;
#2344 = DIRECTION ( 'NONE',  ( 0.000000000000000000, 0.000000000000000000, 1.000000000000000000 ) ) ;
#2345 = DIRECTION ( 'NONE',  ( 0.000000000000000000, -1.000000000000000000, 0.000000000000000000 ) ) ;
#2346 = ORIENTED_EDGE ( 'NONE', *, *, #1486, .F. ) ;
#2347 = ORIENTED_EDGE ( 'NONE', *, *, #5602, .T. ) ;
#2348 = CARTESIAN_POINT ( 'NONE',  ( 24.00000000000000000, 30.90000000000000213, -45.14642844963499613 ) ) ;
#2349 = CARTESIAN_POINT ( 'NONE',  ( 7.162924960380900430, 26.39999999999999858, -55.69775008681759942 ) ) ;
#2350 = DATE_AND_TIME ( #2778, #3436 ) ;
#2351 = FACE_OUTER_BOUND ( 'NONE', #3702, .T. ) ;
#2352 = VECTOR ( 'NONE', #1462, 1000.000000000000000 ) ;
#2353 = CARTESIAN_POINT ( 'NONE',  ( 11.69829999999999970, 33.89999999999999858, -61.34215422574949628 ) ) ;
#2354 = CARTESIAN_POINT ( 'NONE',  ( 1.282828519249132437, -18.46019544497195852, 50.42792677679376823 ) ) ;
#2355 = CIRCLE ( 'NONE', #2634, 2.000000000000001776 ) ;
#2356 = ORIENTED_EDGE ( 'NONE', *, *, #2813, .F. ) ;
#2357 = AXIS2_PLACEMENT_3D ( 'NONE', #3421, #2021, #3996 ) ;
#2358 = CIRCLE ( 'NONE', #243, 2.000000000000001776 ) ;
#2359 = ORIENTED_EDGE ( 'NONE', *, *, #5908, .T. ) ;
#2360 = CARTESIAN_POINT ( 'NONE',  ( 12.03369234184500058, 33.89999999999999858, -45.00105008681759955 ) ) ;
#2361 = ORIENTED_EDGE ( 'NONE', *, *, #1238, .T. ) ;
#2362 = DIRECTION ( 'NONE',  ( 0.000000000000000000, 0.000000000000000000, -1.000000000000000000 ) ) ;
#2363 = FACE_OUTER_BOUND ( 'NONE', #235, .T. ) ;
#2364 = VECTOR ( 'NONE', #5637, 1000.000000000000227 ) ;
#2365 = ORIENTED_EDGE ( 'NONE', *, *, #4932, .T. ) ;
#2366 = EDGE_CURVE ( 'NONE', #568, #2199, #2130, .T. ) ;
#2367 = ORIENTED_EDGE ( 'NONE', *, *, #3865, .T. ) ;
#2368 = ORIENTED_EDGE ( 'NONE', *, *, #3161, .T. ) ;
#2369 = CARTESIAN_POINT ( 'NONE',  ( 3.200000000000000178, -16.35000000000000142, 50.99844991318239806 ) ) ;
#2370 = CARTESIAN_POINT ( 'NONE',  ( 0.000000000000000000, 26.39999999999999858, -40.50105008681759955 ) ) ;
#2371 = FACE_BOUND ( 'NONE', #5610, .T. ) ;
#2372 = ADVANCED_FACE ( 'NONE', ( #480 ), #5609, .T. ) ;
#2373 = ORIENTED_EDGE ( 'NONE', *, *, #1929, .T. ) ;
#2374 = CARTESIAN_POINT ( 'NONE',  ( 19.19999999999999929, 19.00000000000000000, 50.99844991318239806 ) ) ;
#2375 = FACE_BOUND ( 'NONE', #5106, .T. ) ;
#2376 = DIRECTION ( 'NONE',  ( 1.000000000000000000, 0.000000000000000000, 0.000000000000000000 ) ) ;
#2377 = CARTESIAN_POINT ( 'NONE',  ( 11.69829999999999970, 26.39999999999999858, -59.34215422574949628 ) ) ;
#2378 = EDGE_CURVE ( 'NONE', #3206, #1798, #5119, .T. ) ;
#2380 = ORIENTED_EDGE ( 'NONE', *, *, #1414, .F. ) ;
#2379 = EDGE_CURVE ( 'NONE', #1745, #5705, #1422, .T. ) ;
#2381 = AXIS2_PLACEMENT_3D ( 'NONE', #3324, #1013, #3618 ) ;
#2382 = EDGE_CURVE ( 'NONE', #1980, #4274, #5882, .T. ) ;
#2383 = ORIENTED_EDGE ( 'NONE', *, *, #5465, .T. ) ;
#2384 = CARTESIAN_POINT ( 'NONE',  ( 11.69829999999999970, -33.89999999999999858, -64.55325008681771237 ) ) ;
#2385 = CARTESIAN_POINT ( 'NONE',  ( 24.00000000000000000, 17.50000000000000000, -26.44373421647729927 ) ) ;
#2386 = PLANE ( 'NONE',  #5440 ) ;
#2387 = DIRECTION ( 'NONE',  ( 0.000000000000000000, 0.7071067811865480168, 0.7071067811865470176 ) ) ;
#2388 = CARTESIAN_POINT ( 'NONE',  ( 1.974492379294721101, -18.81925544124305105, 49.41789945343830937 ) ) ;
#2389 = VERTEX_POINT ( 'NONE', #1392 ) ;
#2390 = CARTESIAN_POINT ( 'NONE',  ( 21.00000000000000000, -1.171572875253809931, 52.19874991318240376 ) ) ;
#2391 = CYLINDRICAL_SURFACE ( 'NONE', #337, 2.000000000000001776 ) ;
#2392 = CARTESIAN_POINT ( 'NONE',  ( 16.23367503961910074, 26.39999999999999858, -56.69775008681769890 ) ) ;
#2393 = DIRECTION ( 'NONE',  ( 0.000000000000000000, -1.000000000000000000, 0.000000000000000000 ) ) ;
#2394 = CIRCLE ( 'NONE', #4812, 2.000000000000001776 ) ;
#2395 = AXIS2_PLACEMENT_3D ( 'NONE', #29, #3734, #3767 ) ;
#2396 = ORIENTED_EDGE ( 'NONE', *, *, #4551, .T. ) ;
#2397 = ORIENTED_EDGE ( 'NONE', *, *, #4257, .T. ) ;
#2398 = ORIENTED_EDGE ( 'NONE', *, *, #115, .F. ) ;
#2399 = CARTESIAN_POINT ( 'NONE',  ( 24.00000000000000000, -20.50000000000000000, 32.19874991318239665 ) ) ;
#2400 = DIRECTION ( 'NONE',  ( -1.000000000000000000, 0.000000000000000000, 0.000000000000000000 ) ) ;
#2401 = CARTESIAN_POINT ( 'NONE',  ( 0.000000000000000000, 26.39999999999999858, -40.50105008681759955 ) ) ;
#2402 = ORIENTED_EDGE ( 'NONE', *, *, #1496, .T. ) ;
#2403 = CARTESIAN_POINT ( 'NONE',  ( 21.16443934499844204, -18.99551325923444267, 51.37485236497488472 ) ) ;
#2404 = CARTESIAN_POINT ( 'NONE',  ( 0.000000000000000000, -11.84999999999999964, 60.19874991318240376 ) ) ;
#2405 = EDGE_CURVE ( 'NONE', #2245, #1397, #1426, .T. ) ;
#2406 = CARTESIAN_POINT ( 'NONE',  ( 21.00000000000000000, 21.27445658577340026, -18.70046526906719819 ) ) ;
#2407 = CARTESIAN_POINT ( 'NONE',  ( 21.00000000000000000, -19.00000000000000000, 51.87022970189050142 ) ) ;
#2408 = ORIENTED_EDGE ( 'NONE', *, *, #4629, .F. ) ;
#2409 = CARTESIAN_POINT ( 'NONE',  ( 11.69829999999999970, 30.90000000000000213, -54.07925008681760204 ) ) ;
#2410 = CARTESIAN_POINT ( 'NONE',  ( 16.23367503961910074, 26.39999999999999858, -55.69775008681769890 ) ) ;
#2411 = FACE_OUTER_BOUND ( 'NONE', #4672, .T. ) ;
#2412 = EDGE_CURVE ( 'NONE', #891, #3649, #3244, .T. ) ;
#2413 = EDGE_CURVE ( 'NONE', #1371, #4014, #3153, .T. ) ;
#2414 = CARTESIAN_POINT ( 'NONE',  ( 10.45199776687860016, 39.39999999999999858, -45.00105008681759955 ) ) ;
#2415 = CARTESIAN_POINT ( 'NONE',  ( 1.878938384882057777, -18.78261709935484802, 49.49655079483190434 ) ) ;
#2416 = AXIS2_PLACEMENT_3D ( 'NONE', #2327, #3733, #2788 ) ;
#2417 = EDGE_LOOP ( 'NONE', ( #1364, #4972, #430, #4821 ) ) ;
#2418 = EDGE_LOOP ( 'NONE', ( #4134, #2365 ) ) ;
#2419 = CARTESIAN_POINT ( 'NONE',  ( 21.00000000000000000, 4.000000000000000000, 55.02717703792859538 ) ) ;
#2420 = CARTESIAN_POINT ( 'NONE',  ( 24.00000000000000000, 16.00000000000000000, -26.44373421647729927 ) ) ;
#2421 = EDGE_CURVE ( 'NONE', #346, #1991, #2484, .T. ) ;
#2422 = CARTESIAN_POINT ( 'NONE',  ( 24.00000000000000000, 4.000000000000000000, 47.02717703792860249 ) ) ;
#2423 = VECTOR ( 'NONE', #2387, 1000.000000000000000 ) ;
#2424 = CARTESIAN_POINT ( 'NONE',  ( 7.162924960380900430, 63.65353284628589847, -55.69775008681759942 ) ) ;
#2425 = ORIENTED_EDGE ( 'NONE', *, *, #5412, .F. ) ;
#2426 = EDGE_LOOP ( 'NONE', ( #4954, #456, #392, #1127 ) ) ;
#2427 = VERTEX_POINT ( 'NONE', #1544 ) ;
#2428 = DIRECTION ( 'NONE',  ( 0.000000000000000000, -0.9396926207859082059, -0.3420201433256691015 ) ) ;
#2429 = PLANE ( 'NONE',  #1200 ) ;
#2430 = DIRECTION ( 'NONE',  ( -1.000000000000000000, 0.000000000000000000, 0.000000000000000000 ) ) ;
#2431 = DIRECTION ( 'NONE',  ( 0.000000000000000000, -1.000000000000000000, 0.000000000000000000 ) ) ;
#2432 = AXIS2_PLACEMENT_3D ( 'NONE', #3942, #1146, #3057 ) ;
#2433 = ORIENTED_EDGE ( 'NONE', *, *, #125, .F. ) ;
#2434 = AXIS2_PLACEMENT_3D ( 'NONE', #5132, #4555, #4230 ) ;
#2435 = FACE_OUTER_BOUND ( 'NONE', #850, .T. ) ;
#2436 = CARTESIAN_POINT ( 'NONE',  ( -13.66623906662040078, 12.05248997594439864, -45.00105008681759955 ) ) ;
#2437 = CARTESIAN_POINT ( 'NONE',  ( 3.000000000000000000, -8.849999999999999645, 48.99874991318240092 ) ) ;
#2438 = VECTOR ( 'NONE', #1135, 1000.000000000000000 ) ;
#2439 = LINE ( 'NONE', #2472, #5788 ) ;
#2440 = AXIS2_PLACEMENT_3D ( 'NONE', #2250, #2709, #832 ) ;
#2441 = EDGE_CURVE ( 'NONE', #4647, #2850, #2287, .T. ) ;
#2442 = ORIENTED_EDGE ( 'NONE', *, *, #1679, .T. ) ;
#2443 = AXIS2_PLACEMENT_3D ( 'NONE', #4275, #1932, #4305 ) ;
#2444 = DIRECTION ( 'NONE',  ( 0.000000000000000000, -1.000000000000000000, 0.000000000000000000 ) ) ;
#2445 = LINE ( 'NONE', #142, #1589 ) ;
#2446 = CYLINDRICAL_SURFACE ( 'NONE', #590, 2.000000000000001776 ) ;
#2447 = CARTESIAN_POINT ( 'NONE',  ( 3.200000000000000178, 59.17773170840619912, 49.99844991318239806 ) ) ;
#2448 = CARTESIAN_POINT ( 'NONE',  ( 1.776898305224341890, 18.73929466070606864, 49.59308089587364066 ) ) ;
#2449 = VERTEX_POINT ( 'NONE', #1997 ) ;
#2450 = AXIS2_PLACEMENT_3D ( 'NONE', #2384, #1017, #4775 ) ;
#2451 = EDGE_LOOP ( 'NONE', ( #34, #4677, #704, #2725 ) ) ;
#2452 = DIRECTION ( 'NONE',  ( 0.000000000000000000, -1.000000000000000000, 0.000000000000000000 ) ) ;
#2453 = DIRECTION ( 'NONE',  ( -3.154042683594200051E-16, -1.000000000000000000, 0.000000000000000000 ) ) ;
#2454 = DIRECTION ( 'NONE',  ( 0.000000000000000000, 0.000000000000000000, 1.000000000000000000 ) ) ;
#2455 = DIRECTION ( 'NONE',  ( 0.000000000000000000, 0.000000000000000000, 1.000000000000000000 ) ) ;
#2456 = AXIS2_PLACEMENT_3D ( 'NONE', #2980, #190, #706 ) ;
#2457 = ORIENTED_EDGE ( 'NONE', *, *, #4559, .T. ) ;
#2458 = ADVANCED_FACE ( 'NONE', ( #3860 ), #1966, .T. ) ;
#2459 = EDGE_CURVE ( 'NONE', #2562, #2914, #998, .T. ) ;
#2460 = ORIENTED_EDGE ( 'NONE', *, *, #2013, .T. ) ;
#2461 = ORIENTED_EDGE ( 'NONE', *, *, #5322, .T. ) ;
#2462 = CARTESIAN_POINT ( 'NONE',  ( 3.000000000000000000, 8.849999999999999645, 23.99874991318240092 ) ) ;
#2463 = CARTESIAN_POINT ( 'NONE',  ( 12.00000000000000000, -26.40000000000000213, -70.50105008681759955 ) ) ;
#2464 = VECTOR ( 'NONE', #733, 1000.000000000000227 ) ;
#2465 = CARTESIAN_POINT ( 'NONE',  ( 7.162924960380900430, 26.39999999999999858, -57.69775008681759942 ) ) ;
#2466 = FACE_OUTER_BOUND ( 'NONE', #3024, .T. ) ;
#2467 = AXIS2_PLACEMENT_3D ( 'NONE', #3001, #5850, #3091 ) ;
#2468 = ORIENTED_EDGE ( 'NONE', *, *, #4530, .T. ) ;
#2469 = DIRECTION ( 'NONE',  ( 0.000000000000000000, 1.000000000000000000, 0.000000000000000000 ) ) ;
#2470 = DIRECTION ( 'NONE',  ( 0.000000000000000000, 0.000000000000000000, 1.000000000000000000 ) ) ;
#2471 = CYLINDRICAL_SURFACE ( 'NONE', #116, 2.999999999999999112 ) ;
#2472 = CARTESIAN_POINT ( 'NONE',  ( 3.200000000000000178, -19.00000000000000000, 52.99844991318239806 ) ) ;
#2473 = ORIENTED_EDGE ( 'NONE', *, *, #4790, .F. ) ;
#2474 = CARTESIAN_POINT ( 'NONE',  ( 7.162924960380889772, -30.90000000000000213, -61.93475008681760130 ) ) ;
#2475 = FACE_OUTER_BOUND ( 'NONE', #3260, .T. ) ;
#2476 = CARTESIAN_POINT ( 'NONE',  ( 0.02048661691208319979, 11.50000000000000000, 60.19874991318240376 ) ) ;
#2477 = LINE ( 'NONE', #272, #4165 ) ;
#2478 = DIRECTION ( 'NONE',  ( 0.000000000000000000, -1.000000000000000000, 0.000000000000000000 ) ) ;
#2479 = ORIENTED_EDGE ( 'NONE', *, *, #4869, .F. ) ;
#2480 = AXIS2_PLACEMENT_3D ( 'NONE', #4850, #4403, #282 ) ;
#2481 = ORIENTED_EDGE ( 'NONE', *, *, #3002, .F. ) ;
#2482 = DIRECTION ( 'NONE',  ( -1.000000000000000000, 0.000000000000000000, 0.000000000000000000 ) ) ;
#2483 = CARTESIAN_POINT ( 'NONE',  ( 5.000000000000000000, 39.39999999999999858, -51.50105008681759955 ) ) ;
#2484 = LINE ( 'NONE', #4307, #4045 ) ;
#2485 = CARTESIAN_POINT ( 'NONE',  ( 0.000000000000000000, 18.79385241571819876, -19.60333134996399806 ) ) ;
#2486 = ADVANCED_FACE ( 'NONE', ( #3433 ), #150, .T. ) ;
#2487 = ORIENTED_EDGE ( 'NONE', *, *, #1570, .T. ) ;
#2488 = VERTEX_POINT ( 'NONE', #3398 ) ;
#2489 = DIRECTION ( 'NONE',  ( 0.000000000000000000, 0.000000000000000000, 1.000000000000000000 ) ) ;
#2490 = AXIS2_PLACEMENT_3D ( 'NONE', #1159, #1191, #2615 ) ;
#2491 = LINE ( 'NONE', #1583, #4580 ) ;
#2492 = AXIS2_PLACEMENT_3D ( 'NONE', #746, #2596, #4503 ) ;
#2493 = CARTESIAN_POINT ( 'NONE',  ( 24.00000000000000000, 4.000000000000000000, 41.37032278843620503 ) ) ;
#2494 = VECTOR ( 'NONE', #3214, 1000.000000000000114 ) ;
#2495 = EDGE_CURVE ( 'NONE', #4931, #1229, #1027, .T. ) ;
#2496 = EDGE_CURVE ( 'NONE', #3061, #3443, #5282, .T. ) ;
#2497 = EDGE_CURVE ( 'NONE', #287, #4373, #2911, .T. ) ;
#2498 = LINE ( 'NONE', #1097, #3760 ) ;
#2499 = VERTEX_POINT ( 'NONE', #90 ) ;
#2500 = VECTOR ( 'NONE', #4413, 1000.000000000000000 ) ;
#2501 = ORIENTED_EDGE ( 'NONE', *, *, #3497, .F. ) ;
#2502 = DIRECTION ( 'NONE',  ( 0.000000000000000000, -1.000000000000000000, 0.000000000000000000 ) ) ;
#2503 = DIRECTION ( 'NONE',  ( -1.000000000000000000, 0.000000000000000000, 0.000000000000000000 ) ) ;
#2504 = ADVANCED_FACE ( 'NONE', ( #4787 ), #4218, .T. ) ;
#2505 = CARTESIAN_POINT ( 'NONE',  ( 21.00000000000000000, 4.000000000000000000, 41.37032278843620503 ) ) ;
#2506 = DIRECTION ( 'NONE',  ( 0.000000000000000000, 1.000000000000000000, 0.000000000000000000 ) ) ;
#2507 = ORIENTED_EDGE ( 'NONE', *, *, #1011, .T. ) ;
#2508 = PLANE ( 'NONE',  #893 ) ;
#2509 = CYLINDRICAL_SURFACE ( 'NONE', #2653, 0.9999999999999940048 ) ;
#2510 = CARTESIAN_POINT ( 'NONE',  ( 24.00000000000000000, -6.828427124746190735, 52.19874991318240376 ) ) ;
#2511 = CARTESIAN_POINT ( 'NONE',  ( 24.00000000000000000, -19.25735931288071967, -8.020361167282850090 ) ) ;
#2512 = DIRECTION ( 'NONE',  ( 0.000000000000000000, 0.000000000000000000, -1.000000000000000000 ) ) ;
#2513 = ORIENTED_EDGE ( 'NONE', *, *, #678, .F. ) ;
#2514 = EDGE_LOOP ( 'NONE', ( #3863, #3158 ) ) ;
#2515 = CARTESIAN_POINT ( 'NONE',  ( 0.000000000000000000, 30.90000000000000213, -58.50105008681759955 ) ) ;
#2516 = DIRECTION ( 'NONE',  ( 0.000000000000000000, -0.7071067811865470176, -0.7071067811865480168 ) ) ;
#2517 = DIRECTION ( 'NONE',  ( 0.000000000000000000, -1.000000000000000000, 0.000000000000000000 ) ) ;
#2518 = FACE_BOUND ( 'NONE', #5243, .T. ) ;
#2519 = VERTEX_POINT ( 'NONE', #1121 ) ;
#2520 = ADVANCED_FACE ( 'NONE', ( #3766 ), #2973, .F. ) ;
#2521 = ORIENTED_EDGE ( 'NONE', *, *, #4783, .T. ) ;
#2522 = VECTOR ( 'NONE', #2716, 1000.000000000000227 ) ;
#2523 = CARTESIAN_POINT ( 'NONE',  ( 3.200000000000000178, -59.17773170840619912, 49.99844991318239806 ) ) ;
#2524 = CARTESIAN_POINT ( 'NONE',  ( 3.000000000000000000, 11.84999999999999964, 48.99874991318240092 ) ) ;
#2525 = CARTESIAN_POINT ( 'NONE',  ( 16.23367503961910074, 26.39999999999999858, -62.93475008681768657 ) ) ;
#2526 = CARTESIAN_POINT ( 'NONE',  ( 24.00000000000000000, -26.39999999999999858, -40.50105008681759955 ) ) ;
#2527 = CIRCLE ( 'NONE', #4525, 2.999999999999999112 ) ;
#2528 = ORIENTED_EDGE ( 'NONE', *, *, #152, .T. ) ;
#2529 = EDGE_LOOP ( 'NONE', ( #5728, #2614, #1641, #5643 ) ) ;
#2530 = DIRECTION ( 'NONE',  ( 0.000000000000000000, -5.782411586589360597E-16, -1.000000000000000000 ) ) ;
#2531 = CARTESIAN_POINT ( 'NONE',  ( 21.00000000000000000, 8.849999999999999645, 35.19874991318239665 ) ) ;
#2532 = DIRECTION ( 'NONE',  ( 0.000000000000000000, -1.000000000000000000, 0.000000000000000000 ) ) ;
#2533 = CARTESIAN_POINT ( 'NONE',  ( 12.79973678496399891, 34.25721239031349796, -45.00105008681759955 ) ) ;
#2534 = AXIS2_PLACEMENT_3D ( 'NONE', #2279, #437, #5619 ) ;
#2535 = PRODUCT_DEFINITION ( '未知', '', #813, #909 ) ;
#2536 = EDGE_CURVE ( 'NONE', #1668, #5123, #5671, .T. ) ;
#2537 = ORIENTED_EDGE ( 'NONE', *, *, #1332, .F. ) ;
#2538 = CARTESIAN_POINT ( 'NONE',  ( 24.00000000000000000, 1.171572875253809931, 52.19874991318240376 ) ) ;
#2539 = AXIS2_PLACEMENT_3D ( 'NONE', #714, #743, #2530 ) ;
#2540 = DIRECTION ( 'NONE',  ( 0.000000000000000000, 1.000000000000000000, 0.000000000000000000 ) ) ;
#2541 = DIRECTION ( 'NONE',  ( 1.000000000000000000, 0.000000000000000000, 0.000000000000000000 ) ) ;
#2542 = CARTESIAN_POINT ( 'NONE',  ( 11.69829999999999970, -33.89999999999999858, -61.34215422574949628 ) ) ;
#2543 = AXIS2_PLACEMENT_3D ( 'NONE', #3258, #1070, #5199 ) ;
#2544 = CARTESIAN_POINT ( 'NONE',  ( 2.025453827030287979, 18.83731018529278245, 49.37953105639956419 ) ) ;
#2545 = ORIENTED_EDGE ( 'NONE', *, *, #4159, .F. ) ;
#2546 = AXIS2_PLACEMENT_3D ( 'NONE', #1615, #1033, #2489 ) ;
#2547 = ORIENTED_EDGE ( 'NONE', *, *, #2291, .T. ) ;
#2548 = DIRECTION ( 'NONE',  ( 0.000000000000000000, 0.000000000000000000, 1.000000000000000000 ) ) ;
#2549 = CARTESIAN_POINT ( 'NONE',  ( 24.00000000000000355, -1.674072507314913641E-12, 12.39275125778661568 ) ) ;
#2550 = CARTESIAN_POINT ( 'NONE',  ( 21.00000000000000000, 4.000000000000000000, 55.02717703792859538 ) ) ;
#2551 = FACE_OUTER_BOUND ( 'NONE', #3409, .T. ) ;
#2552 = VECTOR ( 'NONE', #3621, 1000.000000000000000 ) ;
#2553 = ORIENTED_EDGE ( 'NONE', *, *, #3899, .T. ) ;
#2554 = ORIENTED_EDGE ( 'NONE', *, *, #5453, .F. ) ;
#2555 = LINE ( 'NONE', #1974, #514 ) ;
#2556 = ORIENTED_EDGE ( 'NONE', *, *, #2496, .T. ) ;
#2557 = LINE ( 'NONE', #1250, #5201 ) ;
#2558 = VECTOR ( 'NONE', #3375, 1000.000000000000000 ) ;
#2559 = DIRECTION ( 'NONE',  ( 0.000000000000000000, -1.000000000000000000, 0.000000000000000000 ) ) ;
#2560 = LOCAL_TIME ( 10, 50, 14.00000000000000000, #2286 ) ;
#2561 = EDGE_CURVE ( 'NONE', #2427, #3900, #3062, .T. ) ;
#2562 = VERTEX_POINT ( 'NONE', #5731 ) ;
#2563 = AXIS2_PLACEMENT_3D ( 'NONE', #2192, #4586, #2166 ) ;
#2564 =( BOUNDED_CURVE ( )  B_SPLINE_CURVE ( 3, ( #1724, #3579, #2630, #3975 ),
 .UNSPECIFIED., .F., .T. ) 
 B_SPLINE_CURVE_WITH_KNOTS ( ( 4, 4 ),
 ( 4.712388980384689674, 6.283185307179586232 ),
 .UNSPECIFIED. ) 
 CURVE ( )  GEOMETRIC_REPRESENTATION_ITEM ( )  RATIONAL_B_SPLINE_CURVE ( ( 1.000000000000000000, 0.8047378541243649375, 0.8047378541243649375, 1.000000000000000000 ) ) 
 REPRESENTATION_ITEM ( '' )  );
#2565 = VERTEX_POINT ( 'NONE', #120 ) ;
#2566 = AXIS2_PLACEMENT_3D ( 'NONE', #1542, #5280, #3396 ) ;
#2567 = CARTESIAN_POINT ( 'NONE',  ( 14.04477059816469975, 35.74098591009670400, -51.50105008681759955 ) ) ;
#2568 = DIRECTION ( 'NONE',  ( 0.000000000000000000, 1.734723475976809806E-16, 1.000000000000000000 ) ) ;
#2569 = DIRECTION ( 'NONE',  ( 0.000000000000000000, 0.000000000000000000, -1.000000000000000000 ) ) ;
#2570 = VECTOR ( 'NONE', #1412, 1000.000000000000000 ) ;
#2571 = ADVANCED_FACE ( 'NONE', ( #3828 ), #4817, .F. ) ;
#2572 = ORIENTED_EDGE ( 'NONE', *, *, #4453, .T. ) ;
#2573 = CARTESIAN_POINT ( 'NONE',  ( 12.00000000000000000, -30.89999999999999503, -70.50105008681759955 ) ) ;
#2574 = DIRECTION ( 'NONE',  ( -3.081514945857120103E-16, 0.000000000000000000, 1.000000000000000000 ) ) ;
#2575 = CARTESIAN_POINT ( 'NONE',  ( 0.9002214485193972271, 2.568915318248103534E-06, 14.14258335960649404 ) ) ;
#2576 = CARTESIAN_POINT ( 'NONE',  ( 2.584350442841710116, 18.97143954558208279, 49.09454770914212673 ) ) ;
#2577 = ADVANCED_FACE ( 'NONE', ( #5638 ), #5184, .F. ) ;
#2578 = EDGE_CURVE ( 'NONE', #1745, #1820, #1515, .T. ) ;
#2579 = ORIENTED_EDGE ( 'NONE', *, *, #4713, .F. ) ;
#2580 = ORIENTED_EDGE ( 'NONE', *, *, #4160, .T. ) ;
#2581 = LINE ( 'NONE', #2118, #4206 ) ;
#2582 = CARTESIAN_POINT ( 'NONE',  ( 14.59774907794320065, 36.39999999999999858, -51.50105008681759955 ) ) ;
#2583 = CARTESIAN_POINT ( 'NONE',  ( 7.806246455814020102, 36.39999999999999858, -51.50105008681759955 ) ) ;
#2584 = CARTESIAN_POINT ( 'NONE',  ( 13.27872615504569964, 36.38377351978320462, -51.50105008681759955 ) ) ;
#2585 = VECTOR ( 'NONE', #4485, 1000.000000000000227 ) ;
#2586 = ORIENTED_EDGE ( 'NONE', *, *, #2497, .F. ) ;
#2587 = ORIENTED_EDGE ( 'NONE', *, *, #5453, .T. ) ;
#2588 = DIRECTION ( 'NONE',  ( 0.000000000000000000, -1.000000000000000000, 0.000000000000000000 ) ) ;
#2589 = EDGE_LOOP ( 'NONE', ( #1658, #1834, #2402, #515 ) ) ;
#2590 = CARTESIAN_POINT ( 'NONE',  ( 3.000000000000000000, -17.50000000000000000, 32.19874991318239665 ) ) ;
#2591 = ORIENTED_EDGE ( 'NONE', *, *, #5524, .T. ) ;
#2592 = VECTOR ( 'NONE', #4856, 1000.000000000000000 ) ;
#2593 = VERTEX_POINT ( 'NONE', #2550 ) ;
#2594 = DIRECTION ( 'NONE',  ( 0.000000000000000000, 1.000000000000000000, 0.000000000000000000 ) ) ;
#2595 = CARTESIAN_POINT ( 'NONE',  ( 21.00000000000000000, 19.00000000000000000, 32.19874991318239665 ) ) ;
#2596 = DIRECTION ( 'NONE',  ( 0.000000000000000000, 0.000000000000000000, -1.000000000000000000 ) ) ;
#2597 = CIRCLE ( 'NONE', #1717, 1.000000000000000888 ) ;
#2598 = ORIENTED_EDGE ( 'NONE', *, *, #4515, .F. ) ;
#2599 = EDGE_CURVE ( 'NONE', #582, #559, #4456, .T. ) ;
#2600 = CARTESIAN_POINT ( 'NONE',  ( 21.00000000000000000, 19.00000000000000000, 32.19874991318239665 ) ) ;
#2601 = FACE_BOUND ( 'NONE', #5810, .T. ) ;
#2602 = LINE ( 'NONE', #4394, #970 ) ;
#2603 = CARTESIAN_POINT ( 'NONE',  ( 1.931074807056403664, 18.80304693696997020, 52.54441429903597793 ) ) ;
#2604 = ORIENTED_EDGE ( 'NONE', *, *, #4423, .T. ) ;
#2605 = EDGE_CURVE ( 'NONE', #4540, #368, #5851, .T. ) ;
#2606 = DIRECTION ( 'NONE',  ( 0.000000000000000000, 0.000000000000000000, -1.000000000000000000 ) ) ;
#2607 = CARTESIAN_POINT ( 'NONE',  ( 19.19999999999999929, 19.00000000000000000, 48.99844991318239806 ) ) ;
#2608 = CARTESIAN_POINT ( 'NONE',  ( 7.162924960380889772, 26.39999999999999858, -61.93475008681760130 ) ) ;
#2609 = CARTESIAN_POINT ( 'NONE',  ( 2.882981429148580244, -19.00000000000000355, 52.97666397851631359 ) ) ;
#2610 = ORIENTED_EDGE ( 'NONE', *, *, #5968, .T. ) ;
#2611 = EDGE_CURVE ( 'NONE', #622, #5190, #5877, .T. ) ;
#2612 = ORIENTED_EDGE ( 'NONE', *, *, #4196, .F. ) ;
#2613 = CARTESIAN_POINT ( 'NONE',  ( 0.000000000000000000, -17.50000000000000000, 32.19874991318239665 ) ) ;
#2614 = ORIENTED_EDGE ( 'NONE', *, *, #457, .T. ) ;
#2615 = DIRECTION ( 'NONE',  ( 0.000000000000000000, 0.000000000000000000, -1.000000000000000000 ) ) ;
#2616 = ORIENTED_EDGE ( 'NONE', *, *, #5008, .T. ) ;
#2617 = CIRCLE ( 'NONE', #99, 1.000000000000000888 ) ;
#2618 = ORIENTED_EDGE ( 'NONE', *, *, #744, .T. ) ;
#2619 = DIRECTION ( 'NONE',  ( 1.000000000000000000, 0.000000000000000000, 0.000000000000000000 ) ) ;
#2620 = LINE ( 'NONE', #5839, #5305 ) ;
#2621 = ORIENTED_EDGE ( 'NONE', *, *, #4433, .F. ) ;
#2622 = LINE ( 'NONE', #5869, #2877 ) ;
#2623 = CARTESIAN_POINT ( 'NONE',  ( 24.00000000000000000, 11.50000000000000000, 60.19874991318240376 ) ) ;
#2624 = DIRECTION ( 'NONE',  ( 0.000000000000000000, 0.000000000000000000, 1.000000000000000000 ) ) ;
#2625 = CARTESIAN_POINT ( 'NONE',  ( 1.687562342259609993, 18.69769484246686275, 52.30717443417366752 ) ) ;
#2626 = ADVANCED_FACE ( 'NONE', ( #1726 ), #4848, .T. ) ;
#2627 = ORIENTED_EDGE ( 'NONE', *, *, #728, .F. ) ;
#2628 = VECTOR ( 'NONE', #5300, 1000.000000000000000 ) ;
#2629 = AXIS2_PLACEMENT_3D ( 'NONE', #981, #71, #5070 ) ;
#2630 = CARTESIAN_POINT ( 'NONE',  ( 22.75735931288071257, 20.50000000000000711, -7.801250086817614893 ) ) ;
#2631 = LINE ( 'NONE', #334, #1396 ) ;
#2632 = CYLINDRICAL_SURFACE ( 'NONE', #2316, 1.000000000000000888 ) ;
#2633 = LINE ( 'NONE', #364, #2585 ) ;
#2634 = AXIS2_PLACEMENT_3D ( 'NONE', #5675, #4794, #2978 ) ;
#2635 = EDGE_CURVE ( 'NONE', #1632, #654, #4484, .T. ) ;
#2636 = EDGE_LOOP ( 'NONE', ( #4420, #3949, #1539, #2089, #2785, #5768, #2397, #5504, #493, #3328, #4154, #3592, #2442, #5984, #57, #2055, #1481, #5991, #1581 ) ) ;
#2637 = ORIENTED_EDGE ( 'NONE', *, *, #5650, .F. ) ;
#2638 = FACE_OUTER_BOUND ( 'NONE', #4043, .T. ) ;
#2639 = ORIENTED_EDGE ( 'NONE', *, *, #1077, .F. ) ;
#2640 = CIRCLE ( 'NONE', #1856, 1.000000000000000888 ) ;
#2641 = DIRECTION ( 'NONE',  ( 0.000000000000000000, 1.000000000000000000, 0.000000000000000000 ) ) ;
#2642 = CARTESIAN_POINT ( 'NONE',  ( 7.162924960380900430, 33.89999999999999858, -56.69775008681759942 ) ) ;
#2643 = EDGE_CURVE ( 'NONE', #4350, #376, #758, .T. ) ;
#2644 = EDGE_CURVE ( 'NONE', #1684, #2245, #4458, .T. ) ;
#2645 = EDGE_CURVE ( 'NONE', #3273, #4699, #5426, .T. ) ;
#2646 = ORIENTED_EDGE ( 'NONE', *, *, #4198, .T. ) ;
#2647 = VERTEX_POINT ( 'NONE', #699 ) ;
#2648 = FACE_OUTER_BOUND ( 'NONE', #5727, .T. ) ;
#2649 = AXIS2_PLACEMENT_3D ( 'NONE', #2273, #5034, #3772 ) ;
#2650 = DIRECTION ( 'NONE',  ( 0.000000000000000000, -1.000000000000000000, 0.000000000000000000 ) ) ;
#2651 = AXIS2_PLACEMENT_3D ( 'NONE', #1815, #461, #5125 ) ;
#2652 = CARTESIAN_POINT ( 'NONE',  ( 11.69829999999999970, -26.39999999999999858, -59.34215422574949628 ) ) ;
#2653 = AXIS2_PLACEMENT_3D ( 'NONE', #1654, #3084, #1686 ) ;
#2654 = CC_DESIGN_APPROVAL ( #1455, ( #2535 ) ) ;
#2655 = ORIENTED_EDGE ( 'NONE', *, *, #889, .T. ) ;
#2656 = CARTESIAN_POINT ( 'NONE',  ( 16.23367503961910074, 33.89999999999999858, -59.93475008681769367 ) ) ;
#2657 = CARTESIAN_POINT ( 'NONE',  ( 21.19835659944837047, -18.99353542461751587, 50.91558099856884922 ) ) ;
#2658 = DIRECTION ( 'NONE',  ( 0.000000000000000000, -0.3420201433256691015, -0.9396926207859082059 ) ) ;
#2659 = CARTESIAN_POINT ( 'NONE',  ( 1.224018312298605027, 18.41787460620089689, 50.68307680643018642 ) ) ;
#2660 = ORIENTED_EDGE ( 'NONE', *, *, #3677, .T. ) ;
#2661 = CARTESIAN_POINT ( 'NONE',  ( 16.23367503961910074, -30.90000000000000213, -61.93475008681769367 ) ) ;
#2662 = LINE ( 'NONE', #1214, #40 ) ;
#2663 = CARTESIAN_POINT ( 'NONE',  ( 24.00000000000000000, 0.1499999999999999944, 23.99874991318240092 ) ) ;
#2664 = CARTESIAN_POINT ( 'NONE',  ( 2.317542202818103192, -18.92131929500688514, 52.79325770404818030 ) ) ;
#2665 = ORIENTED_EDGE ( 'NONE', *, *, #4979, .F. ) ;
#2666 = CARTESIAN_POINT ( 'NONE',  ( 11.69829999999999970, -33.89999999999999858, -59.34215422574949628 ) ) ;
#2667 = ORIENTED_EDGE ( 'NONE', *, *, #711, .F. ) ;
#2668 = EDGE_CURVE ( 'NONE', #3578, #261, #3394, .T. ) ;
#2669 = CARTESIAN_POINT ( 'NONE',  ( 19.19999999999999929, -16.35000000000000142, 49.99844991318239806 ) ) ;
#2670 = DIRECTION ( 'NONE',  ( 0.000000000000000000, 1.000000000000000000, 0.000000000000000000 ) ) ;
#2671 = AXIS2_PLACEMENT_3D ( 'NONE', #4124, #5514, #5966 ) ;
#2672 = EDGE_LOOP ( 'NONE', ( #394, #5448, #4851, #4982 ) ) ;
#2673 = ORIENTED_EDGE ( 'NONE', *, *, #5595, .F. ) ;
#2674 = CARTESIAN_POINT ( 'NONE',  ( 0.000000000000000000, 11.84999999999999964, 23.99874991318240092 ) ) ;
#2675 = EDGE_CURVE ( 'NONE', #5645, #3007, #4432, .T. ) ;
#2676 = EDGE_CURVE ( 'NONE', #3428, #4886, #5128, .T. ) ;
#2677 = EDGE_CURVE ( 'NONE', #2, #5890, #3003, .T. ) ;
#2678 = DIRECTION ( 'NONE',  ( -1.000000000000000000, 0.000000000000000000, 0.000000000000000000 ) ) ;
#2679 = ORIENTED_EDGE ( 'NONE', *, *, #2262, .F. ) ;
#2680 = ADVANCED_FACE ( 'NONE', ( #3581 ), #1181, .F. ) ;
#2681 = DIRECTION ( 'NONE',  ( 0.000000000000000000, 1.000000000000000000, 0.000000000000000000 ) ) ;
#2682 = CARTESIAN_POINT ( 'NONE',  ( 21.13719481115930421, -18.99695293788455075, 50.50102005863740828 ) ) ;
#2683 = AXIS2_PLACEMENT_3D ( 'NONE', #1912, #1819, #5614 ) ;
#2684 = FACE_OUTER_BOUND ( 'NONE', #5841, .T. ) ;
#2685 = CARTESIAN_POINT ( 'NONE',  ( 1.606816201129344979, 18.65724301154085651, 52.20810788560150684 ) ) ;
#2686 = ORIENTED_EDGE ( 'NONE', *, *, #4594, .F. ) ;
#2687 = DATE_AND_TIME ( #3298, #5274 ) ;
#2688 = CARTESIAN_POINT ( 'NONE',  ( 7.162924960380900430, -30.90000000000000213, -55.69775008681759942 ) ) ;
#2689 = CARTESIAN_POINT ( 'NONE',  ( 7.162924960380889772, 33.89999999999999858, -63.93475008681759419 ) ) ;
#2690 = CARTESIAN_POINT ( 'NONE',  ( 1.293977385241884548, -18.46795886918060248, 51.60742099431041652 ) ) ;
#2691 = ORIENTED_EDGE ( 'NONE', *, *, #2984, .F. ) ;
#2692 = FACE_OUTER_BOUND ( 'NONE', #1826, .T. ) ;
#2693 = VERTEX_POINT ( 'NONE', #215 ) ;
#2694 = CARTESIAN_POINT ( 'NONE',  ( 16.23367503961910074, -26.39999999999999858, -56.69775008681769890 ) ) ;
#2695 = CARTESIAN_POINT ( 'NONE',  ( 24.00000000000000000, -26.39999999999999858, -58.50105008681759955 ) ) ;
#2696 = ORIENTED_EDGE ( 'NONE', *, *, #785, .T. ) ;
#2697 = EDGE_CURVE ( 'NONE', #3055, #3458, #3983, .T. ) ;
#2698 = ORIENTED_EDGE ( 'NONE', *, *, #3606, .F. ) ;
#2699 = ORIENTED_EDGE ( 'NONE', *, *, #4713, .T. ) ;
#2700 = FACE_BOUND ( 'NONE', #2026, .T. ) ;
#2701 = VECTOR ( 'NONE', #5000, 1000.000000000000000 ) ;
#2702 = DIRECTION ( 'NONE',  ( 0.000000000000000000, -1.000000000000000000, 0.000000000000000000 ) ) ;
#2703 = EDGE_CURVE ( 'NONE', #3569, #4326, #3951, .T. ) ;
#2704 = EDGE_LOOP ( 'NONE', ( #567, #3438, #1920, #427, #4562, #5290 ) ) ;
#2705 = VECTOR ( 'NONE', #3175, 1000.000000000000000 ) ;
#2706 = CARTESIAN_POINT ( 'NONE',  ( 21.15418400733621951, 18.99603726706046558, 50.57278504827633014 ) ) ;
#2707 = DIRECTION ( 'NONE',  ( 0.000000000000000000, 0.000000000000000000, -1.000000000000000000 ) ) ;
#2708 = LINE ( 'NONE', #2249, #1754 ) ;
#2709 = DIRECTION ( 'NONE',  ( 0.000000000000000000, -1.000000000000000000, 0.000000000000000000 ) ) ;
#2710 = CARTESIAN_POINT ( 'NONE',  ( 1.316115694621364796, 18.48289844640421720, 51.67035945590921386 ) ) ;
#2711 = EDGE_CURVE ( 'NONE', #4593, #4943, #3035, .T. ) ;
#2712 = ORIENTED_EDGE ( 'NONE', *, *, #2189, .F. ) ;
#2713 = ADVANCED_FACE ( 'NONE', ( #4880 ), #2632, .F. ) ;
#2714 = COORDINATED_UNIVERSAL_TIME_OFFSET ( 8, 0, .AHEAD. ) ;
#2715 = CARTESIAN_POINT ( 'NONE',  ( 12.03369234184500058, 33.89999999999999858, -51.50105008681759955 ) ) ;
#2716 = DIRECTION ( 'NONE',  ( 0.000000000000000000, 0.3420201433256691015, -0.9396926207859082059 ) ) ;
#2717 = CARTESIAN_POINT ( 'NONE',  ( 2.109921923029833390, -18.86494954271885405, 52.67554807270068551 ) ) ;
#2718 = AXIS2_PLACEMENT_3D ( 'NONE', #5262, #230, #1137 ) ;
#2719 = FACE_OUTER_BOUND ( 'NONE', #3934, .T. ) ;
#2720 = ORIENTED_EDGE ( 'NONE', *, *, #5, .T. ) ;
#2721 = CARTESIAN_POINT ( 'NONE',  ( 11.69829999999999970, -26.39999999999999858, -54.07925008681760204 ) ) ;
#2722 = AXIS2_PLACEMENT_3D ( 'NONE', #4383, #3019, #3476 ) ;
#2723 = FACE_OUTER_BOUND ( 'NONE', #3873, .T. ) ;
#2724 = VECTOR ( 'NONE', #1948, 1000.000000000000000 ) ;
#2725 = ORIENTED_EDGE ( 'NONE', *, *, #5115, .T. ) ;
#2726 = ORIENTED_EDGE ( 'NONE', *, *, #635, .F. ) ;
#2727 = AXIS2_PLACEMENT_3D ( 'NONE', #4846, #2482, #569 ) ;
#2728 = ORIENTED_EDGE ( 'NONE', *, *, #1340, .F. ) ;
#2729 = DIRECTION ( 'NONE',  ( -1.000000000000000000, 0.000000000000000000, 0.000000000000000000 ) ) ;
#2730 = DIRECTION ( 'NONE',  ( 0.000000000000000000, 1.000000000000000000, 0.000000000000000000 ) ) ;
#2731 = CARTESIAN_POINT ( 'NONE',  ( 21.00000000000000000, -6.828427124746190735, 44.19874991318239665 ) ) ;
#2732 = AXIS2_PLACEMENT_3D ( 'NONE', #5410, #37, #942 ) ;
#2733 = ORIENTED_EDGE ( 'NONE', *, *, #5954, .T. ) ;
#2734 = CARTESIAN_POINT ( 'NONE',  ( 21.19835659944739703, 18.99353542461749811, 51.08131882782001298 ) ) ;
#2735 = CARTESIAN_POINT ( 'NONE',  ( 21.01971916591595857, -19.00000000000000711, 50.16738510675359208 ) ) ;
#2736 = FACE_BOUND ( 'NONE', #3946, .T. ) ;
#2737 = EDGE_CURVE ( 'NONE', #3649, #4877, #964, .T. ) ;
#2738 = FACE_OUTER_BOUND ( 'NONE', #3364, .T. ) ;
#2739 = CARTESIAN_POINT ( 'NONE',  ( 2.241947954019232192, 18.90253144252428896, 52.75415391563389278 ) ) ;
#2740 = VECTOR ( 'NONE', #3929, 1000.000000000000000 ) ;
#2741 = VERTEX_POINT ( 'NONE', #3636 ) ;
#2742 = AXIS2_PLACEMENT_3D ( 'NONE', #1172, #269, #1230 ) ;
#2743 = EDGE_LOOP ( 'NONE', ( #2521, #5365, #2346, #1527 ) ) ;
#2744 = TOROIDAL_SURFACE ( 'NONE', #138, 12.00000000000000000, 3.000000000000000000 ) ;
#2745 = APPROVAL_ROLE ( '' ) ;
#2746 = CARTESIAN_POINT ( 'NONE',  ( 22.50078775957174315, -0.0004699434557934340385, 14.62704463749245498 ) ) ;
#2747 = ADVANCED_FACE ( 'NONE', ( #1299 ), #4627, .T. ) ;
#2748 = ADVANCED_FACE ( 'NONE', ( #3147 ), #4176, .F. ) ;
#2749 = DIRECTION ( 'NONE',  ( 0.000000000000000000, 0.000000000000000000, 1.000000000000000000 ) ) ;
#2750 = EDGE_CURVE ( 'NONE', #100, #3145, #2617, .T. ) ;
#2751 = CARTESIAN_POINT ( 'NONE',  ( 2.278644876137739583, -18.91180220585469129, 49.22329544705529258 ) ) ;
#2752 = AXIS2_PLACEMENT_3D ( 'NONE', #698, #1694, #5819 ) ;
#2753 = ORIENTED_EDGE ( 'NONE', *, *, #5008, .F. ) ;
#2754 = VERTEX_POINT ( 'NONE', #2689 ) ;
#2755 = DIRECTION ( 'NONE',  ( 0.000000000000000000, -1.000000000000000000, 0.000000000000000000 ) ) ;
#2756 = VERTEX_POINT ( 'NONE', #5933 ) ;
#2757 = CARTESIAN_POINT ( 'NONE',  ( 21.00000000000000000, -20.50000000000000000, -7.801250086817620222 ) ) ;
#2758 = DIRECTION ( 'NONE',  ( 0.000000000000000000, 0.000000000000000000, -1.000000000000000000 ) ) ;
#2759 = EDGE_LOOP ( 'NONE', ( #5258, #2798, #1365, #2992, #4491, #4947, #4217, #380 ) ) ;
#2760 = ORIENTED_EDGE ( 'NONE', *, *, #3940, .F. ) ;
#2761 = ORIENTED_EDGE ( 'NONE', *, *, #5313, .F. ) ;
#2762 = LINE ( 'NONE', #487, #4678 ) ;
#2763 = CARTESIAN_POINT ( 'NONE',  ( 16.23367503961910074, -33.89999999999999858, -63.93475008681769367 ) ) ;
#2764 = FACE_BOUND ( 'NONE', #5129, .T. ) ;
#2765 = AXIS2_PLACEMENT_3D ( 'NONE', #5369, #667, #634 ) ;
#2766 = VERTEX_POINT ( 'NONE', #4088 ) ;
#2767 = FACE_OUTER_BOUND ( 'NONE', #4666, .T. ) ;
#2768 = DIRECTION ( 'NONE',  ( -0.000000000000000000, 1.000000000000000000, 0.000000000000000000 ) ) ;
#2769 = LINE ( 'NONE', #5560, #594 ) ;
#2770 = CARTESIAN_POINT ( 'NONE',  ( 7.162924960380900430, 33.89999999999999858, -58.69775008681759942 ) ) ;
#2771 = DIRECTION ( 'NONE',  ( 0.000000000000000000, 1.000000000000000000, -1.734723475976809806E-16 ) ) ;
#2772 = ORIENTED_EDGE ( 'NONE', *, *, #2931, .F. ) ;
#2773 = EDGE_CURVE ( 'NONE', #4892, #2562, #1866, .T. ) ;
#2774 = EDGE_LOOP ( 'NONE', ( #4228, #5699, #4489, #5916 ) ) ;
#2775 = VECTOR ( 'NONE', #5802, 1000.000000000000000 ) ;
#2776 = AXIS2_PLACEMENT_3D ( 'NONE', #1682, #3595, #3536 ) ;
#2777 = AXIS2_PLACEMENT_3D ( 'NONE', #2642, #1361, #4096 ) ;
#2778 = CALENDAR_DATE ( 2026, 22, 5 ) ;
#2779 = CARTESIAN_POINT ( 'NONE',  ( 3.200000000000000178, 16.35000000000000142, 48.99844991318239806 ) ) ;
#2780 = CARTESIAN_POINT ( 'NONE',  ( 3.000000000000000000, 31.08092213764229683, -45.64350793748659640 ) ) ;
#2781 = CARTESIAN_POINT ( 'NONE',  ( 1.316115694627266963, -18.48289844640416746, 50.32654037043925399 ) ) ;
#2782 = AXIS2_PLACEMENT_3D ( 'NONE', #1586, #2068, #3442 ) ;
#2783 =( BOUNDED_CURVE ( )  B_SPLINE_CURVE ( 3, ( #2077, #1198, #4445, #715 ),
 .UNSPECIFIED., .F., .T. ) 
 B_SPLINE_CURVE_WITH_KNOTS ( ( 4, 4 ),
 ( 3.141592653589793116, 4.712388980384691450 ),
 .UNSPECIFIED. ) 
 CURVE ( )  GEOMETRIC_REPRESENTATION_ITEM ( )  RATIONAL_B_SPLINE_CURVE ( ( 1.000000000000000000, 0.8047378541243646044, 0.8047378541243646044, 1.000000000000000000 ) ) 
 REPRESENTATION_ITEM ( '' )  );
#2784 = EDGE_CURVE ( 'NONE', #4891, #2040, #2258, .T. ) ;
#2785 = ORIENTED_EDGE ( 'NONE', *, *, #159, .T. ) ;
#2786 = DIRECTION ( 'NONE',  ( 0.000000000000000000, -2.275047181608930109E-16, 1.000000000000000000 ) ) ;
#2787 = ORIENTED_EDGE ( 'NONE', *, *, #3980, .F. ) ;
#2788 = DIRECTION ( 'NONE',  ( 0.000000000000000000, 0.000000000000000000, -1.000000000000000000 ) ) ;
#2789 = PLANE ( 'NONE',  #5585 ) ;
#2790 = EDGE_LOOP ( 'NONE', ( #797, #2252, #3372, #3801 ) ) ;
#2791 = EDGE_CURVE ( 'NONE', #1091, #1891, #3664, .T. ) ;
#2792 = VERTEX_POINT ( 'NONE', #418 ) ;
#2793 = EDGE_LOOP ( 'NONE', ( #3697, #1189, #4531, #5324 ) ) ;
#2794 = DIRECTION ( 'NONE',  ( 0.000000000000000000, -1.000000000000000000, 0.000000000000000000 ) ) ;
#2795 = DIRECTION ( 'NONE',  ( -1.000000000000000000, 0.000000000000000000, 0.000000000000000000 ) ) ;
#2796 = UNCERTAINTY_MEASURE_WITH_UNIT (LENGTH_MEASURE( 1.000000000000000082E-05 ), #3608, 'distance_accuracy_value', 'NONE');
#2797 = DIRECTION ( 'NONE',  ( 0.000000000000000000, 0.000000000000000000, -1.000000000000000000 ) ) ;
#2798 = ORIENTED_EDGE ( 'NONE', *, *, #1343, .T. ) ;
#2799 = FACE_OUTER_BOUND ( 'NONE', #4246, .T. ) ;
#2800 = DIRECTION ( 'NONE',  ( 0.000000000000000000, 0.000000000000000000, 1.000000000000000000 ) ) ;
#2801 = CARTESIAN_POINT ( 'NONE',  ( 16.23367503961910074, 26.39999999999999858, -61.93475008681769367 ) ) ;
#2802 = LINE ( 'NONE', #3291, #218 ) ;
#2803 = CYLINDRICAL_SURFACE ( 'NONE', #4703, 1.999999999999994893 ) ;
#2804 = VERTEX_POINT ( 'NONE', #21 ) ;
#2805 = EDGE_LOOP ( 'NONE', ( #3083, #3596, #4378, #2457 ) ) ;
#2806 = AXIS2_PLACEMENT_3D ( 'NONE', #2902, #144, #3300 ) ;
#2807 = DIRECTION ( 'NONE',  ( 1.000000000000000000, 0.000000000000000000, 0.000000000000000000 ) ) ;
#2808 = DIRECTION ( 'NONE',  ( -0.4982994063855838429, 0.8670050182068006484, 0.000000000000000000 ) ) ;
#2809 = PERSON_AND_ORGANIZATION_ROLE ( 'classification_officer' ) ;
#2810 = CARTESIAN_POINT ( 'NONE',  ( 9.030638352128310231, 36.27647202150469496, -51.50105008681759955 ) ) ;
#2811 = LINE ( 'NONE', #1957, #5615 ) ;
#2812 = CARTESIAN_POINT ( 'NONE',  ( 1.606816200962373431, -18.65724301145538533, 49.78879194098162486 ) ) ;
#2813 = EDGE_CURVE ( 'NONE', #4474, #1091, #836, .T. ) ;
#2814 = AXIS2_PLACEMENT_3D ( 'NONE', #916, #5446, #1288 ) ;
#2815 = ORIENTED_EDGE ( 'NONE', *, *, #1679, .F. ) ;
#2816 = CARTESIAN_POINT ( 'NONE',  ( 11.69829999999999970, 33.89999999999999858, -54.07925008681760204 ) ) ;
#2817 = VERTEX_POINT ( 'NONE', #5479 ) ;
#2818 = CARTESIAN_POINT ( 'NONE',  ( 9.030638352128310231, 36.27647202150469496, -45.00105008681759955 ) ) ;
#2819 = DIRECTION ( 'NONE',  ( 1.000000000000000000, 0.000000000000000000, 0.000000000000000000 ) ) ;
#2820 = VECTOR ( 'NONE', #1528, 1000.000000000000000 ) ;
#2821 = AXIS2_PLACEMENT_3D ( 'NONE', #1947, #2925, #5294 ) ;
#2822 = EDGE_LOOP ( 'NONE', ( #434, #1060, #4524, #4372 ) ) ;
#2823 = ORIENTED_EDGE ( 'NONE', *, *, #2635, .F. ) ;
#2824 = VERTEX_POINT ( 'NONE', #3690 ) ;
#2825 = VECTOR ( 'NONE', #1956, 1000.000000000000000 ) ;
#2826 = CARTESIAN_POINT ( 'NONE',  ( 0.000000000000000000, -17.50000000000000000, -8.330231028943019922 ) ) ;
#2827 = CARTESIAN_POINT ( 'NONE',  ( 21.00000000000000000, 8.849999999999999645, 23.99874991318240092 ) ) ;
#2828 = CIRCLE ( 'NONE', #5351, 1.000000000000000888 ) ;
#2829 = EDGE_CURVE ( 'NONE', #2271, #346, #1260, .T. ) ;
#2830 = EDGE_CURVE ( 'NONE', #247, #2804, #3727, .T. ) ;
#2831 = DIRECTION ( 'NONE',  ( 0.000000000000000000, 1.000000000000000000, 0.000000000000000000 ) ) ;
#2832 = CIRCLE ( 'NONE', #3906, 2.000000000000001776 ) ;
#2833 = ORIENTED_EDGE ( 'NONE', *, *, #1045, .T. ) ;
#2834 = CARTESIAN_POINT ( 'NONE',  ( 16.23367503961910074, 63.69651116357161413, -56.69775008681769890 ) ) ;
#2835 = PLANE ( 'NONE',  #5831 ) ;
#2836 = CYLINDRICAL_SURFACE ( 'NONE', #1472, 2.000000000000001776 ) ;
#2837 = CARTESIAN_POINT ( 'NONE',  ( 7.162924960380889772, -58.27579733601310608, -62.93475008681759419 ) ) ;
#2838 = ORIENTED_EDGE ( 'NONE', *, *, #3018, .T. ) ;
#2839 = ORIENTED_EDGE ( 'NONE', *, *, #1363, .F. ) ;
#2840 = DIRECTION ( 'NONE',  ( -1.000000000000000000, 0.000000000000000000, 0.000000000000000000 ) ) ;
#2841 = PLANE ( 'NONE',  #3435 ) ;
#2842 = PLANE ( 'NONE',  #3795 ) ;
#2843 = VECTOR ( 'NONE', #4549, 1000.000000000000000 ) ;
#2844 = CARTESIAN_POINT ( 'NONE',  ( 7.162924960380889772, -33.89999999999999858, -61.93475008681760130 ) ) ;
#2845 = CARTESIAN_POINT ( 'NONE',  ( 1.498637213235227028, -18.59729104473270667, 49.94708639168297992 ) ) ;
#2846 = AXIS2_PLACEMENT_3D ( 'NONE', #3009, #3835, #3439 ) ;
#2847 = ORIENTED_EDGE ( 'NONE', *, *, #2536, .T. ) ;
#2848 = AXIS2_PLACEMENT_3D ( 'NONE', #953, #2932, #2808 ) ;
#2849 = AXIS2_PLACEMENT_3D ( 'NONE', #1055, #1084, #4751 ) ;
#2850 = VERTEX_POINT ( 'NONE', #1415 ) ;
#2851 = CARTESIAN_POINT ( 'NONE',  ( 11.69829999999999970, -26.39999999999999858, -64.55325008681771237 ) ) ;
#2852 = CYLINDRICAL_SURFACE ( 'NONE', #3531, 1.999999999999994893 ) ;
#2853 = CARTESIAN_POINT ( 'NONE',  ( 3.000000000000000000, -30.90000000000000213, -44.61744750750959554 ) ) ;
#2854 = DIRECTION ( 'NONE',  ( 0.000000000000000000, 1.000000000000000000, 0.000000000000000000 ) ) ;
#2855 = ORIENTED_EDGE ( 'NONE', *, *, #2366, .T. ) ;
#2856 = ORIENTED_EDGE ( 'NONE', *, *, #1928, .F. ) ;
#2857 = EDGE_CURVE ( 'NONE', #1913, #1614, #3204, .T. ) ;
#2858 = ORIENTED_EDGE ( 'NONE', *, *, #912, .T. ) ;
#2859 = FACE_BOUND ( 'NONE', #1434, .T. ) ;
#2860 = CARTESIAN_POINT ( 'NONE',  ( 16.23367503961910074, -30.90000000000000213, -57.69775008681769890 ) ) ;
#2861 = DIRECTION ( 'NONE',  ( -1.000000000000000000, 0.000000000000000000, 0.000000000000000000 ) ) ;
#2862 = EDGE_CURVE ( 'NONE', #3723, #539, #1750, .T. ) ;
#2863 = EDGE_CURVE ( 'NONE', #2817, #5534, #4937, .T. ) ;
#2864 = ORIENTED_EDGE ( 'NONE', *, *, #4153, .T. ) ;
#2865 = CARTESIAN_POINT ( 'NONE',  ( 16.23367503961910074, 30.90000000000000213, -56.69775008681769890 ) ) ;
#2866 = CARTESIAN_POINT ( 'NONE',  ( 7.162924960380889772, -30.90000000000000213, -61.93475008681760130 ) ) ;
#2867 = DIRECTION ( 'NONE',  ( 0.000000000000000000, 0.000000000000000000, -1.000000000000000000 ) ) ;
#2868 = CARTESIAN_POINT ( 'NONE',  ( 1.975877237214796356, 18.81976079576215000, 52.58007563972591925 ) ) ;
#2869 = VECTOR ( 'NONE', #5821, 1000.000000000000000 ) ;
#2870 = EDGE_CURVE ( 'NONE', #1473, #195, #5996, .T. ) ;
#2871 = ORIENTED_EDGE ( 'NONE', *, *, #3018, .F. ) ;
#2872 = CARTESIAN_POINT ( 'NONE',  ( 21.00000000000000000, 6.828427124746190735, 44.19874991318239665 ) ) ;
#2873 = FACE_BOUND ( 'NONE', #1246, .T. ) ;
#2874 = CARTESIAN_POINT ( 'NONE',  ( 5.000000000000000000, 33.89999999999999858, -51.50105008681759955 ) ) ;
#2875 = DIRECTION ( 'NONE',  ( 0.000000000000000000, 0.000000000000000000, 1.000000000000000000 ) ) ;
#2876 = CARTESIAN_POINT ( 'NONE',  ( 1.494559112872959172, -18.59493048664598192, 49.95371265748015333 ) ) ;
#2877 = VECTOR ( 'NONE', #5949, 1000.000000000000000 ) ;
#2878 = ORIENTED_EDGE ( 'NONE', *, *, #1818, .T. ) ;
#2879 = DIRECTION ( 'NONE',  ( 0.000000000000000000, 0.000000000000000000, 1.000000000000000000 ) ) ;
#2880 = CARTESIAN_POINT ( 'NONE',  ( 16.23367503961910074, 33.89999999999999858, -61.93475008681769367 ) ) ;
#2881 = DIRECTION ( 'NONE',  ( 0.000000000000000000, 1.000000000000000000, 0.000000000000000000 ) ) ;
#2882 = DIRECTION ( 'NONE',  ( 0.000000000000000000, 1.000000000000000000, 0.000000000000000000 ) ) ;
#2883 = CIRCLE ( 'NONE', #2981, 1.000000000000000888 ) ;
#2884 = AXIS2_PLACEMENT_3D ( 'NONE', #846, #4520, #1334 ) ;
#2885 = EDGE_LOOP ( 'NONE', ( #1612, #4654, #3193, #4798, #1705 ) ) ;
#2886 = VERTEX_POINT ( 'NONE', #4597 ) ;
#2887 = ORIENTED_EDGE ( 'NONE', *, *, #5427, .F. ) ;
#2888 = LINE ( 'NONE', #1157, #4477 ) ;
#2889 = DIRECTION ( 'NONE',  ( 0.000000000000000000, 0.000000000000000000, 1.000000000000000000 ) ) ;
#2890 = FACE_OUTER_BOUND ( 'NONE', #2589, .T. ) ;
#2891 = EDGE_CURVE ( 'NONE', #5692, #5210, #2289, .T. ) ;
#2892 = ORIENTED_EDGE ( 'NONE', *, *, #4147, .T. ) ;
#2893 = CARTESIAN_POINT ( 'NONE',  ( 24.00000000000000000, -4.000000000000000000, 55.02717703792859538 ) ) ;
#2894 = CARTESIAN_POINT ( 'NONE',  ( 19.19999999999999929, -16.35000000000000142, 50.99844991318239806 ) ) ;
#2895 = CARTESIAN_POINT ( 'NONE',  ( 16.23367503961910074, -30.90000000000000213, -56.69775008681769890 ) ) ;
#2896 = DIRECTION ( 'NONE',  ( 0.000000000000000000, 0.000000000000000000, -1.000000000000000000 ) ) ;
#2897 = ADVANCED_FACE ( 'NONE', ( #1386 ), #3236, .F. ) ;
#2898 = ORIENTED_EDGE ( 'NONE', *, *, #1123, .F. ) ;
#2899 = CARTESIAN_POINT ( 'NONE',  ( 3.000000000000000000, 33.89999999999999858, -58.50105008681759955 ) ) ;
#2900 = CARTESIAN_POINT ( 'NONE',  ( 21.00000000000000000, -11.50000000000000000, 60.19874991318240376 ) ) ;
#2901 = DIRECTION ( 'NONE',  ( 0.000000000000000000, 0.000000000000000000, 1.000000000000000000 ) ) ;
#2902 = CARTESIAN_POINT ( 'NONE',  ( 3.000000000000000000, -0.1499999999999999944, 23.99874991318240092 ) ) ;
#2903 = CARTESIAN_POINT ( 'NONE',  ( 1.653185979724308696, 18.68153336480290605, 49.72718834739139737 ) ) ;
#2904 = CC_DESIGN_DATE_AND_TIME_ASSIGNMENT ( #2350, #5019, ( #2535 ) ) ;
#2905 = EDGE_CURVE ( 'NONE', #4697, #662, #1061, .T. ) ;
#2906 = ORIENTED_EDGE ( 'NONE', *, *, #5908, .F. ) ;
#2907 = AXIS2_PLACEMENT_3D ( 'NONE', #4116, #865, #5906 ) ;
#2908 = ORIENTED_EDGE ( 'NONE', *, *, #3680, .T. ) ;
#2909 = FACE_OUTER_BOUND ( 'NONE', #2790, .T. ) ;
#2910 = DIRECTION ( 'NONE',  ( 0.000000000000000000, 0.000000000000000000, 1.000000000000000000 ) ) ;
#2911 = LINE ( 'NONE', #1904, #2270 ) ;
#2912 = AXIS2_PLACEMENT_3D ( 'NONE', #1695, #5396, #5368 ) ;
#2913 = CARTESIAN_POINT ( 'NONE',  ( 11.69829999999999970, 33.89999999999999858, -57.34215422574949628 ) ) ;
#2914 = VERTEX_POINT ( 'NONE', #506 ) ;
#2915 = ORIENTED_EDGE ( 'NONE', *, *, #598, .F. ) ;
#2916 = ORIENTED_EDGE ( 'NONE', *, *, #2862, .F. ) ;
#2917 = CARTESIAN_POINT ( 'NONE',  ( 11.69829999999999970, -33.89999999999999858, -54.07925008681760204 ) ) ;
#2918 = CARTESIAN_POINT ( 'NONE',  ( 0.02048661691208399777, 11.50000000000000000, 60.19874991318240376 ) ) ;
#2919 = CYLINDRICAL_SURFACE ( 'NONE', #1139, 12.00000000000000355 ) ;
#2920 = DIRECTION ( 'NONE',  ( -1.000000000000000000, 0.000000000000000000, 0.000000000000000000 ) ) ;
#2921 = AXIS2_PLACEMENT_3D ( 'NONE', #2310, #1794, #5559 ) ;
#2922 = ORIENTED_EDGE ( 'NONE', *, *, #4979, .T. ) ;
#2923 = AXIS2_PLACEMENT_3D ( 'NONE', #3446, #1557, #2470 ) ;
#2924 = LINE ( 'NONE', #5618, #2820 ) ;
#2925 = DIRECTION ( 'NONE',  ( 0.000000000000000000, -1.000000000000000000, 0.000000000000000000 ) ) ;
#2926 = CARTESIAN_POINT ( 'NONE',  ( 12.03369234184500058, 34.89999999999999858, -70.50105008681758534 ) ) ;
#2927 = FACE_OUTER_BOUND ( 'NONE', #3426, .T. ) ;
#2928 = ORIENTED_EDGE ( 'NONE', *, *, #4601, .F. ) ;
#2929 = AXIS2_PLACEMENT_3D ( 'NONE', #3640, #2786, #3210 ) ;
#2930 = LINE ( 'NONE', #1475, #5059 ) ;
#2931 = EDGE_CURVE ( 'NONE', #3907, #1337, #3295, .T. ) ;
#2932 = DIRECTION ( 'NONE',  ( -0.8670050182068006484, -0.4982994063855838429, 0.000000000000000000 ) ) ;
#2933 = DIRECTION ( 'NONE',  ( 0.000000000000000000, 0.000000000000000000, -1.000000000000000000 ) ) ;
#2934 = CARTESIAN_POINT ( 'NONE',  ( 12.03369234184500058, 34.89999999999999858, -45.00105008681759955 ) ) ;
#2935 = DIRECTION ( 'NONE',  ( -1.000000000000000000, 0.000000000000000000, 0.000000000000000000 ) ) ;
#2936 = ORIENTED_EDGE ( 'NONE', *, *, #4319, .T. ) ;
#2937 = CIRCLE ( 'NONE', #1677, 2.999999999999999112 ) ;
#2938 = EDGE_CURVE ( 'NONE', #2886, #2914, #4659, .T. ) ;
#2939 = EDGE_CURVE ( 'NONE', #59, #1229, #2811, .T. ) ;
#2940 = EDGE_CURVE ( 'NONE', #2314, #2499, #1898, .T. ) ;
#2941 = ORIENTED_EDGE ( 'NONE', *, *, #1604, .T. ) ;
#2942 = CARTESIAN_POINT ( 'NONE',  ( 3.200000000000000178, -16.35000000000000142, 49.99844991318239806 ) ) ;
#2943 = DIRECTION ( 'NONE',  ( 0.000000000000000000, 0.000000000000000000, 1.000000000000000000 ) ) ;
#2944 = CIRCLE ( 'NONE', #1090, 12.00000000000000355 ) ;
#2945 = DIRECTION ( 'NONE',  ( -1.000000000000000000, 0.000000000000000000, 0.000000000000000000 ) ) ;
#2946 = DIRECTION ( 'NONE',  ( 1.000000000000000000, 0.000000000000000000, 0.000000000000000000 ) ) ;
#2947 = CIRCLE ( 'NONE', #2742, 2.999999999999999112 ) ;
#2948 = EDGE_LOOP ( 'NONE', ( #4256, #1734, #3926, #994 ) ) ;
#2949 = EDGE_CURVE ( 'NONE', #5291, #4373, #684, .T. ) ;
#2950 = ORIENTED_EDGE ( 'NONE', *, *, #912, .F. ) ;
#2951 = LINE ( 'NONE', #3346, #32 ) ;
#2952 = DIRECTION ( 'NONE',  ( 0.000000000000000000, -0.7071067811865480168, 0.7071067811865470176 ) ) ;
#2953 = DIRECTION ( 'NONE',  ( 1.000000000000000000, 0.000000000000000000, 0.000000000000000000 ) ) ;
#2954 = DIRECTION ( 'NONE',  ( 0.000000000000000000, 0.000000000000000000, -1.000000000000000000 ) ) ;
#2955 = ORIENTED_EDGE ( 'NONE', *, *, #1186, .F. ) ;
#2956 = AXIS2_PLACEMENT_3D ( 'NONE', #3460, #5309, #1152 ) ;
#2957 = EDGE_LOOP ( 'NONE', ( #638, #2580, #2856, #3938 ) ) ;
#2958 = DIRECTION ( 'NONE',  ( 0.000000000000000000, 0.000000000000000000, -1.000000000000000000 ) ) ;
#2959 = CARTESIAN_POINT ( 'NONE',  ( 21.00000000000000000, 16.00000000000000000, 60.19874991318240376 ) ) ;
#2960 = CARTESIAN_POINT ( 'NONE',  ( 24.00000000000000000, 0.000000000000000000, -26.44373421647729927 ) ) ;
#2961 = LINE ( 'NONE', #649, #5399 ) ;
#2962 = EDGE_LOOP ( 'NONE', ( #1872, #2142, #4906, #5928 ) ) ;
#2963 = DIRECTION ( 'NONE',  ( 0.000000000000000000, 1.000000000000000000, 0.000000000000000000 ) ) ;
#2964 = LINE ( 'NONE', #4421, #811 ) ;
#2965 = DIRECTION ( 'NONE',  ( -1.000000000000000000, 0.000000000000000000, 0.000000000000000000 ) ) ;
#2966 = DIRECTION ( 'NONE',  ( 0.000000000000000000, -0.7071067811865480168, 0.7071067811865470176 ) ) ;
#2967 = DIRECTION ( 'NONE',  ( 0.000000000000000000, 0.000000000000000000, -1.000000000000000000 ) ) ;
#2968 = EDGE_CURVE ( 'NONE', #5421, #607, #3819, .T. ) ;
#2969 = EDGE_LOOP ( 'NONE', ( #5549, #5475, #1960, #227 ) ) ;
#2970 = ORIENTED_EDGE ( 'NONE', *, *, #355, .F. ) ;
#2971 = CARTESIAN_POINT ( 'NONE',  ( 14.02872615504569964, 37.04521134754939737, -51.50105008681759955 ) ) ;
#2972 = CARTESIAN_POINT ( 'NONE',  ( 16.23367503961910074, 30.90000000000000213, -59.93475008681769367 ) ) ;
#2973 = CYLINDRICAL_SURFACE ( 'NONE', #5473, 2.000000000000001776 ) ;
#2974 = CARTESIAN_POINT ( 'NONE',  ( 19.19999999999999929, -59.39363543471729656, 51.99844991318239806 ) ) ;
#2975 = EDGE_CURVE ( 'NONE', #1980, #35, #1078, .T. ) ;
#2976 = ORIENTED_EDGE ( 'NONE', *, *, #3722, .F. ) ;
#2977 = ORIENTED_EDGE ( 'NONE', *, *, #5239, .T. ) ;
#2978 = DIRECTION ( 'NONE',  ( 0.000000000000000000, 0.000000000000000000, -1.000000000000000000 ) ) ;
#2979 = CIRCLE ( 'NONE', #4333, 2.000000000000001776 ) ;
#2980 = CARTESIAN_POINT ( 'NONE',  ( 3.000000000000000000, -11.84999999999999964, 23.99874991318240092 ) ) ;
#2981 = AXIS2_PLACEMENT_3D ( 'NONE', #1170, #716, #4262 ) ;
#2982 = CARTESIAN_POINT ( 'NONE',  ( 24.00000000000000000, -19.00000000000000000, 32.19874991318239665 ) ) ;
#2983 = CARTESIAN_POINT ( 'NONE',  ( 11.69829999999999970, -26.39999999999999858, -64.55325008681771237 ) ) ;
#2984 = EDGE_CURVE ( 'NONE', #5343, #5645, #4163, .T. ) ;
#2985 = ORIENTED_EDGE ( 'NONE', *, *, #350, .F. ) ;
#2986 = AXIS2_PLACEMENT_3D ( 'NONE', #2983, #5710, #5772 ) ;
#2987 = VERTEX_POINT ( 'NONE', #5663 ) ;
#2988 = CARTESIAN_POINT ( 'NONE',  ( 14.50000000000000000, 39.39999999999999858, -45.00105008681759955 ) ) ;
#2989 = DIRECTION ( 'NONE',  ( 0.000000000000000000, -5.361613695501830012E-16, 1.000000000000000000 ) ) ;
#2990 = CARTESIAN_POINT ( 'NONE',  ( 16.23367503961910074, 33.89999999999999858, -58.69775008681769890 ) ) ;
#2991 = PLANE ( 'NONE',  #4912 ) ;
#2992 = ORIENTED_EDGE ( 'NONE', *, *, #1631, .T. ) ;
#2993 = DIRECTION ( 'NONE',  ( -0.000000000000000000, 1.000000000000000000, 0.000000000000000000 ) ) ;
#2994 = CARTESIAN_POINT ( 'NONE',  ( 24.00000000000000000, 4.000000000000000000, 49.37032278843619792 ) ) ;
#2995 = CARTESIAN_POINT ( 'NONE',  ( 8.163633333921509916, 35.77817261511909663, -45.00105008681759955 ) ) ;
#2996 = CARTESIAN_POINT ( 'NONE',  ( 1.086748729967637939, 2.643833281300269876E-05, 14.31129015069532251 ) ) ;
#2997 = CARTESIAN_POINT ( 'NONE',  ( 1.986373103341666946, 18.82355233718396192, 49.40875607741755005 ) ) ;
#2998 = EDGE_LOOP ( 'NONE', ( #1212, #4343, #1265, #2234 ) ) ;
#2999 = ORIENTED_EDGE ( 'NONE', *, *, #2829, .F. ) ;
#3000 = FACE_BOUND ( 'NONE', #2514, .T. ) ;
#3001 = CARTESIAN_POINT ( 'NONE',  ( 3.200000000000000178, 16.35000000000000142, 50.99844991318239806 ) ) ;
#3002 = EDGE_CURVE ( 'NONE', #4180, #1580, #1935, .T. ) ;
#3003 = LINE ( 'NONE', #5338, #5229 ) ;
#3004 = AXIS2_PLACEMENT_3D ( 'NONE', #4634, #452, #511 ) ;
#3005 = DIRECTION ( 'NONE',  ( 0.000000000000000000, 1.000000000000000000, 0.000000000000000000 ) ) ;
#3006 = ORIENTED_EDGE ( 'NONE', *, *, #826, .T. ) ;
#3007 = VERTEX_POINT ( 'NONE', #5599 ) ;
#3008 = VECTOR ( 'NONE', #2320, 1000.000000000000000 ) ;
#3009 = CARTESIAN_POINT ( 'NONE',  ( 7.162924960380889772, -33.89999999999999858, -61.93475008681760130 ) ) ;
#3010 = CARTESIAN_POINT ( 'NONE',  ( 16.23367503961910074, -26.39999999999999858, -55.69775008681769890 ) ) ;
#3011 = EDGE_CURVE ( 'NONE', #5884, #5593, #5724, .T. ) ;
#3012 = DIRECTION ( 'NONE',  ( 0.000000000000000000, 1.000000000000000000, 0.000000000000000000 ) ) ;
#3013 = DIRECTION ( 'NONE',  ( 0.000000000000000000, 0.000000000000000000, -1.000000000000000000 ) ) ;
#3014 = VERTEX_POINT ( 'NONE', #4330 ) ;
#3015 = ORIENTED_EDGE ( 'NONE', *, *, #2578, .F. ) ;
#3016 = EDGE_CURVE ( 'NONE', #3100, #294, #1650, .T. ) ;
#3017 = EDGE_CURVE ( 'NONE', #5674, #4792, #5208, .T. ) ;
#3018 = EDGE_CURVE ( 'NONE', #5938, #2565, #3194, .T. ) ;
#3019 = DIRECTION ( 'NONE',  ( 0.000000000000000000, 0.000000000000000000, 1.000000000000000000 ) ) ;
#3020 = CARTESIAN_POINT ( 'NONE',  ( 21.00000000000000000, -20.50000000000000000, 32.19874991318239665 ) ) ;
#3021 = CYLINDRICAL_SURFACE ( 'NONE', #3470, 1.000000000000000888 ) ;
#3022 = AXIS2_PLACEMENT_3D ( 'NONE', #5950, #4106, #3628 ) ;
#3023 = VECTOR ( 'NONE', #1346, 1000.000000000000000 ) ;
#3024 = EDGE_LOOP ( 'NONE', ( #5515, #3650, #5536, #2610 ) ) ;
#3025 = DIRECTION ( 'NONE',  ( 0.000000000000000000, 0.000000000000000000, 1.000000000000000000 ) ) ;
#3026 = FACE_OUTER_BOUND ( 'NONE', #2793, .T. ) ;
#3027 = CARTESIAN_POINT ( 'NONE',  ( 3.000000000000000000, -6.803368632346539535E-15, 15.00000000000000000 ) ) ;
#3028 = VECTOR ( 'NONE', #5501, 1000.000000000000000 ) ;
#3029 = CARTESIAN_POINT ( 'NONE',  ( 1.728216197213197303, 18.71704180099173698, 49.64424412495207406 ) ) ;
#3030 = ORIENTED_EDGE ( 'NONE', *, *, #5224, .F. ) ;
#3031 = AXIS2_PLACEMENT_3D ( 'NONE', #340, #1275, #393 ) ;
#3032 = ORIENTED_EDGE ( 'NONE', *, *, #5641, .F. ) ;
#3033 = DIRECTION ( 'NONE',  ( 0.000000000000000000, 0.000000000000000000, 1.000000000000000000 ) ) ;
#3034 = CARTESIAN_POINT ( 'NONE',  ( 16.23367503961910074, -26.39999999999999858, -62.93475008681768657 ) ) ;
#3035 = LINE ( 'NONE', #1271, #2135 ) ;
#3036 = CARTESIAN_POINT ( 'NONE',  ( 12.00000000000000000, -33.89999999999999858, -58.50105008681759955 ) ) ;
#3037 = ORIENTED_EDGE ( 'NONE', *, *, #4790, .T. ) ;
#3038 = ORIENTED_EDGE ( 'NONE', *, *, #4346, .F. ) ;
#3039 = CARTESIAN_POINT ( 'NONE',  ( 19.19999999999999929, -16.35000000000000142, 52.99844991318239806 ) ) ;
#3040 = ORIENTED_EDGE ( 'NONE', *, *, #3745, .T. ) ;
#3041 = DIRECTION ( 'NONE',  ( 0.000000000000000000, 1.000000000000000000, 0.000000000000000000 ) ) ;
#3042 = AXIS2_PLACEMENT_3D ( 'NONE', #671, #1094, #1941 ) ;
#3043 = LOCAL_TIME ( 10, 50, 14.00000000000000000, #5986 ) ;
#3044 = ORIENTED_EDGE ( 'NONE', *, *, #5518, .T. ) ;
#3045 = EDGE_CURVE ( 'NONE', #1639, #2, #536, .T. ) ;
#3046 = AXIS2_PLACEMENT_3D ( 'NONE', #1768, #4052, #774 ) ;
#3047 = ORIENTED_EDGE ( 'NONE', *, *, #3954, .T. ) ;
#3048 = ORGANIZATION ( '未指定', '未指定', '' ) ;
#3049 = LINE ( 'NONE', #1708, #5833 ) ;
#3050 = DIRECTION ( 'NONE',  ( 0.000000000000000000, 0.000000000000000000, 1.000000000000000000 ) ) ;
#3051 = CARTESIAN_POINT ( 'NONE',  ( 24.00000000000000000, -6.828427124746190735, 52.19874991318240376 ) ) ;
#3052 = CIRCLE ( 'NONE', #4789, 1.000000000000000888 ) ;
#3053 = EDGE_CURVE ( 'NONE', #3933, #3686, #5130, .T. ) ;
#3054 = EDGE_CURVE ( 'NONE', #4996, #4180, #4300, .T. ) ;
#3055 = VERTEX_POINT ( 'NONE', #1051 ) ;
#3056 = FACE_OUTER_BOUND ( 'NONE', #5565, .T. ) ;
#3057 = DIRECTION ( 'NONE',  ( 0.000000000000000000, 0.000000000000000000, 1.000000000000000000 ) ) ;
#3058 = DIRECTION ( 'NONE',  ( 0.000000000000000000, 1.000000000000000000, 0.000000000000000000 ) ) ;
#3059 = CARTESIAN_POINT ( 'NONE',  ( 1.706665458626285714, 18.70685852107128255, 52.32885805852500027 ) ) ;
#3060 = EDGE_CURVE ( 'NONE', #2914, #2057, #5178, .T. ) ;
#3061 = VERTEX_POINT ( 'NONE', #2414 ) ;
#3062 = CIRCLE ( 'NONE', #1886, 2.000000000000001776 ) ;
#3063 = ORIENTED_EDGE ( 'NONE', *, *, #3423, .F. ) ;
#3064 = CARTESIAN_POINT ( 'NONE',  ( -4.138005782711354704E-15, 19.25735931288071612, -8.020361167282802128 ) ) ;
#3065 = DIRECTION ( 'NONE',  ( 0.000000000000000000, -0.7071067811865480168, 0.7071067811865470176 ) ) ;
#3066 = DIRECTION ( 'NONE',  ( 0.000000000000000000, 0.000000000000000000, 1.000000000000000000 ) ) ;
#3067 = CARTESIAN_POINT ( 'NONE',  ( 16.23367503961910074, 33.89999999999999858, -63.93475008681769367 ) ) ;
#3068 = AXIS2_PLACEMENT_3D ( 'NONE', #1998, #1154, #3005 ) ;
#3069 = ORIENTED_EDGE ( 'NONE', *, *, #5779, .T. ) ;
#3070 = ORIENTED_EDGE ( 'NONE', *, *, #1811, .T. ) ;
#3071 = DIRECTION ( 'NONE',  ( 0.000000000000000000, -1.000000000000000000, 0.000000000000000000 ) ) ;
#3072 = ORIENTED_EDGE ( 'NONE', *, *, #4926, .F. ) ;
#3073 = CARTESIAN_POINT ( 'NONE',  ( 12.00000000000000000, 33.89999999999999147, -67.50105008681759955 ) ) ;
#3074 = EDGE_LOOP ( 'NONE', ( #3211, #3402, #1647, #3974 ) ) ;
#3075 = AXIS2_PLACEMENT_3D ( 'NONE', #5979, #2681, #1821 ) ;
#3076 = VECTOR ( 'NONE', #3163, 1000.000000000000000 ) ;
#3077 = ORIENTED_EDGE ( 'NONE', *, *, #300, .F. ) ;
#3078 = DIRECTION ( 'NONE',  ( 0.000000000000000000, -1.000000000000000000, 0.000000000000000000 ) ) ;
#3079 = EDGE_CURVE ( 'NONE', #2157, #4996, #203, .T. ) ;
#3080 = DIRECTION ( 'NONE',  ( 0.000000000000000000, 5.361613695501830012E-16, 1.000000000000000000 ) ) ;
#3081 = LINE ( 'NONE', #1257, #4237 ) ;
#3082 = VECTOR ( 'NONE', #1132, 1000.000000000000000 ) ;
#3083 = ORIENTED_EDGE ( 'NONE', *, *, #2177, .T. ) ;
#3084 = DIRECTION ( 'NONE',  ( 0.000000000000000000, -1.000000000000000000, 0.000000000000000000 ) ) ;
#3085 = DIRECTION ( 'NONE',  ( 0.000000000000000000, 0.000000000000000000, -1.000000000000000000 ) ) ;
#3086 = EDGE_CURVE ( 'NONE', #4014, #1798, #1894, .T. ) ;
#3087 = CARTESIAN_POINT ( 'NONE',  ( 1.303293039740144099, 7.996323177691381688E-05, 14.47629368904253333 ) ) ;
#3088 = CARTESIAN_POINT ( 'NONE',  ( 1.393790783131896749, 18.53399816244833431, 50.13907899526282108 ) ) ;
#3089 = ORIENTED_EDGE ( 'NONE', *, *, #678, .T. ) ;
#3090 = CYLINDRICAL_SURFACE ( 'NONE', #4406, 2.000000000000001776 ) ;
#3091 = DIRECTION ( 'NONE',  ( 0.000000000000000000, 0.000000000000000000, -1.000000000000000000 ) ) ;
#3092 = EDGE_CURVE ( 'NONE', #3907, #1913, #2477, .T. ) ;
#3093 = EDGE_CURVE ( 'NONE', #3098, #5364, #4849, .T. ) ;
#3094 = DIRECTION ( 'NONE',  ( 3.081514945857120103E-16, -5.361613695501830012E-16, -1.000000000000000000 ) ) ;
#3095 = ADVANCED_FACE ( 'NONE', ( #3511 ), #5331, .T. ) ;
#3096 = DIRECTION ( 'NONE',  ( -1.000000000000000000, 0.000000000000000000, 0.000000000000000000 ) ) ;
#3097 = ORIENTED_EDGE ( 'NONE', *, *, #1850, .F. ) ;
#3098 = VERTEX_POINT ( 'NONE', #2542 ) ;
#3099 = CARTESIAN_POINT ( 'NONE',  ( 21.00000000000000000, 20.50000000000000000, -7.801250086817620222 ) ) ;
#3100 = VERTEX_POINT ( 'NONE', #5389 ) ;
#3101 = DIRECTION ( 'NONE',  ( 0.6427876096865380307, 0.7660444431189790127, 0.000000000000000000 ) ) ;
#3102 = DIRECTION ( 'NONE',  ( 0.000000000000000000, 0.000000000000000000, -1.000000000000000000 ) ) ;
#3103 = ORIENTED_EDGE ( 'NONE', *, *, #1969, .F. ) ;
#3104 = VECTOR ( 'NONE', #4145, 1000.000000000000000 ) ;
#3105 = VERTEX_POINT ( 'NONE', #1114 ) ;
#3106 = CARTESIAN_POINT ( 'NONE',  ( 24.00000000000000000, 18.79385241571819876, -19.60333134996399806 ) ) ;
#3107 = CARTESIAN_POINT ( 'NONE',  ( 7.162924960380900430, 33.89999999999999858, -56.69775008681759942 ) ) ;
#3108 = FACE_OUTER_BOUND ( 'NONE', #737, .T. ) ;
#3109 = DIRECTION ( 'NONE',  ( 1.000000000000000000, 0.000000000000000000, 0.000000000000000000 ) ) ;
#3110 = ORIENTED_EDGE ( 'NONE', *, *, #3708, .T. ) ;
#3111 = CARTESIAN_POINT ( 'NONE',  ( 21.08451337904068623, 18.99879062340844271, 51.66928510773995242 ) ) ;
#3112 = CARTESIAN_POINT ( 'NONE',  ( 7.162924960380889772, 33.89999999999999858, -63.93475008681759419 ) ) ;
#3113 = CARTESIAN_POINT ( 'NONE',  ( 3.200000000000000178, -19.00000000000000000, 50.99844991318239806 ) ) ;
#3114 = CARTESIAN_POINT ( 'NONE',  ( 1.586369743043219094, 18.64639338897234211, 52.18043776646604925 ) ) ;
#3115 = ORIENTED_EDGE ( 'NONE', *, *, #1161, .T. ) ;
#3116 = ADVANCED_FACE ( 'NONE', ( #4873 ), #5844, .F. ) ;
#3117 = AXIS2_PLACEMENT_3D ( 'NONE', #2374, #4679, #165 ) ;
#3118 = AXIS2_PLACEMENT_3D ( 'NONE', #2343, #3197, #915 ) ;
#3119 = CARTESIAN_POINT ( 'NONE',  ( 16.23367503961910074, -33.89999999999999858, -59.93475008681769367 ) ) ;
#3120 = CARTESIAN_POINT ( 'NONE',  ( 16.23367503961910074, 30.90000000000000213, -54.69775008681769179 ) ) ;
#3121 = DIRECTION ( 'NONE',  ( 0.000000000000000000, 1.000000000000000000, 0.000000000000000000 ) ) ;
#3122 = CARTESIAN_POINT ( 'NONE',  ( 1.522196822101177904, -18.61085189639514326, 52.08706956245959674 ) ) ;
#3123 = VECTOR ( 'NONE', #2729, 1000.000000000000000 ) ;
#3124 = ADVANCED_FACE ( 'NONE', ( #1601 ), #1208, .F. ) ;
#3125 = EDGE_CURVE ( 'NONE', #2987, #2295, #2602, .T. ) ;
#3126 = ORIENTED_EDGE ( 'NONE', *, *, #125, .T. ) ;
#3127 = DIRECTION ( 'NONE',  ( -1.000000000000000000, 0.000000000000000000, 0.000000000000000000 ) ) ;
#3128 = VERTEX_POINT ( 'NONE', #1174 ) ;
#3129 = CARTESIAN_POINT ( 'NONE',  ( 16.23367503961910074, 33.89999999999999858, -56.69775008681769890 ) ) ;
#3130 = LINE ( 'NONE', #5407, #1141 ) ;
#3131 = ORIENTED_EDGE ( 'NONE', *, *, #2300, .F. ) ;
#3132 = ORIENTED_EDGE ( 'NONE', *, *, #3638, .T. ) ;
#3133 = DIRECTION ( 'NONE',  ( 0.000000000000000000, 2.891205793294680298E-16, -1.000000000000000000 ) ) ;
#3134 = CIRCLE ( 'NONE', #1961, 1.000000000000000888 ) ;
#3135 = SECURITY_CLASSIFICATION ( '', '', #19 ) ;
#3136 = CIRCLE ( 'NONE', #5254, 2.000000000000001776 ) ;
#3137 = DIRECTION ( 'NONE',  ( 0.000000000000000000, 0.000000000000000000, -1.000000000000000000 ) ) ;
#3138 = CIRCLE ( 'NONE', #3925, 2.000000000000001776 ) ;
#3139 = EDGE_LOOP ( 'NONE', ( #3126, #1862, #5743, #2347 ) ) ;
#3140 = DIRECTION ( 'NONE',  ( -1.000000000000000000, 0.000000000000000000, 0.000000000000000000 ) ) ;
#3141 = CARTESIAN_POINT ( 'NONE',  ( 24.00000000000000000, 18.79385241571819876, -19.60333134996399806 ) ) ;
#3142 = VECTOR ( 'NONE', #3827, 1000.000000000000000 ) ;
#3143 = CARTESIAN_POINT ( 'NONE',  ( 21.00000000000000000, -33.89999999999999858, -44.61744750750959554 ) ) ;
#3144 = CARTESIAN_POINT ( 'NONE',  ( 1.343096884782160716, 18.50111053224720692, 50.25551196216599692 ) ) ;
#3145 = VERTEX_POINT ( 'NONE', #3454 ) ;
#3146 = LINE ( 'NONE', #1747, #5174 ) ;
#3147 = FACE_OUTER_BOUND ( 'NONE', #2957, .T. ) ;
#3148 = CARTESIAN_POINT ( 'NONE',  ( 1.343096884785936140, -18.50111053225067792, 51.74138786420828495 ) ) ;
#3149 = ADVANCED_FACE ( 'NONE', ( #5272 ), #3999, .F. ) ;
#3150 = VERTEX_POINT ( 'NONE', #5361 ) ;
#3151 = CARTESIAN_POINT ( 'NONE',  ( 21.00000000000000000, 0.1499999999999999944, 23.99874991318240092 ) ) ;
#3152 = ORIENTED_EDGE ( 'NONE', *, *, #3798, .F. ) ;
#3153 = LINE ( 'NONE', #3890, #653 ) ;
#3154 = CYLINDRICAL_SURFACE ( 'NONE', #5881, 2.000000000000001776 ) ;
#3155 = ADVANCED_FACE ( 'NONE', ( #5757 ), #3970, .F. ) ;
#3156 = VECTOR ( 'NONE', #4066, 1000.000000000000000 ) ;
#3157 = VERTEX_POINT ( 'NONE', #4450 ) ;
#3158 = ORIENTED_EDGE ( 'NONE', *, *, #3275, .F. ) ;
#3159 = ORIENTED_EDGE ( 'NONE', *, *, #416, .F. ) ;
#3160 = CARTESIAN_POINT ( 'NONE',  ( 12.00000000000000000, -30.90000000000000213, -58.50105008681759955 ) ) ;
#3161 = EDGE_CURVE ( 'NONE', #4373, #3241, #767, .T. ) ;
#3162 = EDGE_CURVE ( 'NONE', #532, #4784, #3424, .T. ) ;
#3163 = DIRECTION ( 'NONE',  ( 1.000000000000000000, 0.000000000000000000, 0.000000000000000000 ) ) ;
#3164 = ORIENTED_EDGE ( 'NONE', *, *, #5495, .F. ) ;
#3165 = CARTESIAN_POINT ( 'NONE',  ( 21.14333530851962450, 18.99666949024590679, 51.47132206845915903 ) ) ;
#3166 = CARTESIAN_POINT ( 'NONE',  ( 0.000000000000000000, -11.50000000000000000, 60.19874991318240376 ) ) ;
#3167 = CARTESIAN_POINT ( 'NONE',  ( 11.69829999999999970, -33.89999999999999858, -61.34215422574949628 ) ) ;
#3168 = AXIS2_PLACEMENT_3D ( 'NONE', #800, #4924, #4419 ) ;
#3169 = CARTESIAN_POINT ( 'NONE',  ( 24.00000000000000000, -30.90000000000000213, -45.14642844963499613 ) ) ;
#3170 = VECTOR ( 'NONE', #2989, 1000.000000000000000 ) ;
#3171 = CARTESIAN_POINT ( 'NONE',  ( 1.514293143953667764, 18.60632372785908473, 49.92210497752097353 ) ) ;
#3172 = VERTEX_POINT ( 'NONE', #1347 ) ;
#3173 = MECHANICAL_CONTEXT ( 'NONE', #1540, 'mechanical' ) ;
#3174 = LINE ( 'NONE', #3663, #905 ) ;
#3175 = DIRECTION ( 'NONE',  ( -1.000000000000000000, 0.000000000000000000, 0.000000000000000000 ) ) ;
#3176 = CARTESIAN_POINT ( 'NONE',  ( 1.514293143812754705, -18.60632372777873300, 52.07479484862219721 ) ) ;
#3177 = ADVANCED_FACE ( 'NONE', ( #468 ), #5899, .F. ) ;
#3178 = ORIENTED_EDGE ( 'NONE', *, *, #2124, .F. ) ;
#3179 = DIRECTION ( 'NONE',  ( 0.000000000000000000, 0.000000000000000000, -1.000000000000000000 ) ) ;
#3180 = VERTEX_POINT ( 'NONE', #3600 ) ;
#3181 = DIRECTION ( 'NONE',  ( 0.000000000000000000, -1.000000000000000000, 0.000000000000000000 ) ) ;
#3182 = DIRECTION ( 'NONE',  ( 0.000000000000000000, 0.000000000000000000, 1.000000000000000000 ) ) ;
#3183 = ORIENTED_EDGE ( 'NONE', *, *, #4705, .F. ) ;
#3184 = EDGE_LOOP ( 'NONE', ( #4920, #2941, #5032, #1691 ) ) ;
#3185 = EDGE_CURVE ( 'NONE', #3206, #1909, #2164, .T. ) ;
#3186 = EDGE_LOOP ( 'NONE', ( #219, #2232, #1004, #4741, #2985, #2639 ) ) ;
#3187 = LINE ( 'NONE', #2763, #2244 ) ;
#3188 = CIRCLE ( 'NONE', #5809, 1.000000000000000888 ) ;
#3189 = DIRECTION ( 'NONE',  ( 0.000000000000000000, 0.000000000000000000, -1.000000000000000000 ) ) ;
#3190 = ADVANCED_FACE ( 'NONE', ( #5926 ), #5419, .F. ) ;
#3191 = EDGE_CURVE ( 'NONE', #5566, #4326, #3399, .T. ) ;
#3192 = EDGE_CURVE ( 'NONE', #1395, #4474, #3891, .T. ) ;
#3193 = ORIENTED_EDGE ( 'NONE', *, *, #5161, .T. ) ;
#3194 = CIRCLE ( 'NONE', #779, 2.000000000000001776 ) ;
#3195 = CARTESIAN_POINT ( 'NONE',  ( 7.162924960380889772, 30.90000000000000213, -61.93475008681760130 ) ) ;
#3196 = FACE_OUTER_BOUND ( 'NONE', #3247, .T. ) ;
#3197 = DIRECTION ( 'NONE',  ( 0.000000000000000000, -1.000000000000000000, 0.000000000000000000 ) ) ;
#3198 = CARTESIAN_POINT ( 'NONE',  ( 21.00000000000000000, -4.000000000000000000, 49.37032278843619792 ) ) ;
#3199 = DIRECTION ( 'NONE',  ( 0.000000000000000000, 1.734723475976809806E-16, -1.000000000000000000 ) ) ;
#3200 = ORIENTED_EDGE ( 'NONE', *, *, #4089, .F. ) ;
#3201 = EDGE_LOOP ( 'NONE', ( #4436, #3762, #5328, #1362 ) ) ;
#3202 = APPROVAL_STATUS ( 'not_yet_approved' ) ;
#3203 = CARTESIAN_POINT ( 'NONE',  ( 23.19050963119075348, 0.0001503657280884493548, 14.05210281356579216 ) ) ;
#3204 = LINE ( 'NONE', #1325, #2705 ) ;
#3205 = CARTESIAN_POINT ( 'NONE',  ( 1.902318309534986263, -18.79228649465521173, 52.52148066423706751 ) ) ;
#3206 = VERTEX_POINT ( 'NONE', #3143 ) ;
#3207 = AXIS2_PLACEMENT_3D ( 'NONE', #206, #3997, #1687 ) ;
#3208 = AXIS2_PLACEMENT_3D ( 'NONE', #4202, #1374, #5039 ) ;
#3209 = ORIENTED_EDGE ( 'NONE', *, *, #1914, .T. ) ;
#3210 = DIRECTION ( 'NONE',  ( 0.000000000000000000, -1.000000000000000000, -2.275047181608930109E-16 ) ) ;
#3211 = ORIENTED_EDGE ( 'NONE', *, *, #4903, .F. ) ;
#3212 = CARTESIAN_POINT ( 'NONE',  ( 8.030638352128308455, 36.27647202150469496, -51.50105008681759955 ) ) ;
#3213 = CIRCLE ( 'NONE', #5349, 2.999999999999999112 ) ;
#3214 = DIRECTION ( 'NONE',  ( -0.4982994063855838429, 0.8670050182068006484, 0.000000000000000000 ) ) ;
#3215 = CIRCLE ( 'NONE', #5634, 2.000000000000001776 ) ;
#3216 = ORIENTED_EDGE ( 'NONE', *, *, #2190, .T. ) ;
#3217 = ORIENTED_EDGE ( 'NONE', *, *, #124, .T. ) ;
#3218 = CIRCLE ( 'NONE', #1672, 1.999999999999994893 ) ;
#3219 = EDGE_LOOP ( 'NONE', ( #4062, #2383, #1588, #2761 ) ) ;
#3220 = CARTESIAN_POINT ( 'NONE',  ( 21.00000000000000000, -16.00000000000000000, 60.19874991318240376 ) ) ;
#3221 = DIRECTION ( 'NONE',  ( 0.000000000000000000, 0.000000000000000000, 1.000000000000000000 ) ) ;
#3222 = DIRECTION ( 'NONE',  ( 0.000000000000000000, 0.000000000000000000, -1.000000000000000000 ) ) ;
#3223 = EDGE_CURVE ( 'NONE', #4014, #1909, #4988, .T. ) ;
#3224 = CIRCLE ( 'NONE', #3813, 8.999999999999998224 ) ;
#3225 = ORIENTED_EDGE ( 'NONE', *, *, #3940, .T. ) ;
#3226 = DIRECTION ( 'NONE',  ( 0.000000000000000000, 1.000000000000000000, 0.000000000000000000 ) ) ;
#3227 = CARTESIAN_POINT ( 'NONE',  ( 7.162924960380889772, -30.90000000000000213, -61.93475008681760130 ) ) ;
#3228 = DIRECTION ( 'NONE',  ( 0.000000000000000000, 0.000000000000000000, 1.000000000000000000 ) ) ;
#3229 = DIRECTION ( 'NONE',  ( 0.000000000000000000, 0.000000000000000000, 1.000000000000000000 ) ) ;
#3230 = CARTESIAN_POINT ( 'NONE',  ( 2.278644876140079933, 18.91180220585469840, 52.77360437931068304 ) ) ;
#3231 = EDGE_CURVE ( 'NONE', #4220, #5577, #1770, .T. ) ;
#3232 = ORIENTED_EDGE ( 'NONE', *, *, #1448, .T. ) ;
#3233 = ORIENTED_EDGE ( 'NONE', *, *, #4113, .F. ) ;
#3234 = COORDINATED_UNIVERSAL_TIME_OFFSET ( 8, 0, .AHEAD. ) ;
#3235 = CARTESIAN_POINT ( 'NONE',  ( 21.00000000000000000, 15.25000000000000000, 35.19874991318239665 ) ) ;
#3236 = CYLINDRICAL_SURFACE ( 'NONE', #295, 20.00000000000000000 ) ;
#3237 = CARTESIAN_POINT ( 'NONE',  ( 1.202740133185306259, -18.40228811324975666, 51.11100114827050334 ) ) ;
#3238 = EDGE_CURVE ( 'NONE', #5886, #4487, #4590, .T. ) ;
#3239 = VECTOR ( 'NONE', #3389, 1000.000000000000000 ) ;
#3240 = EDGE_LOOP ( 'NONE', ( #3467, #3761, #5804, #3393 ) ) ;
#3241 = VERTEX_POINT ( 'NONE', #5040 ) ;
#3242 = CARTESIAN_POINT ( 'NONE',  ( 3.200000000000000178, 19.00000000000000000, 50.99844991318239806 ) ) ;
#3243 = CARTESIAN_POINT ( 'NONE',  ( 21.00000000000000000, -1.171572875253809931, 44.19874991318239665 ) ) ;
#3244 = LINE ( 'NONE', #5088, #4913 ) ;
#3245 = DIRECTION ( 'NONE',  ( -1.000000000000000000, 0.000000000000000000, 0.000000000000000000 ) ) ;
#3246 = ORIENTED_EDGE ( 'NONE', *, *, #5969, .F. ) ;
#3247 = EDGE_LOOP ( 'NONE', ( #1841, #3541 ) ) ;
#3248 = ORIENTED_EDGE ( 'NONE', *, *, #3720, .T. ) ;
#3249 = DIRECTION ( 'NONE',  ( 0.000000000000000000, -5.782411586589360597E-16, 1.000000000000000000 ) ) ;
#3250 = DIRECTION ( 'NONE',  ( -3.154042683594200051E-16, -1.000000000000000000, 0.000000000000000000 ) ) ;
#3251 = CARTESIAN_POINT ( 'NONE',  ( 12.00000000000000000, 26.39999999999999858, -58.50105008681759955 ) ) ;
#3252 = AXIS2_PLACEMENT_3D ( 'NONE', #1326, #3096, #784 ) ;
#3253 = ORIENTED_EDGE ( 'NONE', *, *, #5922, .T. ) ;
#3254 = ADVANCED_FACE ( 'NONE', ( #2684 ), #4169, .F. ) ;
#3255 = FACE_OUTER_BOUND ( 'NONE', #2759, .T. ) ;
#3256 = CARTESIAN_POINT ( 'NONE',  ( 21.09811073886131183, -18.99841269322357462, 50.36662481511980616 ) ) ;
#3257 = CARTESIAN_POINT ( 'NONE',  ( 21.00000000000000000, -4.000000000000000000, 49.37032278843619792 ) ) ;
#3258 = CARTESIAN_POINT ( 'NONE',  ( 16.23367503961910074, -58.32062494435390221, -61.93475008681769367 ) ) ;
#3259 = DIRECTION ( 'NONE',  ( 0.000000000000000000, 0.000000000000000000, 1.000000000000000000 ) ) ;
#3260 = EDGE_LOOP ( 'NONE', ( #1285, #1660, #1449, #3485 ) ) ;
#3261 = ORIENTED_EDGE ( 'NONE', *, *, #1883, .F. ) ;
#3262 = VECTOR ( 'NONE', #4732, 1000.000000000000000 ) ;
#3263 = FACE_OUTER_BOUND ( 'NONE', #4760, .T. ) ;
#3264 = ADVANCED_FACE ( 'NONE', ( #5982 ), #5016, .F. ) ;
#3265 = AXIS2_PLACEMENT_3D ( 'NONE', #2377, #4232, #4710 ) ;
#3266 = AXIS2_PLACEMENT_3D ( 'NONE', #2182, #1733, #2758 ) ;
#3267 = DIRECTION ( 'NONE',  ( 0.000000000000000000, 0.000000000000000000, -1.000000000000000000 ) ) ;
#3268 = AXIS2_PLACEMENT_3D ( 'NONE', #4151, #5546, #2266 ) ;
#3269 = DIRECTION ( 'NONE',  ( 0.000000000000000000, 1.000000000000000000, 0.000000000000000000 ) ) ;
#3270 = DIRECTION ( 'NONE',  ( 0.000000000000000000, 0.000000000000000000, -1.000000000000000000 ) ) ;
#3271 = CARTESIAN_POINT ( 'NONE',  ( 1.511931041533027598, -18.60497158215626001, 49.92559214265785528 ) ) ;
#3272 = CIRCLE ( 'NONE', #5103, 1.000000000000000888 ) ;
#3273 = VERTEX_POINT ( 'NONE', #3198 ) ;
#3274 = ADVANCED_FACE ( 'NONE', ( #1718 ), #1263, .T. ) ;
#3275 = EDGE_CURVE ( 'NONE', #5421, #5401, #5835, .T. ) ;
#3276 = EDGE_CURVE ( 'NONE', #1729, #3561, #3215, .T. ) ;
#3277 = ORIENTED_EDGE ( 'NONE', *, *, #2830, .T. ) ;
#3278 = CARTESIAN_POINT ( 'NONE',  ( 24.00000000000000000, 8.849999999999999645, 48.99874991318240092 ) ) ;
#3279 = ORIENTED_EDGE ( 'NONE', *, *, #881, .F. ) ;
#3280 = DIRECTION ( 'NONE',  ( 0.000000000000000000, 0.000000000000000000, 1.000000000000000000 ) ) ;
#3281 = CARTESIAN_POINT ( 'NONE',  ( 16.23367503961910074, -33.89999999999999858, -61.93475008681769367 ) ) ;
#3282 = EDGE_LOOP ( 'NONE', ( #4734, #5542, #3225, #311 ) ) ;
#3283 = EDGE_LOOP ( 'NONE', ( #2637, #2398 ) ) ;
#3284 = ORIENTED_EDGE ( 'NONE', *, *, #4352, .T. ) ;
#3285 = DIRECTION ( 'NONE',  ( 0.000000000000000000, 1.000000000000000000, 0.000000000000000000 ) ) ;
#3286 = FACE_OUTER_BOUND ( 'NONE', #4917, .T. ) ;
#3287 = CARTESIAN_POINT ( 'NONE',  ( 11.69829999999999970, 26.39999999999999858, -64.55325008681771237 ) ) ;
#3288 = EDGE_LOOP ( 'NONE', ( #2838, #1247 ) ) ;
#3289 = CARTESIAN_POINT ( 'NONE',  ( 21.18451373205780541, -18.99442787386554699, 51.24967837554489591 ) ) ;
#3290 = FACE_BOUND ( 'NONE', #3407, .T. ) ;
#3291 = CARTESIAN_POINT ( 'NONE',  ( 24.00000000000000000, 19.00000000000000000, 60.19874991318240376 ) ) ;
#3292 = DIRECTION ( 'NONE',  ( 0.000000000000000000, -1.734723475976809806E-16, -1.000000000000000000 ) ) ;
#3293 = EDGE_LOOP ( 'NONE', ( #4407, #3779, #3879, #5943 ) ) ;
#3294 = VERTEX_POINT ( 'NONE', #383 ) ;
#3295 = CIRCLE ( 'NONE', #481, 2.999999999999999112 ) ;
#3296 = CARTESIAN_POINT ( 'NONE',  ( 22.75735931288071257, 33.90000000000000568, -44.61744750750960264 ) ) ;
#3297 = DIRECTION ( 'NONE',  ( -3.154042683594200051E-16, -1.000000000000000000, 0.000000000000000000 ) ) ;
#3298 = CALENDAR_DATE ( 2026, 22, 5 ) ;
#3299 = CARTESIAN_POINT ( 'NONE',  ( 7.162924960380889772, 30.90000000000000213, -59.93475008681759419 ) ) ;
#3300 = DIRECTION ( 'NONE',  ( 0.000000000000000000, 0.000000000000000000, 1.000000000000000000 ) ) ;
#3301 = CARTESIAN_POINT ( 'NONE',  ( 1.711482127925611607, -18.70914959364991503, 49.66265952754097412 ) ) ;
#3302 = AXIS2_PLACEMENT_3D ( 'NONE', #691, #2624, #776 ) ;
#3303 = EDGE_CURVE ( 'NONE', #4996, #2269, #4077, .T. ) ;
#3304 = EDGE_LOOP ( 'NONE', ( #4639, #1032, #2726, #4915, #5815, #2302, #4408, #3916, #5720, #3736, #5297, #661, #5100, #211 ) ) ;
#3305 = CARTESIAN_POINT ( 'NONE',  ( 11.69829999999999970, -30.90000000000000213, -54.07925008681760204 ) ) ;
#3306 = ORIENTED_EDGE ( 'NONE', *, *, #4745, .F. ) ;
#3307 = DIRECTION ( 'NONE',  ( 0.000000000000000000, -1.000000000000000000, 0.000000000000000000 ) ) ;
#3308 = CARTESIAN_POINT ( 'NONE',  ( 3.000000000000000000, 20.50000000000000000, -7.801250086817620222 ) ) ;
#3309 = CIRCLE ( 'NONE', #3117, 2.000000000000001776 ) ;
#3310 = ADVANCED_FACE ( 'NONE', ( #2738, #438, #2280, #3684, #1917, #4231, #4739, #4651 ), #4293, .F. ) ;
#3311 = ADVANCED_FACE ( 'NONE', ( #982 ), #2471, .T. ) ;
#3312 = VECTOR ( 'NONE', #947, 1000.000000000000000 ) ;
#3313 = VERTEX_POINT ( 'NONE', #1888 ) ;
#3314 = ORIENTED_EDGE ( 'NONE', *, *, #1302, .F. ) ;
#3315 = EDGE_LOOP ( 'NONE', ( #4749, #2103, #1187, #464 ) ) ;
#3316 = AXIS2_PLACEMENT_3D ( 'NONE', #5325, #1680, #228 ) ;
#3317 = FACE_BOUND ( 'NONE', #884, .T. ) ;
#3318 = LINE ( 'NONE', #4643, #1585 ) ;
#3319 = PLANE ( 'NONE',  #4528 ) ;
#3320 = EDGE_CURVE ( 'NONE', #4390, #2157, #2802, .T. ) ;
#3321 = CIRCLE ( 'NONE', #3922, 20.00000000000000000 ) ;
#3322 = EDGE_LOOP ( 'NONE', ( #3825, #1999 ) ) ;
#3323 = CARTESIAN_POINT ( 'NONE',  ( 21.15739469020861918, -18.99587466792736379, 51.40928380606569448 ) ) ;
#3324 = CARTESIAN_POINT ( 'NONE',  ( 3.000000000000000000, -16.00000000000000000, 32.19874991318239665 ) ) ;
#3325 = FACE_OUTER_BOUND ( 'NONE', #173, .T. ) ;
#3326 = CARTESIAN_POINT ( 'NONE',  ( 3.000000000000000000, 19.00000000000000000, 52.98842478739560136 ) ) ;
#3327 = AXIS2_PLACEMENT_3D ( 'NONE', #351, #2187, #4742 ) ;
#3328 = ORIENTED_EDGE ( 'NONE', *, *, #441, .T. ) ;
#3329 = FACE_OUTER_BOUND ( 'NONE', #2529, .T. ) ;
#3330 = CARTESIAN_POINT ( 'NONE',  ( 11.69829999999999970, 33.89999999999999858, -59.34215422574949628 ) ) ;
#3331 = CARTESIAN_POINT ( 'NONE',  ( 0.000000000000000000, -30.90000000000000213, -45.14642844963499613 ) ) ;
#3332 = DIRECTION ( 'NONE',  ( 0.000000000000000000, -1.000000000000000000, 0.000000000000000000 ) ) ;
#3333 = CARTESIAN_POINT ( 'NONE',  ( 1.215088107980526466, -18.41136560704263303, 51.25154885255626169 ) ) ;
#3334 = ORIENTED_EDGE ( 'NONE', *, *, #5564, .F. ) ;
#3335 = AXIS2_PLACEMENT_3D ( 'NONE', #5668, #4248, #4752 ) ;
#3336 = EDGE_LOOP ( 'NONE', ( #4521, #3735 ) ) ;
#3337 = DIRECTION ( 'NONE',  ( 0.000000000000000000, 1.000000000000000000, 0.000000000000000000 ) ) ;
#3338 = LINE ( 'NONE', #1576, #5371 ) ;
#3339 = ADVANCED_FACE ( 'NONE', ( #5562 ), #5655, .T. ) ;
#3340 = DIRECTION ( 'NONE',  ( 0.000000000000000000, 1.000000000000000000, 0.000000000000000000 ) ) ;
#3341 = DIRECTION ( 'NONE',  ( 0.000000000000000000, 1.000000000000000000, 0.000000000000000000 ) ) ;
#3342 = AXIS2_PLACEMENT_3D ( 'NONE', #5078, #5111, #388 ) ;
#3343 = ORIENTED_EDGE ( 'NONE', *, *, #4113, .T. ) ;
#3344 = ORIENTED_EDGE ( 'NONE', *, *, #1598, .F. ) ;
#3345 = ORIENTED_EDGE ( 'NONE', *, *, #5012, .F. ) ;
#3346 = CARTESIAN_POINT ( 'NONE',  ( 11.69829999999999970, 33.89999999999999858, -57.34215422574949628 ) ) ;
#3347 = DIRECTION ( 'NONE',  ( 0.000000000000000000, -1.000000000000000000, 0.000000000000000000 ) ) ;
#3348 = ADVANCED_FACE ( 'NONE', ( #4261 ), #1858, .F. ) ;
#3349 = CARTESIAN_POINT ( 'NONE',  ( 24.00000000000000000, 6.828427124746190735, 44.19874991318239665 ) ) ;
#3350 = EDGE_LOOP ( 'NONE', ( #1350, #3633, #4149, #960 ) ) ;
#3351 = EDGE_CURVE ( 'NONE', #3927, #2817, #3746, .T. ) ;
#3352 = ADVANCED_FACE ( 'NONE', ( #5591 ), #1530, .F. ) ;
#3353 = CARTESIAN_POINT ( 'NONE',  ( 21.03402410047451099, -18.99999999999999645, 51.79997872607372500 ) ) ;
#3354 = LINE ( 'NONE', #3810, #979 ) ;
#3355 = DIRECTION ( 'NONE',  ( 0.000000000000000000, 0.000000000000000000, -1.000000000000000000 ) ) ;
#3356 = DIRECTION ( 'NONE',  ( 0.000000000000000000, -0.3420201433256691015, 0.9396926207859082059 ) ) ;
#3357 = CIRCLE ( 'NONE', #1023, 1.000000000000000888 ) ;
#3358 = ORIENTED_EDGE ( 'NONE', *, *, #5, .F. ) ;
#3359 = DIRECTION ( 'NONE',  ( 0.000000000000000000, 0.000000000000000000, 1.000000000000000000 ) ) ;
#3360 = CARTESIAN_POINT ( 'NONE',  ( 3.000000000000000000, -19.00000000000000000, 32.19874991318239665 ) ) ;
#3361 = FACE_OUTER_BOUND ( 'NONE', #5218, .T. ) ;
#3362 = DIRECTION ( 'NONE',  ( 0.000000000000000000, -1.000000000000000000, 0.000000000000000000 ) ) ;
#3363 = CARTESIAN_POINT ( 'NONE',  ( 2.002657094584149977, 18.82934864037422784, 49.39642425930698977 ) ) ;
#3364 = EDGE_LOOP ( 'NONE', ( #3546, #2553, #5372, #1574 ) ) ;
#3365 = ORIENTED_EDGE ( 'NONE', *, *, #2773, .T. ) ;
#3366 = CARTESIAN_POINT ( 'NONE',  ( 7.162924960380889772, 33.89999999999999858, -61.93475008681760130 ) ) ;
#3367 = FACE_OUTER_BOUND ( 'NONE', #5974, .T. ) ;
#3368 = DIRECTION ( 'NONE',  ( 0.000000000000000000, 6.938893903907229610E-17, 1.000000000000000000 ) ) ;
#3369 = LINE ( 'NONE', #543, #5492 ) ;
#3370 = VECTOR ( 'NONE', #3356, 1000.000000000000227 ) ;
#3371 = ORIENTED_EDGE ( 'NONE', *, *, #194, .T. ) ;
#3372 = ORIENTED_EDGE ( 'NONE', *, *, #2045, .F. ) ;
#3373 = ORIENTED_EDGE ( 'NONE', *, *, #403, .T. ) ;
#3374 = CARTESIAN_POINT ( 'NONE',  ( 11.69829999999999970, -33.89999999999999858, -57.34215422574949628 ) ) ;
#3375 = DIRECTION ( 'NONE',  ( 0.000000000000000000, -2.478176394252580155E-16, -1.000000000000000000 ) ) ;
#3376 = PLANE ( 'NONE',  #2193 ) ;
#3377 = CYLINDRICAL_SURFACE ( 'NONE', #2782, 2.999999999999999112 ) ;
#3378 = EDGE_CURVE ( 'NONE', #5890, #4051, #1983, .T. ) ;
#3379 = ORIENTED_EDGE ( 'NONE', *, *, #3540, .F. ) ;
#3380 = DIRECTION ( 'NONE',  ( 0.000000000000000000, 0.000000000000000000, 1.000000000000000000 ) ) ;
#3381 = DIRECTION ( 'NONE',  ( 0.000000000000000000, -2.478176394252580155E-16, -1.000000000000000000 ) ) ;
#3382 = DIRECTION ( 'NONE',  ( 0.000000000000000000, -0.3420201433256691015, 0.9396926207859082059 ) ) ;
#3383 = DIRECTION ( 'NONE',  ( -0.000000000000000000, 1.000000000000000000, 0.000000000000000000 ) ) ;
#3384 = ADVANCED_FACE ( 'NONE', ( #3325 ), #2836, .F. ) ;
#3385 = EDGE_CURVE ( 'NONE', #2199, #568, #1951, .T. ) ;
#3386 = ORIENTED_EDGE ( 'NONE', *, *, #5787, .F. ) ;
#3387 = CARTESIAN_POINT ( 'NONE',  ( 7.162924960380889772, -30.90000000000000213, -63.93475008681759419 ) ) ;
#3388 = FACE_OUTER_BOUND ( 'NONE', #3282, .T. ) ;
#3389 = DIRECTION ( 'NONE',  ( -1.000000000000000000, 0.000000000000000000, 0.000000000000000000 ) ) ;
#3390 = DIRECTION ( 'NONE',  ( 0.000000000000000000, -1.000000000000000000, 0.000000000000000000 ) ) ;
#3391 = FACE_OUTER_BOUND ( 'NONE', #4188, .T. ) ;
#3392 = ADVANCED_FACE ( 'NONE', ( #5104 ), #3811, .F. ) ;
#3393 = ORIENTED_EDGE ( 'NONE', *, *, #2421, .F. ) ;
#3394 = CIRCLE ( 'NONE', #4646, 1.000000000000000888 ) ;
#3395 = ORIENTED_EDGE ( 'NONE', *, *, #245, .F. ) ;
#3396 = DIRECTION ( 'NONE',  ( 0.000000000000000000, 0.000000000000000000, -1.000000000000000000 ) ) ;
#3397 = CARTESIAN_POINT ( 'NONE',  ( 16.23367503961910074, -33.89999999999999858, -61.93475008681769367 ) ) ;
#3398 = CARTESIAN_POINT ( 'NONE',  ( 7.162924960380889772, -26.39999999999999858, -62.93475008681759419 ) ) ;
#3399 = CIRCLE ( 'NONE', #1833, 1.000000000000000888 ) ;
#3400 = CARTESIAN_POINT ( 'NONE',  ( 21.00000000000000000, -4.000000000000000000, 55.02717703792859538 ) ) ;
#3401 = ORIENTED_EDGE ( 'NONE', *, *, #5385, .T. ) ;
#3402 = ORIENTED_EDGE ( 'NONE', *, *, #3613, .F. ) ;
#3403 = CARTESIAN_POINT ( 'NONE',  ( 7.162924960380889772, 30.90000000000000213, -60.93475008681759419 ) ) ;
#3404 = CYLINDRICAL_SURFACE ( 'NONE', #2456, 2.999999999999999112 ) ;
#3405 = DIRECTION ( 'NONE',  ( 0.000000000000000000, 0.000000000000000000, -1.000000000000000000 ) ) ;
#3406 = CARTESIAN_POINT ( 'NONE',  ( 7.162924960380889772, 30.90000000000000213, -61.93475008681760130 ) ) ;
#3407 = EDGE_LOOP ( 'NONE', ( #1439, #4098 ) ) ;
#3408 = VECTOR ( 'NONE', #5417, 1000.000000000000000 ) ;
#3409 = EDGE_LOOP ( 'NONE', ( #4822, #421, #2263, #4234 ) ) ;
#3410 = AXIS2_PLACEMENT_3D ( 'NONE', #1558, #5382, #1621 ) ;
#3411 = CARTESIAN_POINT ( 'NONE',  ( 11.69829999999999970, 33.89999999999999858, -52.07925008681760204 ) ) ;
#3412 = CARTESIAN_POINT ( 'NONE',  ( 24.00000000000000000, 11.50000000000000000, 48.99874991318240092 ) ) ;
#3413 = EDGE_CURVE ( 'NONE', #4051, #5155, #2828, .T. ) ;
#3414 = DIRECTION ( 'NONE',  ( 0.000000000000000000, 0.7071067811865470176, 0.7071067811865480168 ) ) ;
#3415 = CARTESIAN_POINT ( 'NONE',  ( 11.69829999999999970, -30.90000000000000213, -54.07925008681760204 ) ) ;
#3416 = AXIS2_PLACEMENT_3D ( 'NONE', #5975, #3285, #5094 ) ;
#3417 = ORIENTED_EDGE ( 'NONE', *, *, #531, .F. ) ;
#3418 = AXIS2_PLACEMENT_3D ( 'NONE', #1484, #2881, #5669 ) ;
#3419 = VECTOR ( 'NONE', #5992, 1000.000000000000000 ) ;
#3420 = CARTESIAN_POINT ( 'NONE',  ( 21.00000000000000000, 33.89999999999999858, -44.61744750750959554 ) ) ;
#3421 = CARTESIAN_POINT ( 'NONE',  ( 11.69829999999999970, -30.90000000000000213, -54.07925008681760204 ) ) ;
#3422 = DIRECTION ( 'NONE',  ( 1.000000000000000000, 0.000000000000000000, 0.000000000000000000 ) ) ;
#3423 = EDGE_CURVE ( 'NONE', #3014, #2125, #5620, .T. ) ;
#3424 = LINE ( 'NONE', #298, #4941 ) ;
#3425 = CARTESIAN_POINT ( 'NONE',  ( 2.294546285335517410, 18.91584628707813209, 49.21513760419153982 ) ) ;
#3426 = EDGE_LOOP ( 'NONE', ( #2728, #3523, #1223, #4251 ) ) ;
#3427 = AXIS2_PLACEMENT_3D ( 'NONE', #3160, #1562, #5298 ) ;
#3428 = VERTEX_POINT ( 'NONE', #1014 ) ;
#3429 = CARTESIAN_POINT ( 'NONE',  ( 3.000000000000000000, 19.00000000000000000, 60.19874991318240376 ) ) ;
#3430 = CARTESIAN_POINT ( 'NONE',  ( 24.00000000000000000, 4.000000000000000000, 49.37032278843619792 ) ) ;
#3431 = EDGE_CURVE ( 'NONE', #5242, #875, #5687, .T. ) ;
#3432 = CIRCLE ( 'NONE', #2846, 2.000000000000001776 ) ;
#3433 = FACE_OUTER_BOUND ( 'NONE', #5018, .T. ) ;
#3434 = PLANE ( 'NONE',  #828 ) ;
#3435 = AXIS2_PLACEMENT_3D ( 'NONE', #5626, #1018, #3725 ) ;
#3436 = LOCAL_TIME ( 10, 50, 14.00000000000000000, #5930 ) ;
#3437 = VERTEX_POINT ( 'NONE', #103 ) ;
#3438 = ORIENTED_EDGE ( 'NONE', *, *, #3303, .F. ) ;
#3439 = DIRECTION ( 'NONE',  ( 0.000000000000000000, 0.000000000000000000, 1.000000000000000000 ) ) ;
#3440 = LINE ( 'NONE', #4285, #2740 ) ;
#3441 = DIRECTION ( 'NONE',  ( 0.000000000000000000, 0.000000000000000000, 1.000000000000000000 ) ) ;
#3442 = DIRECTION ( 'NONE',  ( 0.000000000000000000, -1.000000000000000000, 0.000000000000000000 ) ) ;
#3443 = VERTEX_POINT ( 'NONE', #1503 ) ;
#3444 = ORIENTED_EDGE ( 'NONE', *, *, #3054, .F. ) ;
#3445 = DIRECTION ( 'NONE',  ( 0.000000000000000000, 5.361613695501830012E-16, -1.000000000000000000 ) ) ;
#3446 = CARTESIAN_POINT ( 'NONE',  ( 11.69829999999999970, -33.89999999999999858, -64.55325008681771237 ) ) ;
#3447 = DIRECTION ( 'NONE',  ( 0.000000000000000000, 0.000000000000000000, 1.000000000000000000 ) ) ;
#3448 = DIRECTION ( 'NONE',  ( 0.000000000000000000, 1.000000000000000000, 0.000000000000000000 ) ) ;
#3449 = EDGE_CURVE ( 'NONE', #195, #1473, #4382, .T. ) ;
#3450 = ORIENTED_EDGE ( 'NONE', *, *, #341, .F. ) ;
#3451 = FACE_BOUND ( 'NONE', #5704, .T. ) ;
#3452 = CARTESIAN_POINT ( 'NONE',  ( 11.69829999999999970, -26.39999999999999858, -53.07925008681760204 ) ) ;
#3453 = DIRECTION ( 'NONE',  ( 0.000000000000000000, 1.734723475976809806E-16, -1.000000000000000000 ) ) ;
#3454 = CARTESIAN_POINT ( 'NONE',  ( 19.19999999999999929, -11.50000000000000000, 49.99844991318239806 ) ) ;
#3455 = CARTESIAN_POINT ( 'NONE',  ( 2.882981429133914197, 18.99999999999999645, 49.02023584784993915 ) ) ;
#3456 = AXIS2_PLACEMENT_3D ( 'NONE', #1967, #3829, #1839 ) ;
#3457 = ORIENTED_EDGE ( 'NONE', *, *, #1712, .T. ) ;
#3458 = VERTEX_POINT ( 'NONE', #292 ) ;
#3459 = CARTESIAN_POINT ( 'NONE',  ( 24.00000000000000000, -11.50000000000000000, 60.19874991318240376 ) ) ;
#3460 = CARTESIAN_POINT ( 'NONE',  ( 19.19999999999999929, 16.35000000000000142, 50.99844991318239806 ) ) ;
#3461 = DIRECTION ( 'NONE',  ( 0.000000000000000000, -1.000000000000000000, 0.000000000000000000 ) ) ;
#3462 = FACE_BOUND ( 'NONE', #5799, .T. ) ;
#3463 = EDGE_CURVE ( 'NONE', #2308, #1903, #683, .T. ) ;
#3464 = EDGE_CURVE ( 'NONE', #5551, #4214, #1184, .T. ) ;
#3465 = EDGE_CURVE ( 'NONE', #1336, #1164, #5838, .T. ) ;
#3466 = VERTEX_POINT ( 'NONE', #2595 ) ;
#3467 = ORIENTED_EDGE ( 'NONE', *, *, #1842, .T. ) ;
#3468 = DIRECTION ( 'NONE',  ( 0.000000000000000000, 0.000000000000000000, 1.000000000000000000 ) ) ;
#3469 = FACE_OUTER_BOUND ( 'NONE', #4303, .T. ) ;
#3470 = AXIS2_PLACEMENT_3D ( 'NONE', #5327, #1595, #4771 ) ;
#3471 = CARTESIAN_POINT ( 'NONE',  ( 16.23367503961910074, -33.89999999999999858, -58.69775008681769890 ) ) ;
#3472 = CARTESIAN_POINT ( 'NONE',  ( 24.00000000000000000, 11.84999999999999964, -26.44373421647729927 ) ) ;
#3473 = ORIENTED_EDGE ( 'NONE', *, *, #826, .F. ) ;
#3474 = CIRCLE ( 'NONE', #844, 2.000000000000001776 ) ;
#3475 = ORIENTED_EDGE ( 'NONE', *, *, #926, .T. ) ;
#3476 = DIRECTION ( 'NONE',  ( 0.000000000000000000, -1.000000000000000000, 0.000000000000000000 ) ) ;
#3477 = LINE ( 'NONE', #1226, #1945 ) ;
#3478 = DIRECTION ( 'NONE',  ( 4.498928074410620196E-16, 5.361613695501830012E-16, 1.000000000000000000 ) ) ;
#3479 = ORIENTED_EDGE ( 'NONE', *, *, #5012, .T. ) ;
#3480 = DIRECTION ( 'NONE',  ( 0.000000000000000000, 1.000000000000000000, 0.000000000000000000 ) ) ;
#3481 = DIRECTION ( 'NONE',  ( 0.000000000000000000, 0.000000000000000000, -1.000000000000000000 ) ) ;
#3482 = DIRECTION ( 'NONE',  ( 0.000000000000000000, 1.000000000000000000, 0.000000000000000000 ) ) ;
#3483 = CARTESIAN_POINT ( 'NONE',  ( 1.758854646224243812, 18.73121068789467003, 49.61149383578705141 ) ) ;
#3484 = ORIENTED_EDGE ( 'NONE', *, *, #5895, .F. ) ;
#3485 = ORIENTED_EDGE ( 'NONE', *, *, #4852, .F. ) ;
#3486 = DIRECTION ( 'NONE',  ( 0.000000000000000000, -7.709882115452474222E-16, -1.000000000000000000 ) ) ;
#3487 = CARTESIAN_POINT ( 'NONE',  ( 3.200000000000000178, 16.35000000000000142, 50.99844991318239806 ) ) ;
#3488 = CIRCLE ( 'NONE', #1645, 1.000000000000000888 ) ;
#3489 = DIRECTION ( 'NONE',  ( 0.000000000000000000, 0.000000000000000000, -1.000000000000000000 ) ) ;
#3490 = EDGE_CURVE ( 'NONE', #1991, #2165, #1667, .T. ) ;
#3491 = EDGE_LOOP ( 'NONE', ( #3070, #1952 ) ) ;
#3492 = EDGE_LOOP ( 'NONE', ( #188, #3097, #4518, #1311 ) ) ;
#3493 = AXIS2_PLACEMENT_3D ( 'NONE', #5141, #2875, #4747 ) ;
#3494 = CARTESIAN_POINT ( 'NONE',  ( 20.00000000000000000, 33.89999999999999858, -45.00105008681759955 ) ) ;
#3495 = ORIENTED_EDGE ( 'NONE', *, *, #5726, .T. ) ;
#3496 = DIRECTION ( 'NONE',  ( 0.000000000000000000, -1.000000000000000000, 0.000000000000000000 ) ) ;
#3497 = EDGE_CURVE ( 'NONE', #3729, #2647, #5249, .T. ) ;
#3498 = EDGE_CURVE ( 'NONE', #3686, #3933, #5919, .T. ) ;
#3499 = ORIENTED_EDGE ( 'NONE', *, *, #4705, .T. ) ;
#3500 = ORIENTED_EDGE ( 'NONE', *, *, #1259, .T. ) ;
#3501 = CARTESIAN_POINT ( 'NONE',  ( 21.00000000000000000, 0.1499999999999999944, 23.99874991318240092 ) ) ;
#3502 = ADVANCED_FACE ( 'NONE', ( #4894 ), #2134, .F. ) ;
#3503 = DIRECTION ( 'NONE',  ( 0.000000000000000000, 0.000000000000000000, 1.000000000000000000 ) ) ;
#3504 = LINE ( 'NONE', #3051, #171 ) ;
#3505 = AXIS2_PLACEMENT_3D ( 'NONE', #5723, #5627, #80 ) ;
#3506 = CIRCLE ( 'NONE', #3118, 2.000000000000001776 ) ;
#3507 = EDGE_LOOP ( 'NONE', ( #1572, #4633, #3894, #1142 ) ) ;
#3508 = AXIS2_PLACEMENT_3D ( 'NONE', #1197, #2594, #5745 ) ;
#3509 = CARTESIAN_POINT ( 'NONE',  ( 11.69829999999999970, 26.39999999999999858, -65.55325008681771237 ) ) ;
#3510 = LINE ( 'NONE', #2995, #2628 ) ;
#3511 = FACE_OUTER_BOUND ( 'NONE', #3186, .T. ) ;
#3512 = AXIS2_PLACEMENT_3D ( 'NONE', #2926, #3777, #1437 ) ;
#3513 = CARTESIAN_POINT ( 'NONE',  ( 1.282828519236954623, 18.46019544497210063, 51.56897304953042749 ) ) ;
#3514 = ORIENTED_EDGE ( 'NONE', *, *, #2229, .T. ) ;
#3515 = AXIS2_PLACEMENT_3D ( 'NONE', #3278, #5117, #900 ) ;
#3516 = ORIENTED_EDGE ( 'NONE', *, *, #3539, .F. ) ;
#3517 = CARTESIAN_POINT ( 'NONE',  ( 11.69829999999999970, -26.39999999999999858, -55.07925008681760204 ) ) ;
#3518 = CARTESIAN_POINT ( 'NONE',  ( 24.00000000000000000, 26.39999999999999858, -40.50105008681759955 ) ) ;
#3519 = B_SPLINE_CURVE_WITH_KNOTS ( 'NONE', 3,
 ( #1793, #3570, #5013, #3111, #4475, #804, #3655, #5416, #3165, #381, #857, #1740, #1344, #885, #2734, #407, #1372, #325, #3598, #1261, #2247, #1286, #4955, #4505, #5923, #2706, #4553, #3897, #5740, #158, #913 ),
 .UNSPECIFIED., .F., .F.,
 ( 4, 2, 2, 1, 2, 2, 2, 2, 2, 2, 2, 2, 1, 1, 2, 2, 4 ),
 ( 0.000000000000000000, 0.1249999999999814315, 0.1874999999999667766, 0.2187499999999541200, 0.2343749999999478473, 0.2499999999999415468, 0.3749999999999564237, 0.4374999999999641953, 0.4687499999999681366, 0.4999999999999720224, 0.6249999999999876765, 0.6874999999999957812, 0.7187499999999993339, 0.7343750000000016653, 0.7421874999999976685, 0.7499999999999935607, 1.000000000000000000 ),
 .UNSPECIFIED. ) ;
#3520 = DIRECTION ( 'NONE',  ( 0.000000000000000000, -1.000000000000000000, 0.000000000000000000 ) ) ;
#3521 = DIRECTION ( 'NONE',  ( 0.000000000000000000, -1.000000000000000000, 0.000000000000000000 ) ) ;
#3522 = AXIS2_PLACEMENT_3D ( 'NONE', #4500, #236, #825 ) ;
#3523 = ORIENTED_EDGE ( 'NONE', *, *, #341, .T. ) ;
#3524 = EDGE_CURVE ( 'NONE', #3729, #3100, #1106, .T. ) ;
#3525 = ORIENTED_EDGE ( 'NONE', *, *, #711, .T. ) ;
#3526 = LINE ( 'NONE', #4887, #4868 ) ;
#3527 = VERTEX_POINT ( 'NONE', #1681 ) ;
#3528 = CARTESIAN_POINT ( 'NONE',  ( 21.00000000000000000, -33.89999999999999858, -58.50105008681759955 ) ) ;
#3529 = VECTOR ( 'NONE', #5287, 1000.000000000000000 ) ;
#3530 = VERTEX_POINT ( 'NONE', #3020 ) ;
#3531 = AXIS2_PLACEMENT_3D ( 'NONE', #2880, #119, #4368 ) ;
#3532 = ADVANCED_FACE ( 'NONE', ( #3965 ), #4418, .F. ) ;
#3533 = ORIENTED_EDGE ( 'NONE', *, *, #4070, .T. ) ;
#3534 = CARTESIAN_POINT ( 'NONE',  ( 11.69829999999999970, 33.89999999999999858, -54.07925008681760204 ) ) ;
#3535 = DIRECTION ( 'NONE',  ( 0.000000000000000000, -5.782411586589355667E-16, 1.000000000000000000 ) ) ;
#3536 = DIRECTION ( 'NONE',  ( 1.000000000000000000, 0.000000000000000000, 0.000000000000000000 ) ) ;
#3537 = CIRCLE ( 'NONE', #2260, 1.000000000000000888 ) ;
#3538 = APPROVAL ( #4625, '未指定' ) ;
#3539 = EDGE_CURVE ( 'NONE', #1798, #3530, #5807, .T. ) ;
#3540 = EDGE_CURVE ( 'NONE', #1491, #1893, #4835, .T. ) ;
#3541 = ORIENTED_EDGE ( 'NONE', *, *, #5241, .T. ) ;
#3542 = CARTESIAN_POINT ( 'NONE',  ( 3.000000000000000000, -19.00000000000000000, 60.19874991318240376 ) ) ;
#3543 = DIRECTION ( 'NONE',  ( 0.000000000000000000, -1.000000000000000000, -2.478176394252580155E-16 ) ) ;
#3544 = CARTESIAN_POINT ( 'NONE',  ( 19.19999999999999929, 59.39363543471729656, 50.99844991318239806 ) ) ;
#3545 = CARTESIAN_POINT ( 'NONE',  ( 1.812086256425150976, 18.75504004525460644, 52.43973907603498930 ) ) ;
#3546 = ORIENTED_EDGE ( 'NONE', *, *, #4311, .T. ) ;
#3547 = LINE ( 'NONE', #5422, #4103 ) ;
#3548 = LINE ( 'NONE', #2607, #4405 ) ;
#3549 = CARTESIAN_POINT ( 'NONE',  ( 9.030638352128310231, 36.27647202150469496, -45.00105008681759955 ) ) ;
#3550 = CARTESIAN_POINT ( 'NONE',  ( 2.025453827049157773, -18.83731018529893220, 52.61736876997903067 ) ) ;
#3551 = VECTOR ( 'NONE', #13, 1000.000000000000000 ) ;
#3552 = ORIENTED_EDGE ( 'NONE', *, *, #5747, .F. ) ;
#3553 = EDGE_LOOP ( 'NONE', ( #1840, #2787, #5868, #3373, #1520, #3555, #3484, #4542 ) ) ;
#3554 = FACE_OUTER_BOUND ( 'NONE', #5909, .T. ) ;
#3555 = ORIENTED_EDGE ( 'NONE', *, *, #1030, .F. ) ;
#3556 = CYLINDRICAL_SURFACE ( 'NONE', #4613, 1.000000000000000888 ) ;
#3557 = DIRECTION ( 'NONE',  ( 0.000000000000000000, 1.000000000000000000, 0.000000000000000000 ) ) ;
#3558 = EDGE_LOOP ( 'NONE', ( #630, #1099 ) ) ;
#3559 = VECTOR ( 'NONE', #1732, 1000.000000000000000 ) ;
#3560 = VECTOR ( 'NONE', #5035, 1000.000000000000000 ) ;
#3561 = VERTEX_POINT ( 'NONE', #4385 ) ;
#3562 = CIRCLE ( 'NONE', #2884, 2.000000000000001776 ) ;
#3563 = DIRECTION ( 'NONE',  ( 0.000000000000000000, 1.000000000000000000, 2.312964634635739999E-16 ) ) ;
#3564 = FACE_OUTER_BOUND ( 'NONE', #3184, .T. ) ;
#3565 = CARTESIAN_POINT ( 'NONE',  ( 19.19999999999999929, 19.00000000000000000, 50.99844991318239806 ) ) ;
#3566 = PLANE ( 'NONE',  #2285 ) ;
#3567 = EDGE_CURVE ( 'NONE', #654, #5217, #2783, .T. ) ;
#3568 = VECTOR ( 'NONE', #1433, 1000.000000000000000 ) ;
#3569 = VERTEX_POINT ( 'NONE', #3936 ) ;
#3570 = CARTESIAN_POINT ( 'NONE',  ( 21.01971916592924927, 19.00000000000000000, 51.82951471958376999 ) ) ;
#3571 = DIRECTION ( 'NONE',  ( 0.000000000000000000, 2.478176394252580155E-16, -1.000000000000000000 ) ) ;
#3572 =( BOUNDED_CURVE ( )  B_SPLINE_CURVE ( 3, ( #5443, #4532, #1714, #1318 ),
 .UNSPECIFIED., .F., .T. ) 
 B_SPLINE_CURVE_WITH_KNOTS ( ( 4, 4 ),
 ( 4.712388980384689674, 6.283185307179586232 ),
 .UNSPECIFIED. ) 
 CURVE ( )  GEOMETRIC_REPRESENTATION_ITEM ( )  RATIONAL_B_SPLINE_CURVE ( ( 1.000000000000000000, 0.8047378541243649375, 0.8047378541243649375, 1.000000000000000000 ) ) 
 REPRESENTATION_ITEM ( '' )  );
#3573 = DIRECTION ( 'NONE',  ( 0.000000000000000000, 0.000000000000000000, -1.000000000000000000 ) ) ;
#3574 = CARTESIAN_POINT ( 'NONE',  ( 1.378427362299753378, 18.52425003125519254, 51.82643479412111986 ) ) ;
#3575 = EDGE_CURVE ( 'NONE', #1893, #3723, #5347, .T. ) ;
#3576 = EDGE_CURVE ( 'NONE', #5123, #1668, #4561, .T. ) ;
#3577 = EDGE_CURVE ( 'NONE', #3527, #1059, #3477, .T. ) ;
#3578 = VERTEX_POINT ( 'NONE', #4923 ) ;
#3579 = CARTESIAN_POINT ( 'NONE',  ( 24.00000000000000000, 19.25735931288071967, -8.020361167282850090 ) ) ;
#3580 = DIRECTION ( 'NONE',  ( 0.000000000000000000, -1.000000000000000000, 0.000000000000000000 ) ) ;
#3581 = FACE_OUTER_BOUND ( 'NONE', #3492, .T. ) ;
#3582 = CARTESIAN_POINT ( 'NONE',  ( 1.606555260174110433, -18.65726635296094216, 52.20862487351060821 ) ) ;
#3583 = EDGE_CURVE ( 'NONE', #2128, #5242, #3796, .T. ) ;
#3584 = VERTEX_POINT ( 'NONE', #5715 ) ;
#3585 = EDGE_LOOP ( 'NONE', ( #4623, #2011, #1066, #1217 ) ) ;
#3586 = DIRECTION ( 'NONE',  ( -1.000000000000000000, 0.000000000000000000, 0.000000000000000000 ) ) ;
#3587 = ORIENTED_EDGE ( 'NONE', *, *, #5080, .T. ) ;
#3588 = FACE_OUTER_BOUND ( 'NONE', #2774, .T. ) ;
#3589 = DIRECTION ( 'NONE',  ( 0.000000000000000000, 0.000000000000000000, 1.000000000000000000 ) ) ;
#3590 = ORIENTED_EDGE ( 'NONE', *, *, #4753, .F. ) ;
#3591 = AXIS2_PLACEMENT_3D ( 'NONE', #2780, #389, #3610 ) ;
#3592 = ORIENTED_EDGE ( 'NONE', *, *, #187, .T. ) ;
#3593 = FACE_OUTER_BOUND ( 'NONE', #398, .T. ) ;
#3594 = AXIS2_PLACEMENT_3D ( 'NONE', #4779, #1478, #956 ) ;
#3595 = DIRECTION ( 'NONE',  ( 0.000000000000000000, 0.000000000000000000, 1.000000000000000000 ) ) ;
#3596 = ORIENTED_EDGE ( 'NONE', *, *, #1413, .T. ) ;
#3597 = EDGE_CURVE ( 'NONE', #1303, #2001, #4950, .T. ) ;
#3598 = CARTESIAN_POINT ( 'NONE',  ( 21.20004805605809040, 18.99347287716778609, 50.93116946456497374 ) ) ;
#3599 = CARTESIAN_POINT ( 'NONE',  ( 11.69829999999999970, -33.89999999999999858, -62.55325008681771237 ) ) ;
#3600 = CARTESIAN_POINT ( 'NONE',  ( 3.200000000000000622, 16.35000000000000142, 52.99844991318239806 ) ) ;
#3601 = CARTESIAN_POINT ( 'NONE',  ( 1.215088107980495602, 18.41136560704260106, 50.74535097380876891 ) ) ;
#3602 = AXIS2_PLACEMENT_3D ( 'NONE', #4322, #1041, #135 ) ;
#3603 = ORIENTED_EDGE ( 'NONE', *, *, #4745, .T. ) ;
#3604 = VECTOR ( 'NONE', #5893, 1000.000000000000000 ) ;
#3605 = ADVANCED_FACE ( 'NONE', ( #3108 ), #5413, .F. ) ;
#3606 = EDGE_CURVE ( 'NONE', #2824, #2427, #1079, .T. ) ;
#3607 = VECTOR ( 'NONE', #1469, 1000.000000000000000 ) ;
#3608 =( LENGTH_UNIT ( ) NAMED_UNIT ( * ) SI_UNIT ( .MILLI., .METRE. ) );
#3609 = CARTESIAN_POINT ( 'NONE',  ( 7.162924960380900430, -26.39999999999999858, -56.69775008681759942 ) ) ;
#3610 = DIRECTION ( 'NONE',  ( 0.000000000000000000, 0.9396926207859080948, 0.3420201433256693235 ) ) ;
#3611 = CARTESIAN_POINT ( 'NONE',  ( 1.393790783158967317, -18.53399816246985665, 51.85782083115887531 ) ) ;
#3612 = CIRCLE ( 'NONE', #4387, 1.000000000000000888 ) ;
#3613 = EDGE_CURVE ( 'NONE', #891, #4099, #4473, .T. ) ;
#3614 = VERTEX_POINT ( 'NONE', #859 ) ;
#3615 = LINE ( 'NONE', #5374, #4200 ) ;
#3616 = ORIENTED_EDGE ( 'NONE', *, *, #531, .T. ) ;
#3617 = FACE_OUTER_BOUND ( 'NONE', #4670, .T. ) ;
#3618 = DIRECTION ( 'NONE',  ( -1.000000000000000000, 0.000000000000000000, 0.000000000000000000 ) ) ;
#3619 = EDGE_LOOP ( 'NONE', ( #5358, #4653, #3641, #1401, #3833, #596, #644, #5853 ) ) ;
#3620 = ORIENTED_EDGE ( 'NONE', *, *, #5072, .T. ) ;
#3621 = DIRECTION ( 'NONE',  ( 0.000000000000000000, -1.000000000000000000, 0.000000000000000000 ) ) ;
#3622 = VECTOR ( 'NONE', #2795, 1000.000000000000000 ) ;
#3623 = LINE ( 'NONE', #5469, #3076 ) ;
#3624 = AXIS2_PLACEMENT_3D ( 'NONE', #4328, #3480, #205 ) ;
#3625 = VECTOR ( 'NONE', #5336, 1000.000000000000227 ) ;
#3626 = EDGE_LOOP ( 'NONE', ( #86, #64 ) ) ;
#3627 = DIRECTION ( 'NONE',  ( 0.000000000000000000, 1.000000000000000000, 0.000000000000000000 ) ) ;
#3628 = DIRECTION ( 'NONE',  ( 0.000000000000000000, 2.478176394252580155E-16, -1.000000000000000000 ) ) ;
#3629 = VECTOR ( 'NONE', #2453, 1000.000000000000000 ) ;
#3630 = DIRECTION ( 'NONE',  ( 0.000000000000000000, 0.000000000000000000, 1.000000000000000000 ) ) ;
#3631 = CARTESIAN_POINT ( 'NONE',  ( 1.348177180385176976, 18.50446826753407592, 50.24293801842497231 ) ) ;
#3632 = EDGE_CURVE ( 'NONE', #2185, #278, #879, .T. ) ;
#3633 = ORIENTED_EDGE ( 'NONE', *, *, #1569, .T. ) ;
#3634 = DIRECTION ( 'NONE',  ( 0.000000000000000000, 0.000000000000000000, 1.000000000000000000 ) ) ;
#3635 = DIRECTION ( 'NONE',  ( 0.000000000000000000, 1.000000000000000000, 0.000000000000000000 ) ) ;
#3636 = CARTESIAN_POINT ( 'NONE',  ( 21.00000000000000000, 33.89999999999999858, -58.50105008681759955 ) ) ;
#3637 = CARTESIAN_POINT ( 'NONE',  ( 8.954742008979419410, 34.40170059361440025, -45.00105008681759955 ) ) ;
#3638 = EDGE_CURVE ( 'NONE', #3098, #50, #1887, .T. ) ;
#3639 = ORIENTED_EDGE ( 'NONE', *, *, #2215, .T. ) ;
#3640 = CARTESIAN_POINT ( 'NONE',  ( 21.00000000000000000, 15.25000000000000000, 35.19874991318239665 ) ) ;
#3641 = ORIENTED_EDGE ( 'NONE', *, *, #5239, .F. ) ;
#3642 = CARTESIAN_POINT ( 'NONE',  ( 19.19999999999999929, -19.00000000000000000, 50.99844991318239806 ) ) ;
#3643 = LINE ( 'NONE', #4544, #1328 ) ;
#3644 = EDGE_CURVE ( 'NONE', #868, #5886, #3506, .T. ) ;
#3645 = EDGE_CURVE ( 'NONE', #607, #2032, #5629, .T. ) ;
#3646 = VECTOR ( 'NONE', #185, 1000.000000000000114 ) ;
#3647 = ADVANCED_FACE ( 'NONE', ( #4680, #5981, #527, #2375, #2736 ), #2835, .T. ) ;
#3648 = EDGE_LOOP ( 'NONE', ( #5025, #513, #1102, #4925, #2556, #575, #3037, #2460 ) ) ;
#3649 = VERTEX_POINT ( 'NONE', #1404 ) ;
#3650 = ORIENTED_EDGE ( 'NONE', *, *, #2378, .T. ) ;
#3651 = CARTESIAN_POINT ( 'NONE',  ( 11.69829999999999970, 56.59965550259200029, -64.55325008681771237 ) ) ;
#3652 = CARTESIAN_POINT ( 'NONE',  ( 7.162924960380900430, -33.89999999999999858, -58.69775008681759942 ) ) ;
#3653 = AXIS2_PLACEMENT_3D ( 'NONE', #4166, #3837, #3441 ) ;
#3654 = ORIENTED_EDGE ( 'NONE', *, *, #3799, .T. ) ;
#3655 = CARTESIAN_POINT ( 'NONE',  ( 21.12780409900853229, 18.99736393696058911, 51.53194964252607946 ) ) ;
#3656 = CYLINDRICAL_SURFACE ( 'NONE', #5138, 2.000000000000001776 ) ;
#3657 = FACE_OUTER_BOUND ( 'NONE', #972, .T. ) ;
#3658 = AXIS2_PLACEMENT_3D ( 'NONE', #2018, #5778, #5296 ) ;
#3659 = CARTESIAN_POINT ( 'NONE',  ( 0.000000000000000000, 16.00000000000000000, 32.19874991318239665 ) ) ;
#3660 = CARTESIAN_POINT ( 'NONE',  ( 7.162924960380889772, 59.02920452126389961, -60.93475008681759419 ) ) ;
#3661 = ORIENTED_EDGE ( 'NONE', *, *, #3060, .F. ) ;
#3662 = PERSON_AND_ORGANIZATION_ROLE ( 'design_supplier' ) ;
#3663 = CARTESIAN_POINT ( 'NONE',  ( 24.00000000000000000, 8.849999999999999645, 23.99874991318240092 ) ) ;
#3664 = LINE ( 'NONE', #5959, #199 ) ;
#3665 = CARTESIAN_POINT ( 'NONE',  ( 2.294546285332121904, -18.91584628707713733, 52.78176222217153679 ) ) ;
#3666 = ORIENTED_EDGE ( 'NONE', *, *, #926, .F. ) ;
#3667 = DIRECTION ( 'NONE',  ( 0.000000000000000000, -5.361613695501830012E-16, -1.000000000000000000 ) ) ;
#3668 = EDGE_LOOP ( 'NONE', ( #5964, #1970 ) ) ;
#3669 = EDGE_CURVE ( 'NONE', #4897, #2987, #1795, .T. ) ;
#3670 = CARTESIAN_POINT ( 'NONE',  ( 19.19999999999999929, -59.39363543471729656, 50.99844991318239806 ) ) ;
#3671 = CYLINDRICAL_SURFACE ( 'NONE', #652, 1.000000000000000888 ) ;
#3672 = EDGE_LOOP ( 'NONE', ( #4686, #1939, #677, #5672 ) ) ;
#3673 = EDGE_LOOP ( 'NONE', ( #1054, #4222, #2096, #5972, #2031, #4349, #2833 ) ) ;
#3674 = ORIENTED_EDGE ( 'NONE', *, *, #2076, .T. ) ;
#3675 = CARTESIAN_POINT ( 'NONE',  ( 7.162924960380900430, 33.89999999999999858, -56.69775008681759942 ) ) ;
#3676 = LINE ( 'NONE', #878, #4875 ) ;
#3677 = EDGE_CURVE ( 'NONE', #3887, #5188, #4953, .T. ) ;
#3678 = CARTESIAN_POINT ( 'NONE',  ( 21.00000000000000000, 1.171572875253809931, 52.19874991318240376 ) ) ;
#3679 = ORIENTED_EDGE ( 'NONE', *, *, #2949, .F. ) ;
#3680 = EDGE_CURVE ( 'NONE', #2315, #1580, #2708, .T. ) ;
#3681 = AXIS2_PLACEMENT_3D ( 'NONE', #1234, #3482, #3911 ) ;
#3682 = DIRECTION ( 'NONE',  ( 0.000000000000000000, 0.7071067811865480168, -0.7071067811865470176 ) ) ;
#3683 = DIRECTION ( 'NONE',  ( 0.000000000000000000, -1.000000000000000000, 0.000000000000000000 ) ) ;
#3684 = FACE_BOUND ( 'NONE', #3558, .T. ) ;
#3685 = DIRECTION ( 'NONE',  ( 0.000000000000000000, -1.000000000000000000, -1.734723475976809806E-16 ) ) ;
#3686 = VERTEX_POINT ( 'NONE', #4168 ) ;
#3687 = VERTEX_POINT ( 'NONE', #5589 ) ;
#3688 = PERSON_AND_ORGANIZATION ( #675, #3048 ) ;
#3689 = CARTESIAN_POINT ( 'NONE',  ( 24.00000000000000000, -18.79385241571819876, -19.60333134996399806 ) ) ;
#3690 = CARTESIAN_POINT ( 'NONE',  ( 19.19999999999999929, 19.00000000000000000, 52.99844991318239806 ) ) ;
#3691 = CARTESIAN_POINT ( 'NONE',  ( 1.334223430218926643, -18.49503524345233885, 50.27808784244457740 ) ) ;
#3692 = ORIENTED_EDGE ( 'NONE', *, *, #4486, .F. ) ;
#3693 = AXIS2_PLACEMENT_3D ( 'NONE', #2834, #2469, #70 ) ;
#3694 = AXIS2_PLACEMENT_3D ( 'NONE', #5295, #5326, #1594 ) ;
#3695 = ORIENTED_EDGE ( 'NONE', *, *, #1929, .F. ) ;
#3696 = FACE_OUTER_BOUND ( 'NONE', #1456, .T. ) ;
#3697 = ORIENTED_EDGE ( 'NONE', *, *, #2013, .F. ) ;
#3698 = CARTESIAN_POINT ( 'NONE',  ( 24.00000000000000000, -4.000000000000000000, 47.02717703792860249 ) ) ;
#3699 = DIRECTION ( 'NONE',  ( 0.000000000000000000, -0.7071067811865480168, 0.7071067811865470176 ) ) ;
#3700 = ORIENTED_EDGE ( 'NONE', *, *, #2940, .F. ) ;
#3701 = EDGE_CURVE ( 'NONE', #4810, #180, #499, .T. ) ;
#3702 = EDGE_LOOP ( 'NONE', ( #862, #2501, #2117, #768 ) ) ;
#3703 = VECTOR ( 'NONE', #4603, 1000.000000000000000 ) ;
#3704 = ORIENTED_EDGE ( 'NONE', *, *, #2605, .F. ) ;
#3705 = FACE_OUTER_BOUND ( 'NONE', #4804, .T. ) ;
#3706 = DIRECTION ( 'NONE',  ( 0.000000000000000000, 0.000000000000000000, 1.000000000000000000 ) ) ;
#3707 = CARTESIAN_POINT ( 'NONE',  ( 24.00000000000000000, 33.89999999999999858, -70.50105008681758534 ) ) ;
#3708 = EDGE_CURVE ( 'NONE', #3273, #5692, #4107, .T. ) ;
#3709 = VECTOR ( 'NONE', #1338, 1000.000000000000000 ) ;
#3710 = EDGE_LOOP ( 'NONE', ( #2977, #5148, #1763, #2062 ) ) ;
#3711 = CC_DESIGN_SECURITY_CLASSIFICATION ( #3135, ( #813 ) ) ;
#3712 = FACE_OUTER_BOUND ( 'NONE', #5912, .T. ) ;
#3713 = PLANE ( 'NONE',  #2921 ) ;
#3714 = CARTESIAN_POINT ( 'NONE',  ( 7.162924960380900430, -33.89999999999999858, -56.69775008681759942 ) ) ;
#3715 = CARTESIAN_POINT ( 'NONE',  ( 24.00000000000000000, -33.89999999999999858, -44.61744750750959554 ) ) ;
#3716 = CIRCLE ( 'NONE', #5754, 1.999999999999994893 ) ;
#3717 = CARTESIAN_POINT ( 'NONE',  ( 1.946044057672665639, 18.80874540014410812, 52.55660982338189058 ) ) ;
#3718 = CIRCLE ( 'NONE', #1101, 0.9999999999999940048 ) ;
#3719 = ADVANCED_FACE ( 'NONE', ( #3657, #3290 ), #467, .F. ) ;
#3721 = ORIENTED_EDGE ( 'NONE', *, *, #1379, .F. ) ;
#3720 = EDGE_CURVE ( 'NONE', #5543, #906, #1916, .T. ) ;
#3722 = EDGE_CURVE ( 'NONE', #5517, #1335, #2769, .T. ) ;
#3723 = VERTEX_POINT ( 'NONE', #10 ) ;
#3724 = AXIS2_PLACEMENT_3D ( 'NONE', #1180, #4964, #3486 ) ;
#3725 = DIRECTION ( 'NONE',  ( 0.000000000000000000, 0.000000000000000000, -1.000000000000000000 ) ) ;
#3726 = DIRECTION ( 'NONE',  ( 0.000000000000000000, 0.000000000000000000, 1.000000000000000000 ) ) ;
#3727 = LINE ( 'NONE', #5507, #1169 ) ;
#3728 = CARTESIAN_POINT ( 'NONE',  ( 1.330599324127331506, -18.49261508384292085, 50.28752757684493702 ) ) ;
#3729 = VERTEX_POINT ( 'NONE', #1857 ) ;
#3730 = ORIENTED_EDGE ( 'NONE', *, *, #5454, .T. ) ;
#3731 = DIRECTION ( 'NONE',  ( 0.000000000000000000, 0.000000000000000000, 1.000000000000000000 ) ) ;
#3732 = ORIENTED_EDGE ( 'NONE', *, *, #2784, .F. ) ;
#3733 = DIRECTION ( 'NONE',  ( 0.000000000000000000, -1.000000000000000000, 0.000000000000000000 ) ) ;
#3734 = DIRECTION ( 'NONE',  ( 0.000000000000000000, 1.000000000000000000, 0.000000000000000000 ) ) ;
#3735 = ORIENTED_EDGE ( 'NONE', *, *, #2870, .F. ) ;
#3736 = ORIENTED_EDGE ( 'NONE', *, *, #2148, .F. ) ;
#3737 = ORIENTED_EDGE ( 'NONE', *, *, #3093, .T. ) ;
#3738 = LINE ( 'NONE', #2399, #3123 ) ;
#3739 = CARTESIAN_POINT ( 'NONE',  ( 12.00000000000000000, 26.39999999999999858, -58.50105008681759955 ) ) ;
#3740 = AXIS2_PLACEMENT_3D ( 'NONE', #5639, #2882, #91 ) ;
#3741 = FACE_OUTER_BOUND ( 'NONE', #1427, .T. ) ;
#3742 = ORIENTED_EDGE ( 'NONE', *, *, #3606, .T. ) ;
#3743 = CARTESIAN_POINT ( 'NONE',  ( 19.19999999999999929, -59.39363543471729656, 50.99844991318239806 ) ) ;
#3744 = CARTESIAN_POINT ( 'NONE',  ( 21.00000000000000000, 0.000000000000000000, 0.000000000000000000 ) ) ;
#3745 = EDGE_CURVE ( 'NONE', #2032, #607, #4179, .T. ) ;
#3746 = LINE ( 'NONE', #4770, #2724 ) ;
#3747 = CARTESIAN_POINT ( 'NONE',  ( 2.273459913550680778, 18.91051393297075478, 52.77089853517618678 ) ) ;
#3748 = ORIENTED_EDGE ( 'NONE', *, *, #47, .F. ) ;
#3749 = ORIENTED_EDGE ( 'NONE', *, *, #3524, .F. ) ;
#3750 = AXIS2_PLACEMENT_3D ( 'NONE', #5771, #3226, #4286 ) ;
#3751 = DIRECTION ( 'NONE',  ( 0.000000000000000000, 0.000000000000000000, -1.000000000000000000 ) ) ;
#3752 = AXIS2_PLACEMENT_3D ( 'NONE', #1376, #498, #3259 ) ;
#3753 = VECTOR ( 'NONE', #4219, 1000.000000000000000 ) ;
#3754 = CARTESIAN_POINT ( 'NONE',  ( 5.000000000000000000, 39.39999999999999858, -45.00105008681759955 ) ) ;
#3755 = CARTESIAN_POINT ( 'NONE',  ( 14.59774907794320065, 36.39999999999999858, -41.50105008681759955 ) ) ;
#3756 = ADVANCED_FACE ( 'NONE', ( #1105, #102 ), #229, .F. ) ;
#3757 = DIRECTION ( 'NONE',  ( 0.000000000000000000, -0.7071067811865470176, 0.7071067811865480168 ) ) ;
#3758 = ADVANCED_FACE ( 'NONE', ( #5168 ), #4384, .F. ) ;
#3759 = CARTESIAN_POINT ( 'NONE',  ( 1.698946335177580425, -18.70316632814356339, 49.67675714215841509 ) ) ;
#3760 = VECTOR ( 'NONE', #132, 1000.000000000000000 ) ;
#3761 = ORIENTED_EDGE ( 'NONE', *, *, #4495, .F. ) ;
#3762 = ORIENTED_EDGE ( 'NONE', *, *, #2378, .F. ) ;
#3763 = CARTESIAN_POINT ( 'NONE',  ( 16.23367503961910074, 30.90000000000000213, -55.69775008681769890 ) ) ;
#3764 = EDGE_LOOP ( 'NONE', ( #1204, #4156 ) ) ;
#3765 = EDGE_CURVE ( 'NONE', #5856, #1853, #402, .T. ) ;
#3766 = FACE_OUTER_BOUND ( 'NONE', #2417, .T. ) ;
#3767 = DIRECTION ( 'NONE',  ( 0.000000000000000000, 0.000000000000000000, 1.000000000000000000 ) ) ;
#3768 = EDGE_LOOP ( 'NONE', ( #2293, #3152, #4607, #1430 ) ) ;
#3769 = ORIENTED_EDGE ( 'NONE', *, *, #4119, .T. ) ;
#3770 = EDGE_LOOP ( 'NONE', ( #3814, #3666 ) ) ;
#3771 = FACE_OUTER_BOUND ( 'NONE', #736, .T. ) ;
#3772 = DIRECTION ( 'NONE',  ( 0.000000000000000000, 0.9396926207859080948, -0.3420201433256693235 ) ) ;
#3773 = LINE ( 'NONE', #3652, #3560 ) ;
#3774 = ORIENTED_EDGE ( 'NONE', *, *, #2668, .T. ) ;
#3775 = DIRECTION ( 'NONE',  ( 0.000000000000000000, 0.000000000000000000, -1.000000000000000000 ) ) ;
#3776 = DIRECTION ( 'NONE',  ( 0.000000000000000000, 1.000000000000000000, 0.000000000000000000 ) ) ;
#3777 = DIRECTION ( 'NONE',  ( 4.498928074410620196E-16, 0.000000000000000000, 1.000000000000000000 ) ) ;
#3778 = CARTESIAN_POINT ( 'NONE',  ( 2.082206187123752716, 18.85660728476467796, 52.65803369395197819 ) ) ;
#3779 = ORIENTED_EDGE ( 'NONE', *, *, #115, .T. ) ;
#3780 = EDGE_CURVE ( 'NONE', #2987, #2499, #4708, .T. ) ;
#3781 = EDGE_LOOP ( 'NONE', ( #5135, #587, #873, #1546 ) ) ;
#3782 = AXIS2_PLACEMENT_3D ( 'NONE', #815, #894, #2749 ) ;
#3783 = LINE ( 'NONE', #3848, #3917 ) ;
#3784 = LINE ( 'NONE', #1535, #5940 ) ;
#3785 = DIRECTION ( 'NONE',  ( 0.000000000000000000, 1.000000000000000000, 0.000000000000000000 ) ) ;
#3786 = DIRECTION ( 'NONE',  ( 0.000000000000000000, 0.000000000000000000, -1.000000000000000000 ) ) ;
#3787 = CARTESIAN_POINT ( 'NONE',  ( 1.662337277422228254, -18.68539566821493381, 49.71922273671909664 ) ) ;
#3788 = EDGE_CURVE ( 'NONE', #3157, #25, #1179, .T. ) ;
#3789 = EDGE_CURVE ( 'NONE', #5470, #4599, #5746, .T. ) ;
#3790 = ORIENTED_EDGE ( 'NONE', *, *, #4636, .F. ) ;
#3791 = FACE_OUTER_BOUND ( 'NONE', #5945, .T. ) ;
#3792 = DIRECTION ( 'NONE',  ( 0.000000000000000000, -2.478176394252580155E-16, 1.000000000000000000 ) ) ;
#3793 = DIRECTION ( 'NONE',  ( 0.000000000000000000, -1.000000000000000000, 0.000000000000000000 ) ) ;
#3794 = DIRECTION ( 'NONE',  ( 0.000000000000000000, 0.000000000000000000, -1.000000000000000000 ) ) ;
#3795 = AXIS2_PLACEMENT_3D ( 'NONE', #4240, #5271, #2965 ) ;
#3796 = CIRCLE ( 'NONE', #1466, 3.000000000000002665 ) ;
#3797 = ORIENTED_EDGE ( 'NONE', *, *, #46, .F. ) ;
#3798 = EDGE_CURVE ( 'NONE', #622, #5884, #4663, .T. ) ;
#3799 = EDGE_CURVE ( 'NONE', #5874, #1134, #1273, .T. ) ;
#3800 = ORIENTED_EDGE ( 'NONE', *, *, #1560, .F. ) ;
#3801 = ORIENTED_EDGE ( 'NONE', *, *, #5968, .F. ) ;
#3802 = AXIS2_PLACEMENT_3D ( 'NONE', #3743, #2502, #2958 ) ;
#3803 = PLANE ( 'NONE',  #4969 ) ;
#3804 = DIRECTION ( 'NONE',  ( 0.000000000000000000, 1.000000000000000000, -7.709882115452480139E-16 ) ) ;
#3805 = AXIS2_PLACEMENT_3D ( 'NONE', #2406, #3382, #44 ) ;
#3806 = DIRECTION ( 'NONE',  ( 0.000000000000000000, 0.000000000000000000, -1.000000000000000000 ) ) ;
#3807 = AXIS2_PLACEMENT_3D ( 'NONE', #3305, #1836, #3731 ) ;
#3808 = ORIENTED_EDGE ( 'NONE', *, *, #2791, .T. ) ;
#3809 = DIRECTION ( 'NONE',  ( 0.000000000000000000, -1.000000000000000000, 0.000000000000000000 ) ) ;
#3810 = CARTESIAN_POINT ( 'NONE',  ( 0.000000000000000000, -17.68092213764229825, -8.827310516794620199 ) ) ;
#3811 = CYLINDRICAL_SURFACE ( 'NONE', #5441, 1.999999999999994893 ) ;
#3812 = DIRECTION ( 'NONE',  ( -1.000000000000000000, 0.000000000000000000, 0.000000000000000000 ) ) ;
#3813 = AXIS2_PLACEMENT_3D ( 'NONE', #1442, #2807, #3359 ) ;
#3814 = ORIENTED_EDGE ( 'NONE', *, *, #5601, .F. ) ;
#3815 = FACE_BOUND ( 'NONE', #106, .T. ) ;
#3816 = CARTESIAN_POINT ( 'NONE',  ( 14.50000000000000000, 39.39999999999999858, -51.50105008681759955 ) ) ;
#3817 = CARTESIAN_POINT ( 'NONE',  ( 5.000000000000000000, 33.89999999999999858, -51.50105008681759955 ) ) ;
#3818 = AXIS2_PLACEMENT_3D ( 'NONE', #129, #578, #3868 ) ;
#3819 = LINE ( 'NONE', #178, #4844 ) ;
#3820 = CARTESIAN_POINT ( 'NONE',  ( 1.456457243713996430, -18.57249538792405730, 50.01849092252649598 ) ) ;
#3821 = APPROVAL_PERSON_ORGANIZATION ( #472, #1817, #1351 ) ;
#3822 = ORIENTED_EDGE ( 'NONE', *, *, #2938, .T. ) ;
#3823 = CIRCLE ( 'NONE', #3624, 1.999999999999994893 ) ;
#3824 = AXIS2_PLACEMENT_3D ( 'NONE', #5281, #5245, #88 ) ;
#3825 = ORIENTED_EDGE ( 'NONE', *, *, #5866, .F. ) ;
#3826 = CARTESIAN_POINT ( 'NONE',  ( 16.23367503961910074, 30.90000000000000213, -61.93475008681769367 ) ) ;
#3827 = DIRECTION ( 'NONE',  ( 0.000000000000000000, -1.000000000000000000, 0.000000000000000000 ) ) ;
#3828 = FACE_OUTER_BOUND ( 'NONE', #2063, .T. ) ;
#3829 = DIRECTION ( 'NONE',  ( 0.000000000000000000, 1.000000000000000000, 0.000000000000000000 ) ) ;
#3830 = AXIS2_PLACEMENT_3D ( 'NONE', #5931, #3269, #4658 ) ;
#3831 = ADVANCED_FACE ( 'NONE', ( #5714 ), #5261, .F. ) ;
#3832 = ORIENTED_EDGE ( 'NONE', *, *, #3162, .F. ) ;
#3833 = ORIENTED_EDGE ( 'NONE', *, *, #2091, .F. ) ;
#3834 = ORIENTED_EDGE ( 'NONE', *, *, #2382, .F. ) ;
#3835 = DIRECTION ( 'NONE',  ( 0.000000000000000000, 1.000000000000000000, 0.000000000000000000 ) ) ;
#3836 = LINE ( 'NONE', #2004, #898 ) ;
#3837 = DIRECTION ( 'NONE',  ( 0.000000000000000000, 1.000000000000000000, 0.000000000000000000 ) ) ;
#3838 = EDGE_CURVE ( 'NONE', #3530, #1371, #5438, .T. ) ;
#3839 = EDGE_CURVE ( 'NONE', #539, #5217, #3354, .T. ) ;
#3840 = CARTESIAN_POINT ( 'NONE',  ( 7.162924960380900430, -26.39999999999999858, -57.69775008681759942 ) ) ;
#3841 = ORIENTED_EDGE ( 'NONE', *, *, #4861, .F. ) ;
#3842 = DIRECTION ( 'NONE',  ( 0.000000000000000000, 0.000000000000000000, 1.000000000000000000 ) ) ;
#3843 = DIRECTION ( 'NONE',  ( 0.000000000000000000, 0.000000000000000000, 1.000000000000000000 ) ) ;
#3844 = CARTESIAN_POINT ( 'NONE',  ( 3.200000000000000178, -19.00000000000000000, 50.99844991318239806 ) ) ;
#3845 = DIRECTION ( 'NONE',  ( 0.000000000000000000, -1.000000000000000000, 0.000000000000000000 ) ) ;
#3846 = VECTOR ( 'NONE', #1087, 1000.000000000000000 ) ;
#3847 = ORIENTED_EDGE ( 'NONE', *, *, #2561, .F. ) ;
#3848 = CARTESIAN_POINT ( 'NONE',  ( 24.00000000000000000, 20.50000000000000000, -7.801250086817620222 ) ) ;
#3849 = LINE ( 'NONE', #2385, #1870 ) ;
#3850 = DIRECTION ( 'NONE',  ( 1.000000000000000000, 0.000000000000000000, 0.000000000000000000 ) ) ;
#3851 = DIRECTION ( 'NONE',  ( 0.000000000000000000, 0.7071067811865470176, -0.7071067811865480168 ) ) ;
#3852 = CARTESIAN_POINT ( 'NONE',  ( 1.539948301323380120, 18.62092422505779865, 49.88279166086503835 ) ) ;
#3853 = VERTEX_POINT ( 'NONE', #2404 ) ;
#3854 = AXIS2_PLACEMENT_3D ( 'NONE', #2106, #3966, #1651 ) ;
#3855 = AXIS2_PLACEMENT_3D ( 'NONE', #555, #1982, #3843 ) ;
#3856 = VECTOR ( 'NONE', #5606, 1000.000000000000000 ) ;
#3857 = EDGE_LOOP ( 'NONE', ( #155, #1511 ) ) ;
#3858 = DIRECTION ( 'NONE',  ( 0.000000000000000000, -1.000000000000000000, 0.000000000000000000 ) ) ;
#3859 = CARTESIAN_POINT ( 'NONE',  ( 3.000000000000000000, -33.89999999999999858, -58.50105008681759955 ) ) ;
#3860 = FACE_OUTER_BOUND ( 'NONE', #257, .T. ) ;
#3861 = CARTESIAN_POINT ( 'NONE',  ( 11.69829999999999970, -33.89999999999999858, -52.07925008681760204 ) ) ;
#3862 = AXIS2_PLACEMENT_3D ( 'NONE', #3932, #2431, #3806 ) ;
#3863 = ORIENTED_EDGE ( 'NONE', *, *, #1448, .F. ) ;
#3864 = ORIENTED_EDGE ( 'NONE', *, *, #5779, .F. ) ;
#3865 = EDGE_CURVE ( 'NONE', #3061, #1397, #1136, .T. ) ;
#3866 = ORIENTED_EDGE ( 'NONE', *, *, #2497, .T. ) ;
#3867 = DIRECTION ( 'NONE',  ( -1.000000000000000000, 0.000000000000000000, 0.000000000000000000 ) ) ;
#3868 = DIRECTION ( 'NONE',  ( 0.000000000000000000, 0.000000000000000000, 1.000000000000000000 ) ) ;
#3869 = CARTESIAN_POINT ( 'NONE',  ( 16.23367503961910074, 30.90000000000000213, -57.69775008681769890 ) ) ;
#3870 = DIRECTION ( 'NONE',  ( 0.000000000000000000, 0.000000000000000000, -1.000000000000000000 ) ) ;
#3871 = EDGE_CURVE ( 'NONE', #4516, #4390, #2527, .T. ) ;
#3872 = EDGE_CURVE ( 'NONE', #1761, #2080, #4225, .T. ) ;
#3873 = EDGE_LOOP ( 'NONE', ( #1620, #2239, #601, #4410 ) ) ;
#3874 = CARTESIAN_POINT ( 'NONE',  ( 21.00000000000000000, 11.84999999999999964, 23.99874991318240092 ) ) ;
#3875 = DIRECTION ( 'NONE',  ( 0.000000000000000000, 0.000000000000000000, 1.000000000000000000 ) ) ;
#3876 = DIRECTION ( 'NONE',  ( 0.000000000000000000, 0.000000000000000000, 1.000000000000000000 ) ) ;
#3877 = CARTESIAN_POINT ( 'NONE',  ( 9.821747027186221501, 33.89999999999999858, -45.00105008681759955 ) ) ;
#3878 = ADVANCED_FACE ( 'NONE', ( #682 ), #197, .F. ) ;
#3879 = ORIENTED_EDGE ( 'NONE', *, *, #1046, .T. ) ;
#3880 = DIRECTION ( 'NONE',  ( -0.000000000000000000, 1.000000000000000000, 0.000000000000000000 ) ) ;
#3881 = DIRECTION ( 'NONE',  ( -1.000000000000000000, 0.000000000000000000, 0.000000000000000000 ) ) ;
#3882 = CYLINDRICAL_SURFACE ( 'NONE', #3505, 1.000000000000000888 ) ;
#3883 = DIRECTION ( 'NONE',  ( 0.000000000000000000, -1.000000000000000000, 0.000000000000000000 ) ) ;
#3884 = DIRECTION ( 'NONE',  ( 0.000000000000000000, 0.000000000000000000, -1.000000000000000000 ) ) ;
#3885 = ORIENTED_EDGE ( 'NONE', *, *, #2123, .F. ) ;
#3886 = AXIS2_PLACEMENT_3D ( 'NONE', #3923, #3461, #1831 ) ;
#3887 = VERTEX_POINT ( 'NONE', #5686 ) ;
#3888 = CARTESIAN_POINT ( 'NONE',  ( 24.00000000000000000, 26.39999999999999858, -40.50105008681759955 ) ) ;
#3889 = CARTESIAN_POINT ( 'NONE',  ( 11.69829999999999970, 30.90000000000000213, -66.55325008681771237 ) ) ;
#3890 = CARTESIAN_POINT ( 'NONE',  ( 24.00000000000000000, -17.50000000000000000, -26.44373421647729927 ) ) ;
#3891 = CIRCLE ( 'NONE', #2814, 2.000000000000001776 ) ;
#3892 = DIRECTION ( 'NONE',  ( -1.000000000000000000, 0.000000000000000000, 0.000000000000000000 ) ) ;
#3893 = VERTEX_POINT ( 'NONE', #1529 ) ;
#3894 = ORIENTED_EDGE ( 'NONE', *, *, #1370, .T. ) ;
#3895 = FACE_OUTER_BOUND ( 'NONE', #4128, .T. ) ;
#3896 = LINE ( 'NONE', #4855, #2558 ) ;
#3897 = CARTESIAN_POINT ( 'NONE',  ( 21.15130999546450496, 18.99618214696464946, 50.55977210966845803 ) ) ;
#3898 = CARTESIAN_POINT ( 'NONE',  ( 3.200000000000000178, 19.00000000000000000, 50.99844991318239806 ) ) ;
#3899 = EDGE_CURVE ( 'NONE', #2132, #3206, #166, .T. ) ;
#3900 = VERTEX_POINT ( 'NONE', #2016 ) ;
#3901 = ORIENTED_EDGE ( 'NONE', *, *, #4862, .T. ) ;
#3902 = LINE ( 'NONE', #5806, #4082 ) ;
#3903 = DIRECTION ( 'NONE',  ( 0.000000000000000000, 1.000000000000000000, -2.478176394252580155E-16 ) ) ;
#3904 = DIRECTION ( 'NONE',  ( 0.000000000000000000, -1.000000000000000000, 0.000000000000000000 ) ) ;
#3905 = CARTESIAN_POINT ( 'NONE',  ( 16.23367503961910074, -30.90000000000000213, -56.69775008681769890 ) ) ;
#3906 = AXIS2_PLACEMENT_3D ( 'NONE', #3675, #5520, #1367 ) ;
#3907 = VERTEX_POINT ( 'NONE', #2531 ) ;
#3908 = CARTESIAN_POINT ( 'NONE',  ( 7.162924960380900430, 26.39999999999999858, -56.69775008681759942 ) ) ;
#3909 = LINE ( 'NONE', #722, #5269 ) ;
#3910 = FACE_BOUND ( 'NONE', #3764, .T. ) ;
#3911 = DIRECTION ( 'NONE',  ( 0.000000000000000000, 0.000000000000000000, 1.000000000000000000 ) ) ;
#3912 = FACE_OUTER_BOUND ( 'NONE', #2962, .T. ) ;
#3913 = EDGE_CURVE ( 'NONE', #4998, #1745, #5306, .T. ) ;
#3914 = EDGE_CURVE ( 'NONE', #1337, #1991, #1785, .T. ) ;
#3915 = EDGE_CURVE ( 'NONE', #904, #1639, #3130, .T. ) ;
#3916 = ORIENTED_EDGE ( 'NONE', *, *, #3002, .T. ) ;
#3917 = VECTOR ( 'NONE', #503, 1000.000000000000000 ) ;
#3918 = ORIENTED_EDGE ( 'NONE', *, *, #558, .T. ) ;
#3919 = CARTESIAN_POINT ( 'NONE',  ( 7.162924960380889772, -30.90000000000000213, -61.93475008681760130 ) ) ;
#3920 = CC_DESIGN_APPROVAL ( #1817, ( #3135 ) ) ;
#3921 = LINE ( 'NONE', #5183, #3142 ) ;
#3922 = AXIS2_PLACEMENT_3D ( 'NONE', #156, #3867, #5707 ) ;
#3923 = CARTESIAN_POINT ( 'NONE',  ( 7.162924960380900430, -30.90000000000000213, -56.69775008681759942 ) ) ;
#3924 = CARTESIAN_POINT ( 'NONE',  ( 24.00000000000000000, -26.39999999999999858, -70.50105008681758534 ) ) ;
#3925 = AXIS2_PLACEMENT_3D ( 'NONE', #4029, #812, #2548 ) ;
#3926 = ORIENTED_EDGE ( 'NONE', *, *, #3191, .F. ) ;
#3927 = VERTEX_POINT ( 'NONE', #822 ) ;
#3928 = CARTESIAN_POINT ( 'NONE',  ( 16.23367503961910074, 30.90000000000000213, -62.93475008681768657 ) ) ;
#3929 = DIRECTION ( 'NONE',  ( 0.000000000000000000, -1.000000000000000000, 0.000000000000000000 ) ) ;
#3930 = CIRCLE ( 'NONE', #5466, 1.999999999999994893 ) ;
#3931 = DIRECTION ( 'NONE',  ( 0.000000000000000000, 0.000000000000000000, -1.000000000000000000 ) ) ;
#3932 = CARTESIAN_POINT ( 'NONE',  ( 16.23367503961910074, -62.80109830120279923, -56.69775008681769890 ) ) ;
#3933 = VERTEX_POINT ( 'NONE', #5941 ) ;
#3934 = EDGE_LOOP ( 'NONE', ( #4148, #5409, #3395, #2072, #2276, #2604 ) ) ;
#3935 = FACE_OUTER_BOUND ( 'NONE', #2451, .T. ) ;
#3936 = CARTESIAN_POINT ( 'NONE',  ( 11.69829999999999970, 30.90000000000000213, -53.07925008681760204 ) ) ;
#3937 = LINE ( 'NONE', #5717, #2292 ) ;
#3938 = ORIENTED_EDGE ( 'NONE', *, *, #967, .F. ) ;
#3939 = DIRECTION ( 'NONE',  ( 0.000000000000000000, 1.000000000000000000, 0.000000000000000000 ) ) ;
#3940 = EDGE_CURVE ( 'NONE', #376, #4097, #902, .T. ) ;
#3941 = CARTESIAN_POINT ( 'NONE',  ( 21.00000000000000000, 8.849999999999999645, 48.99874991318240092 ) ) ;
#3942 = CARTESIAN_POINT ( 'NONE',  ( 7.162924960380900430, -33.89999999999999858, -56.69775008681759942 ) ) ;
#3943 = CARTESIAN_POINT ( 'NONE',  ( 0.9204929744203247388, 3.327979856604570117E-06, 14.16226489861829130 ) ) ;
#3944 = PLANE ( 'NONE',  #1316 ) ;
#3945 = CIRCLE ( 'NONE', #1624, 3.000000000000000000 ) ;
#3946 = EDGE_LOOP ( 'NONE', ( #772, #3989, #3864, #4774 ) ) ;
#3947 = ADVANCED_FACE ( 'NONE', ( #396 ), #3154, .F. ) ;
#3948 = ADVANCED_FACE ( 'NONE', ( #872 ), #5001, .F. ) ;
#3949 = ORIENTED_EDGE ( 'NONE', *, *, #966, .T. ) ;
#3950 = CARTESIAN_POINT ( 'NONE',  ( 23.43894401508847025, 0.0004555522406925094532, 13.74947122667253296 ) ) ;
#3951 = LINE ( 'NONE', #305, #1453 ) ;
#3952 = DIRECTION ( 'NONE',  ( 0.000000000000000000, 0.000000000000000000, -1.000000000000000000 ) ) ;
#3953 = ORIENTED_EDGE ( 'NONE', *, *, #4311, .F. ) ;
#3954 = EDGE_CURVE ( 'NONE', #1359, #4073, #3562, .T. ) ;
#3955 = EDGE_LOOP ( 'NONE', ( #1938, #309, #1993, #5067 ) ) ;
#3956 = CARTESIAN_POINT ( 'NONE',  ( 3.000000000000000000, -11.84999999999999964, 23.99874991318240092 ) ) ;
#3957 = ORIENTED_EDGE ( 'NONE', *, *, #5677, .T. ) ;
#3958 = VECTOR ( 'NONE', #1984, 1000.000000000000000 ) ;
#3959 = DIRECTION ( 'NONE',  ( 0.000000000000000000, 0.000000000000000000, -1.000000000000000000 ) ) ;
#3960 = VECTOR ( 'NONE', #2854, 1000.000000000000000 ) ;
#3961 = LINE ( 'NONE', #3472, #2500 ) ;
#3962 = ORIENTED_EDGE ( 'NONE', *, *, #3303, .T. ) ;
#3963 = ORIENTED_EDGE ( 'NONE', *, *, #2857, .T. ) ;
#3964 = CARTESIAN_POINT ( 'NONE',  ( 0.000000000000000000, 17.50000000000000000, 32.19874991318239665 ) ) ;
#3965 = FACE_OUTER_BOUND ( 'NONE', #3507, .T. ) ;
#3966 = DIRECTION ( 'NONE',  ( 0.000000000000000000, 0.000000000000000000, 1.000000000000000000 ) ) ;
#3967 = ORIENTED_EDGE ( 'NONE', *, *, #854, .T. ) ;
#3968 = CARTESIAN_POINT ( 'NONE',  ( 3.200000000000000622, -19.00000000000000000, 48.99844991318239806 ) ) ;
#3969 = DIRECTION ( 'NONE',  ( 0.000000000000000000, -1.000000000000000000, 0.000000000000000000 ) ) ;
#3970 = CYLINDRICAL_SURFACE ( 'NONE', #2224, 1.000000000000000888 ) ;
#3971 = CARTESIAN_POINT ( 'NONE',  ( 3.200000000000000178, 19.00000000000000000, 50.99844991318239806 ) ) ;
#3972 = EDGE_CURVE ( 'NONE', #5489, #4943, #538, .T. ) ;
#3973 = VERTEX_POINT ( 'NONE', #2695 ) ;
#3974 = ORIENTED_EDGE ( 'NONE', *, *, #1161, .F. ) ;
#3975 = CARTESIAN_POINT ( 'NONE',  ( 21.00000000000000000, 20.50000000000000000, -7.801250086817620222 ) ) ;
#3976 = DIRECTION ( 'NONE',  ( 0.000000000000000000, -1.000000000000000000, 0.000000000000000000 ) ) ;
#3977 = DIRECTION ( 'NONE',  ( 0.000000000000000000, 1.000000000000000000, 0.000000000000000000 ) ) ;
#3978 = VECTOR ( 'NONE', #28, 1000.000000000000000 ) ;
#3979 = PLANE ( 'NONE',  #936 ) ;
#3980 = EDGE_CURVE ( 'NONE', #1913, #5470, #373, .T. ) ;
#3981 = ORIENTED_EDGE ( 'NONE', *, *, #417, .T. ) ;
#3982 = EDGE_LOOP ( 'NONE', ( #4843, #1024 ) ) ;
#3983 = CIRCLE ( 'NONE', #1355, 1.000000000000000888 ) ;
#3984 = DIRECTION ( 'NONE',  ( 0.000000000000000000, 0.000000000000000000, 1.000000000000000000 ) ) ;
#3985 = ORIENTED_EDGE ( 'NONE', *, *, #1560, .T. ) ;
#3986 = PLANE ( 'NONE',  #4735 ) ;
#3987 = ADVANCED_FACE ( 'NONE', ( #2297 ), #3671, .F. ) ;
#3988 = ORIENTED_EDGE ( 'NONE', *, *, #2645, .T. ) ;
#3989 = ORIENTED_EDGE ( 'NONE', *, *, #4227, .F. ) ;
#3990 = DIRECTION ( 'NONE',  ( 0.000000000000000000, 0.000000000000000000, -1.000000000000000000 ) ) ;
#3991 = CARTESIAN_POINT ( 'NONE',  ( 13.27872615504569964, 36.38377351978320462, -41.50105008681759955 ) ) ;
#3992 = CIRCLE ( 'NONE', #977, 2.000000000000001776 ) ;
#3993 = AXIS2_PLACEMENT_3D ( 'NONE', #168, #2043, #3503 ) ;
#3994 = ORIENTED_EDGE ( 'NONE', *, *, #1259, .F. ) ;
#3995 = CIRCLE ( 'NONE', #3316, 0.9999999999999940048 ) ;
#3996 = DIRECTION ( 'NONE',  ( 0.000000000000000000, 0.000000000000000000, 1.000000000000000000 ) ) ;
#3997 = DIRECTION ( 'NONE',  ( 0.000000000000000000, 1.000000000000000000, 0.000000000000000000 ) ) ;
#3998 =( BOUNDED_CURVE ( )  B_SPLINE_CURVE ( 3, ( #5849, #3064, #1693, #4454 ),
 .UNSPECIFIED., .F., .F. ) 
 B_SPLINE_CURVE_WITH_KNOTS ( ( 4, 4 ),
 ( 4.712388980384687009, 6.283185307179586232 ),
 .UNSPECIFIED. ) 
 CURVE ( )  GEOMETRIC_REPRESENTATION_ITEM ( )  RATIONAL_B_SPLINE_CURVE ( ( 1.000000000000000000, 0.8047378541243643824, 0.8047378541243643824, 1.000000000000000000 ) ) 
 REPRESENTATION_ITEM ( '' )  );
#3999 = PLANE ( 'NONE',  #2322 ) ;
#4000 = AXIS2_PLACEMENT_3D ( 'NONE', #1042, #4681, #5228 ) ;
#4001 = CARTESIAN_POINT ( 'NONE',  ( 1.511931041638148621, 18.60497158221841474, 52.07130768387689557 ) ) ;
#4002 = VERTEX_POINT ( 'NONE', #5889 ) ;
#4003 = DIRECTION ( 'NONE',  ( -0.6427876096865380307, -0.7660444431189790127, 0.000000000000000000 ) ) ;
#4004 = CARTESIAN_POINT ( 'NONE',  ( 0.000000000000000000, -16.00000000000000000, 60.19874991318240376 ) ) ;
#4005 = CARTESIAN_POINT ( 'NONE',  ( 2.763577447703061463, -18.99285988639552158, 52.95421249462245328 ) ) ;
#4006 = CIRCLE ( 'NONE', #4195, 1.000000000000000888 ) ;
#4007 = ORIENTED_EDGE ( 'NONE', *, *, #4379, .F. ) ;
#4008 = EDGE_LOOP ( 'NONE', ( #3072, #1937, #5003, #123 ) ) ;
#4009 = FACE_OUTER_BOUND ( 'NONE', #2743, .T. ) ;
#4010 = ORIENTED_EDGE ( 'NONE', *, *, #1379, .T. ) ;
#4011 = ADVANCED_FACE ( 'NONE', ( #2723 ), #793, .F. ) ;
#4012 = CARTESIAN_POINT ( 'NONE',  ( 7.162924960380889772, -33.89999999999999858, -63.93475008681759419 ) ) ;
#4013 = DIRECTION ( 'NONE',  ( 0.000000000000000000, 0.000000000000000000, 1.000000000000000000 ) ) ;
#4014 = VERTEX_POINT ( 'NONE', #426 ) ;
#4015 = VECTOR ( 'NONE', #3792, 1000.000000000000000 ) ;
#4016 = ORIENTED_EDGE ( 'NONE', *, *, #4017, .T. ) ;
#4017 = EDGE_CURVE ( 'NONE', #4274, #1728, #3643, .T. ) ;
#4018 = ADVANCED_FACE ( 'NONE', ( #5914 ), #4573, .F. ) ;
#4019 = CARTESIAN_POINT ( 'NONE',  ( 24.00000000000000000, -26.39999999999999858, -40.50105008681759955 ) ) ;
#4020 = DIRECTION ( 'NONE',  ( 0.000000000000000000, -1.000000000000000000, 0.000000000000000000 ) ) ;
#4021 = DIRECTION ( 'NONE',  ( 0.000000000000000000, -1.000000000000000000, 0.000000000000000000 ) ) ;
#4022 = VECTOR ( 'NONE', #782, 1000.000000000000000 ) ;
#4023 = ORIENTED_EDGE ( 'NONE', *, *, #5961, .F. ) ;
#4024 = DIRECTION ( 'NONE',  ( 0.000000000000000000, -1.000000000000000000, 0.000000000000000000 ) ) ;
#4025 = DIRECTION ( 'NONE',  ( 0.000000000000000000, -1.000000000000000000, 0.000000000000000000 ) ) ;
#4026 = CARTESIAN_POINT ( 'NONE',  ( 0.3792726566974559121, -0.0003646231252643223611, 13.51186604120388246 ) ) ;
#4027 = CARTESIAN_POINT ( 'NONE',  ( 1.206118867319158294, 18.40478368219847027, 50.83900838224554519 ) ) ;
#4028 = EDGE_LOOP ( 'NONE', ( #413, #4641, #5578, #2686 ) ) ;
#4029 = CARTESIAN_POINT ( 'NONE',  ( 16.23367503961910074, -30.90000000000000213, -61.93475008681769367 ) ) ;
#4030 = CARTESIAN_POINT ( 'NONE',  ( 7.162924960380889772, -33.89999999999999858, -61.93475008681760130 ) ) ;
#4031 = CARTESIAN_POINT ( 'NONE',  ( 8.954742008979419410, 34.40170059361440025, -51.50105008681759955 ) ) ;
#4032 = CARTESIAN_POINT ( 'NONE',  ( 1.986373103344647895, -18.82355233718494603, 52.58814374894952692 ) ) ;
#4033 = EDGE_LOOP ( 'NONE', ( #3748, #3475, #94, #3306 ) ) ;
#4034 = EDGE_LOOP ( 'NONE', ( #739, #4439, #3131, #5076 ) ) ;
#4035 = CARTESIAN_POINT ( 'NONE',  ( 3.200000000000000178, -11.50000000000000000, 50.99844991318239806 ) ) ;
#4036 = ORIENTED_EDGE ( 'NONE', *, *, #4453, .F. ) ;
#4037 = CARTESIAN_POINT ( 'NONE',  ( 21.00000000000000000, -8.849999999999999645, 35.19874991318239665 ) ) ;
#4038 = CARTESIAN_POINT ( 'NONE',  ( 16.23367503961910074, 59.07554720026720219, -61.93475008681769367 ) ) ;
#4039 = EDGE_LOOP ( 'NONE', ( #1002, #4545, #5484, #3654 ) ) ;
#4040 = ADVANCED_FACE ( 'NONE', ( #2209 ), #1760, .T. ) ;
#4041 = AXIS2_PLACEMENT_3D ( 'NONE', #2590, #4441, #288 ) ;
#4042 = AXIS2_PLACEMENT_3D ( 'NONE', #1284, #771, #1227 ) ;
#4043 = EDGE_LOOP ( 'NONE', ( #2303, #3248, #2528, #5037 ) ) ;
#4044 = AXIS2_PLACEMENT_3D ( 'NONE', #2267, #2236, #5434 ) ;
#4045 = VECTOR ( 'NONE', #3368, 1000.000000000000000 ) ;
#4046 = FACE_OUTER_BOUND ( 'NONE', #262, .T. ) ;
#4047 = CARTESIAN_POINT ( 'NONE',  ( 21.00000000000000000, 19.00000000000000000, 32.19874991318239665 ) ) ;
#4048 = LINE ( 'NONE', #5894, #5690 ) ;
#4049 = AXIS2_PLACEMENT_3D ( 'NONE', #1882, #4582, #3222 ) ;
#4050 = ADVANCED_FACE ( 'NONE', ( #5058 ), #4494, .F. ) ;
#4051 = VERTEX_POINT ( 'NONE', #4945 ) ;
#4052 = DIRECTION ( 'NONE',  ( 0.000000000000000000, 1.000000000000000000, -2.891205793294680298E-16 ) ) ;
#4053 = FACE_OUTER_BOUND ( 'NONE', #117, .T. ) ;
#4054 = DIRECTION ( 'NONE',  ( -1.000000000000000000, 0.000000000000000000, 0.000000000000000000 ) ) ;
#4055 = CARTESIAN_POINT ( 'NONE',  ( 1.433902826460678792, 18.55907013592828037, 50.05794940160500062 ) ) ;
#4056 = EDGE_CURVE ( 'NONE', #3561, #1388, #5400, .T. ) ;
#4057 = VERTEX_POINT ( 'NONE', #482 ) ;
#4058 = DIRECTION ( 'NONE',  ( 0.000000000000000000, 1.000000000000000000, 0.000000000000000000 ) ) ;
#4059 = CARTESIAN_POINT ( 'NONE',  ( 3.200000000000000178, 11.50000000000000000, 51.99844991318239806 ) ) ;
#4060 = DIRECTION ( 'NONE',  ( 0.000000000000000000, 0.000000000000000000, 1.000000000000000000 ) ) ;
#4061 = CARTESIAN_POINT ( 'NONE',  ( 1.433902826490301319, -18.55907013594979560, 51.93895042481544522 ) ) ;
#4062 = ORIENTED_EDGE ( 'NONE', *, *, #2676, .T. ) ;
#4063 = DIRECTION ( 'NONE',  ( 0.000000000000000000, 0.000000000000000000, -1.000000000000000000 ) ) ;
#4064 = ORIENTED_EDGE ( 'NONE', *, *, #5241, .F. ) ;
#4065 = LINE ( 'NONE', #2181, #2775 ) ;
#4066 = DIRECTION ( 'NONE',  ( 0.000000000000000000, -1.000000000000000000, -2.275047181608930109E-16 ) ) ;
#4067 = ORIENTED_EDGE ( 'NONE', *, *, #4852, .T. ) ;
#4068 = ORIENTED_EDGE ( 'NONE', *, *, #4753, .T. ) ;
#4069 = FACE_OUTER_BOUND ( 'NONE', #4280, .T. ) ;
#4070 = EDGE_CURVE ( 'NONE', #1944, #5990, #4238, .T. ) ;
#4071 = AXIS2_PLACEMENT_3D ( 'NONE', #1020, #4720, #4268 ) ;
#4072 = CARTESIAN_POINT ( 'NONE',  ( 3.000000000000000000, 8.849999999999999645, 23.99874991318240092 ) ) ;
#4073 = VERTEX_POINT ( 'NONE', #1057 ) ;
#4074 = FACE_OUTER_BOUND ( 'NONE', #4870, .T. ) ;
#4075 = FACE_OUTER_BOUND ( 'NONE', #3626, .T. ) ;
#4076 = ADVANCED_FACE ( 'NONE', ( #2363, #5215 ), #2789, .F. ) ;
#4077 = LINE ( 'NONE', #3659, #3028 ) ;
#4078 = VECTOR ( 'NONE', #4807, 1000.000000000000000 ) ;
#4079 = CARTESIAN_POINT ( 'NONE',  ( 1.341172392662251855, 18.49983552086612804, 50.26032566829318426 ) ) ;
#4080 = AXIS2_PLACEMENT_3D ( 'NONE', #3565, #4020, #5864 ) ;
#4081 = ORIENTED_EDGE ( 'NONE', *, *, #2891, .F. ) ;
#4082 = VECTOR ( 'NONE', #5354, 1000.000000000000000 ) ;
#4083 = VECTOR ( 'NONE', #585, 1000.000000000000000 ) ;
#4084 = DATE_AND_TIME ( #4114, #617 ) ;
#4085 = CARTESIAN_POINT ( 'NONE',  ( 21.00000000000000000, -6.803368632346539535E-15, 15.00000000000000000 ) ) ;
#4086 = EDGE_CURVE ( 'NONE', #4099, #891, #367, .T. ) ;
#4087 = EDGE_CURVE ( 'NONE', #4057, #4799, #2328, .T. ) ;
#4088 = CARTESIAN_POINT ( 'NONE',  ( 19.19999999999999929, 16.35000000000000142, 48.99844991318239806 ) ) ;
#4089 = EDGE_CURVE ( 'NONE', #1518, #3853, #3945, .T. ) ;
#4090 = CARTESIAN_POINT ( 'NONE',  ( 1.776898305305960157, -18.73929466073983718, 52.40381893057399054 ) ) ;
#4091 = AXIS2_PLACEMENT_3D ( 'NONE', #3956, #4762, #2098 ) ;
#4092 = EDGE_LOOP ( 'NONE', ( #5652, #1001, #1218, #2513 ) ) ;
#4093 = FACE_OUTER_BOUND ( 'NONE', #4199, .T. ) ;
#4094 = ORIENTED_EDGE ( 'NONE', *, *, #4227, .T. ) ;
#4095 = CARTESIAN_POINT ( 'NONE',  ( 24.00000000000000000, -6.828427124746190735, 44.19874991318239665 ) ) ;
#4096 = DIRECTION ( 'NONE',  ( 0.000000000000000000, 0.000000000000000000, -1.000000000000000000 ) ) ;
#4097 = VERTEX_POINT ( 'NONE', #965 ) ;
#4098 = ORIENTED_EDGE ( 'NONE', *, *, #2668, .F. ) ;
#4099 = VERTEX_POINT ( 'NONE', #1876 ) ;
#4100 = DIRECTION ( 'NONE',  ( -0.000000000000000000, 0.9396926207859082059, 0.3420201433256691015 ) ) ;
#4101 = FACE_BOUND ( 'NONE', #5767, .T. ) ;
#4102 = CIRCLE ( 'NONE', #4974, 2.000000000000001776 ) ;
#4103 = VECTOR ( 'NONE', #4963, 1000.000000000000000 ) ;
#4104 = ORIENTED_EDGE ( 'NONE', *, *, #194, .F. ) ;
#4105 = DIRECTION ( 'NONE',  ( 0.000000000000000000, 0.000000000000000000, -1.000000000000000000 ) ) ;
#4106 = DIRECTION ( 'NONE',  ( 0.000000000000000000, -1.000000000000000000, -2.478176394252580155E-16 ) ) ;
#4107 = LINE ( 'NONE', #3257, #3312 ) ;
#4108 = MANIFOLD_SOLID_BREP ( 'Under_arm.stp<1>', #2079 ) ;
#4109 = VECTOR ( 'NONE', #955, 1000.000000000000000 ) ;
#4110 = DIRECTION ( 'NONE',  ( 0.000000000000000000, 1.000000000000000000, 0.000000000000000000 ) ) ;
#4111 = CARTESIAN_POINT ( 'NONE',  ( 1.468592840994635385, 18.57974074698816480, 51.99980697090742154 ) ) ;
#4112 = ORIENTED_EDGE ( 'NONE', *, *, #5866, .T. ) ;
#4113 = EDGE_CURVE ( 'NONE', #1357, #5442, #172, .T. ) ;
#4114 = CALENDAR_DATE ( 2026, 22, 5 ) ;
#4115 = CYLINDRICAL_SURFACE ( 'NONE', #3342, 2.000000000000001776 ) ;
#4116 = CARTESIAN_POINT ( 'NONE',  ( 11.69829999999999970, 33.89999999999999858, -64.55325008681771237 ) ) ;
#4117 = CYLINDRICAL_SURFACE ( 'NONE', #3252, 8.999999999999998224 ) ;
#4118 = EDGE_CURVE ( 'NONE', #278, #2185, #1611, .T. ) ;
#4119 = EDGE_CURVE ( 'NONE', #440, #370, #572, .T. ) ;
#4120 = ORIENTED_EDGE ( 'NONE', *, *, #3677, .F. ) ;
#4121 = DIRECTION ( 'NONE',  ( 0.000000000000000000, 0.000000000000000000, 1.000000000000000000 ) ) ;
#4122 = VERTEX_POINT ( 'NONE', #3308 ) ;
#4123 = DIRECTION ( 'NONE',  ( 0.000000000000000000, 1.000000000000000000, 0.000000000000000000 ) ) ;
#4124 = CARTESIAN_POINT ( 'NONE',  ( 12.00000000000000000, -33.89999999999999858, -58.50105008681759955 ) ) ;
#4125 = AXIS2_PLACEMENT_3D ( 'NONE', #2584, #5283, #2946 ) ;
#4126 = VERTEX_POINT ( 'NONE', #4755 ) ;
#4127 = EDGE_CURVE ( 'NONE', #1820, #1891, #5789, .T. ) ;
#4128 = EDGE_LOOP ( 'NONE', ( #2612, #2892, #518, #133 ) ) ;
#4129 = VERTEX_POINT ( 'NONE', #2913 ) ;
#4130 = CYLINDRICAL_SURFACE ( 'NONE', #2651, 1.000000000000000888 ) ;
#4131 = DIRECTION ( 'NONE',  ( 0.000000000000000000, 0.000000000000000000, -1.000000000000000000 ) ) ;
#4132 = CARTESIAN_POINT ( 'NONE',  ( 16.23367503961910074, -62.80109830120279923, -55.69775008681769890 ) ) ;
#4133 = AXIS2_PLACEMENT_3D ( 'NONE', #2818, #2362, #5913 ) ;
#4134 = ORIENTED_EDGE ( 'NONE', *, *, #1037, .T. ) ;
#4135 = DIRECTION ( 'NONE',  ( 0.000000000000000000, 1.000000000000000000, 0.000000000000000000 ) ) ;
#4136 = CARTESIAN_POINT ( 'NONE',  ( 20.00000000000000000, 33.89999999999999858, -51.50105008681759955 ) ) ;
#4137 = DIRECTION ( 'NONE',  ( 0.000000000000000000, 1.000000000000000000, 0.000000000000000000 ) ) ;
#4138 = VECTOR ( 'NONE', #293, 1000.000000000000000 ) ;
#4139 = CARTESIAN_POINT ( 'NONE',  ( 7.162924960380900430, -62.75933672306680222, -56.69775008681759942 ) ) ;
#4140 = CARTESIAN_POINT ( 'NONE',  ( 1.974492379286070909, 18.81925544123971505, 52.57900037291978634 ) ) ;
#4141 = EDGE_LOOP ( 'NONE', ( #2696, #720 ) ) ;
#4142 = ORIENTED_EDGE ( 'NONE', *, *, #5935, .T. ) ;
#4143 = CALENDAR_DATE ( 2026, 22, 5 ) ;
#4144 = CARTESIAN_POINT ( 'NONE',  ( 22.83748359034017739, -0.0005889144918702117221, 14.40470994415597694 ) ) ;
#4145 = DIRECTION ( 'NONE',  ( 1.000000000000000000, 0.000000000000000000, 0.000000000000000000 ) ) ;
#4146 = CARTESIAN_POINT ( 'NONE',  ( 1.534340959935429405, -18.61811995653645724, 49.88976982940842220 ) ) ;
#4147 = EDGE_CURVE ( 'NONE', #1171, #2110, #5152, .T. ) ;
#4148 = ORIENTED_EDGE ( 'NONE', *, *, #4600, .F. ) ;
#4149 = ORIENTED_EDGE ( 'NONE', *, *, #2459, .T. ) ;
#4150 = CARTESIAN_POINT ( 'NONE',  ( 0.02048661691208399777, -11.50000000000000000, 48.99874991318240092 ) ) ;
#4151 = CARTESIAN_POINT ( 'NONE',  ( 16.23367503961910074, 33.89999999999999858, -61.93475008681769367 ) ) ;
#4152 = DIRECTION ( 'NONE',  ( -0.000000000000000000, 1.000000000000000000, 0.000000000000000000 ) ) ;
#4153 = EDGE_CURVE ( 'NONE', #4599, #1614, #4717, .T. ) ;
#4154 = ORIENTED_EDGE ( 'NONE', *, *, #3577, .T. ) ;
#4155 = ORIENTED_EDGE ( 'NONE', *, *, #3708, .F. ) ;
#4156 = ORIENTED_EDGE ( 'NONE', *, *, #1267, .F. ) ;
#4157 = CARTESIAN_POINT ( 'NONE',  ( 11.69829999999999970, -30.90000000000000213, -63.55325008681771237 ) ) ;
#4158 = CARTESIAN_POINT ( 'NONE',  ( 14.04477059816469975, 35.74098591009670400, -51.50105008681759955 ) ) ;
#4159 = EDGE_CURVE ( 'NONE', #399, #2314, #1393, .T. ) ;
#4160 = EDGE_CURVE ( 'NONE', #1053, #918, #3369, .T. ) ;
#4161 = EDGE_CURVE ( 'NONE', #5572, #2097, #353, .T. ) ;
#4162 = DIRECTION ( 'NONE',  ( 0.000000000000000000, 1.000000000000000000, 0.000000000000000000 ) ) ;
#4163 = CIRCLE ( 'NONE', #4546, 0.9999999999999991118 ) ;
#4164 = ORIENTED_EDGE ( 'NONE', *, *, #2784, .T. ) ;
#4165 = VECTOR ( 'NONE', #207, 1000.000000000000000 ) ;
#4166 = CARTESIAN_POINT ( 'NONE',  ( 16.23367503961910074, -33.89999999999999858, -61.93475008681769367 ) ) ;
#4167 = LINE ( 'NONE', #5499, #1943 ) ;
#4168 = CARTESIAN_POINT ( 'NONE',  ( 19.19999999999999929, 11.50000000000000000, 51.99844991318239806 ) ) ;
#4169 = CYLINDRICAL_SURFACE ( 'NONE', #5910, 1.000000000000000888 ) ;
#4170 = CARTESIAN_POINT ( 'NONE',  ( 0.000000000000000000, -26.39999999999999858, -70.50105008681758534 ) ) ;
#4171 = ORIENTED_EDGE ( 'NONE', *, *, #4645, .T. ) ;
#4172 = VERTEX_POINT ( 'NONE', #1485 ) ;
#4173 = DIRECTION ( 'NONE',  ( 0.000000000000000000, 0.000000000000000000, 1.000000000000000000 ) ) ;
#4174 = SHAPE_DEFINITION_REPRESENTATION ( #5220, #958 ) ;
#4175 = CARTESIAN_POINT ( 'NONE',  ( 11.69829999999999970, -55.92897372223750097, -63.55325008681771237 ) ) ;
#4176 = CYLINDRICAL_SURFACE ( 'NONE', #2907, 2.000000000000001776 ) ;
#4177 = CARTESIAN_POINT ( 'NONE',  ( 1.241447971468988776, -18.43054208432129215, 51.40377100714130876 ) ) ;
#4178 = CIRCLE ( 'NONE', #3207, 1.000000000000000888 ) ;
#4179 = CIRCLE ( 'NONE', #212, 1.000000000000000888 ) ;
#4180 = VERTEX_POINT ( 'NONE', #5670 ) ;
#4181 = DIRECTION ( 'NONE',  ( 0.000000000000000000, 0.000000000000000000, -1.000000000000000000 ) ) ;
#4182 = ORIENTED_EDGE ( 'NONE', *, *, #276, .F. ) ;
#4183 = CARTESIAN_POINT ( 'NONE',  ( 11.69829999999999970, 56.59965550259200029, -63.55325008681771237 ) ) ;
#4184 = CARTESIAN_POINT ( 'NONE',  ( 24.00000000000000000, 20.50000000000000000, 32.19874991318239665 ) ) ;
#4185 = AXIS2_PLACEMENT_3D ( 'NONE', #4997, #1248, #2206 ) ;
#4186 =( BOUNDED_CURVE ( )  B_SPLINE_CURVE ( 3, ( #2348, #623, #3296, #5234 ),
 .UNSPECIFIED., .F., .F. ) 
 B_SPLINE_CURVE_WITH_KNOTS ( ( 4, 4 ),
 ( 4.712388980384689674, 6.283185307179586232 ),
 .UNSPECIFIED. ) 
 CURVE ( )  GEOMETRIC_REPRESENTATION_ITEM ( )  RATIONAL_B_SPLINE_CURVE ( ( 1.000000000000000000, 0.8047378541243649375, 0.8047378541243649375, 1.000000000000000000 ) ) 
 REPRESENTATION_ITEM ( '' )  );
#4187 = EDGE_LOOP ( 'NONE', ( #790, #3985 ) ) ;
#4188 = EDGE_LOOP ( 'NONE', ( #1781, #5116, #3769, #5616 ) ) ;
#4189 = AXIS2_PLACEMENT_3D ( 'NONE', #2816, #2755, #3179 ) ;
#4190 = EDGE_CURVE ( 'NONE', #344, #2151, #1028, .T. ) ;
#4191 = ORIENTED_EDGE ( 'NONE', *, *, #5418, .F. ) ;
#4192 = FACE_BOUND ( 'NONE', #2885, .T. ) ;
#4193 = DIRECTION ( 'NONE',  ( 0.000000000000000000, -1.000000000000000000, 0.000000000000000000 ) ) ;
#4194 = DIRECTION ( 'NONE',  ( -1.000000000000000000, 0.000000000000000000, 0.000000000000000000 ) ) ;
#4195 = AXIS2_PLACEMENT_3D ( 'NONE', #1736, #3939, #4948 ) ;
#4196 = EDGE_CURVE ( 'NONE', #1171, #4220, #5292, .T. ) ;
#4197 = ADVANCED_FACE ( 'NONE', ( #5089, #933, #3462, #4434, #2518, #1665, #1216, #1182 ), #3434, .F. ) ;
#4198 = EDGE_CURVE ( 'NONE', #4214, #5551, #4993, .T. ) ;
#4199 = EDGE_LOOP ( 'NONE', ( #3525, #1700, #4961, #3674 ) ) ;
#4200 = VECTOR ( 'NONE', #2588, 1000.000000000000000 ) ;
#4201 = CARTESIAN_POINT ( 'NONE',  ( 21.09990055033384948, -18.99875335411090305, 51.66212567967190239 ) ) ;
#4202 = CARTESIAN_POINT ( 'NONE',  ( 11.69829999999999970, -30.90000000000000213, -64.55325008681771237 ) ) ;
#4203 = DIRECTION ( 'NONE',  ( 0.000000000000000000, -1.000000000000000000, 0.000000000000000000 ) ) ;
#4204 = LINE ( 'NONE', #2837, #5880 ) ;
#4205 = PRODUCT ( 'Under_arm.stp', 'Under_arm.stp', '', ( #3173 ) ) ;
#4206 = VECTOR ( 'NONE', #755, 1000.000000000000000 ) ;
#4207 = ORIENTED_EDGE ( 'NONE', *, *, #167, .T. ) ;
#4208 = ORIENTED_EDGE ( 'NONE', *, *, #5901, .F. ) ;
#4209 = CARTESIAN_POINT ( 'NONE',  ( 24.00000000000000000, -6.828427124746190735, 52.19874991318240376 ) ) ;
#4210 = DIRECTION ( 'NONE',  ( 0.000000000000000000, 1.000000000000000000, 0.000000000000000000 ) ) ;
#4211 = DIRECTION ( 'NONE',  ( 0.000000000000000000, 0.000000000000000000, 1.000000000000000000 ) ) ;
#4212 = DIRECTION ( 'NONE',  ( 1.000000000000000000, 0.000000000000000000, 0.000000000000000000 ) ) ;
#4213 = CARTESIAN_POINT ( 'NONE',  ( 1.687562342205806809, -18.69769484244137203, 49.68972539225298846 ) ) ;
#4214 = VERTEX_POINT ( 'NONE', #4788 ) ;
#4215 = EDGE_LOOP ( 'NONE', ( #501, #5665 ) ) ;
#4216 = CARTESIAN_POINT ( 'NONE',  ( 11.69829999999999970, -30.90000000000000213, -52.07925008681760204 ) ) ;
#4217 = ORIENTED_EDGE ( 'NONE', *, *, #4351, .F. ) ;
#4218 = PLANE ( 'NONE',  #345 ) ;
#4219 = DIRECTION ( 'NONE',  ( -1.000000000000000000, 0.000000000000000000, 0.000000000000000000 ) ) ;
#4220 = VERTEX_POINT ( 'NONE', #3861 ) ;
#4221 = ORIENTED_EDGE ( 'NONE', *, *, #2246, .T. ) ;
#4222 = ORIENTED_EDGE ( 'NONE', *, *, #3413, .T. ) ;
#4223 = DIRECTION ( 'NONE',  ( 0.000000000000000000, 1.000000000000000000, -2.478176394252580155E-16 ) ) ;
#4224 = CARTESIAN_POINT ( 'NONE',  ( 24.00000000000000000, -18.79385241571819876, -19.60333134996399806 ) ) ;
#4225 = CIRCLE ( 'NONE', #2197, 1.000000000000000888 ) ;
#4226 = DIRECTION ( 'NONE',  ( 0.000000000000000000, 0.000000000000000000, 1.000000000000000000 ) ) ;
#4227 = EDGE_CURVE ( 'NONE', #582, #500, #1122, .T. ) ;
#4228 = ORIENTED_EDGE ( 'NONE', *, *, #2703, .F. ) ;
#4229 = CARTESIAN_POINT ( 'NONE',  ( 21.15200049047721720, -18.99614737974770406, 51.43401827397187276 ) ) ;
#4230 = DIRECTION ( 'NONE',  ( 0.000000000000000000, 0.000000000000000000, 1.000000000000000000 ) ) ;
#4231 = FACE_BOUND ( 'NONE', #5304, .T. ) ;
#4232 = DIRECTION ( 'NONE',  ( 0.000000000000000000, 1.000000000000000000, 0.000000000000000000 ) ) ;
#4233 = ADVANCED_FACE ( 'NONE', ( #5339 ), #3979, .F. ) ;
#4234 = ORIENTED_EDGE ( 'NONE', *, *, #3899, .F. ) ;
#4235 = EDGE_LOOP ( 'NONE', ( #686, #3277, #5435, #471 ) ) ;
#4236 = DIRECTION ( 'NONE',  ( 0.000000000000000000, 0.000000000000000000, 1.000000000000000000 ) ) ;
#4237 = VECTOR ( 'NONE', #3109, 1000.000000000000000 ) ;
#4238 = CIRCLE ( 'NONE', #1719, 2.000000000000001776 ) ;
#4239 = DIRECTION ( 'NONE',  ( 0.000000000000000000, 1.734723475976809806E-16, -1.000000000000000000 ) ) ;
#4240 = CARTESIAN_POINT ( 'NONE',  ( 24.00000000000000000, 6.828427124746180077, 52.19874991318240376 ) ) ;
#4241 = CARTESIAN_POINT ( 'NONE',  ( 16.23367503961910074, 33.89999999999999858, -59.93475008681769367 ) ) ;
#4242 = CARTESIAN_POINT ( 'NONE',  ( 1.433053972315149416, -18.55838061413490792, 50.06092892637319380 ) ) ;
#4243 = ADVANCED_FACE ( 'NONE', ( #4371 ), #5766, .F. ) ;
#4244 = VECTOR ( 'NONE', #5223, 1000.000000000000000 ) ;
#4245 = ORIENTED_EDGE ( 'NONE', *, *, #5861, .T. ) ;
#4246 = EDGE_LOOP ( 'NONE', ( #5333, #3209, #1280, #3742, #5962, #609, #1394, #843, #4314, #16, #4569, #1178 ) ) ;
#4247 = CYLINDRICAL_SURFACE ( 'NONE', #5541, 1.000000000000000888 ) ;
#4248 = DIRECTION ( 'NONE',  ( 0.000000000000000000, 0.000000000000000000, -1.000000000000000000 ) ) ;
#4249 = DIRECTION ( 'NONE',  ( 0.000000000000000000, 0.000000000000000000, -1.000000000000000000 ) ) ;
#4250 = DIRECTION ( 'NONE',  ( 0.000000000000000000, 0.000000000000000000, 1.000000000000000000 ) ) ;
#4251 = ORIENTED_EDGE ( 'NONE', *, *, #3872, .F. ) ;
#4252 = ORIENTED_EDGE ( 'NONE', *, *, #2773, .F. ) ;
#4253 = ORIENTED_EDGE ( 'NONE', *, *, #1570, .F. ) ;
#4254 = CARTESIAN_POINT ( 'NONE',  ( 21.00000000000000000, -17.50000000000000000, -26.44373421647729927 ) ) ;
#4255 = DIRECTION ( 'NONE',  ( 0.000000000000000000, 0.000000000000000000, 1.000000000000000000 ) ) ;
#4256 = ORIENTED_EDGE ( 'NONE', *, *, #1969, .T. ) ;
#4257 = EDGE_CURVE ( 'NONE', #247, #769, #1707, .T. ) ;
#4258 = AXIS2_PLACEMENT_3D ( 'NONE', #3670, #1809, #5485 ) ;
#4259 = FACE_OUTER_BOUND ( 'NONE', #1239, .T. ) ;
#4260 = DIRECTION ( 'NONE',  ( 1.000000000000000000, 0.000000000000000000, 0.000000000000000000 ) ) ;
#4261 = FACE_OUTER_BOUND ( 'NONE', #255, .T. ) ;
#4262 = DIRECTION ( 'NONE',  ( 0.000000000000000000, 0.000000000000000000, 1.000000000000000000 ) ) ;
#4263 = ORIENTED_EDGE ( 'NONE', *, *, #3192, .F. ) ;
#4264 = AXIS2_PLACEMENT_3D ( 'NONE', #2663, #2203, #5569 ) ;
#4265 = DIRECTION ( 'NONE',  ( 0.000000000000000000, -1.000000000000000000, 0.000000000000000000 ) ) ;
#4266 = EDGE_CURVE ( 'NONE', #986, #5890, #161, .T. ) ;
#4267 = LINE ( 'NONE', #1113, #1659 ) ;
#4268 = DIRECTION ( 'NONE',  ( -1.000000000000000000, 0.000000000000000000, 0.000000000000000000 ) ) ;
#4269 = CARTESIAN_POINT ( 'NONE',  ( 1.209561637949144508, -18.40781274537010503, 50.76684377831240624 ) ) ;
#4270 = ORIENTED_EDGE ( 'NONE', *, *, #419, .T. ) ;
#4271 = EDGE_CURVE ( 'NONE', #823, #3686, #216, .T. ) ;
#4272 = ADVANCED_FACE ( 'NONE', ( #253 ), #2094, .F. ) ;
#4273 = EDGE_CURVE ( 'NONE', #5874, #5242, #4426, .T. ) ;
#4274 = VERTEX_POINT ( 'NONE', #3067 ) ;
#4275 = CARTESIAN_POINT ( 'NONE',  ( 7.162924960380889772, 59.02920452126389961, -61.93475008681760130 ) ) ;
#4276 = CARTESIAN_POINT ( 'NONE',  ( 24.00000000000000000, 1.171572875253809931, 44.19874991318239665 ) ) ;
#4277 = CARTESIAN_POINT ( 'NONE',  ( 11.69829999999999970, -33.89999999999999858, -59.34215422574949628 ) ) ;
#4278 = DIRECTION ( 'NONE',  ( 0.000000000000000000, 1.000000000000000000, 0.000000000000000000 ) ) ;
#4279 = VECTOR ( 'NONE', #5748, 1000.000000000000000 ) ;
#4280 = EDGE_LOOP ( 'NONE', ( #668, #3115 ) ) ;
#4281 = ORIENTED_EDGE ( 'NONE', *, *, #3053, .T. ) ;
#4282 = VERTEX_POINT ( 'NONE', #2485 ) ;
#4283 = CIRCLE ( 'NONE', #405, 1.000000000000000888 ) ;
#4284 = CARTESIAN_POINT ( 'NONE',  ( 16.23367503961910074, 59.07554720026720219, -60.93475008681769367 ) ) ;
#4285 = CARTESIAN_POINT ( 'NONE',  ( 16.23367503961910074, -62.80109830120279923, -57.69775008681769890 ) ) ;
#4286 = DIRECTION ( 'NONE',  ( 0.000000000000000000, 0.000000000000000000, 1.000000000000000000 ) ) ;
#4287 = AXIS2_PLACEMENT_3D ( 'NONE', #2895, #1168, #3447 ) ;
#4288 = DIRECTION ( 'NONE',  ( 0.000000000000000000, 1.000000000000000000, 0.000000000000000000 ) ) ;
#4289 = TOROIDAL_SURFACE ( 'NONE', #2727, 12.00000000000000000, 3.000000000000000000 ) ;
#4290 = VERTEX_POINT ( 'NONE', #4340 ) ;
#4291 = CARTESIAN_POINT ( 'NONE',  ( 7.162924960380900430, -33.89999999999999858, -54.69775008681759942 ) ) ;
#4292 = CARTESIAN_POINT ( 'NONE',  ( 7.162924960380900430, 26.39999999999999858, -56.69775008681759942 ) ) ;
#4293 = PLANE ( 'NONE',  #4564 ) ;
#4294 = LINE ( 'NONE', #5657, #3958 ) ;
#4295 = AXIS2_PLACEMENT_3D ( 'NONE', #2474, #1534, #4236 ) ;
#4296 = ORIENTED_EDGE ( 'NONE', *, *, #3011, .T. ) ;
#4297 = DIRECTION ( 'NONE',  ( 0.000000000000000000, -1.000000000000000000, 0.000000000000000000 ) ) ;
#4298 = FACE_OUTER_BOUND ( 'NONE', #1058, .T. ) ;
#4299 = CARTESIAN_POINT ( 'NONE',  ( 19.19999999999999929, 19.00000000000000000, 50.99844991318239806 ) ) ;
#4300 = LINE ( 'NONE', #563, #687 ) ;
#4301 = CARTESIAN_POINT ( 'NONE',  ( 3.000000000000000000, 19.00000000000000000, 52.98842478739560136 ) ) ;
#4302 = ADVANCED_FACE ( 'NONE', ( #4910 ), #4308, .T. ) ;
#4303 = EDGE_LOOP ( 'NONE', ( #4155, #3988, #5136, #4081 ) ) ;
#4304 = ORIENTED_EDGE ( 'NONE', *, *, #4271, .F. ) ;
#4305 = DIRECTION ( 'NONE',  ( 0.000000000000000000, 0.000000000000000000, 1.000000000000000000 ) ) ;
#4306 = CARTESIAN_POINT ( 'NONE',  ( 24.00000000000000000, 17.50000000000000000, -8.330231028943009264 ) ) ;
#4307 = CARTESIAN_POINT ( 'NONE',  ( 24.00000000000000000, -11.84999999999999964, -26.44373421647729927 ) ) ;
#4308 = CYLINDRICAL_SURFACE ( 'NONE', #3068, 2.999999999999999112 ) ;
#4309 = CIRCLE ( 'NONE', #5857, 1.000000000000000888 ) ;
#4310 = ADVANCED_FACE ( 'NONE', ( #2551 ), #5794, .T. ) ;
#4311 = EDGE_CURVE ( 'NONE', #24, #2132, #1512, .T. ) ;
#4312 = ORIENTED_EDGE ( 'NONE', *, *, #5902, .F. ) ;
#4313 = ORIENTED_EDGE ( 'NONE', *, *, #4999, .T. ) ;
#4314 = ORIENTED_EDGE ( 'NONE', *, *, #5009, .T. ) ;
#4315 = DIRECTION ( 'NONE',  ( 0.000000000000000000, -1.000000000000000000, 0.000000000000000000 ) ) ;
#4316 = CARTESIAN_POINT ( 'NONE',  ( 24.00000000000000000, -6.828427124746190735, 44.19874991318239665 ) ) ;
#4317 = CARTESIAN_POINT ( 'NONE',  ( 12.00000000000000000, -33.89999999999999858, -58.50105008681759955 ) ) ;
#4318 = PLANE ( 'NONE',  #5405 ) ;
#4319 = EDGE_CURVE ( 'NONE', #5543, #285, #4881, .T. ) ;
#4320 = ORIENTED_EDGE ( 'NONE', *, *, #3701, .T. ) ;
#4321 = FACE_OUTER_BOUND ( 'NONE', #2672, .T. ) ;
#4322 = CARTESIAN_POINT ( 'NONE',  ( 21.00000000000000000, -17.50000000000000000, 32.19874991318239665 ) ) ;
#4323 = DIRECTION ( 'NONE',  ( -1.000000000000000000, -0.000000000000000000, 0.000000000000000000 ) ) ;
#4324 = CARTESIAN_POINT ( 'NONE',  ( 3.200000000000000178, 19.00000000000000000, 50.99844991318239806 ) ) ;
#4325 = AXIS2_PLACEMENT_3D ( 'NONE', #3971, #4780, #5785 ) ;
#4326 = VERTEX_POINT ( 'NONE', #1752 ) ;
#4327 = FACE_BOUND ( 'NONE', #5786, .T. ) ;
#4328 = CARTESIAN_POINT ( 'NONE',  ( 16.23367503961910074, 30.90000000000000213, -61.93475008681769367 ) ) ;
#4329 = PLANE ( 'NONE',  #4472 ) ;
#4330 = CARTESIAN_POINT ( 'NONE',  ( 3.000000000000000000, -8.849999999999999645, 23.99874991318240092 ) ) ;
#4331 = CARTESIAN_POINT ( 'NONE',  ( 3.000000000000000000, 19.00000000000000000, 49.00847503896920898 ) ) ;
#4332 = ORIENTED_EDGE ( 'NONE', *, *, #4791, .T. ) ;
#4333 = AXIS2_PLACEMENT_3D ( 'NONE', #1064, #673, #1551 ) ;
#4334 = AXIS2_PLACEMENT_3D ( 'NONE', #2243, #5977, #1369 ) ;
#4335 = EDGE_LOOP ( 'NONE', ( #2646, #1176 ) ) ;
#4336 = CYLINDRICAL_SURFACE ( 'NONE', #2443, 1.000000000000000888 ) ;
#4337 = LINE ( 'NONE', #183, #4498 ) ;
#4338 = ADVANCED_FACE ( 'NONE', ( #1354 ), #4117, .F. ) ;
#4339 = CARTESIAN_POINT ( 'NONE',  ( 19.19999999999999929, 19.00000000000000000, 50.99844991318239806 ) ) ;
#4340 = CARTESIAN_POINT ( 'NONE',  ( 3.000000000000000000, 19.00000000000000000, 49.00847503896920898 ) ) ;
#4341 = AXIS2_PLACEMENT_3D ( 'NONE', #709, #2559, #3013 ) ;
#4342 = ORIENTED_EDGE ( 'NONE', *, *, #997, .T. ) ;
#4343 = ORIENTED_EDGE ( 'NONE', *, *, #643, .T. ) ;
#4344 = LINE ( 'NONE', #4284, #5739 ) ;
#4345 = DIRECTION ( 'NONE',  ( 0.000000000000000000, -1.000000000000000000, 0.000000000000000000 ) ) ;
#4346 = EDGE_CURVE ( 'NONE', #4282, #5005, #2633, .T. ) ;
#4347 = CARTESIAN_POINT ( 'NONE',  ( 0.000000000000000000, 30.90000000000000213, -45.14642844963499613 ) ) ;
#4348 = LINE ( 'NONE', #4704, #2200 ) ;
#4349 = ORIENTED_EDGE ( 'NONE', *, *, #5079, .T. ) ;
#4350 = VERTEX_POINT ( 'NONE', #3637 ) ;
#4351 = EDGE_CURVE ( 'NONE', #3466, #4685, #306, .T. ) ;
#4352 = EDGE_CURVE ( 'NONE', #4466, #1388, #1652, .T. ) ;
#4353 = ADVANCED_FACE ( 'NONE', ( #3391 ), #2114, .F. ) ;
#4354 = DIRECTION ( 'NONE',  ( 0.000000000000000000, -1.000000000000000000, 0.000000000000000000 ) ) ;
#4355 = DIRECTION ( 'NONE',  ( 0.000000000000000000, 0.000000000000000000, 1.000000000000000000 ) ) ;
#4356 = CARTESIAN_POINT ( 'NONE',  ( 21.00000000000000000, -11.84999999999999964, 35.19874991318239665 ) ) ;
#4357 = DIRECTION ( 'NONE',  ( 0.000000000000000000, -1.000000000000000000, 0.000000000000000000 ) ) ;
#4358 = VERTEX_POINT ( 'NONE', #4301 ) ;
#4359 = FACE_BOUND ( 'NONE', #4946, .T. ) ;
#4360 = DIRECTION ( 'NONE',  ( 0.000000000000000000, -0.7071067811865480168, -0.7071067811865470176 ) ) ;
#4361 = CARTESIAN_POINT ( 'NONE',  ( 16.23367503961910074, 33.89999999999999858, -56.69775008681769890 ) ) ;
#4362 = DIRECTION ( 'NONE',  ( 0.000000000000000000, 1.000000000000000000, 0.000000000000000000 ) ) ;
#4363 = FACE_OUTER_BOUND ( 'NONE', #5666, .T. ) ;
#4364 = ORIENTED_EDGE ( 'NONE', *, *, #46, .T. ) ;
#4365 = VECTOR ( 'NONE', #335, 1000.000000000000000 ) ;
#4366 = VERTEX_POINT ( 'NONE', #626 ) ;
#4367 = CARTESIAN_POINT ( 'NONE',  ( 0.000000000000000000, 11.84999999999999964, 48.99874991318240092 ) ) ;
#4368 = DIRECTION ( 'NONE',  ( 0.000000000000000000, 0.000000000000000000, -1.000000000000000000 ) ) ;
#4369 = DIRECTION ( 'NONE',  ( 0.000000000000000000, -1.000000000000000000, 0.000000000000000000 ) ) ;
#4370 = VECTOR ( 'NONE', #2658, 1000.000000000000227 ) ;
#4371 = FACE_OUTER_BOUND ( 'NONE', #127, .T. ) ;
#4372 = ORIENTED_EDGE ( 'NONE', *, *, #2300, .T. ) ;
#4373 = VERTEX_POINT ( 'NONE', #2086 ) ;
#4374 = CARTESIAN_POINT ( 'NONE',  ( 12.79973678496399891, 34.25721239031349796, -45.00105008681759955 ) ) ;
#4375 = FACE_OUTER_BOUND ( 'NONE', #3648, .T. ) ;
#4376 = FACE_OUTER_BOUND ( 'NONE', #3350, .T. ) ;
#4377 = DIRECTION ( 'NONE',  ( 0.000000000000000000, -0.7071067811865470176, 0.7071067811865480168 ) ) ;
#4378 = ORIENTED_EDGE ( 'NONE', *, *, #244, .T. ) ;
#4379 = EDGE_CURVE ( 'NONE', #4366, #5404, #3357, .T. ) ;
#4380 = VECTOR ( 'NONE', #4354, 1000.000000000000000 ) ;
#4381 = EDGE_LOOP ( 'NONE', ( #3233, #3030 ) ) ;
#4382 = CIRCLE ( 'NONE', #4287, 1.000000000000000888 ) ;
#4383 = CARTESIAN_POINT ( 'NONE',  ( 3.000000000000000000, -16.00000000000000000, 60.19874991318240376 ) ) ;
#4384 = CYLINDRICAL_SURFACE ( 'NONE', #5533, 2.000000000000001776 ) ;
#4385 = CARTESIAN_POINT ( 'NONE',  ( 3.200000000000000622, -19.00000000000000000, 48.99844991318239806 ) ) ;
#4386 = PLANE ( 'NONE',  #3658 ) ;
#4387 = AXIS2_PLACEMENT_3D ( 'NONE', #4035, #3071, #4063 ) ;
#4388 = ADVANCED_FACE ( 'NONE', ( #3912 ), #3944, .F. ) ;
#4389 = ADVANCED_FACE ( 'NONE', ( #4363 ), #208, .T. ) ;
#4390 = VERTEX_POINT ( 'NONE', #5332 ) ;
#4391 = CARTESIAN_POINT ( 'NONE',  ( 21.00000000000000000, 33.89999999999999858, -70.50105008681758534 ) ) ;
#4392 = CARTESIAN_POINT ( 'NONE',  ( 24.00000000000000000, -30.90000000000000213, -45.14642844963499613 ) ) ;
#4393 = FACE_BOUND ( 'NONE', #4215, .T. ) ;
#4394 = CARTESIAN_POINT ( 'NONE',  ( 21.00000000000000000, -4.000000000000000000, 47.02717703792860249 ) ) ;
#4395 = CARTESIAN_POINT ( 'NONE',  ( 1.835589898899926853, 18.76478955211673494, 49.53582036827955903 ) ) ;
#4396 = AXIS2_PLACEMENT_3D ( 'NONE', #4674, #4579, #3250 ) ;
#4397 = EDGE_CURVE ( 'NONE', #5085, #267, #1992, .T. ) ;
#4398 = ORIENTED_EDGE ( 'NONE', *, *, #225, .F. ) ;
#4399 = CIRCLE ( 'NONE', #4968, 12.00000000000000355 ) ;
#4400 = ORIENTED_EDGE ( 'NONE', *, *, #2262, .T. ) ;
#4401 = CARTESIAN_POINT ( 'NONE',  ( 23.92178351204772824, 0.0002643885163068253677, 12.78565939404913010 ) ) ;
#4402 = DIRECTION ( 'NONE',  ( 1.000000000000000000, 0.000000000000000000, 0.000000000000000000 ) ) ;
#4403 = DIRECTION ( 'NONE',  ( 0.000000000000000000, 1.000000000000000000, 0.000000000000000000 ) ) ;
#4404 = AXIS2_PLACEMENT_3D ( 'NONE', #3330, #989, #3267 ) ;
#4405 = VECTOR ( 'NONE', #4483, 1000.000000000000000 ) ;
#4406 = AXIS2_PLACEMENT_3D ( 'NONE', #1662, #333, #1269 ) ;
#4407 = ORIENTED_EDGE ( 'NONE', *, *, #5481, .F. ) ;
#4408 = ORIENTED_EDGE ( 'NONE', *, *, #3054, .T. ) ;
#4409 = DIRECTION ( 'NONE',  ( 0.000000000000000000, 0.3420201433256691015, -0.9396926207859082059 ) ) ;
#4410 = ORIENTED_EDGE ( 'NONE', *, *, #5392, .F. ) ;
#4411 = CIRCLE ( 'NONE', #2752, 2.000000000000001776 ) ;
#4412 = CARTESIAN_POINT ( 'NONE',  ( 19.19999999999999929, -19.00000000000000000, 50.99844991318239806 ) ) ;
#4413 = DIRECTION ( 'NONE',  ( 0.000000000000000000, 6.938893903907229610E-17, -1.000000000000000000 ) ) ;
#4414 = ORIENTED_EDGE ( 'NONE', *, *, #3669, .T. ) ;
#4415 = VERTEX_POINT ( 'NONE', #5814 ) ;
#4416 = DIRECTION ( 'NONE',  ( 0.000000000000000000, -1.000000000000000000, 0.000000000000000000 ) ) ;
#4417 = EDGE_CURVE ( 'NONE', #3206, #576, #5758, .T. ) ;
#4418 = CYLINDRICAL_SURFACE ( 'NONE', #1661, 20.00000000000000000 ) ;
#4419 = DIRECTION ( 'NONE',  ( 0.000000000000000000, 0.000000000000000000, -1.000000000000000000 ) ) ;
#4420 = ORIENTED_EDGE ( 'NONE', *, *, #3223, .T. ) ;
#4421 = CARTESIAN_POINT ( 'NONE',  ( 3.000000000000000000, 20.50000000000000000, 32.19874991318239665 ) ) ;
#4422 = PLANE ( 'NONE',  #1177 ) ;
#4423 = EDGE_CURVE ( 'NONE', #4290, #4358, #4831, .T. ) ;
#4424 = CARTESIAN_POINT ( 'NONE',  ( 0.000000000000000000, 2.685303595611480236E-13, 11.99968744980630042 ) ) ;
#4425 = CARTESIAN_POINT ( 'NONE',  ( 1.992886568080009413, 18.82587858684063775, 49.40380452995776750 ) ) ;
#4426 = CIRCLE ( 'NONE', #5679, 12.00000000000000355 ) ;
#4427 = ORIENTED_EDGE ( 'NONE', *, *, #5494, .T. ) ;
#4428 = VERTEX_POINT ( 'NONE', #1825 ) ;
#4429 = DIRECTION ( 'NONE',  ( 0.000000000000000000, 0.000000000000000000, 1.000000000000000000 ) ) ;
#4430 = LINE ( 'NONE', #2582, #5942 ) ;
#4431 = ADVANCED_FACE ( 'NONE', ( #1015 ), #2803, .F. ) ;
#4432 = LINE ( 'NONE', #1609, #4365 ) ;
#4433 = EDGE_CURVE ( 'NONE', #2295, #3172, #4591, .T. ) ;
#4434 = FACE_BOUND ( 'NONE', #319, .T. ) ;
#4435 = VECTOR ( 'NONE', #5222, 1000.000000000000000 ) ;
#4436 = ORIENTED_EDGE ( 'NONE', *, *, #3086, .T. ) ;
#4437 = ORIENTED_EDGE ( 'NONE', *, *, #3980, .T. ) ;
#4438 = LINE ( 'NONE', #2613, #2056 ) ;
#4439 = ORIENTED_EDGE ( 'NONE', *, *, #4433, .T. ) ;
#4440 = CIRCLE ( 'NONE', #3265, 2.000000000000001776 ) ;
#4441 = DIRECTION ( 'NONE',  ( 0.000000000000000000, 0.000000000000000000, 1.000000000000000000 ) ) ;
#4442 = ORIENTED_EDGE ( 'NONE', *, *, #679, .T. ) ;
#4443 = ORIENTED_EDGE ( 'NONE', *, *, #1742, .F. ) ;
#4444 = DIRECTION ( 'NONE',  ( 0.000000000000000000, 0.000000000000000000, 1.000000000000000000 ) ) ;
#4445 = CARTESIAN_POINT ( 'NONE',  ( -1.931513828110308752E-15, -19.25735931288072322, -8.020361167282832326 ) ) ;
#4446 = CARTESIAN_POINT ( 'NONE',  ( 24.00000000000000000, -4.000000000000000000, 49.37032278843619792 ) ) ;
#4447 = ORIENTED_EDGE ( 'NONE', *, *, #3351, .F. ) ;
#4448 = DIRECTION ( 'NONE',  ( 0.000000000000000000, 2.478176394252580155E-16, -1.000000000000000000 ) ) ;
#4449 = CARTESIAN_POINT ( 'NONE',  ( 24.00000000000000000, -11.50000000000000000, 60.19874991318240376 ) ) ;
#4450 = CARTESIAN_POINT ( 'NONE',  ( 11.69829999999999970, -33.89999999999999858, -66.55325008681771237 ) ) ;
#4451 = CARTESIAN_POINT ( 'NONE',  ( 1.501871112662772623, 18.59915649935536308, 49.94187099299053045 ) ) ;
#4452 = EDGE_LOOP ( 'NONE', ( #924, #5386, #1814, #3044, #4767, #331, #4938, #1517, #5855, #544, #5054, #3444, #3962, #3314, #3457, #4164, #3957, #1382, #5464, #3038, #3334, #2887, #2137, #4036 ) ) ;
#4453 = EDGE_CURVE ( 'NONE', #2792, #2449, #5983, .T. ) ;
#4454 = CARTESIAN_POINT ( 'NONE',  ( 3.000000000000000000, 20.50000000000000000, -7.801250086817620222 ) ) ;
#4455 = DIRECTION ( 'NONE',  ( 1.000000000000000000, 0.000000000000000000, 0.000000000000000000 ) ) ;
#4456 = LINE ( 'NONE', #5820, #5186 ) ;
#4457 = CARTESIAN_POINT ( 'NONE',  ( 1.722043744642748120, -18.71414552052720026, 52.34591649394518953 ) ) ;
#4458 = CIRCLE ( 'NONE', #302, 1.000000000000000888 ) ;
#4459 = ADVANCED_FACE ( 'NONE', ( #984 ), #439, .F. ) ;
#4460 = EDGE_CURVE ( 'NONE', #3172, #399, #1407, .T. ) ;
#4461 = ORIENTED_EDGE ( 'NONE', *, *, #2863, .T. ) ;
#4462 = ORIENTED_EDGE ( 'NONE', *, *, #627, .F. ) ;
#4463 = DIRECTION ( 'NONE',  ( 0.000000000000000000, 0.7071067811865461294, -0.7071067811865490160 ) ) ;
#4464 = ORIENTED_EDGE ( 'NONE', *, *, #5903, .F. ) ;
#4465 = CARTESIAN_POINT ( 'NONE',  ( 7.162924960380900430, -26.39999999999999858, -55.69775008681759942 ) ) ;
#4466 = VERTEX_POINT ( 'NONE', #5621 ) ;
#4467 = EDGE_CURVE ( 'NONE', #1185, #3687, #5478, .T. ) ;
#4468 = ORIENTED_EDGE ( 'NONE', *, *, #3498, .T. ) ;
#4469 = CARTESIAN_POINT ( 'NONE',  ( 14.50000000000000000, 39.39999999999999858, -45.00105008681759955 ) ) ;
#4470 = DIRECTION ( 'NONE',  ( 0.000000000000000000, 1.000000000000000000, 0.000000000000000000 ) ) ;
#4471 = DIRECTION ( 'NONE',  ( 0.000000000000000000, 0.7071067811865480168, 0.7071067811865470176 ) ) ;
#4472 = AXIS2_PLACEMENT_3D ( 'NONE', #3755, #1019, #2933 ) ;
#4473 = CIRCLE ( 'NONE', #5734, 2.000000000000001776 ) ;
#4474 = VERTEX_POINT ( 'NONE', #2407 ) ;
#4475 = CARTESIAN_POINT ( 'NONE',  ( 21.09811073887438937, 18.99841269322358173, 51.63027501120516405 ) ) ;
#4476 = CARTESIAN_POINT ( 'NONE',  ( 19.19999999999999929, -16.35000000000000142, 51.99844991318239806 ) ) ;
#4477 = VECTOR ( 'NONE', #5800, 1000.000000000000000 ) ;
#4478 = CARTESIAN_POINT ( 'NONE',  ( 2.669235404951406654, -3.837350418637554237E-15, 15.00000000000001776 ) ) ;
#4479 = CARTESIAN_POINT ( 'NONE',  ( 1.293977385219819309, 18.46795886917067264, 50.38947883212343726 ) ) ;
#4480 = EDGE_LOOP ( 'NONE', ( #92, #4191, #608, #458, #1022, #2356 ) ) ;
#4481 = VECTOR ( 'NONE', #1782, 1000.000000000000000 ) ;
#4482 = LINE ( 'NONE', #250, #3625 ) ;
#4483 = DIRECTION ( 'NONE',  ( 0.000000000000000000, -1.000000000000000000, 0.000000000000000000 ) ) ;
#4484 = LINE ( 'NONE', #4935, #391 ) ;
#4485 = DIRECTION ( 'NONE',  ( 0.000000000000000000, 0.3420201433256691015, -0.9396926207859082059 ) ) ;
#4486 = EDGE_CURVE ( 'NONE', #1357, #3055, #4204, .T. ) ;
#4487 = VERTEX_POINT ( 'NONE', #2313 ) ;
#4488 = TOROIDAL_SURFACE ( 'NONE', #5265, 9.000000000000000000, 3.000000000000000000 ) ;
#4489 = ORIENTED_EDGE ( 'NONE', *, *, #718, .T. ) ;
#4490 = CARTESIAN_POINT ( 'NONE',  ( 21.00000000000000000, -4.000000000000000000, 55.02717703792859538 ) ) ;
#4491 = ORIENTED_EDGE ( 'NONE', *, *, #1302, .T. ) ;
#4492 = CARTESIAN_POINT ( 'NONE',  ( 3.000000000000000000, 19.00000000000000000, 60.19874991318240376 ) ) ;
#4493 = VECTOR ( 'NONE', #3297, 1000.000000000000000 ) ;
#4494 = CYLINDRICAL_SURFACE ( 'NONE', #4813, 0.9999999999999940048 ) ;
#4495 = EDGE_CURVE ( 'NONE', #2165, #3150, #4622, .T. ) ;
#4496 = VECTOR ( 'NONE', #5875, 1000.000000000000000 ) ;
#4497 = ORIENTED_EDGE ( 'NONE', *, *, #375, .F. ) ;
#4498 = VECTOR ( 'NONE', #2028, 1000.000000000000114 ) ;
#4499 = ORIENTED_EDGE ( 'NONE', *, *, #3838, .F. ) ;
#4500 = CARTESIAN_POINT ( 'NONE',  ( 11.95199776687860016, 39.39999999999999858, -41.50105008681759955 ) ) ;
#4501 = DIRECTION ( 'NONE',  ( 0.000000000000000000, 0.000000000000000000, -1.000000000000000000 ) ) ;
#4502 = ADVANCED_FACE ( 'NONE', ( #4683 ), #4652, .F. ) ;
#4503 = DIRECTION ( 'NONE',  ( 0.000000000000000000, -1.000000000000000000, 0.000000000000000000 ) ) ;
#4504 = EDGE_LOOP ( 'NONE', ( #4112, #1783, #5823, #4208 ) ) ;
#4505 = CARTESIAN_POINT ( 'NONE',  ( 21.16443934500019708, 18.99551325923444622, 50.62204746139882872 ) ) ;
#4506 = CARTESIAN_POINT ( 'NONE',  ( 21.19897681415560342, -18.99349408199286415, 50.93240260734243918 ) ) ;
#4507 = CARTESIAN_POINT ( 'NONE',  ( 24.00000000000000000, -21.27445658577340026, -18.70046526906719819 ) ) ;
#4508 = CARTESIAN_POINT ( 'NONE',  ( 1.498637213231930776, 18.59729104473075978, 52.04981343467648003 ) ) ;
#4509 = ORIENTED_EDGE ( 'NONE', *, *, #1046, .F. ) ;
#4510 = FACE_OUTER_BOUND ( 'NONE', #1092, .T. ) ;
#4511 = LINE ( 'NONE', #4908, #1775 ) ;
#4512 = AXIS2_PLACEMENT_3D ( 'NONE', #1278, #453, #3182 ) ;
#4513 = DIRECTION ( 'NONE',  ( 0.000000000000000000, 0.000000000000000000, 1.000000000000000000 ) ) ;
#4514 = CARTESIAN_POINT ( 'NONE',  ( 2.339527754329032483, -18.92642336059134678, 52.80401141511668328 ) ) ;
#4515 = EDGE_CURVE ( 'NONE', #186, #4897, #75, .T. ) ;
#4516 = VERTEX_POINT ( 'NONE', #1889 ) ;
#4517 = DIRECTION ( 'NONE',  ( -1.000000000000000000, 0.000000000000000000, 0.000000000000000000 ) ) ;
#4518 = ORIENTED_EDGE ( 'NONE', *, *, #967, .T. ) ;
#4519 = DIRECTION ( 'NONE',  ( 0.000000000000000000, 0.000000000000000000, -1.000000000000000000 ) ) ;
#4520 = DIRECTION ( 'NONE',  ( 0.000000000000000000, -1.000000000000000000, 0.000000000000000000 ) ) ;
#4521 = ORIENTED_EDGE ( 'NONE', *, *, #3449, .F. ) ;
#4522 = CIRCLE ( 'NONE', #1231, 2.000000000000001776 ) ;
#4523 = AXIS2_PLACEMENT_3D ( 'NONE', #4324, #4357, #2896 ) ;
#4524 = ORIENTED_EDGE ( 'NONE', *, *, #2940, .T. ) ;
#4525 = AXIS2_PLACEMENT_3D ( 'NONE', #2959, #4737, #2503 ) ;
#4526 = CARTESIAN_POINT ( 'NONE',  ( 24.00000000000000000, 26.39999999999999858, -40.50105008681759955 ) ) ;
#4527 = LINE ( 'NONE', #4446, #4138 ) ;
#4528 = AXIS2_PLACEMENT_3D ( 'NONE', #3707, #852, #4194 ) ;
#4529 = EDGE_CURVE ( 'NONE', #5335, #4792, #4440, .T. ) ;
#4530 = EDGE_CURVE ( 'NONE', #1853, #5092, #5953, .T. ) ;
#4531 = ORIENTED_EDGE ( 'NONE', *, *, #853, .F. ) ;
#4532 = CARTESIAN_POINT ( 'NONE',  ( 5.445400693677298152E-16, 32.65735931288071470, -44.83655858797484228 ) ) ;
#4533 = FACE_BOUND ( 'NONE', #3322, .T. ) ;
#4534 = CARTESIAN_POINT ( 'NONE',  ( 21.00000000000000000, -11.84999999999999964, -26.44373421647729927 ) ) ;
#4535 = CARTESIAN_POINT ( 'NONE',  ( 1.878938384781893012, 18.78261709931399182, 52.50034903144482712 ) ) ;
#4536 = EDGE_LOOP ( 'NONE', ( #5118, #929, #1258, #2268 ) ) ;
#4537 = LINE ( 'NONE', #3235, #5561 ) ;
#4538 = DIRECTION ( 'NONE',  ( -1.000000000000000000, 0.000000000000000000, 0.000000000000000000 ) ) ;
#4539 = CARTESIAN_POINT ( 'NONE',  ( 1.992886568085852295, -18.82587858684256332, 52.59309529641146241 ) ) ;
#4540 = VERTEX_POINT ( 'NONE', #5042 ) ;
#4541 = CARTESIAN_POINT ( 'NONE',  ( 11.69829999999999970, 26.39999999999999858, -55.07925008681760204 ) ) ;
#4542 = ORIENTED_EDGE ( 'NONE', *, *, #2148, .T. ) ;
#4543 = LINE ( 'NONE', #424, #2701 ) ;
#4544 = CARTESIAN_POINT ( 'NONE',  ( 16.23367503961910074, 33.89999999999999858, -63.93475008681769367 ) ) ;
#4545 = ORIENTED_EDGE ( 'NONE', *, *, #3583, .T. ) ;
#4546 = AXIS2_PLACEMENT_3D ( 'NONE', #2934, #1446, #1566 ) ;
#4547 = EDGE_LOOP ( 'NONE', ( #3246, #2373, #931, #2572, #1195 ) ) ;
#4548 = EDGE_LOOP ( 'NONE', ( #4759, #645, #787, #3847, #5706, #4064 ) ) ;
#4549 = DIRECTION ( 'NONE',  ( 0.000000000000000000, -5.361613695501830012E-16, -1.000000000000000000 ) ) ;
#4550 = CARTESIAN_POINT ( 'NONE',  ( 7.162924960380889772, 30.90000000000000213, -61.93475008681760130 ) ) ;
#4551 = EDGE_CURVE ( 'NONE', #5990, #4073, #1107, .T. ) ;
#4552 = ORIENTED_EDGE ( 'NONE', *, *, #4515, .T. ) ;
#4553 = CARTESIAN_POINT ( 'NONE',  ( 21.15200049047754050, 18.99614737974771117, 50.56288155239435866 ) ) ;
#4554 = FACE_BOUND ( 'NONE', #4859, .T. ) ;
#4555 = DIRECTION ( 'NONE',  ( 0.000000000000000000, 1.000000000000000000, 0.000000000000000000 ) ) ;
#4556 = DIRECTION ( 'NONE',  ( 0.000000000000000000, 1.000000000000000000, 0.000000000000000000 ) ) ;
#4557 = VECTOR ( 'NONE', #5038, 1000.000000000000000 ) ;
#4558 = CARTESIAN_POINT ( 'NONE',  ( 1.433053972313594215, 18.55838061412845263, 51.93597089998868910 ) ) ;
#4559 = EDGE_CURVE ( 'NONE', #662, #5343, #1531, .T. ) ;
#4560 = ADVANCED_FACE ( 'NONE', ( #685, #586 ), #4386, .F. ) ;
#4561 = CIRCLE ( 'NONE', #3410, 1.000000000000000888 ) ;
#4562 = ORIENTED_EDGE ( 'NONE', *, *, #4423, .F. ) ;
#4563 = AXIS2_PLACEMENT_3D ( 'NONE', #3534, #4416, #264 ) ;
#4564 = AXIS2_PLACEMENT_3D ( 'NONE', #3715, #5169, #496 ) ;
#4565 = CARTESIAN_POINT ( 'NONE',  ( 8.954742008979419410, 34.40170059361440025, -51.50105008681759955 ) ) ;
#4566 = CARTESIAN_POINT ( 'NONE',  ( 21.00000000000000000, -19.00000000000000000, 60.19874991318240376 ) ) ;
#4567 = CARTESIAN_POINT ( 'NONE',  ( 2.187316016944380159, -18.88822751026144786, 52.72419176892587700 ) ) ;
#4568 = EDGE_CURVE ( 'NONE', #4051, #4727, #3937, .T. ) ;
#4569 = ORIENTED_EDGE ( 'NONE', *, *, #4600, .T. ) ;
#4570 = CARTESIAN_POINT ( 'NONE',  ( 24.00000000000000000, 18.79385241571819876, -19.60333134996399806 ) ) ;
#4571 = ORIENTED_EDGE ( 'NONE', *, *, #5322, .F. ) ;
#4572 = FACE_OUTER_BOUND ( 'NONE', #4504, .T. ) ;
#4573 = CYLINDRICAL_SURFACE ( 'NONE', #4044, 2.000000000000001776 ) ;
#4574 = AXIS2_PLACEMENT_3D ( 'NONE', #688, #5918, #5267 ) ;
#4575 = ORIENTED_EDGE ( 'NONE', *, *, #3497, .T. ) ;
#4576 = ORIENTED_EDGE ( 'NONE', *, *, #4070, .F. ) ;
#4577 = ORIENTED_EDGE ( 'NONE', *, *, #4056, .T. ) ;
#4578 = CARTESIAN_POINT ( 'NONE',  ( 12.00000000000000000, -30.90000000000000213, -58.50105008681759955 ) ) ;
#4579 = DIRECTION ( 'NONE',  ( 1.000000000000000000, -3.154042683594200051E-16, 0.000000000000000000 ) ) ;
#4580 = VECTOR ( 'NONE', #640, 1000.000000000000000 ) ;
#4581 = CC_DESIGN_APPROVAL ( #3538, ( #813 ) ) ;
#4582 = DIRECTION ( 'NONE',  ( 0.000000000000000000, -1.000000000000000000, 0.000000000000000000 ) ) ;
#4583 = AXIS2_PLACEMENT_3D ( 'NONE', #2277, #3627, #4105 ) ;
#4584 = ORIENTED_EDGE ( 'NONE', *, *, #5929, .F. ) ;
#4585 = ADVANCED_FACE ( 'NONE', ( #231, #4803 ), #2991, .F. ) ;
#4586 = DIRECTION ( 'NONE',  ( 0.000000000000000000, 1.000000000000000000, 0.000000000000000000 ) ) ;
#4587 = CARTESIAN_POINT ( 'NONE',  ( 21.08451337902535272, -18.99879062340844271, 50.32761471858177771 ) ) ;
#4588 = DIRECTION ( 'NONE',  ( 0.000000000000000000, 0.000000000000000000, 1.000000000000000000 ) ) ;
#4589 = VECTOR ( 'NONE', #864, 1000.000000000000000 ) ;
#4590 = LINE ( 'NONE', #2770, #5233 ) ;
#4591 = LINE ( 'NONE', #917, #3551 ) ;
#4592 = ORIENTED_EDGE ( 'NONE', *, *, #1959, .T. ) ;
#4593 = VERTEX_POINT ( 'NONE', #4836 ) ;
#4594 = EDGE_CURVE ( 'NONE', #5938, #3687, #2961, .T. ) ;
#4595 = PERSON_AND_ORGANIZATION_ROLE ( 'design_owner' ) ;
#4596 = DIRECTION ( 'NONE',  ( 0.000000000000000000, 0.000000000000000000, -1.000000000000000000 ) ) ;
#4597 = CARTESIAN_POINT ( 'NONE',  ( 21.00000000000000000, 1.171572875253809931, 44.19874991318239665 ) ) ;
#4598 = CARTESIAN_POINT ( 'NONE',  ( 2.521833445412633878, -18.97120072027909288, 49.09834980225807755 ) ) ;
#4599 = VERTEX_POINT ( 'NONE', #2078 ) ;
#4600 = EDGE_CURVE ( 'NONE', #62, #4358, #5205, .T. ) ;
#4601 = EDGE_CURVE ( 'NONE', #1729, #4810, #2439, .T. ) ;
#4602 = ORIENTED_EDGE ( 'NONE', *, *, #889, .F. ) ;
#4603 = DIRECTION ( 'NONE',  ( 0.000000000000000000, 0.000000000000000000, -1.000000000000000000 ) ) ;
#4604 = EDGE_LOOP ( 'NONE', ( #2223, #1047, #2667, #940, #5225, #5002, #5773 ) ) ;
#4605 = DIRECTION ( 'NONE',  ( 0.000000000000000000, 0.3420201433256691015, 0.9396926207859082059 ) ) ;
#4606 = CARTESIAN_POINT ( 'NONE',  ( 24.00000000000000000, 15.25000000000000000, 35.19874991318239665 ) ) ;
#4607 = ORIENTED_EDGE ( 'NONE', *, *, #2611, .T. ) ;
#4608 = ORIENTED_EDGE ( 'NONE', *, *, #4828, .T. ) ;
#4609 = ORIENTED_EDGE ( 'NONE', *, *, #627, .T. ) ;
#4610 = DIRECTION ( 'NONE',  ( 0.000000000000000000, 1.000000000000000000, 5.782411586589360597E-16 ) ) ;
#4611 = CARTESIAN_POINT ( 'NONE',  ( 19.19999999999999929, -19.00000000000000000, 52.99844991318239806 ) ) ;
#4612 = FACE_BOUND ( 'NONE', #4728, .T. ) ;
#4613 = AXIS2_PLACEMENT_3D ( 'NONE', #5406, #3496, #4519 ) ;
#4614 = VECTOR ( 'NONE', #1791, 1000.000000000000000 ) ;
#4615 = VECTOR ( 'NONE', #2061, 1000.000000000000000 ) ;
#4616 = ORIENTED_EDGE ( 'NONE', *, *, #167, .F. ) ;
#4617 = DIRECTION ( 'NONE',  ( 0.000000000000000000, -1.000000000000000000, -2.478176394252580155E-16 ) ) ;
#4618 = DIRECTION ( 'NONE',  ( 0.000000000000000000, 1.000000000000000000, 0.000000000000000000 ) ) ;
#4619 = DIRECTION ( 'NONE',  ( -1.000000000000000000, 0.000000000000000000, 0.000000000000000000 ) ) ;
#4620 = VECTOR ( 'NONE', #2920, 1000.000000000000000 ) ;
#4621 = CARTESIAN_POINT ( 'NONE',  ( 16.23367503961910074, 30.90000000000000213, -61.93475008681769367 ) ) ;
#4622 = LINE ( 'NONE', #5563, #5973 ) ;
#4623 = ORIENTED_EDGE ( 'NONE', *, *, #1117, .F. ) ;
#4624 = ORIENTED_EDGE ( 'NONE', *, *, #5764, .F. ) ;
#4625 = APPROVAL_STATUS ( 'not_yet_approved' ) ;
#4626 = CARTESIAN_POINT ( 'NONE',  ( 16.23367503961910074, 59.07554720026720219, -62.93475008681768657 ) ) ;
#4627 = CYLINDRICAL_SURFACE ( 'NONE', #3591, 2.999999999999998668 ) ;
#4628 = CARTESIAN_POINT ( 'NONE',  ( 1.242609341257574496, -18.43192746082338473, 50.58312669233366421 ) ) ;
#4629 = EDGE_CURVE ( 'NONE', #1164, #4970, #4294, .T. ) ;
#4630 = ORIENTED_EDGE ( 'NONE', *, *, #3597, .F. ) ;
#4631 = EDGE_LOOP ( 'NONE', ( #1274, #4364, #1009, #4462 ) ) ;
#4632 = DIRECTION ( 'NONE',  ( 0.000000000000000000, -1.000000000000000000, 0.000000000000000000 ) ) ;
#4633 = ORIENTED_EDGE ( 'NONE', *, *, #1194, .F. ) ;
#4634 = CARTESIAN_POINT ( 'NONE',  ( 12.00000000000000000, 30.90000000000000213, -58.50105008681759955 ) ) ;
#4635 = DIRECTION ( 'NONE',  ( -1.000000000000000000, 0.000000000000000000, 0.000000000000000000 ) ) ;
#4636 = EDGE_CURVE ( 'NONE', #5632, #5622, #169, .T. ) ;
#4637 = EDGE_CURVE ( 'NONE', #4784, #1633, #200, .T. ) ;
#4638 = EDGE_CURVE ( 'NONE', #3294, #2001, #2394, .T. ) ;
#4639 = ORIENTED_EDGE ( 'NONE', *, *, #2791, .F. ) ;
#4640 = ORIENTED_EDGE ( 'NONE', *, *, #284, .F. ) ;
#4641 = ORIENTED_EDGE ( 'NONE', *, *, #2124, .T. ) ;
#4642 = FACE_BOUND ( 'NONE', #479, .T. ) ;
#4643 = CARTESIAN_POINT ( 'NONE',  ( 7.162924960380900430, -62.75933672306680222, -55.69775008681759942 ) ) ;
#4644 = LINE ( 'NONE', #2337, #3568 ) ;
#4645 = EDGE_CURVE ( 'NONE', #5190, #5593, #2597, .T. ) ;
#4646 = AXIS2_PLACEMENT_3D ( 'NONE', #5793, #2517, #5765 ) ;
#4647 = VERTEX_POINT ( 'NONE', #1622 ) ;
#4648 = AXIS2_PLACEMENT_3D ( 'NONE', #1743, #887, #3229 ) ;
#4649 = CARTESIAN_POINT ( 'NONE',  ( 21.19998736145920049, -18.99343397470359918, 50.97986270426606126 ) ) ;
#4650 = DIRECTION ( 'NONE',  ( 0.000000000000000000, 1.000000000000000000, 0.000000000000000000 ) ) ;
#4651 = FACE_BOUND ( 'NONE', #1554, .T. ) ;
#4652 = PLANE ( 'NONE',  #2107 ) ;
#4653 = ORIENTED_EDGE ( 'NONE', *, *, #2254, .T. ) ;
#4654 = ORIENTED_EDGE ( 'NONE', *, *, #3914, .F. ) ;
#4655 = CYLINDRICAL_SURFACE ( 'NONE', #2450, 2.000000000000001776 ) ;
#4656 = CARTESIAN_POINT ( 'NONE',  ( 24.00000000000000000, 6.828427124746180077, 52.19874991318240376 ) ) ;
#4657 = DATE_AND_TIME ( #4143, #2560 ) ;
#4658 = DIRECTION ( 'NONE',  ( 0.000000000000000000, 0.000000000000000000, -1.000000000000000000 ) ) ;
#4659 = LINE ( 'NONE', #54, #2033 ) ;
#4660 = VECTOR ( 'NONE', #321, 1000.000000000000000 ) ;
#4661 = CARTESIAN_POINT ( 'NONE',  ( 1.268658661026204282, -18.45012484448087520, 51.51889455843855359 ) ) ;
#4662 = CIRCLE ( 'NONE', #1074, 2.000000000000001776 ) ;
#4663 = CIRCLE ( 'NONE', #1847, 1.000000000000000888 ) ;
#4664 = EDGE_LOOP ( 'NONE', ( #5586, #4814 ) ) ;
#4665 = LINE ( 'NONE', #869, #4481 ) ;
#4666 = EDGE_LOOP ( 'NONE', ( #834, #5373, #4832, #2712 ) ) ;
#4667 = DIRECTION ( 'NONE',  ( 0.000000000000000000, 0.000000000000000000, -1.000000000000000000 ) ) ;
#4668 = DIRECTION ( 'NONE',  ( 0.000000000000000000, 1.000000000000000000, 0.000000000000000000 ) ) ;
#4669 = AXIS2_PLACEMENT_3D ( 'NONE', #3151, #1219, #3984 ) ;
#4670 = EDGE_LOOP ( 'NONE', ( #3797, #1561, #4609, #753 ) ) ;
#4671 = ORIENTED_EDGE ( 'NONE', *, *, #2496, .F. ) ;
#4672 = EDGE_LOOP ( 'NONE', ( #2698, #5031, #3077, #4398 ) ) ;
#4673 = CARTESIAN_POINT ( 'NONE',  ( 3.200000000000000178, -11.50000000000000000, 51.99844991318239806 ) ) ;
#4674 = CARTESIAN_POINT ( 'NONE',  ( 5.000000000000000000, 39.39999999999999858, -45.00105008681759955 ) ) ;
#4675 = FACE_BOUND ( 'NONE', #742, .T. ) ;
#4676 = AXIS2_PLACEMENT_3D ( 'NONE', #3106, #4100, #1706 ) ;
#4677 = ORIENTED_EDGE ( 'NONE', *, *, #1370, .F. ) ;
#4678 = VECTOR ( 'NONE', #5063, 1000.000000000000000 ) ;
#4679 = DIRECTION ( 'NONE',  ( 0.000000000000000000, -1.000000000000000000, 0.000000000000000000 ) ) ;
#4680 = FACE_BOUND ( 'NONE', #2301, .T. ) ;
#4681 = DIRECTION ( 'NONE',  ( 0.000000000000000000, 1.000000000000000000, 0.000000000000000000 ) ) ;
#4682 = VECTOR ( 'NONE', #689, 1000.000000000000000 ) ;
#4683 = FACE_OUTER_BOUND ( 'NONE', #2998, .T. ) ;
#4684 = AXIS2_PLACEMENT_3D ( 'NONE', #2661, #5366, #3033 ) ;
#4685 = VERTEX_POINT ( 'NONE', #5749 ) ;
#4686 = ORIENTED_EDGE ( 'NONE', *, *, #4086, .F. ) ;
#4687 = FACE_OUTER_BOUND ( 'NONE', #5891, .T. ) ;
#4688 = FACE_OUTER_BOUND ( 'NONE', #3781, .T. ) ;
#4689 = LINE ( 'NONE', #143, #2825 ) ;
#4690 = DIRECTION ( 'NONE',  ( 0.000000000000000000, 1.000000000000000000, 0.000000000000000000 ) ) ;
#4691 = CARTESIAN_POINT ( 'NONE',  ( 1.962809230113118142, -18.81497507707253902, 49.42701053937138767 ) ) ;
#4692 = ORIENTED_EDGE ( 'NONE', *, *, #5595, .T. ) ;
#4693 = PLANE ( 'NONE',  #3515 ) ;
#4694 = CARTESIAN_POINT ( 'NONE',  ( 11.69829999999999970, 33.89999999999999858, -54.07925008681760204 ) ) ;
#4695 = DIRECTION ( 'NONE',  ( 0.000000000000000000, -0.7071067811865470176, -0.7071067811865480168 ) ) ;
#4696 = CARTESIAN_POINT ( 'NONE',  ( 3.000000000000000000, 11.84999999999999964, 48.99874991318240092 ) ) ;
#4697 = VERTEX_POINT ( 'NONE', #1043 ) ;
#4698 = ADVANCED_FACE ( 'NONE', ( #2927 ), #3021, .F. ) ;
#4699 = VERTEX_POINT ( 'NONE', #1138 ) ;
#4700 = ORIENTED_EDGE ( 'NONE', *, *, #2605, .T. ) ;
#4701 = DIRECTION ( 'NONE',  ( 0.000000000000000000, 0.000000000000000000, 1.000000000000000000 ) ) ;
#4702 = CARTESIAN_POINT ( 'NONE',  ( 7.162924960380889772, 30.90000000000000213, -62.93475008681759419 ) ) ;
#4703 = AXIS2_PLACEMENT_3D ( 'NONE', #5074, #1797, #1348 ) ;
#4704 = CARTESIAN_POINT ( 'NONE',  ( 21.00000000000000000, -1.171572875253809931, 52.19874991318240376 ) ) ;
#4705 = EDGE_CURVE ( 'NONE', #1789, #5156, #2883, .T. ) ;
#4706 = VERTEX_POINT ( 'NONE', #104 ) ;
#4707 = DIRECTION ( 'NONE',  ( 0.000000000000000000, 0.000000000000000000, -1.000000000000000000 ) ) ;
#4708 = LINE ( 'NONE', #1068, #2143 ) ;
#4709 = CARTESIAN_POINT ( 'NONE',  ( 12.00000000000000000, 26.39999999999999858, -70.50105008681759955 ) ) ;
#4710 = DIRECTION ( 'NONE',  ( 0.000000000000000000, 0.000000000000000000, 1.000000000000000000 ) ) ;
#4711 = AXIS2_PLACEMENT_3D ( 'NONE', #4927, #3682, #3140 ) ;
#4712 = EDGE_CURVE ( 'NONE', #2389, #4122, #1950, .T. ) ;
#4713 = EDGE_CURVE ( 'NONE', #5242, #3527, #651, .T. ) ;
#4714 = ADVANCED_FACE ( 'NONE', ( #1737 ), #4951, .F. ) ;
#4715 = ORIENTED_EDGE ( 'NONE', *, *, #1685, .F. ) ;
#4716 = DIRECTION ( 'NONE',  ( 0.000000000000000000, 0.000000000000000000, 1.000000000000000000 ) ) ;
#4717 = CIRCLE ( 'NONE', #2108, 3.000000000000000000 ) ;
#4718 = DIRECTION ( 'NONE',  ( 1.000000000000000000, 0.000000000000000000, 0.000000000000000000 ) ) ;
#4719 = CARTESIAN_POINT ( 'NONE',  ( 19.19999999999999929, -16.35000000000000142, 50.99844991318239806 ) ) ;
#4720 = DIRECTION ( 'NONE',  ( 0.000000000000000000, 0.000000000000000000, 1.000000000000000000 ) ) ;
#4721 = CARTESIAN_POINT ( 'NONE',  ( 1.642922560701340684, -18.67565516301290529, 49.74310669125728168 ) ) ;
#4722 = EDGE_LOOP ( 'NONE', ( #2481, #4624, #2380, #2000, #616, #2323 ) ) ;
#4723 = CYLINDRICAL_SURFACE ( 'NONE', #2849, 2.999999999999998224 ) ;
#4724 = CARTESIAN_POINT ( 'NONE',  ( 11.69829999999999970, -26.39999999999999858, -61.34215422574949628 ) ) ;
#4725 = DIRECTION ( 'NONE',  ( 0.000000000000000000, 0.000000000000000000, 1.000000000000000000 ) ) ;
#4726 = CARTESIAN_POINT ( 'NONE',  ( 24.00000000000000000, -4.000000000000000000, 41.37032278843620503 ) ) ;
#4727 = VERTEX_POINT ( 'NONE', #4895 ) ;
#4728 = EDGE_LOOP ( 'NONE', ( #5557, #5752 ) ) ;
#4729 = ORIENTED_EDGE ( 'NONE', *, *, #5587, .T. ) ;
#4730 = CARTESIAN_POINT ( 'NONE',  ( 0.02048661691208319979, -11.50000000000000000, 48.99874991318240092 ) ) ;
#4731 = DIRECTION ( 'NONE',  ( 0.000000000000000000, 0.000000000000000000, 1.000000000000000000 ) ) ;
#4732 = DIRECTION ( 'NONE',  ( 0.000000000000000000, -1.000000000000000000, 0.000000000000000000 ) ) ;
#4733 = LINE ( 'NONE', #2526, #4620 ) ;
#4734 = ORIENTED_EDGE ( 'NONE', *, *, #1704, .T. ) ;
#4735 = AXIS2_PLACEMENT_3D ( 'NONE', #2154, #5827, #5965 ) ;
#4736 = DIRECTION ( 'NONE',  ( 0.000000000000000000, 1.000000000000000000, 0.000000000000000000 ) ) ;
#4737 = DIRECTION ( 'NONE',  ( 0.000000000000000000, 0.000000000000000000, 1.000000000000000000 ) ) ;
#4738 = ADVANCED_FACE ( 'NONE', ( #5920 ), #4984, .F. ) ;
#4739 = FACE_BOUND ( 'NONE', #2418, .T. ) ;
#4740 = CARTESIAN_POINT ( 'NONE',  ( 16.23367503961910074, -33.89999999999999858, -59.93475008681769367 ) ) ;
#4741 = ORIENTED_EDGE ( 'NONE', *, *, #49, .F. ) ;
#4742 = DIRECTION ( 'NONE',  ( 0.000000000000000000, 1.000000000000000000, 0.000000000000000000 ) ) ;
#4743 = LINE ( 'NONE', #3360, #5460 ) ;
#4744 = CARTESIAN_POINT ( 'NONE',  ( 11.69829999999999970, 30.90000000000000213, -64.55325008681771237 ) ) ;
#4745 = EDGE_CURVE ( 'NONE', #5044, #2151, #838, .T. ) ;
#4746 = EDGE_CURVE ( 'NONE', #4699, #5210, #4527, .T. ) ;
#4747 = DIRECTION ( 'NONE',  ( -1.000000000000000000, 0.000000000000000000, 0.000000000000000000 ) ) ;
#4748 = CARTESIAN_POINT ( 'NONE',  ( 1.606555260485440506, 18.65726635311834514, 49.78827495244427581 ) ) ;
#4749 = ORIENTED_EDGE ( 'NONE', *, *, #3385, .F. ) ;
#4750 = ORIENTED_EDGE ( 'NONE', *, *, #5424, .F. ) ;
#4751 = DIRECTION ( 'NONE',  ( 0.000000000000000000, -0.9396926207859082059, 0.3420201433256691570 ) ) ;
#4752 = DIRECTION ( 'NONE',  ( -1.000000000000000000, 0.000000000000000000, 0.000000000000000000 ) ) ;
#4753 = EDGE_CURVE ( 'NONE', #1134, #2389, #2620, .T. ) ;
#4754 = DIRECTION ( 'NONE',  ( 0.000000000000000000, -0.7071067811865480168, 0.7071067811865470176 ) ) ;
#4755 = CARTESIAN_POINT ( 'NONE',  ( 24.00000000000000000, 26.39999999999999858, -58.50105008681759955 ) ) ;
#4756 = AXIS2_PLACEMENT_3D ( 'NONE', #466, #2219, #4987 ) ;
#4757 = AXIS2_PLACEMENT_3D ( 'NONE', #2894, #3903, #3381 ) ;
#4758 = ORIENTED_EDGE ( 'NONE', *, *, #2122, .T. ) ;
#4759 = ORIENTED_EDGE ( 'NONE', *, *, #5202, .F. ) ;
#4760 = EDGE_LOOP ( 'NONE', ( #1428, #3495, #3901, #1767 ) ) ;
#4761 = AXIS2_PLACEMENT_3D ( 'NONE', #4019, #1166, #5776 ) ;
#4762 = DIRECTION ( 'NONE',  ( 0.000000000000000000, 0.000000000000000000, 1.000000000000000000 ) ) ;
#4763 = CYLINDRICAL_SURFACE ( 'NONE', #615, 2.999999999999999112 ) ;
#4764 = DIRECTION ( 'NONE',  ( 0.000000000000000000, 0.000000000000000000, -1.000000000000000000 ) ) ;
#4765 = DIRECTION ( 'NONE',  ( -1.000000000000000000, 0.000000000000000000, 0.000000000000000000 ) ) ;
#4766 = AXIS2_PLACEMENT_3D ( 'NONE', #3826, #118, #1151 ) ;
#4767 = ORIENTED_EDGE ( 'NONE', *, *, #2379, .F. ) ;
#4768 = DIRECTION ( 'NONE',  ( 1.000000000000000000, 0.000000000000000000, 0.000000000000000000 ) ) ;
#4769 = DIRECTION ( 'NONE',  ( 0.000000000000000000, 0.000000000000000000, 1.000000000000000000 ) ) ;
#4770 = CARTESIAN_POINT ( 'NONE',  ( 11.69829999999999970, 33.89999999999999858, -56.07925008681760914 ) ) ;
#4771 = DIRECTION ( 'NONE',  ( 0.000000000000000000, 0.000000000000000000, -1.000000000000000000 ) ) ;
#4772 = CIRCLE ( 'NONE', #131, 2.999999999999999112 ) ;
#4773 = ADVANCED_FACE ( 'NONE', ( #266 ), #5414, .F. ) ;
#4774 = ORIENTED_EDGE ( 'NONE', *, *, #4783, .F. ) ;
#4775 = DIRECTION ( 'NONE',  ( 0.000000000000000000, 0.000000000000000000, 1.000000000000000000 ) ) ;
#4776 = CIRCLE ( 'NONE', #2357, 2.000000000000001776 ) ;
#4777 = CARTESIAN_POINT ( 'NONE',  ( 3.200000000000000178, -19.00000000000000000, 52.99844991318239806 ) ) ;
#4778 = DIRECTION ( 'NONE',  ( 0.000000000000000000, 0.000000000000000000, 1.000000000000000000 ) ) ;
#4779 = CARTESIAN_POINT ( 'NONE',  ( 19.19999999999999929, 11.50000000000000000, 50.99844991318239806 ) ) ;
#4780 = DIRECTION ( 'NONE',  ( 0.000000000000000000, -1.000000000000000000, 0.000000000000000000 ) ) ;
#4781 = ORIENTED_EDGE ( 'NONE', *, *, #1818, .F. ) ;
#4782 = AXIS2_PLACEMENT_3D ( 'NONE', #3397, #1514, #2943 ) ;
#4783 = EDGE_CURVE ( 'NONE', #4931, #2593, #2136, .T. ) ;
#4784 = VERTEX_POINT ( 'NONE', #5383 ) ;
#4785 = CARTESIAN_POINT ( 'NONE',  ( 7.162924960380900430, 33.89999999999999858, -58.69775008681759942 ) ) ;
#4786 = LINE ( 'NONE', #2483, #3629 ) ;
#4787 = FACE_OUTER_BOUND ( 'NONE', #553, .T. ) ;
#4788 = CARTESIAN_POINT ( 'NONE',  ( 11.69829999999999970, -30.90000000000000213, -62.55325008681771237 ) ) ;
#4789 = AXIS2_PLACEMENT_3D ( 'NONE', #3609, #4992, #4596 ) ;
#4790 = EDGE_CURVE ( 'NONE', #3584, #1633, #3081, .T. ) ;
#4791 = EDGE_CURVE ( 'NONE', #5896, #1874, #4918, .T. ) ;
#4792 = VERTEX_POINT ( 'NONE', #322 ) ;
#4793 = ORIENTED_EDGE ( 'NONE', *, *, #3431, .T. ) ;
#4794 = DIRECTION ( 'NONE',  ( 0.000000000000000000, 1.000000000000000000, 0.000000000000000000 ) ) ;
#4795 = FACE_OUTER_BOUND ( 'NONE', #4722, .T. ) ;
#4796 = PLANE ( 'NONE',  #365 ) ;
#4797 = CARTESIAN_POINT ( 'NONE',  ( 16.23367503961910074, 63.69651116357161413, -57.69775008681769890 ) ) ;
#4798 = ORIENTED_EDGE ( 'NONE', *, *, #1883, .T. ) ;
#4799 = VERTEX_POINT ( 'NONE', #2214 ) ;
#4800 = LINE ( 'NONE', #2158, #597 ) ;
#4801 = DIRECTION ( 'NONE',  ( 0.000000000000000000, -1.000000000000000000, 0.000000000000000000 ) ) ;
#4802 = DIRECTION ( 'NONE',  ( 0.000000000000000000, 0.000000000000000000, 1.000000000000000000 ) ) ;
#4803 = FACE_BOUND ( 'NONE', #3283, .T. ) ;
#4804 = EDGE_LOOP ( 'NONE', ( #1220, #339 ) ) ;
#4805 = PLANE ( 'NONE',  #3522 ) ;
#4806 = DIRECTION ( 'NONE',  ( 0.000000000000000000, 0.000000000000000000, 1.000000000000000000 ) ) ;
#4807 = DIRECTION ( 'NONE',  ( 0.000000000000000000, 6.938893903907229610E-17, -1.000000000000000000 ) ) ;
#4808 = DIRECTION ( 'NONE',  ( 0.000000000000000000, -1.000000000000000000, 0.000000000000000000 ) ) ;
#4809 = CARTESIAN_POINT ( 'NONE',  ( 14.50000000000000000, 39.39999999999999858, -45.00105008681759955 ) ) ;
#4810 = VERTEX_POINT ( 'NONE', #2161 ) ;
#4811 = AXIS2_PLACEMENT_3D ( 'NONE', #1584, #5255, #2953 ) ;
#4812 = AXIS2_PLACEMENT_3D ( 'NONE', #3905, #3845, #5230 ) ;
#4813 = AXIS2_PLACEMENT_3D ( 'NONE', #1702, #1251, #3102 ) ;
#4814 = ORIENTED_EDGE ( 'NONE', *, *, #4086, .T. ) ;
#4815 = LINE ( 'NONE', #4367, #5742 ) ;
#4816 = DIRECTION ( 'NONE',  ( 0.000000000000000000, 0.000000000000000000, 1.000000000000000000 ) ) ;
#4817 = PLANE ( 'NONE',  #801 ) ;
#4818 = CARTESIAN_POINT ( 'NONE',  ( 24.00000000000000000, 11.50000000000000000, 48.99874991318240092 ) ) ;
#4819 = EDGE_CURVE ( 'NONE', #50, #870, #1038, .T. ) ;
#4820 = AXIS2_PLACEMENT_3D ( 'NONE', #3898, #2009, #3870 ) ;
#4821 = ORIENTED_EDGE ( 'NONE', *, *, #4819, .F. ) ;
#4822 = ORIENTED_EDGE ( 'NONE', *, *, #1363, .T. ) ;
#4823 = LINE ( 'NONE', #221, #5455 ) ;
#4824 = FACE_OUTER_BOUND ( 'NONE', #3768, .T. ) ;
#4825 = CARTESIAN_POINT ( 'NONE',  ( 3.000000000000000000, -33.89999999999999858, -44.61744750750959554 ) ) ;
#4826 = ADVANCED_FACE ( 'NONE', ( #5808, #5865 ), #3566, .F. ) ;
#4827 = EDGE_CURVE ( 'NONE', #2199, #3145, #4048, .T. ) ;
#4828 = EDGE_CURVE ( 'NONE', #1614, #5291, #5439, .T. ) ;
#4829 = LINE ( 'NONE', #3349, #1626 ) ;
#4830 = ORIENTED_EDGE ( 'NONE', *, *, #5352, .F. ) ;
#4831 = B_SPLINE_CURVE_WITH_KNOTS ( 'NONE', 3,
 ( #4331, #3455, #179, #2576, #5725, #5302, #1148, #5697, #1568, #273, #3425, #1990, #242, #4874, #5273, #2544, #3363, #4425, #2997, #4842, #5209, #692, #4395, #1630, #2448, #3483, #1175, #3029, #726, #1052, #2903, #4748, #595, #3852, #1538, #3171, #5900, #752, #4451, #807, #777, #1720, #4055, #3088, #2221, #1771, #3631, #3144, #4079, #5474, #4479, #2141, #4989, #5390, #1321, #1744, #2659, #3601, #4027, #5447, #2251, #1289, #5872, #299, #4930, #1657, #328, #3513, #4901, #2710, #833, #5017, #861, #5420, #3574, #5845, #4558, #412, #4111, #5362, #1235, #5927, #1209, #4508, #4001, #1690, #3114, #2685, #359, #2169, #2625, #1264, #3059, #4959, #2198, #3545, #4535, #384, #2603, #3717, #5592, #1859, #4140, #2868, #1471, #3778, #1918, #5532, #2739, #888, #3747, #3230, #1438, #5171, #3326 ),
 .UNSPECIFIED., .F., .F.,
 ( 4, 2, 2, 1, 1, 2, 2, 2, 1, 1, 1, 2, 2, 2, 2, 1, 1, 2, 2, 2, 2, 1, 1, 1, 2, 2, 2, 1, 1, 2, 2, 2, 1, 2, 2, 2, 1, 2, 2, 2, 2, 1, 1, 2, 2, 2, 2, 1, 1, 1, 2, 2, 2, 2, 1, 1, 2, 2, 2, 2, 1, 1, 2, 2, 2, 1, 1, 2, 2, 4 ),
 ( 0.000000000000000000, 0.06249999999984524879, 0.09374999999976844911, 0.1093749999997307709, 0.1171874999997121747, 0.1210937499997027794, 0.1249999999996933842, 0.1562499999996143085, 0.1718749999995744793, 0.1796874999995537181, 0.1835937499995432265, 0.1855468749995386746, 0.1874999999995341227, 0.2187499999994569899, 0.2343749999994173272, 0.2421874999993964828, 0.2460937499993848254, 0.2480468749993799960, 0.2499999999993751665, 0.2812499999993166022, 0.2968749999992870703, 0.3046874999992741917, 0.3085937499992701394, 0.3105468749992713606, 0.3115234374992714717, 0.3124999999992715272, 0.3437499999992967847, 0.3593749999993108846, 0.3671874999993163247, 0.3710937499993209876, 0.3749999999993255950, 0.4062499999993490762, 0.4218749999993592903, 0.4296874999993643973, 0.4374999999993695043, 0.4687499999993904320, 0.4843749999994025890, 0.4921874999994069189, 0.4999999999994113598, 0.5624999999994462208, 0.5937499999994618749, 0.6093749999994698685, 0.6171874999994739763, 0.6210937499994747535, 0.6249999999994755306, 0.6562499999994648725, 0.6718749999994581001, 0.6796874999994547695, 0.6835937499994542144, 0.6855468749994543254, 0.6865234374994545474, 0.6874999999994547695, 0.7187499999995361488, 0.7343749999995765609, 0.7421874999995969890, 0.7460937499996072031, 0.7480468749996111999, 0.7499999999996151967, 0.7812499999996619371, 0.7968749999996863620, 0.8046874999996997957, 0.8085937499997061240, 0.8105468749997088995, 0.8124999999997117861, 0.8437499999997686295, 0.8593749999997960520, 0.8671874999998095968, 0.8710937499998154809, 0.8749999999998213651, 1.000000000000000000 ),
 .UNSPECIFIED. ) ;
#4832 = ORIENTED_EDGE ( 'NONE', *, *, #5036, .T. ) ;
#4833 = CARTESIAN_POINT ( 'NONE',  ( 24.00000000000000000, 30.90000000000000213, -45.14642844963499613 ) ) ;
#4834 = DIRECTION ( 'NONE',  ( 0.000000000000000000, 1.000000000000000000, 0.000000000000000000 ) ) ;
#4835 = LINE ( 'NONE', #745, #794 ) ;
#4836 = CARTESIAN_POINT ( 'NONE',  ( 19.19999999999999929, -19.00000000000000000, 48.99844991318239806 ) ) ;
#4837 = ORIENTED_EDGE ( 'NONE', *, *, #4594, .T. ) ;
#4838 = DIRECTION ( 'NONE',  ( 0.000000000000000000, 0.000000000000000000, -1.000000000000000000 ) ) ;
#4839 = DIRECTION ( 'NONE',  ( -1.000000000000000000, 0.000000000000000000, 0.000000000000000000 ) ) ;
#4840 = CARTESIAN_POINT ( 'NONE',  ( 16.23367503961910074, 26.39999999999999858, -60.93475008681769367 ) ) ;
#4841 = CARTESIAN_POINT ( 'NONE',  ( 22.75735931288071257, -20.50000000000000711, -7.801250086817614893 ) ) ;
#4842 = CARTESIAN_POINT ( 'NONE',  ( 1.982139314960398080, 18.82202987592902943, 49.41199990576433265 ) ) ;
#4843 = ORIENTED_EDGE ( 'NONE', *, *, #3016, .T. ) ;
#4844 = VECTOR ( 'NONE', #3883, 1000.000000000000000 ) ;
#4845 = ORIENTED_EDGE ( 'NONE', *, *, #1160, .T. ) ;
#4846 = CARTESIAN_POINT ( 'NONE',  ( 21.00000000000000000, -0.1499999999999999944, 23.99874991318240092 ) ) ;
#4847 = CARTESIAN_POINT ( 'NONE',  ( 24.00000000000000000, 2.684863138478910019E-13, 11.99968744980630042 ) ) ;
#4848 = PLANE ( 'NONE',  #2912 ) ;
#4849 = CIRCLE ( 'NONE', #1, 2.000000000000001776 ) ;
#4850 = CARTESIAN_POINT ( 'NONE',  ( 11.69829999999999970, -33.89999999999999858, -54.07925008681760204 ) ) ;
#4851 = ORIENTED_EDGE ( 'NONE', *, *, #4978, .T. ) ;
#4852 = EDGE_CURVE ( 'NONE', #500, #59, #3623, .T. ) ;
#4853 = EDGE_LOOP ( 'NONE', ( #2359, #5307, #1884, #2815 ) ) ;
#4854 = DIRECTION ( 'NONE',  ( 0.000000000000000000, 1.000000000000000000, 0.000000000000000000 ) ) ;
#4855 = CARTESIAN_POINT ( 'NONE',  ( 24.00000000000000000, -16.00000000000000000, -26.44373421647729927 ) ) ;
#4856 = DIRECTION ( 'NONE',  ( 0.000000000000000000, 1.000000000000000000, 0.000000000000000000 ) ) ;
#4857 = AXIS2_PLACEMENT_3D ( 'NONE', #4356, #198, #2105 ) ;
#4858 = CARTESIAN_POINT ( 'NONE',  ( 11.69829999999999970, -30.90000000000000213, -64.55325008681771237 ) ) ;
#4859 = EDGE_LOOP ( 'NONE', ( #4007, #573 ) ) ;
#4860 = CIRCLE ( 'NONE', #1470, 2.999999999999999112 ) ;
#4861 = EDGE_CURVE ( 'NONE', #2125, #5622, #454, .T. ) ;
#4862 = EDGE_CURVE ( 'NONE', #546, #4699, #3504, .T. ) ;
#4863 = ORIENTED_EDGE ( 'NONE', *, *, #5080, .F. ) ;
#4864 = VECTOR ( 'NONE', #3414, 1000.000000000000000 ) ;
#4865 = DIRECTION ( 'NONE',  ( -1.000000000000000000, 0.000000000000000000, 0.000000000000000000 ) ) ;
#4866 = DIRECTION ( 'NONE',  ( 0.000000000000000000, -1.000000000000000000, 0.000000000000000000 ) ) ;
#4867 = DIRECTION ( 'NONE',  ( 0.000000000000000000, -1.000000000000000000, 0.000000000000000000 ) ) ;
#4868 = VECTOR ( 'NONE', #819, 1000.000000000000000 ) ;
#4869 = EDGE_CURVE ( 'NONE', #3569, #3614, #2195, .T. ) ;
#4870 = EDGE_LOOP ( 'NONE', ( #5574, #397, #2331, #202 ) ) ;
#4871 = LINE ( 'NONE', #3968, #5370 ) ;
#4872 = CYLINDRICAL_SURFACE ( 'NONE', #1844, 1.000000000000000888 ) ;
#4873 = FACE_OUTER_BOUND ( 'NONE', #3672, .T. ) ;
#4874 = CARTESIAN_POINT ( 'NONE',  ( 2.109921922991434773, 18.86494954270682811, 49.32135175368907909 ) ) ;
#4875 = VECTOR ( 'NONE', #432, 1000.000000000000000 ) ;
#4876 = ORIENTED_EDGE ( 'NONE', *, *, #3464, .F. ) ;
#4877 = VERTEX_POINT ( 'NONE', #5496 ) ;
#4878 = CARTESIAN_POINT ( 'NONE',  ( 19.19999999999999929, -59.39363543471729656, 49.99844991318239806 ) ) ;
#4879 = CARTESIAN_POINT ( 'NONE',  ( 16.23367503961910074, 33.89999999999999858, -61.93475008681769367 ) ) ;
#4880 = FACE_OUTER_BOUND ( 'NONE', #477, .T. ) ;
#4881 = LINE ( 'NONE', #3400, #3646 ) ;
#4882 = CIRCLE ( 'NONE', #2563, 2.000000000000001776 ) ;
#4883 = CIRCLE ( 'NONE', #1688, 1.000000000000000888 ) ;
#4884 =( GEOMETRIC_REPRESENTATION_CONTEXT ( 3 ) GLOBAL_UNCERTAINTY_ASSIGNED_CONTEXT ( ( #2796 ) ) GLOBAL_UNIT_ASSIGNED_CONTEXT ( ( #3608, #4991, #5791 ) ) REPRESENTATION_CONTEXT ( 'NONE', 'WORKASPACE' ) );
#4885 = ORIENTED_EDGE ( 'NONE', *, *, #3017, .T. ) ;
#4886 = VERTEX_POINT ( 'NONE', #492 ) ;
#4887 = CARTESIAN_POINT ( 'NONE',  ( 11.69829999999999970, 65.86479725780770877, -55.07925008681760204 ) ) ;
#4888 = ORIENTED_EDGE ( 'NONE', *, *, #491, .T. ) ;
#4889 = VECTOR ( 'NONE', #3422, 1000.000000000000000 ) ;
#4890 = LINE ( 'NONE', #1701, #2592 ) ;
#4891 = VERTEX_POINT ( 'NONE', #404 ) ;
#4892 = VERTEX_POINT ( 'NONE', #522 ) ;
#4893 = LINE ( 'NONE', #2041, #4380 ) ;
#4894 = FACE_OUTER_BOUND ( 'NONE', #5635, .T. ) ;
#4895 = CARTESIAN_POINT ( 'NONE',  ( 11.95199776687860016, 39.39999999999999858, -45.00105008681759955 ) ) ;
#4896 = ADVANCED_FACE ( 'NONE', ( #5582, #1341 ), #5127, .F. ) ;
#4897 = VERTEX_POINT ( 'NONE', #2731 ) ;
#4898 = DIRECTION ( 'NONE',  ( 0.000000000000000000, -1.000000000000000000, 0.000000000000000000 ) ) ;
#4899 = LINE ( 'NONE', #5756, #3408 ) ;
#4900 = DIRECTION ( 'NONE',  ( 0.000000000000000000, 0.000000000000000000, 1.000000000000000000 ) ) ;
#4901 = CARTESIAN_POINT ( 'NONE',  ( 1.297145403796150509, 18.47005493068107995, 51.61573656026985901 ) ) ;
#4902 = EDGE_CURVE ( 'NONE', #4647, #2080, #433, .T. ) ;
#4903 = EDGE_CURVE ( 'NONE', #4099, #4877, #3773, .T. ) ;
#4904 = AXIS2_PLACEMENT_3D ( 'NONE', #4818, #3952, #3521 ) ;
#4905 = EDGE_CURVE ( 'NONE', #4706, #3241, #935, .T. ) ;
#4906 = ORIENTED_EDGE ( 'NONE', *, *, #3915, .T. ) ;
#4907 = CARTESIAN_POINT ( 'NONE',  ( 11.69829999999999970, -30.90000000000000213, -54.07925008681760204 ) ) ;
#4908 = CARTESIAN_POINT ( 'NONE',  ( 24.00000000000000000, 4.000000000000000000, 55.02717703792859538 ) ) ;
#4909 = DIRECTION ( 'NONE',  ( 0.000000000000000000, 2.478176394252580155E-16, 1.000000000000000000 ) ) ;
#4910 = FACE_OUTER_BOUND ( 'NONE', #2704, .T. ) ;
#4911 = AXIS2_PLACEMENT_3D ( 'NONE', #1402, #5288, #1131 ) ;
#4912 = AXIS2_PLACEMENT_3D ( 'NONE', #3415, #3383, #5263 ) ;
#4913 = VECTOR ( 'NONE', #5459, 1000.000000000000000 ) ;
#4914 = ORIENTED_EDGE ( 'NONE', *, *, #4379, .T. ) ;
#4915 = ORIENTED_EDGE ( 'NONE', *, *, #3871, .T. ) ;
#4916 = DIRECTION ( 'NONE',  ( 0.000000000000000000, 0.000000000000000000, 1.000000000000000000 ) ) ;
#4917 = EDGE_LOOP ( 'NONE', ( #5157, #5936, #2753, #2679 ) ) ;
#4918 = CIRCLE ( 'NONE', #3168, 1.000000000000000888 ) ;
#4919 = DIRECTION ( 'NONE',  ( 0.000000000000000000, 0.000000000000000000, 1.000000000000000000 ) ) ;
#4920 = ORIENTED_EDGE ( 'NONE', *, *, #3644, .F. ) ;
#4921 = ORIENTED_EDGE ( 'NONE', *, *, #3125, .F. ) ;
#4922 = LINE ( 'NONE', #4469, #2438 ) ;
#4923 = CARTESIAN_POINT ( 'NONE',  ( 16.23367503961910074, -30.90000000000000213, -62.93475008681768657 ) ) ;
#4924 = DIRECTION ( 'NONE',  ( 0.000000000000000000, -1.000000000000000000, 0.000000000000000000 ) ) ;
#4925 = ORIENTED_EDGE ( 'NONE', *, *, #3865, .F. ) ;
#4926 = EDGE_CURVE ( 'NONE', #1491, #2792, #5584, .T. ) ;
#4927 = CARTESIAN_POINT ( 'NONE',  ( 24.00000000000000000, -1.171572875253809931, 44.19874991318239665 ) ) ;
#4928 = CARTESIAN_POINT ( 'NONE',  ( 11.69829999999999970, 30.90000000000000213, -64.55325008681771237 ) ) ;
#4929 = CARTESIAN_POINT ( 'NONE',  ( 1.215334018064440080, 5.576470590140849691E-05, 14.41383824713121697 ) ) ;
#4930 = CARTESIAN_POINT ( 'NONE',  ( 1.209561637941777290, 18.40781274537031820, 51.23005604798905921 ) ) ;
#4931 = VERTEX_POINT ( 'NONE', #3678 ) ;
#4932 = EDGE_CURVE ( 'NONE', #2216, #1303, #366, .T. ) ;
#4933 = DIRECTION ( 'NONE',  ( 0.000000000000000000, -1.000000000000000000, 0.000000000000000000 ) ) ;
#4934 = DIRECTION ( 'NONE',  ( 0.000000000000000000, 2.312964634635739999E-16, -1.000000000000000000 ) ) ;
#4935 = CARTESIAN_POINT ( 'NONE',  ( 3.000000000000000000, -20.50000000000000000, -7.801250086817620222 ) ) ;
#4936 = CARTESIAN_POINT ( 'NONE',  ( 2.302906015282476293, -18.91786080247972279, 52.78598708833241915 ) ) ;
#4937 = CIRCLE ( 'NONE', #1739, 2.000000000000001776 ) ;
#4938 = ORIENTED_EDGE ( 'NONE', *, *, #759, .F. ) ;
#4939 = EDGE_CURVE ( 'NONE', #5572, #1668, #39, .T. ) ;
#4940 = EDGE_LOOP ( 'NONE', ( #5084, #747 ) ) ;
#4941 = VECTOR ( 'NONE', #2140, 1000.000000000000000 ) ;
#4942 = DIRECTION ( 'NONE',  ( 0.000000000000000000, 1.734723475976809806E-16, 1.000000000000000000 ) ) ;
#4943 = VERTEX_POINT ( 'NONE', #2274 ) ;
#4944 = CARTESIAN_POINT ( 'NONE',  ( 16.23367503961910074, -58.32062494435390221, -62.93475008681768657 ) ) ;
#4945 = CARTESIAN_POINT ( 'NONE',  ( 14.02872615504569964, 37.04521134754939737, -45.00105008681759955 ) ) ;
#4946 = EDGE_LOOP ( 'NONE', ( #386, #1806 ) ) ;
#4947 = ORIENTED_EDGE ( 'NONE', *, *, #105, .T. ) ;
#4948 = DIRECTION ( 'NONE',  ( 0.000000000000000000, 0.000000000000000000, -1.000000000000000000 ) ) ;
#4949 = LINE ( 'NONE', #4047, #3604 ) ;
#4950 = LINE ( 'NONE', #2160, #4660 ) ;
#4951 = CYLINDRICAL_SURFACE ( 'NONE', #754, 1.000000000000000888 ) ;
#4952 = CIRCLE ( 'NONE', #2332, 2.000000000000001776 ) ;
#4953 = CIRCLE ( 'NONE', #3208, 1.000000000000000888 ) ;
#4954 = ORIENTED_EDGE ( 'NONE', *, *, #375, .T. ) ;
#4955 = CARTESIAN_POINT ( 'NONE',  ( 21.16972934901145820, 18.99523431912795601, 50.65124724509023935 ) ) ;
#4956 = FACE_OUTER_BOUND ( 'NONE', #3304, .T. ) ;
#4957 = CIRCLE ( 'NONE', #4091, 3.000000000000000000 ) ;
#4958 = DIRECTION ( 'NONE',  ( 0.000000000000000000, 0.000000000000000000, 1.000000000000000000 ) ) ;
#4959 = CARTESIAN_POINT ( 'NONE',  ( 1.711482127929333963, 18.70914959365162744, 52.33424029882792894 ) ) ;
#4960 = EDGE_CURVE ( 'NONE', #1053, #1827, #1429, .T. ) ;
#4961 = ORIENTED_EDGE ( 'NONE', *, *, #5079, .F. ) ;
#4962 = AXIS2_PLACEMENT_3D ( 'NONE', #3242, #2324, #4181 ) ;
#4963 = DIRECTION ( 'NONE',  ( 0.000000000000000000, 2.312964634635739999E-16, 1.000000000000000000 ) ) ;
#4964 = DIRECTION ( 'NONE',  ( 0.000000000000000000, 1.000000000000000000, -7.709882115452480139E-16 ) ) ;
#4965 = CARTESIAN_POINT ( 'NONE',  ( 11.69829999999999970, -55.92897372223750097, -64.55325008681771237 ) ) ;
#4966 = CARTESIAN_POINT ( 'NONE',  ( 1.501871112640568162, -18.59915649934250226, 52.05502883333857511 ) ) ;
#4967 = ADVANCED_FACE ( 'NONE', ( #3741, #5065, #2764, #1463, #4675, #4101, #975, #4612, #1848, #2371 ), #3319, .F. ) ;
#4968 = AXIS2_PLACEMENT_3D ( 'NONE', #3739, #5581, #1816 ) ;
#4969 = AXIS2_PLACEMENT_3D ( 'NONE', #2369, #4223, #1845 ) ;
#4970 = VERTEX_POINT ( 'NONE', #5947 ) ;
#4971 = CARTESIAN_POINT ( 'NONE',  ( 24.00000000000000000, -4.000000000000000000, 55.02717703792859538 ) ) ;
#4972 = ORIENTED_EDGE ( 'NONE', *, *, #5494, .F. ) ;
#4973 = DIRECTION ( 'NONE',  ( 0.000000000000000000, 0.000000000000000000, 1.000000000000000000 ) ) ;
#4974 = AXIS2_PLACEMENT_3D ( 'NONE', #5755, #4898, #176 ) ;
#4975 = DIRECTION ( 'NONE',  ( 0.000000000000000000, 0.000000000000000000, -1.000000000000000000 ) ) ;
#4976 = CIRCLE ( 'NONE', #521, 2.000000000000001776 ) ;
#4977 = ADVANCED_FACE ( 'NONE', ( #5555 ), #1400, .T. ) ;
#4978 = EDGE_CURVE ( 'NONE', #195, #1488, #4644, .T. ) ;
#4979 = EDGE_CURVE ( 'NONE', #5156, #1789, #2010, .T. ) ;
#4980 = ORIENTED_EDGE ( 'NONE', *, *, #3465, .T. ) ;
#4981 = CIRCLE ( 'NONE', #3824, 1.000000000000000888 ) ;
#4982 = ORIENTED_EDGE ( 'NONE', *, *, #1532, .F. ) ;
#4983 = FACE_BOUND ( 'NONE', #274, .T. ) ;
#4984 = PLANE ( 'NONE',  #2492 ) ;
#4985 = ORIENTED_EDGE ( 'NONE', *, *, #4127, .F. ) ;
#4986 = CARTESIAN_POINT ( 'NONE',  ( 3.200000000000000178, -59.17773170840619912, 50.99844991318239806 ) ) ;
#4987 = DIRECTION ( 'NONE',  ( 0.000000000000000000, 0.000000000000000000, -1.000000000000000000 ) ) ;
#4988 = LINE ( 'NONE', #4507, #4370 ) ;
#4989 = CARTESIAN_POINT ( 'NONE',  ( 1.257241531071951801, 18.44197073020233546, 50.52177838213938799 ) ) ;
#4990 = ORIENTED_EDGE ( 'NONE', *, *, #3567, .F. ) ;
#4991 =( NAMED_UNIT ( * ) PLANE_ANGLE_UNIT ( ) SI_UNIT ( $, .RADIAN. ) );
#4992 = DIRECTION ( 'NONE',  ( 0.000000000000000000, -1.000000000000000000, 0.000000000000000000 ) ) ;
#4993 = CIRCLE ( 'NONE', #455, 2.000000000000001776 ) ;
#4994 = CARTESIAN_POINT ( 'NONE',  ( 19.19999999999999929, -11.50000000000000000, 50.99844991318239806 ) ) ;
#4995 = CARTESIAN_POINT ( 'NONE',  ( 1.341172392660061607, -18.49983552086529315, 51.73657415806602700 ) ) ;
#4996 = VERTEX_POINT ( 'NONE', #67 ) ;
#4997 = CARTESIAN_POINT ( 'NONE',  ( 19.19999999999999929, -19.00000000000000000, 50.99844991318239806 ) ) ;
#4998 = VERTEX_POINT ( 'NONE', #192 ) ;
#4999 = EDGE_CURVE ( 'NONE', #1473, #1919, #5741, .T. ) ;
#5000 = DIRECTION ( 'NONE',  ( -1.000000000000000000, 0.000000000000000000, 0.000000000000000000 ) ) ;
#5001 = CYLINDRICAL_SURFACE ( 'NONE', #3266, 1.000000000000000888 ) ;
#5002 = ORIENTED_EDGE ( 'NONE', *, *, #244, .F. ) ;
#5003 = ORIENTED_EDGE ( 'NONE', *, *, #3575, .T. ) ;
#5004 = VECTOR ( 'NONE', #2044, 1000.000000000000000 ) ;
#5005 = VERTEX_POINT ( 'NONE', #2401 ) ;
#5006 = AXIS2_PLACEMENT_3D ( 'NONE', #1936, #4668, #3794 ) ;
#5007 = FACE_OUTER_BOUND ( 'NONE', #4480, .T. ) ;
#5008 = EDGE_CURVE ( 'NONE', #3128, #5698, #5312, .T. ) ;
#5009 = EDGE_CURVE ( 'NONE', #4290, #440, #371, .T. ) ;
#5010 = DIRECTION ( 'NONE',  ( 0.000000000000000000, -1.000000000000000000, 5.782411586589360597E-16 ) ) ;
#5011 = ORIENTED_EDGE ( 'NONE', *, *, #1381, .T. ) ;
#5012 = EDGE_CURVE ( 'NONE', #5692, #5543, #4348, .T. ) ;
#5013 = CARTESIAN_POINT ( 'NONE',  ( 21.04474186242060085, 18.99969765585210624, 51.77470347819486562 ) ) ;
#5014 = CARTESIAN_POINT ( 'NONE',  ( 11.69829999999999970, 33.89999999999999858, -59.34215422574949628 ) ) ;
#5015 = DIRECTION ( 'NONE',  ( 0.000000000000000000, 0.7071067811865480168, 0.7071067811865470176 ) ) ;
#5016 = CYLINDRICAL_SURFACE ( 'NONE', #2440, 2.000000000000001776 ) ;
#5017 = CARTESIAN_POINT ( 'NONE',  ( 1.330599324125477656, 18.49261508384292796, 51.70937224951504163 ) ) ;
#5018 = EDGE_LOOP ( 'NONE', ( #5955, #2916, #1313, #5503 ) ) ;
#5019 = DATE_TIME_ROLE ( 'creation_date' ) ;
#5020 = LINE ( 'NONE', #1298, #4589 ) ;
#5021 = DIRECTION ( 'NONE',  ( 0.000000000000000000, 0.000000000000000000, -1.000000000000000000 ) ) ;
#5022 = CARTESIAN_POINT ( 'NONE',  ( 1.464635535284448453, -18.57766118940876510, 51.99496331426595930 ) ) ;
#5023 = ORIENTED_EDGE ( 'NONE', *, *, #2975, .T. ) ;
#5024 = CARTESIAN_POINT ( 'NONE',  ( 7.162924960380900430, -30.90000000000000213, -56.69775008681759942 ) ) ;
#5025 = ORIENTED_EDGE ( 'NONE', *, *, #1704, .F. ) ;
#5026 = CYLINDRICAL_SURFACE ( 'NONE', #4258, 1.000000000000000888 ) ;
#5027 = CARTESIAN_POINT ( 'NONE',  ( 9.243087638741080525, 33.89999999999999858, -51.50105008681759955 ) ) ;
#5028 = ORIENTED_EDGE ( 'NONE', *, *, #5495, .T. ) ;
#5029 = EDGE_CURVE ( 'NONE', #525, #2519, #5590, .T. ) ;
#5030 = AXIS2_PLACEMENT_3D ( 'NONE', #1925, #991, #3786 ) ;
#5031 = ORIENTED_EDGE ( 'NONE', *, *, #5202, .T. ) ;
#5032 = ORIENTED_EDGE ( 'NONE', *, *, #246, .F. ) ;
#5033 = DIRECTION ( 'NONE',  ( 0.000000000000000000, 5.361613695501830012E-16, -1.000000000000000000 ) ) ;
#5034 = DIRECTION ( 'NONE',  ( 0.000000000000000000, -0.3420201433256691015, -0.9396926207859082059 ) ) ;
#5035 = DIRECTION ( 'NONE',  ( 0.000000000000000000, 1.000000000000000000, 0.000000000000000000 ) ) ;
#5036 = EDGE_CURVE ( 'NONE', #568, #100, #2498, .T. ) ;
#5037 = ORIENTED_EDGE ( 'NONE', *, *, #5726, .F. ) ;
#5038 = DIRECTION ( 'NONE',  ( -0.7071067811865480168, 0.7071067811865470176, 0.000000000000000000 ) ) ;
#5039 = DIRECTION ( 'NONE',  ( 0.000000000000000000, 0.000000000000000000, 1.000000000000000000 ) ) ;
#5040 = CARTESIAN_POINT ( 'NONE',  ( 0.000000000000000000, 2.685303595611480236E-13, 11.99968744980630042 ) ) ;
#5041 = VECTOR ( 'NONE', #4618, 1000.000000000000000 ) ;
#5042 = CARTESIAN_POINT ( 'NONE',  ( 8.280638352128297797, 36.93790984927080245, -51.50105008681759955 ) ) ;
#5043 = VECTOR ( 'NONE', #2568, 1000.000000000000000 ) ;
#5044 = VERTEX_POINT ( 'NONE', #3840 ) ;
#5045 = ADVANCED_FACE ( 'NONE', ( #614 ), #3377, .T. ) ;
#5046 = AXIS2_PLACEMENT_3D ( 'NONE', #2988, #3078, #3990 ) ;
#5047 = ORIENTED_EDGE ( 'NONE', *, *, #2813, .T. ) ;
#5048 = AXIS2_PLACEMENT_3D ( 'NONE', #4534, #2220, #411 ) ;
#5049 = DATE_AND_TIME ( #5476, #3043 ) ;
#5050 = CARTESIAN_POINT ( 'NONE',  ( 21.00000000000000000, -8.849999999999999645, 23.99874991318240092 ) ) ;
#5051 = CARTESIAN_POINT ( 'NONE',  ( 11.69829999999999970, 30.90000000000000213, -54.07925008681760204 ) ) ;
#5052 = CARTESIAN_POINT ( 'NONE',  ( 2.260869304912116906, -18.90735087060646791, 49.23264013097232095 ) ) ;
#5053 = CIRCLE ( 'NONE', #2342, 2.000000000000001776 ) ;
#5054 = ORIENTED_EDGE ( 'NONE', *, *, #5764, .T. ) ;
#5055 = LINE ( 'NONE', #1419, #3419 ) ;
#5056 = ORIENTED_EDGE ( 'NONE', *, *, #3086, .F. ) ;
#5057 = CYLINDRICAL_SURFACE ( 'NONE', #2416, 1.999999999999994893 ) ;
#5058 = FACE_OUTER_BOUND ( 'NONE', #154, .T. ) ;
#5059 = VECTOR ( 'NONE', #2840, 1000.000000000000000 ) ;
#5060 = ORIENTED_EDGE ( 'NONE', *, *, #4645, .F. ) ;
#5061 = ORIENTED_EDGE ( 'NONE', *, *, #4196, .T. ) ;
#5062 = ORIENTED_EDGE ( 'NONE', *, *, #4352, .F. ) ;
#5063 = DIRECTION ( 'NONE',  ( 0.000000000000000000, -1.000000000000000000, 0.000000000000000000 ) ) ;
#5064 = CARTESIAN_POINT ( 'NONE',  ( 21.00000000000000000, 17.50000000000000000, 32.19874991318239665 ) ) ;
#5065 = FACE_BOUND ( 'NONE', #2426, .T. ) ;
#5066 = CIRCLE ( 'NONE', #3724, 9.000000000000001776 ) ;
#5067 = ORIENTED_EDGE ( 'NONE', *, *, #4638, .F. ) ;
#5068 = DIRECTION ( 'NONE',  ( 0.000000000000000000, 0.7071067811865470176, -0.7071067811865480168 ) ) ;
#5069 = CARTESIAN_POINT ( 'NONE',  ( 21.18140950117703269, -18.99462000840079057, 50.71624384623336823 ) ) ;
#5070 = DIRECTION ( 'NONE',  ( 1.000000000000000000, 0.000000000000000000, 0.000000000000000000 ) ) ;
#5071 = VECTOR ( 'NONE', #1050, 1000.000000000000000 ) ;
#5072 = EDGE_CURVE ( 'NONE', #4466, #1729, #3474, .T. ) ;
#5073 = CARTESIAN_POINT ( 'NONE',  ( 21.00000000000000000, -33.89999999999999858, -44.61744750750959554 ) ) ;
#5074 = CARTESIAN_POINT ( 'NONE',  ( 7.162924960380889772, 33.89999999999999858, -61.93475008681760130 ) ) ;
#5075 = ORIENTED_EDGE ( 'NONE', *, *, #4467, .F. ) ;
#5076 = ORIENTED_EDGE ( 'NONE', *, *, #3780, .F. ) ;
#5077 = APPROVAL_ROLE ( '' ) ;
#5078 = CARTESIAN_POINT ( 'NONE',  ( 16.23367503961910074, 33.89999999999999858, -56.69775008681769890 ) ) ;
#5079 = EDGE_CURVE ( 'NONE', #3007, #904, #5289, .T. ) ;
#5080 = EDGE_CURVE ( 'NONE', #1164, #4892, #4829, .T. ) ;
#5081 = CARTESIAN_POINT ( 'NONE',  ( 24.00000000000000000, 0.000000000000000000, -26.44373421647729927 ) ) ;
#5082 = ADVANCED_FACE ( 'NONE', ( #674 ), #175, .T. ) ;
#5083 = CARTESIAN_POINT ( 'NONE',  ( 1.201016507983680537, -18.40098563451100588, 51.06409678677938757 ) ) ;
#5084 = ORIENTED_EDGE ( 'NONE', *, *, #3798, .T. ) ;
#5085 = VERTEX_POINT ( 'NONE', #1977 ) ;
#5086 = LINE ( 'NONE', #1873, #3703 ) ;
#5087 = VERTEX_POINT ( 'NONE', #642 ) ;
#5088 = CARTESIAN_POINT ( 'NONE',  ( 7.162924960380900430, -33.89999999999999858, -54.69775008681759942 ) ) ;
#5089 = FACE_OUTER_BOUND ( 'NONE', #4547, .T. ) ;
#5090 = VECTOR ( 'NONE', #5134, 1000.000000000000000 ) ;
#5091 = ORIENTED_EDGE ( 'NONE', *, *, #2857, .F. ) ;
#5092 = VERTEX_POINT ( 'NONE', #1065 ) ;
#5093 = EDGE_LOOP ( 'NONE', ( #4142, #1391, #5497, #2425 ) ) ;
#5094 = DIRECTION ( 'NONE',  ( 0.000000000000000000, 0.000000000000000000, -1.000000000000000000 ) ) ;
#5095 = CARTESIAN_POINT ( 'NONE',  ( 5.000000000000000000, 33.89999999999999858, -45.00105008681759955 ) ) ;
#5096 = DIRECTION ( 'NONE',  ( 0.000000000000000000, 1.000000000000000000, 0.000000000000000000 ) ) ;
#5097 = CIRCLE ( 'NONE', #2490, 0.9999999999999940048 ) ;
#5098 = VECTOR ( 'NONE', #5502, 1000.000000000000000 ) ;
#5099 = VECTOR ( 'NONE', #2296, 1000.000000000000000 ) ;
#5100 = ORIENTED_EDGE ( 'NONE', *, *, #759, .T. ) ;
#5101 = CARTESIAN_POINT ( 'NONE',  ( 24.00000000000000000, 4.000000000000000000, 47.02717703792860249 ) ) ;
#5102 = CARTESIAN_POINT ( 'NONE',  ( 21.19577274262861621, -18.99370789979239404, 50.86400073299545710 ) ) ;
#5103 = AXIS2_PLACEMENT_3D ( 'NONE', #4858, #2794, #4701 ) ;
#5104 = FACE_OUTER_BOUND ( 'NONE', #5824, .T. ) ;
#5105 = CARTESIAN_POINT ( 'NONE',  ( 24.00000000000000000, -20.50000000000000000, 32.19874991318239665 ) ) ;
#5106 = EDGE_LOOP ( 'NONE', ( #2598, #3358, #4921, #890 ) ) ;
#5107 = ADVANCED_FACE ( 'NONE', ( #2890 ), #1036, .F. ) ;
#5108 = ORIENTED_EDGE ( 'NONE', *, *, #4905, .F. ) ;
#5109 = PLANE ( 'NONE',  #1480 ) ;
#5110 = LINE ( 'NONE', #5176, #5550 ) ;
#5111 = DIRECTION ( 'NONE',  ( 0.000000000000000000, -1.000000000000000000, 0.000000000000000000 ) ) ;
#5112 = DIRECTION ( 'NONE',  ( -1.000000000000000000, 0.000000000000000000, 0.000000000000000000 ) ) ;
#5113 = CARTESIAN_POINT ( 'NONE',  ( 1.586369742866046817, -18.64639338887910469, 49.81646206014063694 ) ) ;
#5114 = ORIENTED_EDGE ( 'NONE', *, *, #1238, .F. ) ;
#5115 = EDGE_CURVE ( 'NONE', #2693, #2449, #4733, .T. ) ;
#5116 = ORIENTED_EDGE ( 'NONE', *, *, #1339, .F. ) ;
#5117 = DIRECTION ( 'NONE',  ( 0.000000000000000000, 1.000000000000000000, 6.938893903907229610E-17 ) ) ;
#5118 = ORIENTED_EDGE ( 'NONE', *, *, #4266, .F. ) ;
#5119 = LINE ( 'NONE', #2757, #937 ) ;
#5120 = CARTESIAN_POINT ( 'NONE',  ( 7.162924960380900430, -33.89999999999999858, -56.69775008681759942 ) ) ;
#5121 = EDGE_LOOP ( 'NONE', ( #5350, #1738, #2468, #2211 ) ) ;
#5122 = ADVANCED_FACE ( 'NONE', ( #1498 ), #5649, .F. ) ;
#5123 = VERTEX_POINT ( 'NONE', #1618 ) ;
#5124 = ORIENTED_EDGE ( 'NONE', *, *, #3060, .T. ) ;
#5125 = DIRECTION ( 'NONE',  ( -1.000000000000000000, 0.000000000000000000, 0.000000000000000000 ) ) ;
#5126 = CYLINDRICAL_SURFACE ( 'NONE', #1772, 1.000000000000000888 ) ;
#5127 = PLANE ( 'NONE',  #1233 ) ;
#5128 = CIRCLE ( 'NONE', #581, 1.000000000000000888 ) ;
#5129 = EDGE_LOOP ( 'NONE', ( #1317, #5735, #2473, #95 ) ) ;
#5130 = CIRCLE ( 'NONE', #3594, 1.000000000000000888 ) ;
#5131 = DIRECTION ( 'NONE',  ( 0.000000000000000000, 1.000000000000000000, 0.000000000000000000 ) ) ;
#5132 = CARTESIAN_POINT ( 'NONE',  ( 16.23367503961910074, 26.39999999999999858, -61.93475008681769367 ) ) ;
#5133 = CARTESIAN_POINT ( 'NONE',  ( 14.02872615504569964, 37.04521134754939737, -45.00105008681759955 ) ) ;
#5134 = DIRECTION ( 'NONE',  ( 0.000000000000000000, 2.312964634635739999E-16, 1.000000000000000000 ) ) ;
#5135 = ORIENTED_EDGE ( 'NONE', *, *, #849, .F. ) ;
#5136 = ORIENTED_EDGE ( 'NONE', *, *, #4746, .T. ) ;
#5137 = CARTESIAN_POINT ( 'NONE',  ( 7.162924960380900430, -30.90000000000000213, -56.69775008681759942 ) ) ;
#5138 = AXIS2_PLACEMENT_3D ( 'NONE', #5924, #1855, #1345 ) ;
#5139 = LINE ( 'NONE', #3754, #4493 ) ;
#5140 = CARTESIAN_POINT ( 'NONE',  ( 3.200000000000000178, 19.00000000000000000, 48.99844991318239806 ) ) ;
#5141 = CARTESIAN_POINT ( 'NONE',  ( 3.000000000000000000, 11.84999999999999964, 60.19874991318240376 ) ) ;
#5142 = VECTOR ( 'NONE', #2042, 1000.000000000000000 ) ;
#5143 = CARTESIAN_POINT ( 'NONE',  ( 1.900390657043765863, -18.79117169052284808, 49.47801455902948220 ) ) ;
#5144 = ADVANCED_FACE ( 'NONE', ( #2466 ), #4318, .F. ) ;
#5145 = ORIENTED_EDGE ( 'NONE', *, *, #4529, .T. ) ;
#5146 = AXIS2_PLACEMENT_3D ( 'NONE', #1501, #5131, #3842 ) ;
#5147 = VECTOR ( 'NONE', #3904, 1000.000000000000000 ) ;
#5148 = ORIENTED_EDGE ( 'NONE', *, *, #2635, .T. ) ;
#5149 = LINE ( 'NONE', #2294, #1190 ) ;
#5150 = FACE_OUTER_BOUND ( 'NONE', #5380, .T. ) ;
#5151 = CARTESIAN_POINT ( 'NONE',  ( 24.00000000000000000, 6.828427124746180077, 44.19874991318239665 ) ) ;
#5152 = LINE ( 'NONE', #999, #3960 ) ;
#5153 = AXIS2_PLACEMENT_3D ( 'NONE', #5885, #1730, #5457 ) ;
#5154 = ADVANCED_FACE ( 'NONE', ( #162 ), #1552, .F. ) ;
#5155 = VERTEX_POINT ( 'NONE', #2101 ) ;
#5156 = VERTEX_POINT ( 'NONE', #260 ) ;
#5157 = ORIENTED_EDGE ( 'NONE', *, *, #5163, .T. ) ;
#5158 = DIRECTION ( 'NONE',  ( 0.000000000000000000, 0.000000000000000000, -1.000000000000000000 ) ) ;
#5159 = PLANE ( 'NONE',  #4396 ) ;
#5160 = CIRCLE ( 'NONE', #1096, 3.000000000000000000 ) ;
#5161 = EDGE_CURVE ( 'NONE', #1337, #5826, #3961, .T. ) ;
#5162 = EDGE_CURVE ( 'NONE', #1420, #3907, #5803, .T. ) ;
#5163 = EDGE_CURVE ( 'NONE', #5188, #3887, #3272, .T. ) ;
#5164 = CARTESIAN_POINT ( 'NONE',  ( 24.00000000000000000, -20.50000000000000000, -7.801250086817620222 ) ) ;
#5165 = AXIS2_PLACEMENT_3D ( 'NONE', #2065, #157, #2035 ) ;
#5166 = EDGE_LOOP ( 'NONE', ( #4552, #2487, #2545, #4584 ) ) ;
#5167 = CARTESIAN_POINT ( 'NONE',  ( 21.00000000000000000, -19.00000000000000000, 51.87022970189050142 ) ) ;
#5168 = FACE_OUTER_BOUND ( 'NONE', #2156, .T. ) ;
#5169 = DIRECTION ( 'NONE',  ( 0.000000000000000000, 1.000000000000000000, 5.361613695501830012E-16 ) ) ;
#5170 = VECTOR ( 'NONE', #4448, 1000.000000000000000 ) ;
#5171 = CARTESIAN_POINT ( 'NONE',  ( 2.767038093539853527, 18.99999999999999289, 52.96501123484490847 ) ) ;
#5172 = VECTOR ( 'NONE', #5394, 1000.000000000000000 ) ;
#5173 = ORIENTED_EDGE ( 'NONE', *, *, #1968, .F. ) ;
#5174 = VECTOR ( 'NONE', #5477, 1000.000000000000000 ) ;
#5175 = CARTESIAN_POINT ( 'NONE',  ( 24.00000000000000000, -8.849999999999999645, 23.99874991318240092 ) ) ;
#5176 = CARTESIAN_POINT ( 'NONE',  ( 24.00000000000000000, -19.00000000000000000, 32.19874991318239665 ) ) ;
#5177 = DIRECTION ( 'NONE',  ( 0.000000000000000000, 1.000000000000000000, 0.000000000000000000 ) ) ;
#5178 = LINE ( 'NONE', #1989, #5430 ) ;
#5179 = CARTESIAN_POINT ( 'NONE',  ( 2.159198624711599290, -18.87977639153450582, 49.29033609069508515 ) ) ;
#5180 = ORIENTED_EDGE ( 'NONE', *, *, #5454, .F. ) ;
#5181 = ORIENTED_EDGE ( 'NONE', *, *, #566, .T. ) ;
#5182 = DIRECTION ( 'NONE',  ( 0.000000000000000000, 0.7071067811865480168, -0.7071067811865470176 ) ) ;
#5183 = CARTESIAN_POINT ( 'NONE',  ( 7.162924960380889772, 33.89999999999999858, -59.93475008681759419 ) ) ;
#5184 = CYLINDRICAL_SURFACE ( 'NONE', #3418, 1.000000000000000888 ) ;
#5185 = DIRECTION ( 'NONE',  ( 0.000000000000000000, 0.000000000000000000, 1.000000000000000000 ) ) ;
#5186 = VECTOR ( 'NONE', #4402, 1000.000000000000000 ) ;
#5187 = EDGE_LOOP ( 'NONE', ( #939, #5847 ) ) ;
#5188 = VERTEX_POINT ( 'NONE', #4157 ) ;
#5189 = ADVANCED_FACE ( 'NONE', ( #3317, #1398, #4192, #2859, #907, #4642 ), #1005, .F. ) ;
#5190 = VERTEX_POINT ( 'NONE', #4673 ) ;
#5191 = CARTESIAN_POINT ( 'NONE',  ( 24.00000000000000000, 33.89999999999999858, -44.61744750750959554 ) ) ;
#5192 = CARTESIAN_POINT ( 'NONE',  ( 3.000000000000000000, 17.50000000000000000, 32.19874991318239665 ) ) ;
#5193 = DIRECTION ( 'NONE',  ( 1.000000000000000000, 0.000000000000000000, 0.000000000000000000 ) ) ;
#5194 = ADVANCED_FACE ( 'NONE', ( #3771 ), #4488, .T. ) ;
#5195 = ADVANCED_FACE ( 'NONE', ( #3705, #5552 ), #3803, .F. ) ;
#5196 = ORIENTED_EDGE ( 'NONE', *, *, #4746, .F. ) ;
#5197 = CARTESIAN_POINT ( 'NONE',  ( 21.16972934900937631, -18.99523431912795957, 51.34565258128629495 ) ) ;
#5198 = DIRECTION ( 'NONE',  ( 0.000000000000000000, 0.000000000000000000, -1.000000000000000000 ) ) ;
#5199 = DIRECTION ( 'NONE',  ( 0.000000000000000000, 0.000000000000000000, -1.000000000000000000 ) ) ;
#5200 = CARTESIAN_POINT ( 'NONE',  ( 12.00000000000000000, 30.90000000000000213, -58.50105008681759955 ) ) ;
#5201 = VECTOR ( 'NONE', #3101, 1000.000000000000227 ) ;
#5202 = EDGE_CURVE ( 'NONE', #2824, #3105, #2762, .T. ) ;
#5203 = ORIENTED_EDGE ( 'NONE', *, *, #441, .F. ) ;
#5204 = FACE_OUTER_BOUND ( 'NONE', #4335, .T. ) ;
#5205 = CIRCLE ( 'NONE', #4523, 2.000000000000001776 ) ;
#5206 = CARTESIAN_POINT ( 'NONE',  ( 9.821747027186221501, 33.89999999999999858, -45.00105008681759955 ) ) ;
#5207 = CYLINDRICAL_SURFACE ( 'NONE', #1753, 1.000000000000000888 ) ;
#5208 = LINE ( 'NONE', #2353, #5816 ) ;
#5209 = CARTESIAN_POINT ( 'NONE',  ( 1.943393240219029261, 18.80803701692563479, 49.44183253984608939 ) ) ;
#5210 = VERTEX_POINT ( 'NONE', #65 ) ;
#5211 = ORIENTED_EDGE ( 'NONE', *, *, #1631, .F. ) ;
#5212 = CARTESIAN_POINT ( 'NONE',  ( 11.69829999999999970, 65.86479725780770877, -54.07925008681760204 ) ) ;
#5213 = LINE ( 'NONE', #2420, #4015 ) ;
#5214 = DIRECTION ( 'NONE',  ( 0.000000000000000000, 1.000000000000000000, 0.000000000000000000 ) ) ;
#5215 = FACE_BOUND ( 'NONE', #3336, .T. ) ;
#5216 = ORIENTED_EDGE ( 'NONE', *, *, #1202, .T. ) ;
#5217 = VERTEX_POINT ( 'NONE', #2826 ) ;
#5218 = EDGE_LOOP ( 'NONE', ( #2760, #1460, #3832, #2433, #1869, #3704, #4270, #788 ) ) ;
#5219 = DIRECTION ( 'NONE',  ( 0.000000000000000000, 2.478176394252580155E-16, 1.000000000000000000 ) ) ;
#5220 = PRODUCT_DEFINITION_SHAPE ( 'NONE', 'NONE',  #2535 ) ;
#5221 = CARTESIAN_POINT ( 'NONE',  ( 7.162924960380900430, 33.89999999999999858, -54.69775008681759942 ) ) ;
#5222 = DIRECTION ( 'NONE',  ( 0.000000000000000000, -1.000000000000000000, 0.000000000000000000 ) ) ;
#5223 = DIRECTION ( 'NONE',  ( -0.7071067811865480168, 0.7071067811865470176, 0.000000000000000000 ) ) ;
#5224 = EDGE_CURVE ( 'NONE', #5442, #1357, #5445, .T. ) ;
#5225 = ORIENTED_EDGE ( 'NONE', *, *, #2905, .T. ) ;
#5226 = LINE ( 'NONE', #2015, #210 ) ;
#5227 = CARTESIAN_POINT ( 'NONE',  ( 16.23367503961910074, -33.89999999999999858, -56.69775008681769890 ) ) ;
#5228 = DIRECTION ( 'NONE',  ( 0.000000000000000000, 0.000000000000000000, 1.000000000000000000 ) ) ;
#5229 = VECTOR ( 'NONE', #734, 1000.000000000000000 ) ;
#5230 = DIRECTION ( 'NONE',  ( 0.000000000000000000, 0.000000000000000000, 1.000000000000000000 ) ) ;
#5231 = ADVANCED_FACE ( 'NONE', ( #2333 ), #36, .F. ) ;
#5232 = ORIENTED_EDGE ( 'NONE', *, *, #4638, .T. ) ;
#5233 = VECTOR ( 'NONE', #2312, 1000.000000000000000 ) ;
#5234 = CARTESIAN_POINT ( 'NONE',  ( 21.00000000000000000, 33.89999999999999858, -44.61744750750959554 ) ) ;
#5235 = DIRECTION ( 'NONE',  ( 0.000000000000000000, 0.000000000000000000, 1.000000000000000000 ) ) ;
#5236 = CARTESIAN_POINT ( 'NONE',  ( 11.69829999999999970, -33.89999999999999858, -66.55325008681771237 ) ) ;
#5237 = DIRECTION ( 'NONE',  ( 1.000000000000000000, 0.000000000000000000, 0.000000000000000000 ) ) ;
#5238 = DIRECTION ( 'NONE',  ( 0.000000000000000000, 0.000000000000000000, -1.000000000000000000 ) ) ;
#5239 = EDGE_CURVE ( 'NONE', #3530, #1632, #3738, .T. ) ;
#5240 = ADVANCED_FACE ( 'NONE', ( #5580 ), #973, .T. ) ;
#5241 = EDGE_CURVE ( 'NONE', #3105, #2766, #1587, .T. ) ;
#5242 = VERTEX_POINT ( 'NONE', #1461 ) ;
#5243 = EDGE_LOOP ( 'NONE', ( #139, #4332 ) ) ;
#5244 = DIRECTION ( 'NONE',  ( 0.000000000000000000, 1.000000000000000000, 0.000000000000000000 ) ) ;
#5245 = DIRECTION ( 'NONE',  ( 0.000000000000000000, -1.000000000000000000, 0.000000000000000000 ) ) ;
#5246 = DIRECTION ( 'NONE',  ( 0.000000000000000000, 0.000000000000000000, 1.000000000000000000 ) ) ;
#5247 = DIRECTION ( 'NONE',  ( 0.000000000000000000, 0.000000000000000000, 1.000000000000000000 ) ) ;
#5248 = AXIS2_PLACEMENT_3D ( 'NONE', #4719, #1508, #4778 ) ;
#5249 = CIRCLE ( 'NONE', #3694, 2.000000000000001776 ) ;
#5250 = ORIENTED_EDGE ( 'NONE', *, *, #1748, .F. ) ;
#5251 = ORIENTED_EDGE ( 'NONE', *, *, #5224, .T. ) ;
#5252 = DIRECTION ( 'NONE',  ( -1.000000000000000000, 0.000000000000000000, 0.000000000000000000 ) ) ;
#5253 = CARTESIAN_POINT ( 'NONE',  ( 12.00000000000000000, 33.89999999999999858, -58.50105008681759955 ) ) ;
#5254 = AXIS2_PLACEMENT_3D ( 'NONE', #2917, #5769, #3468 ) ;
#5255 = DIRECTION ( 'NONE',  ( 0.000000000000000000, 0.000000000000000000, -1.000000000000000000 ) ) ;
#5256 = DIRECTION ( 'NONE',  ( 0.000000000000000000, 0.000000000000000000, 1.000000000000000000 ) ) ;
#5257 = CIRCLE ( 'NONE', #5357, 1.000000000000000888 ) ;
#5258 = ORIENTED_EDGE ( 'NONE', *, *, #3463, .F. ) ;
#5259 = ORIENTED_EDGE ( 'NONE', *, *, #1486, .T. ) ;
#5260 = PLANE ( 'NONE',  #4761 ) ;
#5261 = CYLINDRICAL_SURFACE ( 'NONE', #2821, 1.000000000000000888 ) ;
#5262 = CARTESIAN_POINT ( 'NONE',  ( 24.00000000000000000, 4.000000000000000000, 55.02717703792859538 ) ) ;
#5263 = DIRECTION ( 'NONE',  ( 1.000000000000000000, 0.000000000000000000, 0.000000000000000000 ) ) ;
#5264 = CIRCLE ( 'NONE', #30, 0.9999999999999940048 ) ;
#5265 = AXIS2_PLACEMENT_3D ( 'NONE', #4578, #4610, #3249 ) ;
#5266 = ORIENTED_EDGE ( 'NONE', *, *, #5895, .T. ) ;
#5267 = DIRECTION ( 'NONE',  ( 0.000000000000000000, 0.000000000000000000, 1.000000000000000000 ) ) ;
#5268 = ADVANCED_FACE ( 'NONE', ( #1940 ), #4130, .F. ) ;
#5269 = VECTOR ( 'NONE', #5299, 1000.000000000000000 ) ;
#5270 = PLANE ( 'NONE',  #1003 ) ;
#5271 = DIRECTION ( 'NONE',  ( 0.000000000000000000, 0.7071067811865480168, -0.7071067811865470176 ) ) ;
#5272 = FACE_OUTER_BOUND ( 'NONE', #5166, .T. ) ;
#5273 = CARTESIAN_POINT ( 'NONE',  ( 2.071015405664668574, 18.85269228849053391, 49.34703871140678189 ) ) ;
#5274 = LOCAL_TIME ( 10, 50, 14.00000000000000000, #2714 ) ;
#5275 = EDGE_LOOP ( 'NONE', ( #5341, #1081 ) ) ;
#5276 = EDGE_CURVE ( 'NONE', #1091, #5323, #502, .T. ) ;
#5277 = EDGE_CURVE ( 'NONE', #576, #24, #5646, .T. ) ;
#5278 = EDGE_CURVE ( 'NONE', #5886, #868, #2832, .T. ) ;
#5279 = ORIENTED_EDGE ( 'NONE', *, *, #2123, .T. ) ;
#5280 = DIRECTION ( 'NONE',  ( 0.000000000000000000, 1.000000000000000000, 0.000000000000000000 ) ) ;
#5281 = CARTESIAN_POINT ( 'NONE',  ( 11.69829999999999970, -30.90000000000000213, -54.07925008681760204 ) ) ;
#5282 = LINE ( 'NONE', #2029, #1709 ) ;
#5283 = DIRECTION ( 'NONE',  ( 0.000000000000000000, 0.000000000000000000, 1.000000000000000000 ) ) ;
#5284 = ORIENTED_EDGE ( 'NONE', *, *, #2939, .T. ) ;
#5285 = ORIENTED_EDGE ( 'NONE', *, *, #3191, .T. ) ;
#5286 = LINE ( 'NONE', #2523, #2069 ) ;
#5287 = DIRECTION ( 'NONE',  ( 1.000000000000000000, 0.000000000000000000, 0.000000000000000000 ) ) ;
#5288 = DIRECTION ( 'NONE',  ( 0.000000000000000000, -1.000000000000000000, 0.000000000000000000 ) ) ;
#5289 = LINE ( 'NONE', #580, #4244 ) ;
#5290 = ORIENTED_EDGE ( 'NONE', *, *, #277, .F. ) ;
#5291 = VERTEX_POINT ( 'NONE', #2462 ) ;
#5292 = CIRCLE ( 'NONE', #3456, 2.000000000000001776 ) ;
#5293 = CARTESIAN_POINT ( 'NONE',  ( 9.030638352128310231, 36.27647202150469496, -51.50105008681759955 ) ) ;
#5294 = DIRECTION ( 'NONE',  ( 0.000000000000000000, 0.000000000000000000, -1.000000000000000000 ) ) ;
#5295 = CARTESIAN_POINT ( 'NONE',  ( 16.23367503961910074, 33.89999999999999858, -56.69775008681769890 ) ) ;
#5296 = DIRECTION ( 'NONE',  ( 0.000000000000000000, 0.000000000000000000, -1.000000000000000000 ) ) ;
#5297 = ORIENTED_EDGE ( 'NONE', *, *, #5787, .T. ) ;
#5298 = DIRECTION ( 'NONE',  ( 0.000000000000000000, -5.782411586589355667E-16, 1.000000000000000000 ) ) ;
#5299 = DIRECTION ( 'NONE',  ( 0.000000000000000000, -6.938893903907229610E-17, -1.000000000000000000 ) ) ;
#5300 = DIRECTION ( 'NONE',  ( 0.000000000000000000, 0.000000000000000000, 1.000000000000000000 ) ) ;
#5301 = CARTESIAN_POINT ( 'NONE',  ( 1.755286078473014211, 0.0001735588211830293526, 14.73659726881963117 ) ) ;
#5302 = CARTESIAN_POINT ( 'NONE',  ( 2.435468680653845919, 18.94644914796640123, 49.15006892749525491 ) ) ;
#5303 = ADVANCED_FACE ( 'NONE', ( #577 ), #2002, .F. ) ;
#5304 = EDGE_LOOP ( 'NONE', ( #2241, #3533 ) ) ;
#5305 = VECTOR ( 'NONE', #1199, 1000.000000000000000 ) ;
#5306 = CIRCLE ( 'NONE', #2381, 3.000000000000000000 ) ;
#5307 = ORIENTED_EDGE ( 'NONE', *, *, #643, .F. ) ;
#5308 = FACE_OUTER_BOUND ( 'NONE', #3491, .T. ) ;
#5309 = DIRECTION ( 'NONE',  ( 0.000000000000000000, 1.000000000000000000, 0.000000000000000000 ) ) ;
#5310 = CARTESIAN_POINT ( 'NONE',  ( 24.00000000000000000, -4.000000000000000000, 49.37032278843619792 ) ) ;
#5311 = DIRECTION ( 'NONE',  ( 0.000000000000000000, -1.000000000000000000, 5.782411586589360597E-16 ) ) ;
#5312 = CIRCLE ( 'NONE', #2986, 1.000000000000000888 ) ;
#5313 = EDGE_CURVE ( 'NONE', #3428, #2185, #5286, .T. ) ;
#5314 = EDGE_LOOP ( 'NONE', ( #4592, #1590 ) ) ;
#5315 = ORIENTED_EDGE ( 'NONE', *, *, #2599, .F. ) ;
#5316 = DIRECTION ( 'NONE',  ( 0.000000000000000000, -0.7071067811865470176, 0.7071067811865480168 ) ) ;
#5317 = DIRECTION ( 'NONE',  ( 0.000000000000000000, 0.000000000000000000, -1.000000000000000000 ) ) ;
#5318 = FACE_OUTER_BOUND ( 'NONE', #85, .T. ) ;
#5319 = CARTESIAN_POINT ( 'NONE',  ( 21.00000000000000000, 8.849999999999999645, 48.99874991318240092 ) ) ;
#5320 = CC_DESIGN_PERSON_AND_ORGANIZATION_ASSIGNMENT ( #3688, #1444, ( #2535 ) ) ;
#5321 = EDGE_CURVE ( 'NONE', #4373, #3014, #1292, .T. ) ;
#5322 = EDGE_CURVE ( 'NONE', #3014, #4706, #4957, .T. ) ;
#5323 = VERTEX_POINT ( 'NONE', #189 ) ;
#5324 = ORIENTED_EDGE ( 'NONE', *, *, #2643, .F. ) ;
#5325 = CARTESIAN_POINT ( 'NONE',  ( 16.23367503961910074, -26.39999999999999858, -61.93475008681769367 ) ) ;
#5326 = DIRECTION ( 'NONE',  ( 0.000000000000000000, -1.000000000000000000, 0.000000000000000000 ) ) ;
#5327 = CARTESIAN_POINT ( 'NONE',  ( 7.162924960380900430, -62.75933672306680222, -56.69775008681759942 ) ) ;
#5328 = ORIENTED_EDGE ( 'NONE', *, *, #3185, .T. ) ;
#5329 = CARTESIAN_POINT ( 'NONE',  ( 11.69829999999999970, 33.89999999999999858, -66.55325008681771237 ) ) ;
#5330 = DIRECTION ( 'NONE',  ( 0.000000000000000000, 1.000000000000000000, 0.000000000000000000 ) ) ;
#5331 = CYLINDRICAL_SURFACE ( 'NONE', #3302, 2.999999999999999112 ) ;
#5332 = CARTESIAN_POINT ( 'NONE',  ( 21.00000000000000000, 19.00000000000000000, 60.19874991318240376 ) ) ;
#5333 = ORIENTED_EDGE ( 'NONE', *, *, #3320, .F. ) ;
#5334 = AXIS2_PLACEMENT_3D ( 'NONE', #252, #3520, #2146 ) ;
#5335 = VERTEX_POINT ( 'NONE', #1549 ) ;
#5336 = DIRECTION ( 'NONE',  ( 0.000000000000000000, -0.3420201433256691015, -0.9396926207859082059 ) ) ;
#5337 = DIRECTION ( 'NONE',  ( 0.000000000000000000, 0.000000000000000000, 1.000000000000000000 ) ) ;
#5338 = CARTESIAN_POINT ( 'NONE',  ( 11.95199776687860016, 39.39999999999999858, -51.50105008681759955 ) ) ;
#5339 = FACE_OUTER_BOUND ( 'NONE', #1252, .T. ) ;
#5340 = ORIENTED_EDGE ( 'NONE', *, *, #5601, .T. ) ;
#5341 = ORIENTED_EDGE ( 'NONE', *, *, #1851, .T. ) ;
#5342 = DIRECTION ( 'NONE',  ( -0.7071067811865470176, -0.7071067811865480168, 0.000000000000000000 ) ) ;
#5343 = VERTEX_POINT ( 'NONE', #4374 ) ;
#5344 = EDGE_CURVE ( 'NONE', #1891, #4466, #2888, .T. ) ;
#5345 = LINE ( 'NONE', #821, #3559 ) ;
#5346 = CIRCLE ( 'NONE', #5248, 2.000000000000001776 ) ;
#5347 = CIRCLE ( 'NONE', #2231, 12.00000000000000355 ) ;
#5348 = ORIENTED_EDGE ( 'NONE', *, *, #5352, .T. ) ;
#5349 = AXIS2_PLACEMENT_3D ( 'NONE', #2104, #646, #1104 ) ;
#5350 = ORIENTED_EDGE ( 'NONE', *, *, #1861, .F. ) ;
#5351 = AXIS2_PLACEMENT_3D ( 'NONE', #11, #2867, #2376 ) ;
#5352 = EDGE_CURVE ( 'NONE', #5790, #5005, #2034, .T. ) ;
#5353 = EDGE_CURVE ( 'NONE', #5622, #1518, #610, .T. ) ;
#5354 = DIRECTION ( 'NONE',  ( 0.000000000000000000, 1.000000000000000000, 0.000000000000000000 ) ) ;
#5355 = DIRECTION ( 'NONE',  ( -1.000000000000000000, 0.000000000000000000, 0.000000000000000000 ) ) ;
#5356 = DIRECTION ( 'NONE',  ( 0.000000000000000000, 0.7071067811865470176, -0.7071067811865480168 ) ) ;
#5357 = AXIS2_PLACEMENT_3D ( 'NONE', #5024, #26, #4121 ) ;
#5358 = ORIENTED_EDGE ( 'NONE', *, *, #2379, .T. ) ;
#5359 = CARTESIAN_POINT ( 'NONE',  ( 16.23367503961910074, -33.89999999999999858, -58.69775008681769890 ) ) ;
#5360 = DIRECTION ( 'NONE',  ( 0.000000000000000000, 0.000000000000000000, -1.000000000000000000 ) ) ;
#5361 = CARTESIAN_POINT ( 'NONE',  ( 21.00000000000000000, -8.849999999999999645, 23.99874991318240092 ) ) ;
#5362 = CARTESIAN_POINT ( 'NONE',  ( 1.483545172756135511, 18.58852261720512189, 52.02505005092797319 ) ) ;
#5363 = CIRCLE ( 'NONE', #2732, 2.000000000000001776 ) ;
#5364 = VERTEX_POINT ( 'NONE', #3374 ) ;
#5365 = ORIENTED_EDGE ( 'NONE', *, *, #232, .T. ) ;
#5366 = DIRECTION ( 'NONE',  ( 0.000000000000000000, -1.000000000000000000, 0.000000000000000000 ) ) ;
#5367 = LINE ( 'NONE', #304, #4022 ) ;
#5368 = DIRECTION ( 'NONE',  ( 1.000000000000000000, 0.000000000000000000, 0.000000000000000000 ) ) ;
#5369 = CARTESIAN_POINT ( 'NONE',  ( 24.00000000000000000, 0.000000000000000000, -26.44373421647729927 ) ) ;
#5370 = VECTOR ( 'NONE', #238, 1000.000000000000000 ) ;
#5371 = VECTOR ( 'NONE', #214, 1000.000000000000000 ) ;
#5372 = ORIENTED_EDGE ( 'NONE', *, *, #4417, .T. ) ;
#5373 = ORIENTED_EDGE ( 'NONE', *, *, #2366, .F. ) ;
#5374 = CARTESIAN_POINT ( 'NONE',  ( 3.200000000000000178, -59.17773170840619912, 51.99844991318239806 ) ) ;
#5375 = ORIENTED_EDGE ( 'NONE', *, *, #246, .T. ) ;
#5376 = CIRCLE ( 'NONE', #2956, 2.000000000000001776 ) ;
#5377 = LINE ( 'NONE', #4944, #5398 ) ;
#5378 = EDGE_LOOP ( 'NONE', ( #1489, #2976, #2906, #5415 ) ) ;
#5379 = EDGE_CURVE ( 'NONE', #4129, #5335, #2951, .T. ) ;
#5380 = EDGE_LOOP ( 'NONE', ( #3721, #703, #2396, #290 ) ) ;
#5381 = DIRECTION ( 'NONE',  ( 0.000000000000000000, -1.000000000000000000, 0.000000000000000000 ) ) ;
#5382 = DIRECTION ( 'NONE',  ( 0.000000000000000000, 1.000000000000000000, 0.000000000000000000 ) ) ;
#5383 = CARTESIAN_POINT ( 'NONE',  ( 9.821747027186221501, 33.89999999999999858, -51.50105008681759955 ) ) ;
#5384 = EDGE_CURVE ( 'NONE', #500, #4931, #4823, .T. ) ;
#5385 = EDGE_CURVE ( 'NONE', #5470, #2315, #128, .T. ) ;
#5386 = ORIENTED_EDGE ( 'NONE', *, *, #2862, .T. ) ;
#5387 = CARTESIAN_POINT ( 'NONE',  ( 21.00000000000000000, -20.50000000000000000, -7.801250086817620222 ) ) ;
#5388 = CARTESIAN_POINT ( 'NONE',  ( 21.00000000000000000, 19.00000000000000000, 51.87022970189050142 ) ) ;
#5389 = CARTESIAN_POINT ( 'NONE',  ( 16.23367503961910074, 30.90000000000000213, -58.69775008681769890 ) ) ;
#5390 = CARTESIAN_POINT ( 'NONE',  ( 1.247545453400836113, 18.43496096305558751, 50.56470749983664348 ) ) ;
#5391 = AXIS2_PLACEMENT_3D ( 'NONE', #2053, #3884, #2935 ) ;
#5392 = EDGE_CURVE ( 'NONE', #354, #4487, #2355, .T. ) ;
#5393 = ORIENTED_EDGE ( 'NONE', *, *, #307, .F. ) ;
#5394 = DIRECTION ( 'NONE',  ( 1.000000000000000000, 0.000000000000000000, 0.000000000000000000 ) ) ;
#5395 = CARTESIAN_POINT ( 'NONE',  ( 12.00000000000000000, 26.39999999999999858, -58.50105008681759955 ) ) ;
#5396 = DIRECTION ( 'NONE',  ( 0.000000000000000000, 0.000000000000000000, 1.000000000000000000 ) ) ;
#5397 = CARTESIAN_POINT ( 'NONE',  ( 1.653185979494380620, -18.68153336469796244, 52.26971147871888945 ) ) ;
#5398 = VECTOR ( 'NONE', #342, 1000.000000000000000 ) ;
#5399 = VECTOR ( 'NONE', #621, 1000.000000000000000 ) ;
#5400 = CIRCLE ( 'NONE', #839, 2.000000000000001776 ) ;
#5401 = VERTEX_POINT ( 'NONE', #3928 ) ;
#5402 = ORIENTED_EDGE ( 'NONE', *, *, #2184, .T. ) ;
#5403 = CARTESIAN_POINT ( 'NONE',  ( 10.45199776687860016, 39.39999999999999858, -41.50105008681759955 ) ) ;
#5404 = VERTEX_POINT ( 'NONE', #639 ) ;
#5405 = AXIS2_PLACEMENT_3D ( 'NONE', #5164, #1008, #2861 ) ;
#5406 = CARTESIAN_POINT ( 'NONE',  ( 11.69829999999999970, -64.90997688364261364, -54.07925008681760204 ) ) ;
#5407 = CARTESIAN_POINT ( 'NONE',  ( 14.50000000000000000, 39.39999999999999858, -45.00105008681759955 ) ) ;
#5408 = ORIENTED_EDGE ( 'NONE', *, *, #1850, .T. ) ;
#5409 = ORIENTED_EDGE ( 'NONE', *, *, #5711, .T. ) ;
#5410 = CARTESIAN_POINT ( 'NONE',  ( 3.200000000000000178, 19.00000000000000000, 50.99844991318239806 ) ) ;
#5411 = FACE_OUTER_BOUND ( 'NONE', #2183, .T. ) ;
#5412 = EDGE_CURVE ( 'NONE', #261, #5644, #4344, .T. ) ;
#5413 = CYLINDRICAL_SURFACE ( 'NONE', #1567, 2.000000000000001776 ) ;
#5414 = PLANE ( 'NONE',  #2776 ) ;
#5415 = ORIENTED_EDGE ( 'NONE', *, *, #187, .F. ) ;
#5416 = CARTESIAN_POINT ( 'NONE',  ( 21.13719481116277521, 18.99695293788455075, 51.49587976771381648 ) ) ;
#5417 = DIRECTION ( 'NONE',  ( 0.000000000000000000, -1.000000000000000000, 0.000000000000000000 ) ) ;
#5418 = EDGE_CURVE ( 'NONE', #267, #4002, #2555, .T. ) ;
#5419 = CYLINDRICAL_SURFACE ( 'NONE', #1746, 1.000000000000000888 ) ;
#5420 = CARTESIAN_POINT ( 'NONE',  ( 1.355841064883961833, 18.50944040589875428, 51.77425658068495551 ) ) ;
#5421 = VERTEX_POINT ( 'NONE', #1062 ) ;
#5422 = CARTESIAN_POINT ( 'NONE',  ( 24.00000000000000000, -26.39999999999999858, -70.50105008681758534 ) ) ;
#5423 = CARTESIAN_POINT ( 'NONE',  ( 21.00000000000000000, -6.828427124746180077, 52.19874991318240376 ) ) ;
#5424 = EDGE_CURVE ( 'NONE', #4220, #1171, #3136, .T. ) ;
#5425 = EDGE_CURVE ( 'NONE', #2565, #5938, #3432, .T. ) ;
#5426 = LINE ( 'NONE', #5310, #1548 ) ;
#5427 = EDGE_CURVE ( 'NONE', #1165, #2804, #3321, .T. ) ;
#5428 = CARTESIAN_POINT ( 'NONE',  ( 3.000000000000000000, -19.00000000000000000, 52.98842478739560136 ) ) ;
#5429 = ORIENTED_EDGE ( 'NONE', *, *, #3465, .F. ) ;
#5430 = VECTOR ( 'NONE', #3851, 1000.000000000000000 ) ;
#5431 = DIRECTION ( 'NONE',  ( 0.000000000000000000, 1.000000000000000000, 0.000000000000000000 ) ) ;
#5432 = ORIENTED_EDGE ( 'NONE', *, *, #5072, .F. ) ;
#5433 = CARTESIAN_POINT ( 'NONE',  ( 3.000000000000000000, -30.90000000000000213, -58.50105008681759955 ) ) ;
#5434 = DIRECTION ( 'NONE',  ( 0.000000000000000000, 0.000000000000000000, 1.000000000000000000 ) ) ;
#5435 = ORIENTED_EDGE ( 'NONE', *, *, #5564, .T. ) ;
#5436 = ORIENTED_EDGE ( 'NONE', *, *, #1126, .F. ) ;
#5437 = LINE ( 'NONE', #4391, #2843 ) ;
#5438 = CIRCLE ( 'NONE', #3602, 2.999999999999999112 ) ;
#5439 = LINE ( 'NONE', #4072, #1425 ) ;
#5440 = AXIS2_PLACEMENT_3D ( 'NONE', #1924, #2901, #53 ) ;
#5441 = AXIS2_PLACEMENT_3D ( 'NONE', #528, #948, #3355 ) ;
#5442 = VERTEX_POINT ( 'NONE', #3403 ) ;
#5443 = CARTESIAN_POINT ( 'NONE',  ( 0.000000000000000000, 30.90000000000000213, -45.14642844963499613 ) ) ;
#5444 = LINE ( 'NONE', #3166, #1366 ) ;
#5445 = CIRCLE ( 'NONE', #3416, 0.9999999999999940048 ) ;
#5446 = DIRECTION ( 'NONE',  ( 0.000000000000000000, 1.000000000000000000, 0.000000000000000000 ) ) ;
#5447 = CARTESIAN_POINT ( 'NONE',  ( 1.202740133185294713, 18.40228811324972824, 50.88589867809452016 ) ) ;
#5448 = ORIENTED_EDGE ( 'NONE', *, *, #2870, .T. ) ;
#5449 = ADVANCED_FACE ( 'NONE', ( #3895 ), #5737, .F. ) ;
#5450 = DIRECTION ( 'NONE',  ( -1.000000000000000000, 0.000000000000000000, 0.000000000000000000 ) ) ;
#5451 = CARTESIAN_POINT ( 'NONE',  ( 0.000000000000000000, -30.90000000000000213, -44.61744750750959554 ) ) ;
#5452 = CARTESIAN_POINT ( 'NONE',  ( 1.375230901567010777, -18.52216582740701156, 51.81797355459528376 ) ) ;
#5453 = EDGE_CURVE ( 'NONE', #3150, #3014, #1756, .T. ) ;
#5454 = EDGE_CURVE ( 'NONE', #3061, #368, #5825, .T. ) ;
#5455 = VECTOR ( 'NONE', #5316, 1000.000000000000000 ) ;
#5456 = EDGE_LOOP ( 'NONE', ( #4094, #4067, #5250, #5315 ) ) ;
#5457 = DIRECTION ( 'NONE',  ( -1.000000000000000000, 0.000000000000000000, 0.000000000000000000 ) ) ;
#5458 = EDGE_LOOP ( 'NONE', ( #3343, #1110, #226, #3692 ) ) ;
#5459 = DIRECTION ( 'NONE',  ( 0.000000000000000000, 1.000000000000000000, 0.000000000000000000 ) ) ;
#5460 = VECTOR ( 'NONE', #1049, 1000.000000000000000 ) ;
#5461 = CARTESIAN_POINT ( 'NONE',  ( 3.200000000000000178, -19.00000000000000000, 50.99844991318239806 ) ) ;
#5462 =( BOUNDED_CURVE ( )  B_SPLINE_CURVE ( 3, ( #4825, #465, #191, #612 ),
 .UNSPECIFIED., .F., .T. ) 
 B_SPLINE_CURVE_WITH_KNOTS ( ( 4, 4 ),
 ( 3.141592653589793116, 4.712388980384689674 ),
 .UNSPECIFIED. ) 
 CURVE ( )  GEOMETRIC_REPRESENTATION_ITEM ( )  RATIONAL_B_SPLINE_CURVE ( ( 1.000000000000000000, 0.8047378541243649375, 0.8047378541243649375, 1.000000000000000000 ) ) 
 REPRESENTATION_ITEM ( '' )  );
#5463 = VECTOR ( 'NONE', #2452, 1000.000000000000000 ) ;
#5464 = ORIENTED_EDGE ( 'NONE', *, *, #1405, .F. ) ;
#5465 = EDGE_CURVE ( 'NONE', #4886, #278, #3615, .T. ) ;
#5466 = AXIS2_PLACEMENT_3D ( 'NONE', #4879, #3976, #756 ) ;
#5467 = ORIENTED_EDGE ( 'NONE', *, *, #1678, .F. ) ;
#5468 = FACE_BOUND ( 'NONE', #1342, .T. ) ;
#5469 = CARTESIAN_POINT ( 'NONE',  ( 24.00000000000000000, 4.000000000000000000, 49.37032278843619792 ) ) ;
#5470 = VERTEX_POINT ( 'NONE', #764 ) ;
#5471 = CARTESIAN_POINT ( 'NONE',  ( 24.00000000000000000, -11.84999999999999964, 35.19874991318239665 ) ) ;
#5472 = DIRECTION ( 'NONE',  ( 1.000000000000000000, 0.000000000000000000, 0.000000000000000000 ) ) ;
#5473 = AXIS2_PLACEMENT_3D ( 'NONE', #4277, #542, #1452 ) ;
#5474 = CARTESIAN_POINT ( 'NONE',  ( 1.314170774931264107, 18.48188261385382702, 50.32914690683279701 ) ) ;
#5475 = ORIENTED_EDGE ( 'NONE', *, *, #2931, .T. ) ;
#5476 = CALENDAR_DATE ( 2026, 22, 5 ) ;
#5477 = DIRECTION ( 'NONE',  ( 0.000000000000000000, 0.7071067811865470176, 0.7071067811865480168 ) ) ;
#5478 = CIRCLE ( 'NONE', #3752, 2.000000000000001776 ) ;
#5479 = CARTESIAN_POINT ( 'NONE',  ( 11.69829999999999970, 30.90000000000000213, -56.07925008681760914 ) ) ;
#5480 = CARTESIAN_POINT ( 'NONE',  ( 1.501198950307062852, -18.59876825540044010, 52.05394951820492366 ) ) ;
#5481 = EDGE_CURVE ( 'NONE', #841, #5896, #3526, .T. ) ;
#5482 = ORIENTED_EDGE ( 'NONE', *, *, #1526, .T. ) ;
#5483 = CARTESIAN_POINT ( 'NONE',  ( 11.69829999999999970, 33.89999999999999858, -54.07925008681760204 ) ) ;
#5484 = ORIENTED_EDGE ( 'NONE', *, *, #4273, .F. ) ;
#5485 = DIRECTION ( 'NONE',  ( 0.000000000000000000, 0.000000000000000000, -1.000000000000000000 ) ) ;
#5486 = DIRECTION ( 'NONE',  ( 0.000000000000000000, -1.000000000000000000, 0.000000000000000000 ) ) ;
#5487 = AXIS2_PLACEMENT_3D ( 'NONE', #4986, #4024, #356 ) ;
#5488 = ADVANCED_FACE ( 'NONE', ( #3554 ), #1670, .F. ) ;
#5489 = VERTEX_POINT ( 'NONE', #3039 ) ;
#5490 = ORIENTED_EDGE ( 'NONE', *, *, #4495, .T. ) ;
#5491 = ORIENTED_EDGE ( 'NONE', *, *, #5929, .T. ) ;
#5492 = VECTOR ( 'NONE', #2393, 1000.000000000000000 ) ;
#5493 = LINE ( 'NONE', #4224, #3622 ) ;
#5494 = EDGE_CURVE ( 'NONE', #5364, #3098, #1573, .T. ) ;
#5495 = EDGE_CURVE ( 'NONE', #3150, #287, #1281, .T. ) ;
#5496 = CARTESIAN_POINT ( 'NONE',  ( 7.162924960380900430, -30.90000000000000213, -58.69775008681759942 ) ) ;
#5497 = ORIENTED_EDGE ( 'NONE', *, *, #928, .F. ) ;
#5498 = CARTESIAN_POINT ( 'NONE',  ( 16.23367503961910074, -33.89999999999999858, -63.93475008681769367 ) ) ;
#5499 = CARTESIAN_POINT ( 'NONE',  ( 11.69829999999999970, -64.90997688364261364, -55.07925008681760204 ) ) ;
#5500 = DIRECTION ( 'NONE',  ( 0.000000000000000000, 1.000000000000000000, 0.000000000000000000 ) ) ;
#5501 = DIRECTION ( 'NONE',  ( 0.000000000000000000, 2.478176394252580155E-16, -1.000000000000000000 ) ) ;
#5502 = DIRECTION ( 'NONE',  ( 0.000000000000000000, 1.000000000000000000, 0.000000000000000000 ) ) ;
#5503 = ORIENTED_EDGE ( 'NONE', *, *, #5277, .F. ) ;
#5504 = ORIENTED_EDGE ( 'NONE', *, *, #5719, .T. ) ;
#5505 = PERSON_AND_ORGANIZATION ( #675, #3048 ) ;
#5506 = CARTESIAN_POINT ( 'NONE',  ( 24.00000000000000000, -11.84999999999999964, 23.99874991318240092 ) ) ;
#5507 = CARTESIAN_POINT ( 'NONE',  ( 24.00000000000000000, 0.000000000000000000, -6.443734216477297494 ) ) ;
#5508 = CARTESIAN_POINT ( 'NONE',  ( 1.943393240311157788, -18.80803701695939978, 52.55506728658965443 ) ) ;
#5509 = AXIS2_PLACEMENT_3D ( 'NONE', #845, #1838, #5939 ) ;
#5510 = ORIENTED_EDGE ( 'NONE', *, *, #2326, .F. ) ;
#5511 = PLANE ( 'NONE',  #2929 ) ;
#5512 = ORIENTED_EDGE ( 'NONE', *, *, #750, .T. ) ;
#5513 = DIRECTION ( 'NONE',  ( 0.000000000000000000, -1.000000000000000000, 0.000000000000000000 ) ) ;
#5514 = DIRECTION ( 'NONE',  ( 0.000000000000000000, -1.000000000000000000, 0.000000000000000000 ) ) ;
#5515 = ORIENTED_EDGE ( 'NONE', *, *, #4417, .F. ) ;
#5516 = VECTOR ( 'NONE', #1778, 1000.000000000000000 ) ;
#5517 = VERTEX_POINT ( 'NONE', #3099 ) ;
#5518 = EDGE_CURVE ( 'NONE', #5217, #5705, #4438, .T. ) ;
#5519 = ORIENTED_EDGE ( 'NONE', *, *, #2298, .T. ) ;
#5520 = DIRECTION ( 'NONE',  ( 0.000000000000000000, -1.000000000000000000, 0.000000000000000000 ) ) ;
#5521 = LINE ( 'NONE', #2370, #329 ) ;
#5522 = CARTESIAN_POINT ( 'NONE',  ( 11.69829999999999970, 30.90000000000000213, -54.07925008681760204 ) ) ;
#5523 = ADVANCED_FACE ( 'NONE', ( #789 ), #286, .T. ) ;
#5524 = EDGE_CURVE ( 'NONE', #5593, #5190, #3612, .T. ) ;
#5525 = ADVANCED_FACE ( 'NONE', ( #2638 ), #2127, .T. ) ;
#5526 = EDGE_LOOP ( 'NONE', ( #3032, #778, #2915, #1031 ) ) ;
#5527 = CARTESIAN_POINT ( 'NONE',  ( 16.23367503961910074, -30.90000000000000213, -54.69775008681769179 ) ) ;
#5528 = CARTESIAN_POINT ( 'NONE',  ( 21.14684164922241649, -18.99649751068966808, 50.54027248026283559 ) ) ;
#5529 = CARTESIAN_POINT ( 'NONE',  ( 21.00000000000000000, -6.828427124746190735, 44.19874991318239665 ) ) ;
#5530 = CARTESIAN_POINT ( 'NONE',  ( 11.69829999999999970, 26.39999999999999858, -54.07925008681760204 ) ) ;
#5531 = VECTOR ( 'NONE', #3453, 1000.000000000000000 ) ;
#5532 = CARTESIAN_POINT ( 'NONE',  ( 2.197568318315501923, 18.89076226879736708, 52.72952530875760857 ) ) ;
#5533 = AXIS2_PLACEMENT_3D ( 'NONE', #5227, #4834, #3875 ) ;
#5534 = VERTEX_POINT ( 'NONE', #738 ) ;
#5535 = ADVANCED_FACE ( 'NONE', ( #2692 ), #369, .F. ) ;
#5536 = ORIENTED_EDGE ( 'NONE', *, *, #476, .T. ) ;
#5537 = APPROVAL_DATE_TIME ( #4657, #1817 ) ;
#5538 = CARTESIAN_POINT ( 'NONE',  ( 3.200000000000000178, -16.35000000000000142, 50.99844991318239806 ) ) ;
#5539 = CARTESIAN_POINT ( 'NONE',  ( 0.000000000000000000, 31.08092213764229683, -45.64350793748659640 ) ) ;
#5540 = CARTESIAN_POINT ( 'NONE',  ( 1.931074807125187531, -18.80304693699720175, 49.45248552727245084 ) ) ;
#5541 = AXIS2_PLACEMENT_3D ( 'NONE', #5212, #5636, #1482 ) ;
#5542 = ORIENTED_EDGE ( 'NONE', *, *, #2643, .T. ) ;
#5543 = VERTEX_POINT ( 'NONE', #4490 ) ;
#5544 = CYLINDRICAL_SURFACE ( 'NONE', #4189, 2.000000000000001776 ) ;
#5545 = ORIENTED_EDGE ( 'NONE', *, *, #2711, .T. ) ;
#5546 = DIRECTION ( 'NONE',  ( 0.000000000000000000, -1.000000000000000000, 0.000000000000000000 ) ) ;
#5547 = DIRECTION ( 'NONE',  ( 0.000000000000000000, 0.000000000000000000, 1.000000000000000000 ) ) ;
#5548 = EDGE_LOOP ( 'NONE', ( #950, #1083, #3386, #5266 ) ) ;
#5549 = ORIENTED_EDGE ( 'NONE', *, *, #403, .F. ) ;
#5550 = VECTOR ( 'NONE', #591, 1000.000000000000000 ) ;
#5551 = VERTEX_POINT ( 'NONE', #2152 ) ;
#5552 = FACE_BOUND ( 'NONE', #4940, .T. ) ;
#5553 = FACE_OUTER_BOUND ( 'NONE', #3201, .T. ) ;
#5554 = CIRCLE ( 'NONE', #3042, 1.000000000000000888 ) ;
#5555 = FACE_OUTER_BOUND ( 'NONE', #164, .T. ) ;
#5556 = ADVANCED_FACE ( 'NONE', ( #4009 ), #2179, .F. ) ;
#5557 = ORIENTED_EDGE ( 'NONE', *, *, #201, .T. ) ;
#5558 = CARTESIAN_POINT ( 'NONE',  ( 0.000000000000000000, -33.89999999999999858, -58.50105008681759955 ) ) ;
#5559 = DIRECTION ( 'NONE',  ( 0.000000000000000000, 0.000000000000000000, -1.000000000000000000 ) ) ;
#5560 = CARTESIAN_POINT ( 'NONE',  ( 21.00000000000000000, 33.89999999999999858, -44.61744750750959554 ) ) ;
#5561 = VECTOR ( 'NONE', #2257, 1000.000000000000000 ) ;
#5562 = FACE_OUTER_BOUND ( 'NONE', #5378, .T. ) ;
#5563 = CARTESIAN_POINT ( 'NONE',  ( 21.00000000000000000, -8.849999999999999645, 23.99874991318240092 ) ) ;
#5564 = EDGE_CURVE ( 'NONE', #2804, #4282, #1868, .T. ) ;
#5565 = EDGE_LOOP ( 'NONE', ( #2586, #5216, #1500, #820 ) ) ;
#5566 = VERTEX_POINT ( 'NONE', #4541 ) ;
#5567 = CARTESIAN_POINT ( 'NONE',  ( 16.23367503961910074, 30.90000000000000213, -63.93475008681769367 ) ) ;
#5568 = LINE ( 'NONE', #5050, #1211 ) ;
#5569 = DIRECTION ( 'NONE',  ( 0.000000000000000000, 0.000000000000000000, 1.000000000000000000 ) ) ;
#5570 = CARTESIAN_POINT ( 'NONE',  ( 1.418608998068969118, -18.54947202407048579, 50.08874251098679053 ) ) ;
#5571 = ADVANCED_FACE ( 'NONE', ( #4093 ), #1640, .F. ) ;
#5572 = VERTEX_POINT ( 'NONE', #3763 ) ;
#5573 = DIRECTION ( 'NONE',  ( 0.000000000000000000, 0.000000000000000000, -1.000000000000000000 ) ) ;
#5574 = ORIENTED_EDGE ( 'NONE', *, *, #5465, .F. ) ;
#5575 = DIRECTION ( 'NONE',  ( 0.000000000000000000, 0.000000000000000000, -1.000000000000000000 ) ) ;
#5576 = DIRECTION ( 'NONE',  ( 0.000000000000000000, 1.000000000000000000, 0.000000000000000000 ) ) ;
#5577 = VERTEX_POINT ( 'NONE', #4216 ) ;
#5578 = ORIENTED_EDGE ( 'NONE', *, *, #5861, .F. ) ;
#5579 = EDGE_LOOP ( 'NONE', ( #4464, #3822, #5124, #2627 ) ) ;
#5580 = FACE_OUTER_BOUND ( 'NONE', #5774, .T. ) ;
#5581 = DIRECTION ( 'NONE',  ( 0.000000000000000000, -1.000000000000000000, -2.891205793294680298E-16 ) ) ;
#5582 = FACE_OUTER_BOUND ( 'NONE', #5314, .T. ) ;
#5583 = CIRCLE ( 'NONE', #3075, 1.000000000000000888 ) ;
#5584 = CIRCLE ( 'NONE', #2683, 12.00000000000000355 ) ;
#5585 = AXIS2_PLACEMENT_3D ( 'NONE', #1423, #4152, #2819 ) ;
#5586 = ORIENTED_EDGE ( 'NONE', *, *, #3613, .T. ) ;
#5587 = EDGE_CURVE ( 'NONE', #875, #4126, #2944, .T. ) ;
#5588 = CARTESIAN_POINT ( 'NONE',  ( 21.19656303044275347, -18.99372329708148399, 51.13765493312519084 ) ) ;
#5589 = CARTESIAN_POINT ( 'NONE',  ( 7.162924960380889772, -30.90000000000000213, -59.93475008681759419 ) ) ;
#5590 = CIRCLE ( 'NONE', #656, 1.999999999999994893 ) ;
#5591 = FACE_OUTER_BOUND ( 'NONE', #360, .T. ) ;
#5592 = CARTESIAN_POINT ( 'NONE',  ( 1.962809230084428869, 18.81497507706136574, 52.56988928697092689 ) ) ;
#5593 = VERTEX_POINT ( 'NONE', #1330 ) ;
#5594 = ORIENTED_EDGE ( 'NONE', *, *, #5161, .F. ) ;
#5595 = EDGE_CURVE ( 'NONE', #5698, #3128, #2640, .T. ) ;
#5596 = CYLINDRICAL_SURFACE ( 'NONE', #4404, 2.000000000000001776 ) ;
#5597 = CARTESIAN_POINT ( 'NONE',  ( 0.000000000000000000, 0.000000000000000000, 0.000000000000000000 ) ) ;
#5598 = CARTESIAN_POINT ( 'NONE',  ( 24.00000000000000000, 0.000000000000000000, -58.50105008681759955 ) ) ;
#5599 = CARTESIAN_POINT ( 'NONE',  ( 20.00000000000000000, 33.89999999999999858, -45.00105008681759955 ) ) ;
#5600 = CARTESIAN_POINT ( 'NONE',  ( 1.256695434347492979, -18.44200879629218903, 50.52122888666437461 ) ) ;
#5601 = EDGE_CURVE ( 'NONE', #344, #4415, #5257, .T. ) ;
#5602 = EDGE_CURVE ( 'NONE', #3443, #2756, #5086, .T. ) ;
#5603 = ORIENTED_EDGE ( 'NONE', *, *, #5922, .F. ) ;
#5604 = CARTESIAN_POINT ( 'NONE',  ( 12.00000000000000000, 26.39999999999999858, -58.50105008681759955 ) ) ;
#5605 = ORIENTED_EDGE ( 'NONE', *, *, #1030, .T. ) ;
#5606 = DIRECTION ( 'NONE',  ( 0.000000000000000000, -0.7071067811865480168, -0.7071067811865470176 ) ) ;
#5607 = DIRECTION ( 'NONE',  ( 0.000000000000000000, 0.000000000000000000, 1.000000000000000000 ) ) ;
#5608 = ORIENTED_EDGE ( 'NONE', *, *, #1268, .F. ) ;
#5609 = TOROIDAL_SURFACE ( 'NONE', #3004, 9.000000000000000000, 3.000000000000000000 ) ;
#5610 = EDGE_LOOP ( 'NONE', ( #5512, #1150 ) ) ;
#5611 = EDGE_LOOP ( 'NONE', ( #5340, #1322, #2191, #1555 ) ) ;
#5612 = DIRECTION ( 'NONE',  ( 0.000000000000000000, 1.000000000000000000, 0.000000000000000000 ) ) ;
#5613 = LINE ( 'NONE', #5095, #2352 ) ;
#5614 = DIRECTION ( 'NONE',  ( 0.000000000000000000, -2.891205793294677833E-16, -1.000000000000000000 ) ) ;
#5615 = VECTOR ( 'NONE', #3757, 1000.000000000000000 ) ;
#5616 = ORIENTED_EDGE ( 'NONE', *, *, #780, .F. ) ;
#5617 = AXIS2_PLACEMENT_3D ( 'NONE', #1147, #4808, #751 ) ;
#5618 = CARTESIAN_POINT ( 'NONE',  ( 11.95199776687860016, 39.39999999999999858, -41.50105008681759955 ) ) ;
#5619 = DIRECTION ( 'NONE',  ( 0.000000000000000000, 0.000000000000000000, 1.000000000000000000 ) ) ;
#5620 = LINE ( 'NONE', #2437, #3607 ) ;
#5621 = CARTESIAN_POINT ( 'NONE',  ( 3.000000000000000000, -19.00000000000000000, 52.98842478739560136 ) ) ;
#5622 = VERTEX_POINT ( 'NONE', #4150 ) ;
#5623 = EDGE_LOOP ( 'NONE', ( #3279, #763 ) ) ;
#5624 = CARTESIAN_POINT ( 'NONE',  ( 16.23367503961910074, 63.69651116357161413, -56.69775008681769890 ) ) ;
#5625 = AXIS2_PLACEMENT_3D ( 'NONE', #2865, #1885, #4707 ) ;
#5626 = CARTESIAN_POINT ( 'NONE',  ( 24.00000000000000000, -11.50000000000000000, 48.99874991318240092 ) ) ;
#5627 = DIRECTION ( 'NONE',  ( 0.000000000000000000, 1.000000000000000000, 0.000000000000000000 ) ) ;
#5628 = CARTESIAN_POINT ( 'NONE',  ( 14.50000000000000000, 39.39999999999999858, -51.50105008681759955 ) ) ;
#5629 = CIRCLE ( 'NONE', #2434, 1.000000000000000888 ) ;
#5630 = CARTESIAN_POINT ( 'NONE',  ( 2.030534096839621494, -18.83956474411424153, 49.37469880139293821 ) ) ;
#5631 = EDGE_CURVE ( 'NONE', #911, #3927, #122, .T. ) ;
#5632 = VERTEX_POINT ( 'NONE', #1450 ) ;
#5633 = CIRCLE ( 'NONE', #882, 1.000000000000000888 ) ;
#5634 = AXIS2_PLACEMENT_3D ( 'NONE', #3113, #1796, #4958 ) ;
#5635 = EDGE_LOOP ( 'NONE', ( #3069, #545, #1901, #5780 ) ) ;
#5636 = DIRECTION ( 'NONE',  ( 0.000000000000000000, 1.000000000000000000, 0.000000000000000000 ) ) ;
#5637 = DIRECTION ( 'NONE',  ( 0.000000000000000000, 0.3420201433256691015, 0.9396926207859082059 ) ) ;
#5638 = FACE_OUTER_BOUND ( 'NONE', #899, .T. ) ;
#5639 = CARTESIAN_POINT ( 'NONE',  ( 16.23367503961910074, 30.90000000000000213, -56.69775008681769890 ) ) ;
#5640 = AXIS2_PLACEMENT_3D ( 'NONE', #4254, #1431, #2272 ) ;
#5641 = EDGE_CURVE ( 'NONE', #2245, #2329, #5055, .T. ) ;
#5642 = ADVANCED_FACE ( 'NONE', ( #450 ), #4693, .F. ) ;
#5643 = ORIENTED_EDGE ( 'NONE', *, *, #744, .F. ) ;
#5644 = VERTEX_POINT ( 'NONE', #961 ) ;
#5645 = VERTEX_POINT ( 'NONE', #2360 ) ;
#5646 = LINE ( 'NONE', #1492, #5925 ) ;
#5647 = DIRECTION ( 'NONE',  ( -1.000000000000000000, 0.000000000000000000, 0.000000000000000000 ) ) ;
#5648 = CIRCLE ( 'NONE', #4295, 1.000000000000000888 ) ;
#5649 = PLANE ( 'NONE',  #459 ) ;
#5650 = EDGE_CURVE ( 'NONE', #5087, #841, #802, .T. ) ;
#5651 = AXIS2_PLACEMENT_3D ( 'NONE', #5253, #3804, #5708 ) ;
#5652 = ORIENTED_EDGE ( 'NONE', *, *, #2405, .F. ) ;
#5653 = DIRECTION ( 'NONE',  ( 0.000000000000000000, 0.000000000000000000, -1.000000000000000000 ) ) ;
#5654 = DIRECTION ( 'NONE',  ( 0.000000000000000000, 1.000000000000000000, 0.000000000000000000 ) ) ;
#5655 = CYLINDRICAL_SURFACE ( 'NONE', #3805, 2.999999999999998668 ) ;
#5656 = AXIS2_PLACEMENT_3D ( 'NONE', #5192, #2889, #5676 ) ;
#5657 = CARTESIAN_POINT ( 'NONE',  ( 21.00000000000000000, 6.828427124746180077, 44.19874991318239665 ) ) ;
#5658 = ORIENTED_EDGE ( 'NONE', *, *, #3576, .F. ) ;
#5659 = AXIS2_PLACEMENT_3D ( 'NONE', #2319, #2288, #5450 ) ;
#5660 = PLANE ( 'NONE',  #1766 ) ;
#5661 = FACE_OUTER_BOUND ( 'NONE', #5798, .T. ) ;
#5662 = FACE_OUTER_BOUND ( 'NONE', #2805, .T. ) ;
#5663 = CARTESIAN_POINT ( 'NONE',  ( 21.00000000000000000, -4.000000000000000000, 47.02717703792860249 ) ) ;
#5664 = CARTESIAN_POINT ( 'NONE',  ( 2.241947954080121264, -18.90253144254230477, 49.24274591069791995 ) ) ;
#5665 = ORIENTED_EDGE ( 'NONE', *, *, #4118, .T. ) ;
#5666 = EDGE_LOOP ( 'NONE', ( #2772, #27, #4602, #5594 ) ) ;
#5667 = LINE ( 'NONE', #3459, #5840 ) ;
#5668 = CARTESIAN_POINT ( 'NONE',  ( 3.000000000000000000, 16.00000000000000000, 32.19874991318239665 ) ) ;
#5669 = DIRECTION ( 'NONE',  ( 0.000000000000000000, 0.000000000000000000, 1.000000000000000000 ) ) ;
#5670 = CARTESIAN_POINT ( 'NONE',  ( 0.000000000000000000, 11.84999999999999964, 60.19874991318240376 ) ) ;
#5671 = CIRCLE ( 'NONE', #2088, 1.000000000000000888 ) ;
#5672 = ORIENTED_EDGE ( 'NONE', *, *, #2412, .F. ) ;
#5673 = ORIENTED_EDGE ( 'NONE', *, *, #1996, .F. ) ;
#5674 = VERTEX_POINT ( 'NONE', #58 ) ;
#5675 = CARTESIAN_POINT ( 'NONE',  ( 7.162924960380900430, 30.90000000000000213, -56.69775008681759942 ) ) ;
#5676 = DIRECTION ( 'NONE',  ( -1.000000000000000000, 0.000000000000000000, 0.000000000000000000 ) ) ;
#5677 = EDGE_CURVE ( 'NONE', #2040, #5874, #5149, .T. ) ;
#5678 = LINE ( 'NONE', #5558, #3262 ) ;
#5679 = AXIS2_PLACEMENT_3D ( 'NONE', #151, #5311, #1610 ) ;
#5680 = DIRECTION ( 'NONE',  ( 0.000000000000000000, 0.000000000000000000, 1.000000000000000000 ) ) ;
#5681 = ORIENTED_EDGE ( 'NONE', *, *, #3913, .F. ) ;
#5682 = CC_DESIGN_DATE_AND_TIME_ASSIGNMENT ( #5049, #863, ( #3135 ) ) ;
#5683 = ADVANCED_FACE ( 'NONE', ( #995 ), #5511, .F. ) ;
#5684 = ADVANCED_FACE ( 'NONE', ( #3696 ), #5544, .F. ) ;
#5685 = CARTESIAN_POINT ( 'NONE',  ( 14.50000000000000000, 39.39999999999999858, -45.00105008681759955 ) ) ;
#5686 = CARTESIAN_POINT ( 'NONE',  ( 11.69829999999999970, -30.90000000000000213, -65.55325008681771237 ) ) ;
#5687 = LINE ( 'NONE', #4709, #883 ) ;
#5688 = CARTESIAN_POINT ( 'NONE',  ( 3.200000000000000178, -11.50000000000000000, 50.99844991318239806 ) ) ;
#5689 = CIRCLE ( 'NONE', #547, 1.000000000000000888 ) ;
#5690 = VECTOR ( 'NONE', #1315, 1000.000000000000000 ) ;
#5691 = AXIS2_PLACEMENT_3D ( 'NONE', #604, #5214, #4249 ) ;
#5692 = VERTEX_POINT ( 'NONE', #2390 ) ;
#5693 = CARTESIAN_POINT ( 'NONE',  ( 11.69829999999999970, -30.90000000000000213, -64.55325008681771237 ) ) ;
#5694 = PLANE ( 'NONE',  #237 ) ;
#5695 = LINE ( 'NONE', #3817, #4889 ) ;
#5696 = CARTESIAN_POINT ( 'NONE',  ( 21.00000000000000000, 11.84999999999999964, 35.19874991318239665 ) ) ;
#5697 = CARTESIAN_POINT ( 'NONE',  ( 2.339527754323591502, 18.92642336059135033, 49.19288841125076317 ) ) ;
#5698 = VERTEX_POINT ( 'NONE', #1390 ) ;
#5699 = ORIENTED_EDGE ( 'NONE', *, *, #4869, .T. ) ;
#5700 = DIRECTION ( 'NONE',  ( 0.000000000000000000, 0.000000000000000000, 1.000000000000000000 ) ) ;
#5701 = DIRECTION ( 'NONE',  ( -1.000000000000000000, 0.000000000000000000, 0.000000000000000000 ) ) ;
#5702 = CARTESIAN_POINT ( 'NONE',  ( 3.000000000000000000, -17.50000000000000000, 32.19874991318239665 ) ) ;
#5703 = DIRECTION ( 'NONE',  ( 0.000000000000000000, 1.000000000000000000, 0.000000000000000000 ) ) ;
#5704 = EDGE_LOOP ( 'NONE', ( #3040, #1039 ) ) ;
#5705 = VERTEX_POINT ( 'NONE', #5937 ) ;
#5706 = ORIENTED_EDGE ( 'NONE', *, *, #225, .T. ) ;
#5707 = DIRECTION ( 'NONE',  ( 0.000000000000000000, 1.000000000000000000, 0.000000000000000000 ) ) ;
#5708 = DIRECTION ( 'NONE',  ( 0.000000000000000000, -7.709882115452474222E-16, -1.000000000000000000 ) ) ;
#5709 = DIRECTION ( 'NONE',  ( 0.000000000000000000, -1.000000000000000000, 0.000000000000000000 ) ) ;
#5710 = DIRECTION ( 'NONE',  ( 0.000000000000000000, -1.000000000000000000, 0.000000000000000000 ) ) ;
#5711 = EDGE_CURVE ( 'NONE', #62, #3180, #4665, .T. ) ;
#5712 = ORIENTED_EDGE ( 'NONE', *, *, #5424, .T. ) ;
#5713 = CARTESIAN_POINT ( 'NONE',  ( 9.821747027186221501, 34.89999999999999858, -51.50105008681759955 ) ) ;
#5714 = FACE_OUTER_BOUND ( 'NONE', #318, .T. ) ;
#5715 = CARTESIAN_POINT ( 'NONE',  ( 5.000000000000000000, 33.89999999999999858, -45.00105008681759955 ) ) ;
#5716 = VECTOR ( 'NONE', #2227, 1000.000000000000000 ) ;
#5717 = CARTESIAN_POINT ( 'NONE',  ( 26.26848655435890123, 23.16662758029249503, -45.00105008681759955 ) ) ;
#5718 = ADVANCED_FACE ( 'NONE', ( #2719 ), #930, .F. ) ;
#5719 = EDGE_CURVE ( 'NONE', #769, #5790, #1902, .T. ) ;
#5720 = ORIENTED_EDGE ( 'NONE', *, *, #3680, .F. ) ;
#5721 = DIRECTION ( 'NONE',  ( 1.000000000000000000, 0.000000000000000000, 0.000000000000000000 ) ) ;
#5722 = CARTESIAN_POINT ( 'NONE',  ( 0.000000000000000000, -16.00000000000000000, 60.19874991318240376 ) ) ;
#5723 = CARTESIAN_POINT ( 'NONE',  ( 7.162924960380900430, 63.65353284628589847, -56.69775008681759942 ) ) ;
#5724 = LINE ( 'NONE', #2447, #867 ) ;
#5725 = CARTESIAN_POINT ( 'NONE',  ( 2.524597518712183852, 18.96251440357648832, 49.11485942841285635 ) ) ;
#5726 = EDGE_CURVE ( 'NONE', #285, #546, #2264, .T. ) ;
#5727 = EDGE_LOOP ( 'NONE', ( #829, #4830, #761, #1963 ) ) ;
#5728 = ORIENTED_EDGE ( 'NONE', *, *, #3788, .F. ) ;
#5729 = FACE_OUTER_BOUND ( 'NONE', #5948, .T. ) ;
#5730 = CARTESIAN_POINT ( 'NONE',  ( 11.69829999999999970, -33.89999999999999858, -62.55325008681771237 ) ) ;
#5731 = CARTESIAN_POINT ( 'NONE',  ( 24.00000000000000000, 4.000000000000000000, 47.02717703792860249 ) ) ;
#5732 = DIRECTION ( 'NONE',  ( 0.000000000000000000, -1.000000000000000000, 0.000000000000000000 ) ) ;
#5733 = CIRCLE ( 'NONE', #4756, 2.000000000000001776 ) ;
#5734 = AXIS2_PLACEMENT_3D ( 'NONE', #3714, #3776, #4588 ) ;
#5735 = ORIENTED_EDGE ( 'NONE', *, *, #4637, .T. ) ;
#5736 = ORIENTED_EDGE ( 'NONE', *, *, #457, .F. ) ;
#5737 = CYLINDRICAL_SURFACE ( 'NONE', #809, 2.000000000000001776 ) ;
#5738 = DIRECTION ( 'NONE',  ( 1.000000000000000000, 0.000000000000000000, 0.000000000000000000 ) ) ;
#5739 = VECTOR ( 'NONE', #670, 1000.000000000000000 ) ;
#5740 = CARTESIAN_POINT ( 'NONE',  ( 21.09990055032661971, 18.99875335411090660, 50.33477414666123906 ) ) ;
#5741 = LINE ( 'NONE', #4797, #3082 ) ;
#5742 = VECTOR ( 'NONE', #663, 1000.000000000000000 ) ;
#5743 = ORIENTED_EDGE ( 'NONE', *, *, #1749, .F. ) ;
#5744 = ORIENTED_EDGE ( 'NONE', *, *, #3378, .T. ) ;
#5745 = DIRECTION ( 'NONE',  ( 0.000000000000000000, 0.000000000000000000, 1.000000000000000000 ) ) ;
#5746 = LINE ( 'NONE', #3412, #314 ) ;
#5747 = EDGE_CURVE ( 'NONE', #25, #3157, #5053, .T. ) ;
#5748 = DIRECTION ( 'NONE',  ( 0.000000000000000000, -1.000000000000000000, 0.000000000000000000 ) ) ;
#5749 = CARTESIAN_POINT ( 'NONE',  ( 3.000000000000000000, 19.00000000000000000, 32.19874991318239665 ) ) ;
#5750 = CIRCLE ( 'NONE', #3427, 12.00000000000000355 ) ;
#5751 = AXIS2_PLACEMENT_3D ( 'NONE', #5191, #2428, #4409 ) ;
#5752 = ORIENTED_EDGE ( 'NONE', *, *, #2382, .T. ) ;
#5753 = DIRECTION ( 'NONE',  ( 0.000000000000000000, 1.000000000000000000, 0.000000000000000000 ) ) ;
#5754 = AXIS2_PLACEMENT_3D ( 'NONE', #2050, #1145, #657 ) ;
#5755 = CARTESIAN_POINT ( 'NONE',  ( 11.69829999999999970, 33.89999999999999858, -64.55325008681771237 ) ) ;
#5756 = CARTESIAN_POINT ( 'NONE',  ( 24.00000000000000000, 19.00000000000000000, 60.19874991318240376 ) ) ;
#5757 = FACE_OUTER_BOUND ( 'NONE', #3315, .T. ) ;
#5758 = LINE ( 'NONE', #1602, #445 ) ;
#5759 = AXIS2_PLACEMENT_3D ( 'NONE', #1119, #5244, #631 ) ;
#5760 = ORIENTED_EDGE ( 'NONE', *, *, #5412, .T. ) ;
#5761 = ORIENTED_EDGE ( 'NONE', *, *, #2122, .F. ) ;
#5762 = LINE ( 'NONE', #2419, #1953 ) ;
#5763 = LINE ( 'NONE', #1933, #2364 ) ;
#5764 = EDGE_CURVE ( 'NONE', #1294, #4180, #4815, .T. ) ;
#5765 = DIRECTION ( 'NONE',  ( 0.000000000000000000, 0.000000000000000000, 1.000000000000000000 ) ) ;
#5766 = CYLINDRICAL_SURFACE ( 'NONE', #2480, 2.000000000000001776 ) ;
#5767 = EDGE_LOOP ( 'NONE', ( #5408, #508 ) ) ;
#5768 = ORIENTED_EDGE ( 'NONE', *, *, #1194, .T. ) ;
#5769 = DIRECTION ( 'NONE',  ( 0.000000000000000000, 1.000000000000000000, 0.000000000000000000 ) ) ;
#5770 = CYLINDRICAL_SURFACE ( 'NONE', #3818, 1.000000000000000888 ) ;
#5771 = CARTESIAN_POINT ( 'NONE',  ( 19.19999999999999929, 59.39363543471729656, 50.99844991318239806 ) ) ;
#5772 = DIRECTION ( 'NONE',  ( 0.000000000000000000, 0.000000000000000000, -1.000000000000000000 ) ) ;
#5773 = ORIENTED_EDGE ( 'NONE', *, *, #4266, .T. ) ;
#5774 = EDGE_LOOP ( 'NONE', ( #4499, #3516, #5056, #510 ) ) ;
#5775 = AXIS2_PLACEMENT_3D ( 'NONE', #512, #5607, #1454 ) ;
#5776 = DIRECTION ( 'NONE',  ( -1.000000000000000000, 0.000000000000000000, 0.000000000000000000 ) ) ;
#5777 = DIRECTION ( 'NONE',  ( 0.000000000000000000, 1.000000000000000000, 5.782411586589360597E-16 ) ) ;
#5778 = DIRECTION ( 'NONE',  ( 0.000000000000000000, -1.000000000000000000, 0.000000000000000000 ) ) ;
#5779 = EDGE_CURVE ( 'NONE', #2593, #582, #5762, .T. ) ;
#5780 = ORIENTED_EDGE ( 'NONE', *, *, #232, .F. ) ;
#5781 = FACE_BOUND ( 'NONE', #2325, .T. ) ;
#5782 = LINE ( 'NONE', #2600, #5170 ) ;
#5783 = LINE ( 'NONE', #3112, #5917 ) ;
#5784 = CARTESIAN_POINT ( 'NONE',  ( 0.8887862525123687574, 2.427182985855874524E-06, 14.13130432746922338 ) ) ;
#5785 = DIRECTION ( 'NONE',  ( 0.000000000000000000, 0.000000000000000000, -1.000000000000000000 ) ) ;
#5786 = EDGE_LOOP ( 'NONE', ( #1349, #4120 ) ) ;
#5787 = EDGE_CURVE ( 'NONE', #1698, #1518, #5667, .T. ) ;
#5788 = VECTOR ( 'NONE', #2506, 1000.000000000000000 ) ;
#5789 = CIRCLE ( 'NONE', #5775, 3.000000000000000000 ) ;
#5790 = VERTEX_POINT ( 'NONE', #3888 ) ;
#5791 =( NAMED_UNIT ( * ) SI_UNIT ( $, .STERADIAN. ) SOLID_ANGLE_UNIT ( ) );
#5792 = DIRECTION ( 'NONE',  ( 0.000000000000000000, 1.000000000000000000, 0.000000000000000000 ) ) ;
#5793 = CARTESIAN_POINT ( 'NONE',  ( 16.23367503961910074, -30.90000000000000213, -61.93475008681769367 ) ) ;
#5794 = CYLINDRICAL_SURFACE ( 'NONE', #263, 2.999999999999999112 ) ;
#5795 = ADVANCED_FACE ( 'NONE', ( #5308, #3000 ), #1025, .F. ) ;
#5796 = ADVANCED_FACE ( 'NONE', ( #3791 ), #4289, .T. ) ;
#5797 = ADVANCED_FACE ( 'NONE', ( #5729 ), #4336, .F. ) ;
#5798 = EDGE_LOOP ( 'NONE', ( #5429, #5985, #5832, #4863 ) ) ;
#5799 = EDGE_LOOP ( 'NONE', ( #2126, #3603 ) ) ;
#5800 = DIRECTION ( 'NONE',  ( 0.000000000000000000, -2.478176394252580155E-16, -1.000000000000000000 ) ) ;
#5801 = ORIENTED_EDGE ( 'NONE', *, *, #4551, .F. ) ;
#5802 = DIRECTION ( 'NONE',  ( 0.000000000000000000, 0.7071067811865470176, -0.7071067811865480168 ) ) ;
#5803 = LINE ( 'NONE', #5319, #1723 ) ;
#5804 = ORIENTED_EDGE ( 'NONE', *, *, #3490, .F. ) ;
#5805 = ORIENTED_EDGE ( 'NONE', *, *, #881, .T. ) ;
#5806 = CARTESIAN_POINT ( 'NONE',  ( 21.00000000000000000, -8.849999999999999645, 48.99874991318240092 ) ) ;
#5807 = LINE ( 'NONE', #2017, #5043 ) ;
#5808 = FACE_OUTER_BOUND ( 'NONE', #1249, .T. ) ;
#5809 = AXIS2_PLACEMENT_3D ( 'NONE', #2694, #3181, #1784 ) ;
#5810 = EDGE_LOOP ( 'NONE', ( #4281, #4468 ) ) ;
#5811 = FACE_OUTER_BOUND ( 'NONE', #1459, .T. ) ;
#5812 = DIRECTION ( 'NONE',  ( 0.000000000000000000, 0.000000000000000000, -1.000000000000000000 ) ) ;
#5813 = CARTESIAN_POINT ( 'NONE',  ( 2.305781304421821609, 0.0001634038601220871140, 14.94481724038385551 ) ) ;
#5814 = CARTESIAN_POINT ( 'NONE',  ( 7.162924960380900430, -30.90000000000000213, -57.69775008681759942 ) ) ;
#5815 = ORIENTED_EDGE ( 'NONE', *, *, #3320, .T. ) ;
#5816 = VECTOR ( 'NONE', #3362, 1000.000000000000000 ) ;
#5817 = ORIENTED_EDGE ( 'NONE', *, *, #349, .T. ) ;
#5818 = DIRECTION ( 'NONE',  ( 0.000000000000000000, 0.000000000000000000, -1.000000000000000000 ) ) ;
#5819 = DIRECTION ( 'NONE',  ( 0.000000000000000000, 0.000000000000000000, -1.000000000000000000 ) ) ;
#5820 = CARTESIAN_POINT ( 'NONE',  ( 24.00000000000000000, 6.828427124746180077, 52.19874991318240376 ) ) ;
#5821 = DIRECTION ( 'NONE',  ( 0.000000000000000000, -1.000000000000000000, 0.000000000000000000 ) ) ;
#5822 = EDGE_CURVE ( 'NONE', #2754, #3437, #3218, .T. ) ;
#5823 = ORIENTED_EDGE ( 'NONE', *, *, #3053, .F. ) ;
#5824 = EDGE_LOOP ( 'NONE', ( #15, #5978, #4016, #486 ) ) ;
#5825 = LINE ( 'NONE', #5403, #17 ) ;
#5826 = VERTEX_POINT ( 'NONE', #2027 ) ;
#5827 = DIRECTION ( 'NONE',  ( 0.000000000000000000, -0.7071067811865470176, -0.7071067811865480168 ) ) ;
#5828 = AXIS2_PLACEMENT_3D ( 'NONE', #4361, #3969, #5812 ) ;
#5829 = EDGE_CURVE ( 'NONE', #4358, #2157, #1575, .T. ) ;
#5830 = ADVANCED_FACE ( 'NONE', ( #1994 ), #4247, .F. ) ;
#5831 = AXIS2_PLACEMENT_3D ( 'NONE', #3744, #4619, #1823 ) ;
#5832 = ORIENTED_EDGE ( 'NONE', *, *, #355, .T. ) ;
#5833 = VECTOR ( 'NONE', #3445, 1000.000000000000000 ) ;
#5834 = ORIENTED_EDGE ( 'NONE', *, *, #4486, .T. ) ;
#5835 = CIRCLE ( 'NONE', #2237, 0.9999999999999940048 ) ;
#5836 = CARTESIAN_POINT ( 'NONE',  ( 7.162924960380900430, -30.90000000000000213, -56.69775008681759942 ) ) ;
#5837 = ADVANCED_FACE ( 'NONE', ( #2909 ), #4723, .T. ) ;
#5838 = LINE ( 'NONE', #2505, #4864 ) ;
#5839 = CARTESIAN_POINT ( 'NONE',  ( 3.000000000000000000, 33.89999999999999858, -44.61744750750959554 ) ) ;
#5840 = VECTOR ( 'NONE', #87, 1000.000000000000000 ) ;
#5841 = EDGE_LOOP ( 'NONE', ( #978, #1638, #5608, #1646 ) ) ;
#5842 = CARTESIAN_POINT ( 'NONE',  ( 21.00000000000000000, -8.849999999999999645, 48.99874991318240092 ) ) ;
#5843 = FACE_OUTER_BOUND ( 'NONE', #3074, .T. ) ;
#5844 = CYLINDRICAL_SURFACE ( 'NONE', #3681, 2.000000000000001776 ) ;
#5845 = CARTESIAN_POINT ( 'NONE',  ( 1.418608998067333760, 18.54947202406344076, 51.90815731537480104 ) ) ;
#5846 = AXIS2_PLACEMENT_3D ( 'NONE', #5137, #2444, #2020 ) ;
#5847 = ORIENTED_EDGE ( 'NONE', *, *, #558, .F. ) ;
#5848 = CIRCLE ( 'NONE', #5656, 3.000000000000000000 ) ;
#5849 = CARTESIAN_POINT ( 'NONE',  ( 0.000000000000000000, 17.50000000000000000, -8.330231028943009264 ) ) ;
#5850 = DIRECTION ( 'NONE',  ( 0.000000000000000000, 1.000000000000000000, 0.000000000000000000 ) ) ;
#5851 = LINE ( 'NONE', #2583, #258 ) ;
#5852 = CARTESIAN_POINT ( 'NONE',  ( 24.00000000000000000, 19.00000000000000000, 32.19874991318239665 ) ) ;
#5853 = ORIENTED_EDGE ( 'NONE', *, *, #3913, .T. ) ;
#5854 = EDGE_CURVE ( 'NONE', #911, #5534, #2058, .T. ) ;
#5855 = ORIENTED_EDGE ( 'NONE', *, *, #4905, .T. ) ;
#5856 = VERTEX_POINT ( 'NONE', #148 ) ;
#5857 = AXIS2_PLACEMENT_3D ( 'NONE', #2810, #4211, #3850 ) ;
#5858 = DIRECTION ( 'NONE',  ( 0.000000000000000000, -1.000000000000000000, 0.000000000000000000 ) ) ;
#5859 = DIRECTION ( 'NONE',  ( 0.000000000000000000, 1.000000000000000000, 0.000000000000000000 ) ) ;
#5860 = ORIENTED_EDGE ( 'NONE', *, *, #750, .F. ) ;
#5861 = EDGE_CURVE ( 'NONE', #3687, #1185, #4976, .T. ) ;
#5862 = ORIENTED_EDGE ( 'NONE', *, *, #1811, .F. ) ;
#5863 = DIRECTION ( 'NONE',  ( 0.000000000000000000, 1.000000000000000000, 0.000000000000000000 ) ) ;
#5864 = DIRECTION ( 'NONE',  ( 0.000000000000000000, 0.000000000000000000, -1.000000000000000000 ) ) ;
#5865 = FACE_BOUND ( 'NONE', #1722, .T. ) ;
#5866 = EDGE_CURVE ( 'NONE', #3313, #823, #1103, .T. ) ;
#5867 = EDGE_CURVE ( 'NONE', #294, #3100, #38, .T. ) ;
#5868 = ORIENTED_EDGE ( 'NONE', *, *, #3092, .F. ) ;
#5869 = CARTESIAN_POINT ( 'NONE',  ( 11.69829999999999970, 56.59965550259200029, -65.55325008681771237 ) ) ;
#5870 = CARTESIAN_POINT ( 'NONE',  ( 3.000000000000000000, -33.89999999999999858, -44.61744750750959554 ) ) ;
#5871 = CARTESIAN_POINT ( 'NONE',  ( 0.07821625146053448607, -0.0007229408695141680647, 12.78567174268311568 ) ) ;
#5872 = CARTESIAN_POINT ( 'NONE',  ( 1.200024947957796240, 18.40021049260813513, 50.98094978010974643 ) ) ;
#5873 = AXIS2_PLACEMENT_3D ( 'NONE', #5105, #2771, #3292 ) ;
#5874 = VERTEX_POINT ( 'NONE', #2515 ) ;
#5875 = DIRECTION ( 'NONE',  ( 0.000000000000000000, -1.000000000000000000, 0.000000000000000000 ) ) ;
#5876 = DIRECTION ( 'NONE',  ( 0.000000000000000000, -1.000000000000000000, 0.000000000000000000 ) ) ;
#5877 = LINE ( 'NONE', #281, #1100 ) ;
#5878 = CARTESIAN_POINT ( 'NONE',  ( 1.728216197232099294, -18.71704180099984782, 52.35265570143327096 ) ) ;
#5879 = CIRCLE ( 'NONE', #4041, 3.000000000000000000 ) ;
#5880 = VECTOR ( 'NONE', #2345, 1000.000000000000000 ) ;
#5881 = AXIS2_PLACEMENT_3D ( 'NONE', #5461, #2670, #1307 ) ;
#5882 = CIRCLE ( 'NONE', #3268, 1.999999999999994893 ) ;
#5883 = ORIENTED_EDGE ( 'NONE', *, *, #2677, .T. ) ;
#5884 = VERTEX_POINT ( 'NONE', #2942 ) ;
#5885 = CARTESIAN_POINT ( 'NONE',  ( 24.00000000000000000, 1.171572875253809931, 52.19874991318240376 ) ) ;
#5886 = VERTEX_POINT ( 'NONE', #4785 ) ;
#5887 = AXIS2_PLACEMENT_3D ( 'NONE', #431, #96, #3 ) ;
#5888 = FACE_OUTER_BOUND ( 'NONE', #5611, .T. ) ;
#5889 = CARTESIAN_POINT ( 'NONE',  ( 21.00000000000000000, -19.00000000000000000, 50.12667012447429471 ) ) ;
#5890 = VERTEX_POINT ( 'NONE', #2971 ) ;
#5891 = EDGE_LOOP ( 'NONE', ( #31, #5490, #2587, #2019, #3473 ) ) ;
#5892 = PLANE ( 'NONE',  #4676 ) ;
#5893 = DIRECTION ( 'NONE',  ( 0.000000000000000000, 2.478176394252580155E-16, -1.000000000000000000 ) ) ;
#5894 = CARTESIAN_POINT ( 'NONE',  ( 19.19999999999999929, 59.39363543471729656, 49.99844991318239806 ) ) ;
#5895 = EDGE_CURVE ( 'NONE', #1698, #5632, #732, .T. ) ;
#5896 = VERTEX_POINT ( 'NONE', #3517 ) ;
#5897 = PLANE ( 'NONE',  #4711 ) ;
#5898 = CARTESIAN_POINT ( 'NONE',  ( 3.200000000000000178, 16.35000000000000142, 50.99844991318239806 ) ) ;
#5899 = CYLINDRICAL_SURFACE ( 'NONE', #4648, 1.000000000000000888 ) ;
#5900 = CARTESIAN_POINT ( 'NONE',  ( 1.506673639875125037, 18.60192985681082689, 49.93417985824374483 ) ) ;
#5901 = EDGE_CURVE ( 'NONE', #3313, #3933, #279, .T. ) ;
#5902 = EDGE_CURVE ( 'NONE', #2110, #5577, #2358, .T. ) ;
#5903 = EDGE_CURVE ( 'NONE', #2886, #1336, #2581, .T. ) ;
#5904 = ORIENTED_EDGE ( 'NONE', *, *, #5162, .T. ) ;
#5905 = CARTESIAN_POINT ( 'NONE',  ( 24.00000000000000000, 21.27445658577340026, -18.70046526906719819 ) ) ;
#5906 = DIRECTION ( 'NONE',  ( 0.000000000000000000, 0.000000000000000000, -1.000000000000000000 ) ) ;
#5907 = CARTESIAN_POINT ( 'NONE',  ( 1.355954653411002520, -18.50959282693533225, 51.77293520910284030 ) ) ;
#5908 = EDGE_CURVE ( 'NONE', #147, #5517, #2564, .T. ) ;
#5909 = EDGE_LOOP ( 'NONE', ( #1675, #818, #1703, #4263, #3616, #1155 ) ) ;
#5910 = AXIS2_PLACEMENT_3D ( 'NONE', #4139, #1375, #1320 ) ;
#5911 = CARTESIAN_POINT ( 'NONE',  ( 24.00000000000000000, -19.00000000000000000, 60.19874991318240376 ) ) ;
#5912 = EDGE_LOOP ( 'NONE', ( #3379, #3695, #1625, #731 ) ) ;
#5913 = DIRECTION ( 'NONE',  ( 1.000000000000000000, 0.000000000000000000, 0.000000000000000000 ) ) ;
#5914 = FACE_OUTER_BOUND ( 'NONE', #2150, .T. ) ;
#5915 = ORIENTED_EDGE ( 'NONE', *, *, #307, .T. ) ;
#5916 = ORIENTED_EDGE ( 'NONE', *, *, #124, .F. ) ;
#5917 = VECTOR ( 'NONE', #1207, 1000.000000000000000 ) ;
#5918 = DIRECTION ( 'NONE',  ( 0.000000000000000000, -1.000000000000000000, 0.000000000000000000 ) ) ;
#5919 = CIRCLE ( 'NONE', #3993, 1.000000000000000888 ) ;
#5920 = FACE_OUTER_BOUND ( 'NONE', #3619, .T. ) ;
#5921 = VERTEX_POINT ( 'NONE', #2172 ) ;
#5922 = EDGE_CURVE ( 'NONE', #4073, #1359, #3138, .T. ) ;
#5923 = CARTESIAN_POINT ( 'NONE',  ( 21.15739469020962815, 18.99587466792736379, 50.58761602030385518 ) ) ;
#5924 = CARTESIAN_POINT ( 'NONE',  ( 19.19999999999999929, 19.00000000000000000, 50.99844991318239806 ) ) ;
#5925 = VECTOR ( 'NONE', #5033, 1000.000000000000000 ) ;
#5926 = FACE_OUTER_BOUND ( 'NONE', #4092, .T. ) ;
#5927 = CARTESIAN_POINT ( 'NONE',  ( 1.494559112872795525, 18.59493048664540282, 52.04318716888438701 ) ) ;
#5928 = ORIENTED_EDGE ( 'NONE', *, *, #3045, .T. ) ;
#5929 = EDGE_CURVE ( 'NONE', #186, #399, #1296, .T. ) ;
#5930 = COORDINATED_UNIVERSAL_TIME_OFFSET ( 8, 0, .AHEAD. ) ;
#5931 = CARTESIAN_POINT ( 'NONE',  ( 7.162924960380900430, 30.90000000000000213, -56.69775008681759942 ) ) ;
#5932 = AXIS2_PLACEMENT_3D ( 'NONE', #5175, #1048, #533 ) ;
#5933 = CARTESIAN_POINT ( 'NONE',  ( 5.000000000000000000, 39.39999999999999858, -51.50105008681759955 ) ) ;
#5934 = CARTESIAN_POINT ( 'NONE',  ( 2.524597518731211743, -18.96251440357648832, 52.88204039795888889 ) ) ;
#5935 = EDGE_CURVE ( 'NONE', #261, #3578, #727, .T. ) ;
#5936 = ORIENTED_EDGE ( 'NONE', *, *, #1968, .T. ) ;
#5937 = CARTESIAN_POINT ( 'NONE',  ( 0.000000000000000000, -17.50000000000000000, 32.19874991318239665 ) ) ;
#5938 = VERTEX_POINT ( 'NONE', #2144 ) ;
#5939 = DIRECTION ( 'NONE',  ( 0.000000000000000000, 0.000000000000000000, 1.000000000000000000 ) ) ;
#5940 = VECTOR ( 'NONE', #4239, 1000.000000000000000 ) ;
#5941 = CARTESIAN_POINT ( 'NONE',  ( 19.19999999999999929, 11.50000000000000000, 49.99844991318239806 ) ) ;
#5942 = VECTOR ( 'NONE', #4003, 1000.000000000000227 ) ;
#5943 = ORIENTED_EDGE ( 'NONE', *, *, #4791, .F. ) ;
#5944 = ORIENTED_EDGE ( 'NONE', *, *, #3576, .T. ) ;
#5945 = EDGE_LOOP ( 'NONE', ( #2655, #765, #5393, #3261 ) ) ;
#5946 = CARTESIAN_POINT ( 'NONE',  ( 24.00000000000000000, 18.79385241571819876, -19.60333134996399806 ) ) ;
#5947 = CARTESIAN_POINT ( 'NONE',  ( 21.00000000000000000, 4.000000000000000000, 47.02717703792860249 ) ) ;
#5948 = EDGE_LOOP ( 'NONE', ( #4845, #1418, #1879, #676 ) ) ;
#5949 = DIRECTION ( 'NONE',  ( 0.000000000000000000, 1.000000000000000000, 0.000000000000000000 ) ) ;
#5950 = CARTESIAN_POINT ( 'NONE',  ( 19.19999999999999929, 16.35000000000000142, 50.99844991318239806 ) ) ;
#5951 = CARTESIAN_POINT ( 'NONE',  ( 24.00000000000000000, -4.000000000000000000, 55.02717703792859538 ) ) ;
#5952 = CARTESIAN_POINT ( 'NONE',  ( 22.75735931288071257, -33.90000000000000568, -44.61744750750960264 ) ) ;
#5953 = LINE ( 'NONE', #3660, #5098 ) ;
#5954 = EDGE_CURVE ( 'NONE', #2488, #5092, #2073, .T. ) ;
#5955 = ORIENTED_EDGE ( 'NONE', *, *, #2045, .T. ) ;
#5956 = PERSON_AND_ORGANIZATION ( #675, #3048 ) ;
#5957 = CARTESIAN_POINT ( 'NONE',  ( 23.38029826571385783, 0.0004090547348158830583, 13.82846546912452013 ) ) ;
#5958 = VECTOR ( 'NONE', #866, 1000.000000000000000 ) ;
#5959 = CARTESIAN_POINT ( 'NONE',  ( 24.00000000000000000, -19.00000000000000000, 60.19874991318240376 ) ) ;
#5960 = CARTESIAN_POINT ( 'NONE',  ( 2.435468680667446151, -18.94644914796640478, 52.84683089887521135 ) ) ;
#5961 = EDGE_CURVE ( 'NONE', #4891, #4122, #3998, .T. ) ;
#5962 = ORIENTED_EDGE ( 'NONE', *, *, #2561, .T. ) ;
#5963 = CARTESIAN_POINT ( 'NONE',  ( 24.00000000000000000, -6.828427124746190735, 52.19874991318240376 ) ) ;
#5964 = ORIENTED_EDGE ( 'NONE', *, *, #2750, .T. ) ;
#5965 = DIRECTION ( 'NONE',  ( 0.000000000000000000, -0.7071067811865480168, 0.7071067811865470176 ) ) ;
#5966 = DIRECTION ( 'NONE',  ( 0.000000000000000000, 0.000000000000000000, -1.000000000000000000 ) ) ;
#5967 = AXIS2_PLACEMENT_3D ( 'NONE', #4412, #3012, #4973 ) ;
#5968 = EDGE_CURVE ( 'NONE', #654, #576, #4482, .T. ) ;
#5969 = EDGE_CURVE ( 'NONE', #3973, #2693, #3547, .T. ) ;
#5970 = ADVANCED_FACE ( 'NONE', ( #4510 ), #3090, .F. ) ;
#5971 = ORIENTED_EDGE ( 'NONE', *, *, #4862, .F. ) ;
#5972 = ORIENTED_EDGE ( 'NONE', *, *, #2984, .T. ) ;
#5973 = VECTOR ( 'NONE', #2281, 1000.000000000000000 ) ;
#5974 = EDGE_LOOP ( 'NONE', ( #2368, #5108, #4571, #2131 ) ) ;
#5975 = CARTESIAN_POINT ( 'NONE',  ( 7.162924960380889772, 30.90000000000000213, -61.93475008681760130 ) ) ;
#5976 = LINE ( 'NONE', #4158, #3709 ) ;
#5977 = DIRECTION ( 'NONE',  ( 1.000000000000000000, 0.000000000000000000, 0.000000000000000000 ) ) ;
#5978 = ORIENTED_EDGE ( 'NONE', *, *, #201, .F. ) ;
#5979 = CARTESIAN_POINT ( 'NONE',  ( 11.69829999999999970, 30.90000000000000213, -54.07925008681760204 ) ) ;
#5980 = PLANE ( 'NONE',  #108 ) ;
#5981 = FACE_BOUND ( 'NONE', #637, .T. ) ;
#5982 = FACE_OUTER_BOUND ( 'NONE', #2153, .T. ) ;
#5983 = LINE ( 'NONE', #4170, #5090 ) ;
#5984 = ORIENTED_EDGE ( 'NONE', *, *, #3463, .T. ) ;
#5985 = ORIENTED_EDGE ( 'NONE', *, *, #728, .T. ) ;
#5986 = COORDINATED_UNIVERSAL_TIME_OFFSET ( 8, 0, .AHEAD. ) ;
#5987 = CYLINDRICAL_SURFACE ( 'NONE', #429, 1.000000000000000888 ) ;
#5988 = DIRECTION ( 'NONE',  ( 0.000000000000000000, 1.000000000000000000, 0.000000000000000000 ) ) ;
#5989 = CARTESIAN_POINT ( 'NONE',  ( 1.764154150119175091, -18.73410430184876674, 49.60423772748537630 ) ) ;
#5990 = VERTEX_POINT ( 'NONE', #3119 ) ;
#5991 = ORIENTED_EDGE ( 'NONE', *, *, #2091, .T. ) ;
#5992 = DIRECTION ( 'NONE',  ( 0.000000000000000000, 0.000000000000000000, -1.000000000000000000 ) ) ;
#5993 = LINE ( 'NONE', #3243, #1301 ) ;
#5994 = EDGE_CURVE ( 'NONE', #5364, #870, #361, .T. ) ;
#5995 = CARTESIAN_POINT ( 'NONE',  ( 24.00000000000000000, 17.50000000000000000, 32.19874991318239665 ) ) ;
#5996 = CIRCLE ( 'NONE', #3782, 1.000000000000000888 ) ;
#5997 = CARTESIAN_POINT ( 'NONE',  ( 3.200000000000000178, 19.00000000000000000, 48.99844991318239806 ) ) ;
#5998 = ORIENTED_EDGE ( 'NONE', *, *, #3161, .F. ) ;
ENDSEC;
END-ISO-10303-21;
