ISO-10303-21;
HEADER;
FILE_DESCRIPTION (( 'STEP AP203' ),
    '1' );
FILE_NAME ('Upper_arm.stp.STEP',
    '2026-05-22T01:57:39',
    ( '' ),
    ( '' ),
    'SwSTEP 2.0',
    'SolidWorks 2022',
    '' );
FILE_SCHEMA (( 'CONFIG_CONTROL_DESIGN' ));
ENDSEC;

DATA;
#1 = CARTESIAN_POINT ( 'NONE',  ( 11.49896230895140015, -26.34999999999999787, -55.36440000000000339 ) ) ;
#2 = ORIENTED_EDGE ( 'NONE', *, *, #3378, .F. ) ;
#3 = ORIENTED_EDGE ( 'NONE', *, *, #6008, .F. ) ;
#4 = CIRCLE ( 'NONE', #1544, 1.000000000000000888 ) ;
#5 = CARTESIAN_POINT ( 'NONE',  ( 8.255397018978689161, -36.18666002653410629, -33.16999999999999460 ) ) ;
#6 = EDGE_CURVE ( 'NONE', #4188, #582, #4834, .T. ) ;
#7 = DIRECTION ( 'NONE',  ( 0.000000000000000000, 0.000000000000000000, -1.000000000000000000 ) ) ;
#8 = CARTESIAN_POINT ( 'NONE',  ( 6.812000000000000277, -28.04999999999999716, 54.80000000000000426 ) ) ;
#9 = DIRECTION ( 'NONE',  ( 0.000000000000000000, 0.000000000000000000, 1.000000000000000000 ) ) ;
#10 = ORIENTED_EDGE ( 'NONE', *, *, #4374, .F. ) ;
#11 = VERTEX_POINT ( 'NONE', #3692 ) ;
#12 = ORIENTED_EDGE ( 'NONE', *, *, #2537, .F. ) ;
#13 = CARTESIAN_POINT ( 'NONE',  ( 14.71294439008550370, 33.66813087172931063, -61.82599736641308397 ) ) ;
#14 =( BOUNDED_CURVE ( )  B_SPLINE_CURVE ( 3, ( #1437, #4532, #4075, #5679 ),
 .UNSPECIFIED., .F., .F. ) 
 B_SPLINE_CURVE_WITH_KNOTS ( ( 4, 4 ),
 ( 4.712388980384689674, 6.283185307179586232 ),
 .UNSPECIFIED. ) 
 CURVE ( )  GEOMETRIC_REPRESENTATION_ITEM ( )  RATIONAL_B_SPLINE_CURVE ( ( 1.000000000000000000, 0.8047378541243649375, 0.8047378541243649375, 1.000000000000000000 ) ) 
 REPRESENTATION_ITEM ( '' )  );
#15 = CARTESIAN_POINT ( 'NONE',  ( 8.854652600894489467, 33.58347475674334959, -61.91094597223684559 ) ) ;
#16 = ORIENTED_EDGE ( 'NONE', *, *, #6008, .T. ) ;
#17 = ORIENTED_EDGE ( 'NONE', *, *, #905, .T. ) ;
#18 = DIRECTION ( 'NONE',  ( 0.000000000000000000, -1.000000000000000000, 0.000000000000000000 ) ) ;
#19 = ORIENTED_EDGE ( 'NONE', *, *, #2366, .F. ) ;
#20 = AXIS2_PLACEMENT_3D ( 'NONE', #4961, #2385, #243 ) ;
#21 = CYLINDRICAL_SURFACE ( 'NONE', #1599, 1.000000000000000888 ) ;
#22 = DIRECTION ( 'NONE',  ( -0.000000000000000000, 1.000000000000000000, 0.000000000000000000 ) ) ;
#23 = EDGE_LOOP ( 'NONE', ( #5099, #2235, #5533, #3400 ) ) ;
#24 = LINE ( 'NONE', #6755, #6569 ) ;
#25 = FACE_OUTER_BOUND ( 'NONE', #2711, .T. ) ;
#26 = EDGE_CURVE ( 'NONE', #5720, #4742, #2416, .T. ) ;
#27 = CARTESIAN_POINT ( 'NONE',  ( 16.10595430660429983, -33.85000000000000142, -60.17881634400980317 ) ) ;
#28 = AXIS2_PLACEMENT_3D ( 'NONE', #1850, #2373, #6548 ) ;
#29 = CARTESIAN_POINT ( 'NONE',  ( 7.052501402065195713, -33.71286048875953867, -60.74349705352808115 ) ) ;
#30 = ORIENTED_EDGE ( 'NONE', *, *, #2795, .T. ) ;
#31 = DIRECTION ( 'NONE',  ( 0.000000000000000000, -0.4999999999999998890, -0.8660254037844387076 ) ) ;
#32 = CIRCLE ( 'NONE', #3653, 2.000000000000001776 ) ;
#33 = CYLINDRICAL_SURFACE ( 'NONE', #869, 2.000000000000001776 ) ;
#34 = LINE ( 'NONE', #1659, #770 ) ;
#35 = AXIS2_PLACEMENT_3D ( 'NONE', #4604, #3630, #3533 ) ;
#36 = DIRECTION ( 'NONE',  ( 0.000000000000000000, 0.000000000000000000, -1.000000000000000000 ) ) ;
#37 = EDGE_LOOP ( 'NONE', ( #854, #1939, #3001, #790 ) ) ;
#38 = AXIS2_PLACEMENT_3D ( 'NONE', #1811, #4808, #5578 ) ;
#39 = CYLINDRICAL_SURFACE ( 'NONE', #3443, 2.999999999999997780 ) ;
#40 = AXIS2_PLACEMENT_3D ( 'NONE', #105, #4763, #5301 ) ;
#41 = VECTOR ( 'NONE', #5185, 1000.000000000000000 ) ;
#42 = FACE_OUTER_BOUND ( 'NONE', #3258, .T. ) ;
#43 = DIRECTION ( 'NONE',  ( 0.000000000000000000, 1.000000000000000000, 0.000000000000000000 ) ) ;
#44 = EDGE_CURVE ( 'NONE', #3353, #3999, #1563, .T. ) ;
#45 = CARTESIAN_POINT ( 'NONE',  ( 8.873962308951309552, -27.85000000000000142, -59.91103336986829930 ) ) ;
#46 = ORIENTED_EDGE ( 'NONE', *, *, #564, .F. ) ;
#47 = EDGE_LOOP ( 'NONE', ( #4300, #931, #5528, #499 ) ) ;
#48 = CARTESIAN_POINT ( 'NONE',  ( 15.32677316193957040, 33.70752257675952990, -61.50980747262862991 ) ) ;
#49 = DIRECTION ( 'NONE',  ( 0.000000000000000000, 2.312964634635740294E-15, 1.000000000000000000 ) ) ;
#50 = ORIENTED_EDGE ( 'NONE', *, *, #6556, .T. ) ;
#51 = CARTESIAN_POINT ( 'NONE',  ( 3.000000000000000000, -26.34999999999999787, -29.17000000000000171 ) ) ;
#52 = VERTEX_POINT ( 'NONE', #6260 ) ;
#53 = LINE ( 'NONE', #3669, #4001 ) ;
#54 = AXIS2_PLACEMENT_3D ( 'NONE', #2964, #5050, #5521 ) ;
#55 = VECTOR ( 'NONE', #1024, 999.9999999999998863 ) ;
#56 = VERTEX_POINT ( 'NONE', #3215 ) ;
#57 = EDGE_LOOP ( 'NONE', ( #6371, #5425 ) ) ;
#58 = CARTESIAN_POINT ( 'NONE',  ( 3.000000000000000000, -13.51731083748190088, -6.943130372780090376 ) ) ;
#59 = CARTESIAN_POINT ( 'NONE',  ( 8.873962308951458766, 27.85000000000000142, -50.81776663013170747 ) ) ;
#60 = CARTESIAN_POINT ( 'NONE',  ( 14.24756690092424982, -33.67999182667573166, -61.91103336766891374 ) ) ;
#61 = EDGE_CURVE ( 'NONE', #1326, #6061, #563, .T. ) ;
#62 = CARTESIAN_POINT ( 'NONE',  ( 8.873962308951458766, 33.85000000000000142, -50.81776663013170747 ) ) ;
#63 = EDGE_CURVE ( 'NONE', #4368, #4638, #6299, .T. ) ;
#64 = ORIENTED_EDGE ( 'NONE', *, *, #1935, .T. ) ;
#65 = CIRCLE ( 'NONE', #1494, 2.000000000000001776 ) ;
#66 = DIRECTION ( 'NONE',  ( 0.000000000000000000, 0.000000000000000000, 1.000000000000000000 ) ) ;
#67 = DIRECTION ( 'NONE',  ( 0.000000000000000000, 0.000000000000000000, -1.000000000000000000 ) ) ;
#68 = VECTOR ( 'NONE', #4634, 1000.000000000000000 ) ;
#69 = PERSON_AND_ORGANIZATION ( #2922, #6230 ) ;
#70 = LINE ( 'NONE', #5292, #4934 ) ;
#71 = DIRECTION ( 'NONE',  ( 0.000000000000000000, -1.000000000000000000, 0.000000000000000000 ) ) ;
#72 = ORIENTED_EDGE ( 'NONE', *, *, #6737, .F. ) ;
#73 = CARTESIAN_POINT ( 'NONE',  ( 12.55615607551909996, 33.85000000000000142, -61.15279969829360596 ) ) ;
#74 = APPLICATION_CONTEXT ( 'configuration controlled 3d designs of mechanical parts and assemblies' ) ;
#75 = LINE ( 'NONE', #5774, #5380 ) ;
#76 = LINE ( 'NONE', #5333, #2697 ) ;
#77 = LINE ( 'NONE', #5368, #4464 ) ;
#78 = ORIENTED_EDGE ( 'NONE', *, *, #3769, .T. ) ;
#79 = VERTEX_POINT ( 'NONE', #1602 ) ;
#80 = EDGE_CURVE ( 'NONE', #1080, #3353, #1900, .T. ) ;
#81 = DIRECTION ( 'NONE',  ( -1.000000000000000000, 0.000000000000000000, 0.000000000000000000 ) ) ;
#82 = DIRECTION ( 'NONE',  ( -1.000000000000000000, 0.000000000000000000, 0.000000000000000000 ) ) ;
#83 = DIRECTION ( 'NONE',  ( 0.000000000000000000, -1.000000000000000000, 0.000000000000000000 ) ) ;
#84 = VERTEX_POINT ( 'NONE', #4768 ) ;
#85 = DIRECTION ( 'NONE',  ( 1.000000000000000000, 0.000000000000000000, 0.000000000000000000 ) ) ;
#86 = ORIENTED_EDGE ( 'NONE', *, *, #3911, .F. ) ;
#87 = EDGE_CURVE ( 'NONE', #1297, #813, #5817, .T. ) ;
#88 = PLANE ( 'NONE',  #3609 ) ;
#89 = DIRECTION ( 'NONE',  ( -1.000000000000000000, 0.000000000000000000, 0.000000000000000000 ) ) ;
#90 = DIRECTION ( 'NONE',  ( 0.000000000000000000, 0.000000000000000000, -1.000000000000000000 ) ) ;
#91 = CARTESIAN_POINT ( 'NONE',  ( 6.993248001129760638, -33.74209108773621324, -60.59141409146907620 ) ) ;
#92 =( BOUNDED_CURVE ( )  B_SPLINE_CURVE ( 3, ( #430, #535, #1120, #51 ),
 .UNSPECIFIED., .F., .T. ) 
 B_SPLINE_CURVE_WITH_KNOTS ( ( 4, 4 ),
 ( 4.712388980384689674, 6.283185307179586232 ),
 .UNSPECIFIED. ) 
 CURVE ( )  GEOMETRIC_REPRESENTATION_ITEM ( )  RATIONAL_B_SPLINE_CURVE ( ( 1.000000000000000000, 0.8047378541243649375, 0.8047378541243649375, 1.000000000000000000 ) ) 
 REPRESENTATION_ITEM ( '' )  );
#93 = AXIS2_PLACEMENT_3D ( 'NONE', #752, #3438, #6557 ) ;
#94 = ORIENTED_EDGE ( 'NONE', *, *, #4863, .F. ) ;
#95 = CARTESIAN_POINT ( 'NONE',  ( 24.00000000000000000, 33.85000000000000142, -24.17000000000000171 ) ) ;
#96 = CARTESIAN_POINT ( 'NONE',  ( 3.000000000000000000, 16.11538704883520268, -5.443130372780090376 ) ) ;
#97 = DIRECTION ( 'NONE',  ( 0.000000000000000000, 0.000000000000000000, 1.000000000000000000 ) ) ;
#98 = CIRCLE ( 'NONE', #4497, 3.000000000000000000 ) ;
#99 = DIRECTION ( 'NONE',  ( 0.000000000000000000, 0.5000000000000003331, 0.8660254037844383745 ) ) ;
#100 = VERTEX_POINT ( 'NONE', #6433 ) ;
#101 = CARTESIAN_POINT ( 'NONE',  ( 3.000000000000000000, -13.51731083748179962, -6.943130372780090376 ) ) ;
#102 = ORIENTED_EDGE ( 'NONE', *, *, #5667, .F. ) ;
#103 = DIRECTION ( 'NONE',  ( 0.000000000000000000, -1.000000000000000000, 0.000000000000000000 ) ) ;
#104 = AXIS2_PLACEMENT_3D ( 'NONE', #4362, #2792, #1818 ) ;
#105 = CARTESIAN_POINT ( 'NONE',  ( 3.000000000000000000, -19.06524470873150179, -4.562052658050260057 ) ) ;
#106 = EDGE_CURVE ( 'NONE', #1419, #5882, #147, .T. ) ;
#107 = ADVANCED_FACE ( 'NONE', ( #4351 ), #3825, .F. ) ;
#108 = CIRCLE ( 'NONE', #6362, 9.000000000000001776 ) ;
#109 = CARTESIAN_POINT ( 'NONE',  ( 14.12396230895140192, 27.85000000000000142, -59.91103336986829930 ) ) ;
#110 = ORIENTED_EDGE ( 'NONE', *, *, #3652, .T. ) ;
#111 = CARTESIAN_POINT ( 'NONE',  ( 24.00000000000000000, 11.58553390593270116, 68.00000000000000000 ) ) ;
#112 = LINE ( 'NONE', #1149, #4319 ) ;
#113 = ORIENTED_EDGE ( 'NONE', *, *, #4249, .F. ) ;
#114 = CARTESIAN_POINT ( 'NONE',  ( 15.68745069050218177, 33.76337642485238177, -61.15887585515903169 ) ) ;
#115 = AXIS2_PLACEMENT_3D ( 'NONE', #4581, #312, #5601 ) ;
#116 = EDGE_LOOP ( 'NONE', ( #5038, #3371, #6172, #1009 ) ) ;
#117 = LINE ( 'NONE', #4357, #741 ) ;
#118 = ORIENTED_EDGE ( 'NONE', *, *, #2941, .F. ) ;
#119 = LINE ( 'NONE', #5449, #719 ) ;
#120 = VERTEX_POINT ( 'NONE', #2777 ) ;
#121 = EDGE_LOOP ( 'NONE', ( #278, #2006, #6162, #5211 ) ) ;
#122 = FACE_BOUND ( 'NONE', #2855, .T. ) ;
#123 = LINE ( 'NONE', #5967, #3729 ) ;
#124 = CARTESIAN_POINT ( 'NONE',  ( 6.248962308951460543, 33.85000000000000142, -57.36440000000000339 ) ) ;
#125 = EDGE_LOOP ( 'NONE', ( #1479, #336, #2183 ) ) ;
#126 = EDGE_CURVE ( 'NONE', #582, #5390, #4869, .T. ) ;
#127 = EDGE_CURVE ( 'NONE', #858, #970, #4601, .T. ) ;
#128 = AXIS2_PLACEMENT_3D ( 'NONE', #3351, #2744, #4967 ) ;
#129 = CARTESIAN_POINT ( 'NONE',  ( 11.49896230895140015, 26.34999999999999787, -55.36440000000000339 ) ) ;
#130 = ORIENTED_EDGE ( 'NONE', *, *, #2673, .F. ) ;
#131 = DIRECTION ( 'NONE',  ( 1.000000000000000000, 0.000000000000000000, 0.000000000000000000 ) ) ;
#132 = CARTESIAN_POINT ( 'NONE',  ( 11.49896230895140015, 33.85000000000000142, -53.36439999999999628 ) ) ;
#133 = CARTESIAN_POINT ( 'NONE',  ( 3.000000000000000000, -19.41332092008490307, 23.04083302491979879 ) ) ;
#134 = VECTOR ( 'NONE', #5656, 1000.000000000000000 ) ;
#135 = CARTESIAN_POINT ( 'NONE',  ( 24.00000000000000000, 8.050000000000000711, 71.53553390593270933 ) ) ;
#136 = ORIENTED_EDGE ( 'NONE', *, *, #4822, .T. ) ;
#137 = VECTOR ( 'NONE', #4472, 1000.000000000000000 ) ;
#138 = CARTESIAN_POINT ( 'NONE',  ( 0.000000000000000000, -10.00000000000000000, 42.00000000000000000 ) ) ;
#139 = ORIENTED_EDGE ( 'NONE', *, *, #2012, .T. ) ;
#140 = DIRECTION ( 'NONE',  ( 0.000000000000000000, -1.000000000000000000, 0.000000000000000000 ) ) ;
#141 = CARTESIAN_POINT ( 'NONE',  ( 14.12396230895140192, -40.49878592396109411, -49.81776663013170037 ) ) ;
#142 = VECTOR ( 'NONE', #6426, 1000.000000000000000 ) ;
#143 = DIRECTION ( 'NONE',  ( 0.000000000000000000, 1.000000000000000000, 2.891205793294680298E-16 ) ) ;
#144 = VERTEX_POINT ( 'NONE', #4039 ) ;
#145 = EDGE_CURVE ( 'NONE', #778, #3345, #4111, .T. ) ;
#146 = AXIS2_PLACEMENT_3D ( 'NONE', #1185, #1317, #2819 ) ;
#147 = LINE ( 'NONE', #2259, #2784 ) ;
#148 = ADVANCED_FACE ( 'NONE', ( #6713 ), #6102, .F. ) ;
#149 = FACE_OUTER_BOUND ( 'NONE', #116, .T. ) ;
#150 = EDGE_CURVE ( 'NONE', #6442, #1224, #5947, .T. ) ;
#151 = FACE_OUTER_BOUND ( 'NONE', #5928, .T. ) ;
#152 = ORIENTED_EDGE ( 'NONE', *, *, #3232, .F. ) ;
#153 = FACE_OUTER_BOUND ( 'NONE', #2126, .T. ) ;
#154 = VECTOR ( 'NONE', #1969, 1000.000000000000000 ) ;
#155 = VERTEX_POINT ( 'NONE', #3592 ) ;
#156 = CARTESIAN_POINT ( 'NONE',  ( 12.00000000000000000, 30.84999999999999787, -52.17000000000000171 ) ) ;
#157 = ORIENTED_EDGE ( 'NONE', *, *, #2003, .T. ) ;
#158 = FACE_OUTER_BOUND ( 'NONE', #3968, .T. ) ;
#159 = ORIENTED_EDGE ( 'NONE', *, *, #4297, .T. ) ;
#160 = EDGE_LOOP ( 'NONE', ( #3929, #4256, #6603, #3873 ) ) ;
#161 = DIRECTION ( 'NONE',  ( 0.000000000000000000, 1.000000000000000000, -1.156482317317869950E-15 ) ) ;
#162 = CARTESIAN_POINT ( 'NONE',  ( 14.12396230895140192, -27.85000000000000142, -60.91103336986829930 ) ) ;
#163 = DIRECTION ( 'NONE',  ( 0.000000000000000000, -1.000000000000000000, 0.000000000000000000 ) ) ;
#164 = ORIENTED_EDGE ( 'NONE', *, *, #3390, .T. ) ;
#165 = CARTESIAN_POINT ( 'NONE',  ( 6.812000000000000277, -33.34294385590089860, 71.79999999999999716 ) ) ;
#166 = AXIS2_PLACEMENT_3D ( 'NONE', #2509, #4602, #4112 ) ;
#167 = ORIENTED_EDGE ( 'NONE', *, *, #2941, .T. ) ;
#168 = LINE ( 'NONE', #6384, #2470 ) ;
#169 = CARTESIAN_POINT ( 'NONE',  ( 8.873962308951309552, 27.85000000000000142, -58.91103336986829930 ) ) ;
#170 = EDGE_CURVE ( 'NONE', #6002, #1724, #1562, .T. ) ;
#171 = CARTESIAN_POINT ( 'NONE',  ( 24.00000000000000000, 26.34999999999999787, -29.17000000000000171 ) ) ;
#172 = CIRCLE ( 'NONE', #395, 2.000000000000001776 ) ;
#173 = EDGE_CURVE ( 'NONE', #6500, #5833, #14, .T. ) ;
#174 = EDGE_LOOP ( 'NONE', ( #4420, #1380, #3816, #708 ) ) ;
#175 = CARTESIAN_POINT ( 'NONE',  ( 14.05675860018130585, 33.69387905689768559, -61.91103330682650352 ) ) ;
#176 = ORIENTED_EDGE ( 'NONE', *, *, #4149, .T. ) ;
#177 = CARTESIAN_POINT ( 'NONE',  ( 24.00000000000000000, 8.050000000000000711, 54.46446609406730488 ) ) ;
#178 = FACE_OUTER_BOUND ( 'NONE', #4291, .T. ) ;
#179 = FACE_OUTER_BOUND ( 'NONE', #5753, .T. ) ;
#180 = ORIENTED_EDGE ( 'NONE', *, *, #4610, .F. ) ;
#181 = CYLINDRICAL_SURFACE ( 'NONE', #1015, 1.000000000000000888 ) ;
#182 = DIRECTION ( 'NONE',  ( 0.000000000000000000, 0.7071067811865470176, -0.7071067811865480168 ) ) ;
#183 = VERTEX_POINT ( 'NONE', #6167 ) ;
#184 = DIRECTION ( 'NONE',  ( 0.000000000000000000, 0.000000000000000000, 1.000000000000000000 ) ) ;
#185 = ADVANCED_FACE ( 'NONE', ( #3561 ), #3027, .F. ) ;
#186 = DIRECTION ( 'NONE',  ( 0.000000000000000000, 0.000000000000000000, -1.000000000000000000 ) ) ;
#187 = VERTEX_POINT ( 'NONE', #6620 ) ;
#188 = CIRCLE ( 'NONE', #4027, 3.000000000000000444 ) ;
#189 = CARTESIAN_POINT ( 'NONE',  ( 24.00000000000000000, -6.938893903907229955E-15, -52.17000000000000171 ) ) ;
#190 = ORIENTED_EDGE ( 'NONE', *, *, #5010, .T. ) ;
#191 = EDGE_LOOP ( 'NONE', ( #671, #6165, #1330, #3852 ) ) ;
#192 = DIRECTION ( 'NONE',  ( 1.000000000000000000, 0.000000000000000000, 0.000000000000000000 ) ) ;
#193 = DIRECTION ( 'NONE',  ( 0.000000000000000000, 1.000000000000000000, 0.000000000000000000 ) ) ;
#194 = DIRECTION ( 'NONE',  ( 0.000000000000000000, -1.000000000000000000, 0.000000000000000000 ) ) ;
#195 = VERTEX_POINT ( 'NONE', #5588 ) ;
#196 = EDGE_CURVE ( 'NONE', #2958, #2046, #5649, .T. ) ;
#197 = CARTESIAN_POINT ( 'NONE',  ( -8.000000000000000000, -3.535533905932739973, 58.00000000000000000 ) ) ;
#198 = EDGE_CURVE ( 'NONE', #2853, #183, #2053, .T. ) ;
#199 = ORIENTED_EDGE ( 'NONE', *, *, #5727, .F. ) ;
#200 = DIRECTION ( 'NONE',  ( 0.000000000000000000, 0.000000000000000000, -1.000000000000000000 ) ) ;
#201 = DIRECTION ( 'NONE',  ( -1.000000000000000000, 0.000000000000000000, 0.000000000000000000 ) ) ;
#202 = VECTOR ( 'NONE', #4692, 1000.000000000000000 ) ;
#203 = DIRECTION ( 'NONE',  ( 0.000000000000000000, 1.000000000000000000, 0.000000000000000000 ) ) ;
#204 = AXIS2_PLACEMENT_3D ( 'NONE', #6559, #3947, #2765 ) ;
#205 = ORIENTED_EDGE ( 'NONE', *, *, #2331, .T. ) ;
#206 = EDGE_CURVE ( 'NONE', #84, #2994, #1535, .T. ) ;
#207 = FACE_OUTER_BOUND ( 'NONE', #5785, .T. ) ;
#208 = DIRECTION ( 'NONE',  ( 0.000000000000000000, -1.000000000000000000, 0.000000000000000000 ) ) ;
#209 = DIRECTION ( 'NONE',  ( 0.000000000000000000, -1.734723475976809806E-16, 1.000000000000000000 ) ) ;
#210 = EDGE_CURVE ( 'NONE', #6305, #3584, #3054, .T. ) ;
#211 = EDGE_CURVE ( 'NONE', #5217, #5550, #5657, .T. ) ;
#212 = CIRCLE ( 'NONE', #5590, 1.000000000000000888 ) ;
#213 = DIRECTION ( 'NONE',  ( -0.000000000000000000, 1.000000000000000000, 0.000000000000000000 ) ) ;
#214 = ORIENTED_EDGE ( 'NONE', *, *, #633, .F. ) ;
#215 = PRODUCT_DEFINITION ( '未知', '', #6564, #3951 ) ;
#216 = EDGE_CURVE ( 'NONE', #5559, #3617, #469, .T. ) ;
#217 = LINE ( 'NONE', #5440, #2245 ) ;
#218 = AXIS2_PLACEMENT_3D ( 'NONE', #964, #5998, #2600 ) ;
#219 = FACE_OUTER_BOUND ( 'NONE', #1820, .T. ) ;
#220 = ORIENTED_EDGE ( 'NONE', *, *, #320, .F. ) ;
#221 = DIRECTION ( 'NONE',  ( 0.000000000000000000, 0.000000000000000000, -1.000000000000000000 ) ) ;
#222 = VECTOR ( 'NONE', #5631, 1000.000000000000000 ) ;
#223 = VECTOR ( 'NONE', #594, 1000.000000000000000 ) ;
#224 = ORIENTED_EDGE ( 'NONE', *, *, #4447, .T. ) ;
#225 = DIRECTION ( 'NONE',  ( 0.000000000000000000, -0.4999999999999998890, 0.8660254037844387076 ) ) ;
#226 = ORIENTED_EDGE ( 'NONE', *, *, #2900, .T. ) ;
#227 = FACE_BOUND ( 'NONE', #2147, .T. ) ;
#228 = CIRCLE ( 'NONE', #2211, 1.000000000000000888 ) ;
#229 = ORIENTED_EDGE ( 'NONE', *, *, #4849, .T. ) ;
#230 = VERTEX_POINT ( 'NONE', #4670 ) ;
#231 = DIRECTION ( 'NONE',  ( 0.000000000000000000, 0.000000000000000000, 1.000000000000000000 ) ) ;
#232 = CARTESIAN_POINT ( 'NONE',  ( 8.812000000000001165, 16.00000000000000000, 42.00000000000000000 ) ) ;
#233 = DIRECTION ( 'NONE',  ( 0.000000000000000000, -1.000000000000000000, 0.000000000000000000 ) ) ;
#234 = ORIENTED_EDGE ( 'NONE', *, *, #3588, .T. ) ;
#235 = DIRECTION ( 'NONE',  ( 0.000000000000000000, 0.7071067811865479058, -0.7071067811865472397 ) ) ;
#236 = ORIENTED_EDGE ( 'NONE', *, *, #724, .F. ) ;
#237 = EDGE_CURVE ( 'NONE', #4332, #461, #1397, .T. ) ;
#238 = DIRECTION ( 'NONE',  ( 0.000000000000000000, -1.000000000000000000, 0.000000000000000000 ) ) ;
#239 = CARTESIAN_POINT ( 'NONE',  ( 2.000000000000000000, -23.05000000000000071, 52.94999999999999574 ) ) ;
#240 = CARTESIAN_POINT ( 'NONE',  ( 24.00000000000000000, -6.938893903907229955E-15, -14.74735342352009937 ) ) ;
#241 = ORIENTED_EDGE ( 'NONE', *, *, #1757, .F. ) ;
#242 = VECTOR ( 'NONE', #3477, 1000.000000000000000 ) ;
#243 = DIRECTION ( 'NONE',  ( 0.000000000000000000, 0.8660254037844385966, -0.5000000000000000000 ) ) ;
#244 = DIRECTION ( 'NONE',  ( -1.000000000000000000, 0.000000000000000000, 0.000000000000000000 ) ) ;
#245 = LINE ( 'NONE', #6532, #2580 ) ;
#246 = CIRCLE ( 'NONE', #1130, 2.000000000000001776 ) ;
#247 = CARTESIAN_POINT ( 'NONE',  ( 16.74896230895139837, -27.85000000000000142, -55.36440000000000339 ) ) ;
#248 = ORIENTED_EDGE ( 'NONE', *, *, #6229, .T. ) ;
#249 = CARTESIAN_POINT ( 'NONE',  ( 24.00000000000000000, 26.34999999999999787, -29.17000000000000171 ) ) ;
#250 = CYLINDRICAL_SURFACE ( 'NONE', #3337, 1.000000000000000888 ) ;
#251 = VECTOR ( 'NONE', #5666, 1000.000000000000000 ) ;
#252 = ORIENTED_EDGE ( 'NONE', *, *, #3336, .T. ) ;
#253 = VECTOR ( 'NONE', #1331, 1000.000000000000000 ) ;
#254 = EDGE_CURVE ( 'NONE', #5513, #6376, #2174, .T. ) ;
#255 = VECTOR ( 'NONE', #3161, 1000.000000000000000 ) ;
#256 = CARTESIAN_POINT ( 'NONE',  ( -8.000000000000000000, -8.050000000000000711, 54.46446609406730488 ) ) ;
#257 = ORIENTED_EDGE ( 'NONE', *, *, #3571, .T. ) ;
#258 = EDGE_CURVE ( 'NONE', #5138, #374, #2396, .T. ) ;
#259 = DIRECTION ( 'NONE',  ( 0.000000000000000000, 0.000000000000000000, 1.000000000000000000 ) ) ;
#260 = EDGE_LOOP ( 'NONE', ( #94, #2689, #5971, #783 ) ) ;
#261 = VERTEX_POINT ( 'NONE', #1652 ) ;
#262 = AXIS2_PLACEMENT_3D ( 'NONE', #1345, #1869, #1734 ) ;
#263 = AXIS2_PLACEMENT_3D ( 'NONE', #3601, #954, #6210 ) ;
#264 = CARTESIAN_POINT ( 'NONE',  ( 21.00000000000000000, -33.85000000000000142, -24.17000000000000171 ) ) ;
#265 = LINE ( 'NONE', #5163, #437 ) ;
#266 = FACE_BOUND ( 'NONE', #57, .T. ) ;
#267 = EDGE_LOOP ( 'NONE', ( #5089, #2654, #3618, #1705 ) ) ;
#268 = DIRECTION ( 'NONE',  ( 0.000000000000000000, 0.000000000000000000, 1.000000000000000000 ) ) ;
#269 = CARTESIAN_POINT ( 'NONE',  ( 3.000000000000000000, 28.04999999999999716, 38.00000000000000000 ) ) ;
#270 = ORIENTED_EDGE ( 'NONE', *, *, #6, .F. ) ;
#271 = CARTESIAN_POINT ( 'NONE',  ( 8.873962308951309552, -29.54632342534900147, -59.91103336986829930 ) ) ;
#272 = LINE ( 'NONE', #855, #4388 ) ;
#273 = DIRECTION ( 'NONE',  ( 0.000000000000000000, -0.7071067811865480168, 0.7071067811865470176 ) ) ;
#274 = EDGE_CURVE ( 'NONE', #2267, #2884, #5726, .T. ) ;
#275 = PLANE ( 'NONE',  #5253 ) ;
#276 = ADVANCED_FACE ( 'NONE', ( #613 ), #4816, .F. ) ;
#277 = AXIS2_PLACEMENT_3D ( 'NONE', #1647, #4118, #475 ) ;
#278 = ORIENTED_EDGE ( 'NONE', *, *, #5439, .F. ) ;
#279 = CARTESIAN_POINT ( 'NONE',  ( 3.000000000000000000, -25.05000000000000071, 78.00000000000000000 ) ) ;
#280 = AXIS2_PLACEMENT_3D ( 'NONE', #1991, #2480, #3468 ) ;
#281 = CARTESIAN_POINT ( 'NONE',  ( 14.12396230895140192, 26.34999999999999787, -49.81776663013170037 ) ) ;
#282 = PLANE ( 'NONE',  #3017 ) ;
#283 = EDGE_CURVE ( 'NONE', #4941, #6340, #1510, .T. ) ;
#284 = DIRECTION ( 'NONE',  ( 0.000000000000000000, 1.000000000000000000, 0.000000000000000000 ) ) ;
#285 = ORIENTED_EDGE ( 'NONE', *, *, #2405, .F. ) ;
#286 = LINE ( 'NONE', #870, #2802 ) ;
#287 = CIRCLE ( 'NONE', #6089, 2.000000000000001776 ) ;
#288 = CARTESIAN_POINT ( 'NONE',  ( 8.812000000000001165, -16.00000000000000000, 52.85000000000000142 ) ) ;
#289 = EDGE_LOOP ( 'NONE', ( #330, #597, #4434, #1876, #2432 ) ) ;
#290 = DIRECTION ( 'NONE',  ( 0.000000000000000000, 2.973811673103100130E-16, -1.000000000000000000 ) ) ;
#291 = DIRECTION ( 'NONE',  ( 0.000000000000000000, 0.000000000000000000, 1.000000000000000000 ) ) ;
#292 = ORIENTED_EDGE ( 'NONE', *, *, #2840, .T. ) ;
#293 = DIRECTION ( 'NONE',  ( 1.000000000000000000, 0.000000000000000000, 0.000000000000000000 ) ) ;
#294 = ADVANCED_FACE ( 'NONE', ( #5689 ), #2586, .T. ) ;
#295 = ORIENTED_EDGE ( 'NONE', *, *, #3079, .F. ) ;
#296 = EDGE_LOOP ( 'NONE', ( #5606, #2350 ) ) ;
#297 = LINE ( 'NONE', #4948, #2976 ) ;
#298 = DIRECTION ( 'NONE',  ( 0.000000000000000000, 0.000000000000000000, -1.000000000000000000 ) ) ;
#299 = VERTEX_POINT ( 'NONE', #2101 ) ;
#300 = VECTOR ( 'NONE', #2275, 1000.000000000000000 ) ;
#301 = LINE ( 'NONE', #5047, #4432 ) ;
#302 = DIRECTION ( 'NONE',  ( 0.000000000000000000, -0.7071067811865477948, -0.7071067811865473507 ) ) ;
#303 = EDGE_LOOP ( 'NONE', ( #6019, #4150 ) ) ;
#304 = ADVANCED_FACE ( 'NONE', ( #1583 ), #1063, .F. ) ;
#305 = LINE ( 'NONE', #6074, #909 ) ;
#306 = ORIENTED_EDGE ( 'NONE', *, *, #4338, .T. ) ;
#307 = DIRECTION ( 'NONE',  ( -0.5477225575051658524, 0.8366600265340756737, 0.000000000000000000 ) ) ;
#308 = LINE ( 'NONE', #4575, #2127 ) ;
#309 = DIRECTION ( 'NONE',  ( -0.5477225575051652973, 0.8366600265340762288, 0.000000000000000000 ) ) ;
#310 = ORIENTED_EDGE ( 'NONE', *, *, #5010, .F. ) ;
#311 = FACE_OUTER_BOUND ( 'NONE', #5411, .T. ) ;
#312 = DIRECTION ( 'NONE',  ( 0.000000000000000000, -1.000000000000000000, 2.891205793294680298E-16 ) ) ;
#313 = LINE ( 'NONE', #3986, #5532 ) ;
#314 = AXIS2_PLACEMENT_3D ( 'NONE', #2921, #3861, #290 ) ;
#315 = CARTESIAN_POINT ( 'NONE',  ( 0.3085512630730135597, -26.60119195019228755, 76.55119195019229039 ) ) ;
#316 = ORIENTED_EDGE ( 'NONE', *, *, #6388, .F. ) ;
#317 = VECTOR ( 'NONE', #2246, 1000.000000000000000 ) ;
#318 = DIRECTION ( 'NONE',  ( 0.000000000000000000, -2.312964634635739999E-16, 1.000000000000000000 ) ) ;
#319 = CARTESIAN_POINT ( 'NONE',  ( 12.00000000000000000, -30.84999999999999787, -52.17000000000000171 ) ) ;
#320 = EDGE_CURVE ( 'NONE', #5159, #2369, #6767, .T. ) ;
#321 = VERTEX_POINT ( 'NONE', #3874 ) ;
#322 =( NAMED_UNIT ( * ) PLANE_ANGLE_UNIT ( ) SI_UNIT ( $, .RADIAN. ) );
#323 = AXIS2_PLACEMENT_3D ( 'NONE', #5418, #4914, #192 ) ;
#324 = CARTESIAN_POINT ( 'NONE',  ( 0.000000000000000000, 23.05000000000000071, 52.85000000000000142 ) ) ;
#325 = ORIENTED_EDGE ( 'NONE', *, *, #2885, .F. ) ;
#326 = VERTEX_POINT ( 'NONE', #5353 ) ;
#327 = ORIENTED_EDGE ( 'NONE', *, *, #383, .T. ) ;
#328 = CARTESIAN_POINT ( 'NONE',  ( 32.00000000000000000, 10.00000000000000000, 42.00000000000000000 ) ) ;
#329 = CARTESIAN_POINT ( 'NONE',  ( 1.242640687119285881, 33.85000000000000142, -24.17000000000003013 ) ) ;
#330 = ORIENTED_EDGE ( 'NONE', *, *, #4503, .F. ) ;
#331 = CARTESIAN_POINT ( 'NONE',  ( 14.12396230895140192, 27.85000000000000142, -60.91103336986829930 ) ) ;
#332 = CARTESIAN_POINT ( 'NONE',  ( 14.12396230895140192, -26.34999999999999787, -59.91103336986829930 ) ) ;
#333 = CARTESIAN_POINT ( 'NONE',  ( 13.53792802294607611, -33.74817798079411801, -61.82337903658081757 ) ) ;
#334 = ORIENTED_EDGE ( 'NONE', *, *, #4716, .T. ) ;
#335 = DIRECTION ( 'NONE',  ( 0.000000000000000000, -1.000000000000000000, 0.000000000000000000 ) ) ;
#336 = ORIENTED_EDGE ( 'NONE', *, *, #5229, .F. ) ;
#337 = DIRECTION ( 'NONE',  ( 1.000000000000000000, 0.000000000000000000, 0.000000000000000000 ) ) ;
#338 = PLANE ( 'NONE',  #6610 ) ;
#339 = EDGE_CURVE ( 'NONE', #3368, #3497, #6382, .T. ) ;
#340 = CARTESIAN_POINT ( 'NONE',  ( 21.00000000000000000, 21.66332092008489951, 26.93794734194970175 ) ) ;
#341 = EDGE_CURVE ( 'NONE', #1889, #6439, #784, .T. ) ;
#342 = ORIENTED_EDGE ( 'NONE', *, *, #345, .T. ) ;
#343 = DIRECTION ( 'NONE',  ( 0.000000000000000000, -0.7071067811865480168, -0.7071067811865470176 ) ) ;
#344 = CARTESIAN_POINT ( 'NONE',  ( 14.12396230895140192, 26.34999999999999787, -59.91103336986829930 ) ) ;
#345 = EDGE_CURVE ( 'NONE', #1359, #3617, #1234, .T. ) ;
#346 = FACE_OUTER_BOUND ( 'NONE', #2603, .T. ) ;
#347 = AXIS2_PLACEMENT_3D ( 'NONE', #6726, #2103, #1512 ) ;
#348 = LINE ( 'NONE', #4479, #1166 ) ;
#349 = EDGE_LOOP ( 'NONE', ( #1090, #1341 ) ) ;
#350 = DIRECTION ( 'NONE',  ( 0.000000000000000000, -2.973811673103100130E-16, 1.000000000000000000 ) ) ;
#351 = DIRECTION ( 'NONE',  ( 0.000000000000000000, 1.000000000000000000, 0.000000000000000000 ) ) ;
#352 = VECTOR ( 'NONE', #5307, 1000.000000000000000 ) ;
#353 = EDGE_CURVE ( 'NONE', #2606, #3999, #4542, .T. ) ;
#354 = AXIS2_PLACEMENT_3D ( 'NONE', #1026, #6243, #2617 ) ;
#355 = EDGE_CURVE ( 'NONE', #4292, #230, #2760, .T. ) ;
#356 = EDGE_CURVE ( 'NONE', #2329, #1873, #5423, .T. ) ;
#357 = ADVANCED_FACE ( 'NONE', ( #717, #2834 ), #1164, .F. ) ;
#358 = FACE_OUTER_BOUND ( 'NONE', #445, .T. ) ;
#359 = ORIENTED_EDGE ( 'NONE', *, *, #1862, .F. ) ;
#360 = AXIS2_PLACEMENT_3D ( 'NONE', #5561, #1932, #6042 ) ;
#361 = ORIENTED_EDGE ( 'NONE', *, *, #6368, .F. ) ;
#362 = FACE_OUTER_BOUND ( 'NONE', #5677, .T. ) ;
#363 = CARTESIAN_POINT ( 'NONE',  ( 0.000000000000000000, 16.32099170087160189, 23.68476170351259924 ) ) ;
#364 = CIRCLE ( 'NONE', #1695, 2.000000000000001776 ) ;
#365 = VECTOR ( 'NONE', #6734, 1000.000000000000000 ) ;
#366 = ORIENTED_EDGE ( 'NONE', *, *, #4124, .F. ) ;
#367 = CARTESIAN_POINT ( 'NONE',  ( 24.00000000000000000, 21.66332092008489951, 26.93794734194970175 ) ) ;
#368 = CARTESIAN_POINT ( 'NONE',  ( 6.869074035230939401, -33.84262520054497969, -59.85516124260435333 ) ) ;
#369 = VECTOR ( 'NONE', #6575, 1000.000000000000000 ) ;
#370 = LINE ( 'NONE', #2447, #5432 ) ;
#371 = AXIS2_PLACEMENT_3D ( 'NONE', #4172, #3719, #560 ) ;
#372 = CIRCLE ( 'NONE', #6184, 1.000000000000000888 ) ;
#373 = DIRECTION ( 'NONE',  ( 0.000000000000000000, 1.000000000000000000, 0.000000000000000000 ) ) ;
#374 = VERTEX_POINT ( 'NONE', #4919 ) ;
#375 = FACE_BOUND ( 'NONE', #5207, .T. ) ;
#376 = CARTESIAN_POINT ( 'NONE',  ( 8.873962308951458766, -40.45296000281730642, -51.81776663013170747 ) ) ;
#377 = LINE ( 'NONE', #3474, #134 ) ;
#378 = ORIENTED_EDGE ( 'NONE', *, *, #1211, .F. ) ;
#379 = CARTESIAN_POINT ( 'NONE',  ( 21.00000000000000000, -28.04999999999999716, 75.00000000000000000 ) ) ;
#380 = EDGE_CURVE ( 'NONE', #3368, #4976, #3908, .T. ) ;
#381 = CARTESIAN_POINT ( 'NONE',  ( 8.873962308951458766, -33.85000000000000142, -50.81776663013170747 ) ) ;
#382 = CARTESIAN_POINT ( 'NONE',  ( 14.12396230895140192, 27.85000000000000142, -50.81776663013170747 ) ) ;
#383 = EDGE_CURVE ( 'NONE', #3271, #2156, #4399, .T. ) ;
#384 = DIRECTION ( 'NONE',  ( 0.000000000000000000, 0.4999999999999998890, 0.8660254037844387076 ) ) ;
#385 = EDGE_LOOP ( 'NONE', ( #6274, #715, #735, #4358 ) ) ;
#386 = VERTEX_POINT ( 'NONE', #4852 ) ;
#387 = VECTOR ( 'NONE', #1643, 1000.000000000000114 ) ;
#388 = AXIS2_PLACEMENT_3D ( 'NONE', #3898, #4423, #774 ) ;
#389 = FACE_OUTER_BOUND ( 'NONE', #3062, .T. ) ;
#390 = ADVANCED_FACE ( 'NONE', ( #5455, #4953 ), #4984, .F. ) ;
#391 = DIRECTION ( 'NONE',  ( 0.000000000000000000, 0.000000000000000000, 1.000000000000000000 ) ) ;
#392 = DIRECTION ( 'NONE',  ( -0.000000000000000000, 1.000000000000000000, 0.000000000000000000 ) ) ;
#393 = DIRECTION ( 'NONE',  ( 0.000000000000000000, -1.000000000000000000, 0.000000000000000000 ) ) ;
#394 = VERTEX_POINT ( 'NONE', #5485 ) ;
#395 = AXIS2_PLACEMENT_3D ( 'NONE', #5304, #2187, #4800 ) ;
#396 = ORIENTED_EDGE ( 'NONE', *, *, #619, .F. ) ;
#397 = CARTESIAN_POINT ( 'NONE',  ( 2.193716693805925821, -25.85628330619407578, 78.00000000000000000 ) ) ;
#398 = CARTESIAN_POINT ( 'NONE',  ( 24.00000000000000000, 18.66332092008489951, 27.74179491924309815 ) ) ;
#399 = EDGE_LOOP ( 'NONE', ( #3767, #6398, #4766, #867, #6323 ) ) ;
#400 = CYLINDRICAL_SURFACE ( 'NONE', #5303, 1.000000000000000888 ) ;
#401 = CARTESIAN_POINT ( 'NONE',  ( 6.966842267742069161, -33.75609910620961074, -60.51477133946393394 ) ) ;
#402 = LINE ( 'NONE', #4008, #2486 ) ;
#403 = DIRECTION ( 'NONE',  ( 0.000000000000000000, -1.000000000000000000, 0.000000000000000000 ) ) ;
#404 = ORIENTED_EDGE ( 'NONE', *, *, #3970, .F. ) ;
#405 = DIRECTION ( 'NONE',  ( 0.000000000000000000, -1.000000000000000000, 0.000000000000000000 ) ) ;
#406 = LINE ( 'NONE', #2381, #1241 ) ;
#407 = DIRECTION ( 'NONE',  ( 0.000000000000000000, 0.000000000000000000, 1.000000000000000000 ) ) ;
#408 = EDGE_CURVE ( 'NONE', #2565, #3759, #4298, .T. ) ;
#409 = ORIENTED_EDGE ( 'NONE', *, *, #842, .F. ) ;
#410 = CARTESIAN_POINT ( 'NONE',  ( 14.12396230895140192, 38.94836669955660113, -49.81776663013170037 ) ) ;
#411 = DIRECTION ( 'NONE',  ( 0.000000000000000000, 0.000000000000000000, -1.000000000000000000 ) ) ;
#412 = FACE_OUTER_BOUND ( 'NONE', #1886, .T. ) ;
#413 = ADVANCED_FACE ( 'NONE', ( #645, #3263 ), #2242, .F. ) ;
#414 = CARTESIAN_POINT ( 'NONE',  ( 24.00000000000000000, -26.34999999999999787, -29.17000000000000171 ) ) ;
#415 = ORIENTED_EDGE ( 'NONE', *, *, #26, .T. ) ;
#416 = ORIENTED_EDGE ( 'NONE', *, *, #5795, .T. ) ;
#417 = CARTESIAN_POINT ( 'NONE',  ( 10.81200000000000117, -23.05000000000000071, 72.84999999999999432 ) ) ;
#418 = CYLINDRICAL_SURFACE ( 'NONE', #3228, 3.000000000000002665 ) ;
#419 = PLANE ( 'NONE',  #2762 ) ;
#420 = EDGE_CURVE ( 'NONE', #3800, #5268, #5899, .T. ) ;
#421 = EDGE_CURVE ( 'NONE', #4699, #5572, #5345, .T. ) ;
#422 = AXIS2_PLACEMENT_3D ( 'NONE', #6275, #919, #2513 ) ;
#423 = CARTESIAN_POINT ( 'NONE',  ( 16.74896230895139837, -26.34999999999999787, -56.36440000000000339 ) ) ;
#424 = ORIENTED_EDGE ( 'NONE', *, *, #5125, .F. ) ;
#425 = ORIENTED_EDGE ( 'NONE', *, *, #5497, .F. ) ;
#426 = EDGE_LOOP ( 'NONE', ( #4508, #5191, #199, #4960 ) ) ;
#427 = AXIS2_PLACEMENT_3D ( 'NONE', #6241, #3565, #986 ) ;
#428 = CARTESIAN_POINT ( 'NONE',  ( 8.870650885308574374, 33.58564889357881356, -61.91103337791014383 ) ) ;
#429 = ORIENTED_EDGE ( 'NONE', *, *, #4340, .T. ) ;
#430 = CARTESIAN_POINT ( 'NONE',  ( 0.000000000000000000, -26.34999999999999787, -23.16999999999999815 ) ) ;
#431 = CARTESIAN_POINT ( 'NONE',  ( 6.248962308951460543, -27.85000000000000142, -55.36440000000000339 ) ) ;
#432 = DIRECTION ( 'NONE',  ( -1.000000000000000000, 0.000000000000000000, 0.000000000000000000 ) ) ;
#433 = EDGE_LOOP ( 'NONE', ( #6402, #3824 ) ) ;
#434 = AXIS2_PLACEMENT_3D ( 'NONE', #1750, #3839, #5863 ) ;
#435 = DIRECTION ( 'NONE',  ( -0.2425356250363329691, 0.9701425001453318764, -2.243905293393248374E-16 ) ) ;
#436 = ORIENTED_EDGE ( 'NONE', *, *, #2370, .F. ) ;
#437 = VECTOR ( 'NONE', #3935, 1000.000000000000000 ) ;
#438 = CARTESIAN_POINT ( 'NONE',  ( 9.758155565557828481, 33.74274299176322955, -61.70496950186605289 ) ) ;
#439 = CARTESIAN_POINT ( 'NONE',  ( 14.12396230895140192, 33.85000000000000142, -52.81776663013170747 ) ) ;
#440 = FACE_BOUND ( 'NONE', #6506, .T. ) ;
#441 = CIRCLE ( 'NONE', #5927, 1.000000000000000888 ) ;
#442 = EDGE_CURVE ( 'NONE', #5501, #509, #2061, .T. ) ;
#443 = ADVANCED_FACE ( 'NONE', ( #3972 ), #400, .F. ) ;
#444 = ADVANCED_FACE ( 'NONE', ( #1989 ), #5617, .F. ) ;
#445 = EDGE_LOOP ( 'NONE', ( #1395, #6300, #5005, #5599 ) ) ;
#446 = DIRECTION ( 'NONE',  ( 0.000000000000000000, 0.000000000000000000, 1.000000000000000000 ) ) ;
#447 = FACE_OUTER_BOUND ( 'NONE', #5956, .T. ) ;
#448 = CIRCLE ( 'NONE', #2882, 2.000000000000001776 ) ;
#449 = CALENDAR_DATE ( 2026, 22, 5 ) ;
#450 = FACE_OUTER_BOUND ( 'NONE', #1116, .T. ) ;
#451 = CARTESIAN_POINT ( 'NONE',  ( -8.000000000000000000, 11.58553390593270116, 58.00000000000000000 ) ) ;
#452 = EDGE_LOOP ( 'NONE', ( #3459, #3163, #205, #3384 ) ) ;
#453 = ORIENTED_EDGE ( 'NONE', *, *, #2866, .F. ) ;
#454 = DIRECTION ( 'NONE',  ( 0.000000000000000000, 0.000000000000000000, -1.000000000000000000 ) ) ;
#455 = DIRECTION ( 'NONE',  ( 0.000000000000000000, 0.000000000000000000, -1.000000000000000000 ) ) ;
#456 = FACE_OUTER_BOUND ( 'NONE', #1601, .T. ) ;
#457 = CYLINDRICAL_SURFACE ( 'NONE', #6778, 2.999999999999999112 ) ;
#458 = ORIENTED_EDGE ( 'NONE', *, *, #3747, .F. ) ;
#459 = EDGE_LOOP ( 'NONE', ( #3403, #4945, #1930, #5779, #1368 ) ) ;
#460 = EDGE_CURVE ( 'NONE', #1839, #2269, #2016, .T. ) ;
#461 = VERTEX_POINT ( 'NONE', #1957 ) ;
#462 = VERTEX_POINT ( 'NONE', #2478 ) ;
#463 = VECTOR ( 'NONE', #3296, 1000.000000000000000 ) ;
#464 = DIRECTION ( 'NONE',  ( 0.000000000000000000, 1.000000000000000000, 0.000000000000000000 ) ) ;
#465 = CARTESIAN_POINT ( 'NONE',  ( 7.634056296539434960, 33.56163445479712237, -61.48075264978505317 ) ) ;
#466 = VERTEX_POINT ( 'NONE', #6166 ) ;
#467 = EDGE_CURVE ( 'NONE', #4187, #5001, #5587, .T. ) ;
#468 = CARTESIAN_POINT ( 'NONE',  ( 9.443700304261687606, -33.68168736563001886, -61.82822566456322733 ) ) ;
#469 = LINE ( 'NONE', #2540, #6540 ) ;
#470 = VECTOR ( 'NONE', #5084, 1000.000000000000000 ) ;
#471 = DIRECTION ( 'NONE',  ( 0.000000000000000000, 0.000000000000000000, -1.000000000000000000 ) ) ;
#472 = CARTESIAN_POINT ( 'NONE',  ( 12.00000000000000000, 33.85000000000000142, -52.17000000000000171 ) ) ;
#473 = VERTEX_POINT ( 'NONE', #3432 ) ;
#474 = LINE ( 'NONE', #1995, #3605 ) ;
#475 = DIRECTION ( 'NONE',  ( 0.000000000000000000, 0.000000000000000000, 1.000000000000000000 ) ) ;
#476 = CIRCLE ( 'NONE', #4981, 9.000000000000001776 ) ;
#477 = VECTOR ( 'NONE', #5077, 1000.000000000000000 ) ;
#478 = CARTESIAN_POINT ( 'NONE',  ( 15.91869165624333604, -33.81245597312516082, -60.79388261747003241 ) ) ;
#479 = CARTESIAN_POINT ( 'NONE',  ( 7.429488746503222885, -33.59721842950924753, -61.29604569048560592 ) ) ;
#480 = CIRCLE ( 'NONE', #35, 2.999999999999999112 ) ;
#481 = ORIENTED_EDGE ( 'NONE', *, *, #3303, .F. ) ;
#482 = CARTESIAN_POINT ( 'NONE',  ( 32.00000000000000000, -10.00000000000000000, 42.00000000000000000 ) ) ;
#483 = EDGE_CURVE ( 'NONE', #4912, #1188, #4038, .T. ) ;
#484 = FACE_OUTER_BOUND ( 'NONE', #4105, .T. ) ;
#485 = DIRECTION ( 'NONE',  ( 1.000000000000000000, 0.000000000000000000, 0.000000000000000000 ) ) ;
#486 = CARTESIAN_POINT ( 'NONE',  ( 9.092057045512770941, -35.63893746902890314, -33.16999999999999460 ) ) ;
#487 = EDGE_CURVE ( 'NONE', #144, #2055, #3939, .T. ) ;
#488 = VECTOR ( 'NONE', #4446, 1000.000000000000000 ) ;
#489 = EDGE_LOOP ( 'NONE', ( #5564, #6339, #1049, #4398 ) ) ;
#490 = LINE ( 'NONE', #3718, #4065 ) ;
#491 = DIRECTION ( 'NONE',  ( 0.000000000000000000, 0.000000000000000000, 1.000000000000000000 ) ) ;
#492 = EDGE_CURVE ( 'NONE', #3387, #4305, #911, .T. ) ;
#493 = EDGE_CURVE ( 'NONE', #466, #2742, #301, .T. ) ;
#494 = VECTOR ( 'NONE', #5650, 1000.000000000000114 ) ;
#495 = CIRCLE ( 'NONE', #6692, 2.000000000000001776 ) ;
#496 = CARTESIAN_POINT ( 'NONE',  ( 16.74896230895139837, -26.34999999999999787, -55.36440000000000339 ) ) ;
#497 = ORIENTED_EDGE ( 'NONE', *, *, #921, .T. ) ;
#498 = ORIENTED_EDGE ( 'NONE', *, *, #4739, .F. ) ;
#499 = ORIENTED_EDGE ( 'NONE', *, *, #1478, .F. ) ;
#500 = CARTESIAN_POINT ( 'NONE',  ( 21.00000000000000000, 25.05000000000000071, 78.00000000000000000 ) ) ;
#501 = CARTESIAN_POINT ( 'NONE',  ( 8.099218744474393716, 33.52950382203712110, -61.75622333659234187 ) ) ;
#502 = ORIENTED_EDGE ( 'NONE', *, *, #2983, .F. ) ;
#503 = CIRCLE ( 'NONE', #1943, 1.000000000000000888 ) ;
#504 = CARTESIAN_POINT ( 'NONE',  ( 10.04600363213981673, -33.79659418823017347, -61.53164887710075703 ) ) ;
#505 = ORIENTED_EDGE ( 'NONE', *, *, #3683, .T. ) ;
#506 = EDGE_CURVE ( 'NONE', #6544, #4723, #5847, .T. ) ;
#507 = CARTESIAN_POINT ( 'NONE',  ( 6.248962308951460543, 33.85000000000000142, -55.36440000000000339 ) ) ;
#508 = DIRECTION ( 'NONE',  ( -1.000000000000000000, 0.000000000000000000, 0.000000000000000000 ) ) ;
#509 = VERTEX_POINT ( 'NONE', #331 ) ;
#510 = DIRECTION ( 'NONE',  ( 0.000000000000000000, 0.000000000000000000, 1.000000000000000000 ) ) ;
#511 = CARTESIAN_POINT ( 'NONE',  ( 16.74896230895139837, -33.85000000000000142, -53.36439999999999628 ) ) ;
#512 = PLANE ( 'NONE',  #5507 ) ;
#513 = DIRECTION ( 'NONE',  ( 0.000000000000000000, 0.000000000000000000, 1.000000000000000000 ) ) ;
#514 = EDGE_CURVE ( 'NONE', #1412, #4219, #5648, .T. ) ;
#515 = VERTEX_POINT ( 'NONE', #945 ) ;
#516 = PLANE ( 'NONE',  #3881 ) ;
#517 = DIRECTION ( 'NONE',  ( 0.000000000000000000, 0.000000000000000000, -1.000000000000000000 ) ) ;
#518 = DIRECTION ( 'NONE',  ( 0.000000000000000000, 0.000000000000000000, 1.000000000000000000 ) ) ;
#519 = AXIS2_PLACEMENT_3D ( 'NONE', #3667, #3730, #3591 ) ;
#520 = DIRECTION ( 'NONE',  ( 0.000000000000000000, -1.734723475976809806E-16, -1.000000000000000000 ) ) ;
#521 = ORIENTED_EDGE ( 'NONE', *, *, #5164, .F. ) ;
#522 = ORIENTED_EDGE ( 'NONE', *, *, #6, .T. ) ;
#523 = DIRECTION ( 'NONE',  ( 0.000000000000000000, -1.000000000000000000, 0.000000000000000000 ) ) ;
#524 = DIRECTION ( 'NONE',  ( 0.000000000000000000, 0.000000000000000000, -1.000000000000000000 ) ) ;
#525 = DIRECTION ( 'NONE',  ( 0.000000000000000000, 0.000000000000000000, 1.000000000000000000 ) ) ;
#526 = DIRECTION ( 'NONE',  ( 0.000000000000000000, 1.000000000000000000, 0.000000000000000000 ) ) ;
#527 = ORIENTED_EDGE ( 'NONE', *, *, #2425, .T. ) ;
#528 = ORIENTED_EDGE ( 'NONE', *, *, #5796, .T. ) ;
#529 = EDGE_CURVE ( 'NONE', #3241, #5127, #3053, .T. ) ;
#530 = AXIS2_PLACEMENT_3D ( 'NONE', #5133, #1458, #5267 ) ;
#531 = LINE ( 'NONE', #6780, #4725 ) ;
#532 = CARTESIAN_POINT ( 'NONE',  ( 7.517930729421950176, 33.58009599055040439, -61.38119896774210815 ) ) ;
#533 = ORIENTED_EDGE ( 'NONE', *, *, #6512, .T. ) ;
#534 = AXIS2_PLACEMENT_3D ( 'NONE', #171, #5461, #4958 ) ;
#535 = CARTESIAN_POINT ( 'NONE',  ( -3.228216686206738306E-16, -26.34999999999999432, -26.68471862576141973 ) ) ;
#536 = ORIENTED_EDGE ( 'NONE', *, *, #4031, .T. ) ;
#537 = CARTESIAN_POINT ( 'NONE',  ( 14.12396230895140192, -33.85000000000000142, -48.81776663013170037 ) ) ;
#538 = DIRECTION ( 'NONE',  ( 0.000000000000000000, 1.000000000000000000, 0.000000000000000000 ) ) ;
#539 = ORIENTED_EDGE ( 'NONE', *, *, #926, .F. ) ;
#540 = EDGE_LOOP ( 'NONE', ( #3021, #1788, #3518, #3668 ) ) ;
#541 = CYLINDRICAL_SURFACE ( 'NONE', #422, 2.000000000000001776 ) ;
#542 = DIRECTION ( 'NONE',  ( 0.000000000000000000, -1.000000000000000000, 0.000000000000000000 ) ) ;
#543 = CARTESIAN_POINT ( 'NONE',  ( 14.12396101251784586, -33.68896042676731639, -61.91095463950739486 ) ) ;
#544 = CIRCLE ( 'NONE', #1530, 3.000000000000002665 ) ;
#545 = CARTESIAN_POINT ( 'NONE',  ( 7.289823603165400456, -33.63123424837250042, -61.13462597004350130 ) ) ;
#546 = ORIENTED_EDGE ( 'NONE', *, *, #5581, .T. ) ;
#547 = VECTOR ( 'NONE', #6704, 1000.000000000000000 ) ;
#548 = PLANE ( 'NONE',  #701 ) ;
#549 = EDGE_CURVE ( 'NONE', #1873, #56, #2445, .T. ) ;
#550 = CARTESIAN_POINT ( 'NONE',  ( 2.272393124890999871, 19.23141920130759885, 22.90491500514150047 ) ) ;
#551 = PERSON_AND_ORGANIZATION ( #2922, #6230 ) ;
#552 = DIRECTION ( 'NONE',  ( 0.000000000000000000, 0.000000000000000000, 1.000000000000000000 ) ) ;
#553 = AXIS2_PLACEMENT_3D ( 'NONE', #5662, #3066, #928 ) ;
#554 = CARTESIAN_POINT ( 'NONE',  ( 21.00000000000000000, -25.05000000000000071, 75.00000000000000000 ) ) ;
#555 = ORIENTED_EDGE ( 'NONE', *, *, #3918, .F. ) ;
#556 = ADVANCED_FACE ( 'NONE', ( #3026 ), #2375, .T. ) ;
#557 = CIRCLE ( 'NONE', #4621, 2.000000000000001776 ) ;
#558 = LINE ( 'NONE', #2672, #697 ) ;
#559 = CARTESIAN_POINT ( 'NONE',  ( 21.00000000000000000, 28.04999999999999716, 38.00000000000000000 ) ) ;
#560 = DIRECTION ( 'NONE',  ( 0.000000000000000000, 0.000000000000000000, -1.000000000000000000 ) ) ;
#561 = FACE_OUTER_BOUND ( 'NONE', #941, .T. ) ;
#562 = ORIENTED_EDGE ( 'NONE', *, *, #3769, .F. ) ;
#563 = LINE ( 'NONE', #2118, #2117 ) ;
#564 = EDGE_CURVE ( 'NONE', #4318, #827, #819, .T. ) ;
#565 = CARTESIAN_POINT ( 'NONE',  ( 16.09196870818733416, 33.85000000000000142, -60.28233055821101516 ) ) ;
#566 = CARTESIAN_POINT ( 'NONE',  ( 8.806579482751605070, 33.57712587849012209, -61.91005899621015374 ) ) ;
#567 = EDGE_CURVE ( 'NONE', #1851, #3540, #800, .T. ) ;
#568 = VERTEX_POINT ( 'NONE', #3467 ) ;
#569 = EDGE_CURVE ( 'NONE', #3264, #1955, #6649, .T. ) ;
#570 = CARTESIAN_POINT ( 'NONE',  ( 16.74896230895139837, -26.34999999999999787, -55.36440000000000339 ) ) ;
#571 = ORIENTED_EDGE ( 'NONE', *, *, #5230, .T. ) ;
#572 = AXIS2_PLACEMENT_3D ( 'NONE', #5767, #4086, #446 ) ;
#573 = FACE_OUTER_BOUND ( 'NONE', #5406, .T. ) ;
#574 = ORIENTED_EDGE ( 'NONE', *, *, #4099, .F. ) ;
#575 = ORIENTED_EDGE ( 'NONE', *, *, #1712, .T. ) ;
#576 = EDGE_LOOP ( 'NONE', ( #6478, #4344 ) ) ;
#577 = CARTESIAN_POINT ( 'NONE',  ( 8.873962308951458766, -27.85000000000000142, -48.81776663013170037 ) ) ;
#578 = DIRECTION ( 'NONE',  ( 0.000000000000000000, -1.000000000000000000, 0.000000000000000000 ) ) ;
#579 = CARTESIAN_POINT ( 'NONE',  ( 14.36845258162827932, -33.67401290545787873, -61.89955283606968806 ) ) ;
#580 = AXIS2_PLACEMENT_3D ( 'NONE', #5831, #4815, #3231 ) ;
#581 = DIRECTION ( 'NONE',  ( 0.000000000000000000, 1.000000000000000000, 0.000000000000000000 ) ) ;
#582 = VERTEX_POINT ( 'NONE', #2022 ) ;
#583 = FACE_BOUND ( 'NONE', #3938, .T. ) ;
#584 = AXIS2_PLACEMENT_3D ( 'NONE', #5192, #5161, #1110 ) ;
#585 = AXIS2_PLACEMENT_3D ( 'NONE', #367, #1366, #4531 ) ;
#586 = CARTESIAN_POINT ( 'NONE',  ( 8.873962308951309552, -33.85000000000000142, -57.91103336986829930 ) ) ;
#587 = DIRECTION ( 'NONE',  ( -1.000000000000000000, 0.000000000000000000, 0.000000000000000000 ) ) ;
#588 = FACE_OUTER_BOUND ( 'NONE', #191, .T. ) ;
#589 = ORIENTED_EDGE ( 'NONE', *, *, #1880, .T. ) ;
#590 = EDGE_CURVE ( 'NONE', #622, #2780, #2567, .T. ) ;
#591 = LINE ( 'NONE', #101, #142 ) ;
#592 = VECTOR ( 'NONE', #2186, 1000.000000000000000 ) ;
#593 = AXIS2_PLACEMENT_3D ( 'NONE', #4683, #5254, #3678 ) ;
#594 = DIRECTION ( 'NONE',  ( 0.000000000000000000, 0.7071067811865470176, -0.7071067811865480168 ) ) ;
#595 = LINE ( 'NONE', #1112, #592 ) ;
#596 = CARTESIAN_POINT ( 'NONE',  ( 8.873962308951309552, -26.34999999999999787, -59.91103336986829930 ) ) ;
#597 = ORIENTED_EDGE ( 'NONE', *, *, #1391, .F. ) ;
#598 = ADVANCED_FACE ( 'NONE', ( #4110 ), #1534, .T. ) ;
#599 = DIRECTION ( 'NONE',  ( 0.000000000000000000, 9.251858538542972222E-15, -1.000000000000000000 ) ) ;
#600 = ORIENTED_EDGE ( 'NONE', *, *, #2983, .T. ) ;
#601 = CARTESIAN_POINT ( 'NONE',  ( 9.092057045512770941, -35.63893746902890314, -33.16999999999999460 ) ) ;
#602 = LINE ( 'NONE', #5855, #5954 ) ;
#603 = ORIENTED_EDGE ( 'NONE', *, *, #1795, .T. ) ;
#604 = CARTESIAN_POINT ( 'NONE',  ( 8.812000000000001165, -11.58553390593270116, 58.00000000000000000 ) ) ;
#605 = VERTEX_POINT ( 'NONE', #6784 ) ;
#606 = DIRECTION ( 'NONE',  ( -1.000000000000000000, 0.000000000000000000, 0.000000000000000000 ) ) ;
#607 = CIRCLE ( 'NONE', #166, 3.000000000000002665 ) ;
#608 = ORIENTED_EDGE ( 'NONE', *, *, #5132, .F. ) ;
#609 = ORIENTED_EDGE ( 'NONE', *, *, #5563, .F. ) ;
#610 = CARTESIAN_POINT ( 'NONE',  ( 6.248962308951460543, -33.85000000000000142, -57.36440000000000339 ) ) ;
#611 = CARTESIAN_POINT ( 'NONE',  ( 11.20074568225280132, -33.85000000000000142, -33.16999999999999460 ) ) ;
#612 = CARTESIAN_POINT ( 'NONE',  ( 16.01303575190669903, -33.83414385214527442, -60.57073913285097433 ) ) ;
#613 = FACE_OUTER_BOUND ( 'NONE', #4241, .T. ) ;
#614 = ORIENTED_EDGE ( 'NONE', *, *, #5776, .T. ) ;
#615 = VECTOR ( 'NONE', #2106, 1000.000000000000000 ) ;
#616 = EDGE_CURVE ( 'NONE', #52, #1738, #2349, .T. ) ;
#617 = CARTESIAN_POINT ( 'NONE',  ( 8.873962308951309552, 27.85000000000000142, -60.91103336986829930 ) ) ;
#618 = CARTESIAN_POINT ( 'NONE',  ( 24.00000000000000000, 10.00000000000000000, -14.74735342352009937 ) ) ;
#619 = EDGE_CURVE ( 'NONE', #3466, #737, #3624, .T. ) ;
#620 = LINE ( 'NONE', #2626, #754 ) ;
#621 = FACE_OUTER_BOUND ( 'NONE', #2893, .T. ) ;
#622 = VERTEX_POINT ( 'NONE', #2539 ) ;
#623 = LINE ( 'NONE', #6597, #6493 ) ;
#624 = CARTESIAN_POINT ( 'NONE',  ( 6.248962308951460543, -27.85000000000000142, -57.36440000000000339 ) ) ;
#625 = FACE_OUTER_BOUND ( 'NONE', #1681, .T. ) ;
#626 = VECTOR ( 'NONE', #3599, 1000.000000000000000 ) ;
#627 = FACE_OUTER_BOUND ( 'NONE', #6596, .T. ) ;
#628 = ORIENTED_EDGE ( 'NONE', *, *, #1604, .F. ) ;
#629 = ORIENTED_EDGE ( 'NONE', *, *, #4715, .F. ) ;
#630 = CARTESIAN_POINT ( 'NONE',  ( 6.812000000000000277, -28.04999999999999716, 70.79999999999999716 ) ) ;
#631 = ORIENTED_EDGE ( 'NONE', *, *, #6787, .F. ) ;
#632 = ADVANCED_FACE ( 'NONE', ( #2608 ), #2648, .F. ) ;
#633 = EDGE_CURVE ( 'NONE', #5244, #1155, #92, .T. ) ;
#634 = CARTESIAN_POINT ( 'NONE',  ( 14.13733702542877779, 33.68798647639068378, -61.91103338241578768 ) ) ;
#635 = EDGE_CURVE ( 'NONE', #4643, #1459, #5752, .T. ) ;
#636 = ORIENTED_EDGE ( 'NONE', *, *, #1124, .F. ) ;
#637 = DIRECTION ( 'NONE',  ( -0.000000000000000000, 1.000000000000000000, 0.000000000000000000 ) ) ;
#638 = ORIENTED_EDGE ( 'NONE', *, *, #493, .F. ) ;
#639 = DIRECTION ( 'NONE',  ( 0.000000000000000000, 1.000000000000000000, 0.000000000000000000 ) ) ;
#640 = B_SPLINE_CURVE_WITH_KNOTS ( 'NONE', 3,
 ( #2705, #175, #6357, #4306, #1173, #3272, #3750, #4861, #4826, #2252, #4927, #4343, #2770, #6459, #2216, #5944, #5362, #1242, #3308, #4795, #657, #73 ),
 .UNSPECIFIED., .F., .F.,
 ( 4, 2, 2, 2, 2, 2, 1, 1, 2, 2, 2, 4 ),
 ( 0.6142582612206612946, 0.6624759785680698343, 0.6865848372417734380, 0.6986392665786259615, 0.7106936959154783739, 0.7589114132628843601, 0.7830202719365877417, 0.7950747012734397101, 0.8011019159418668600, 0.8071291306102940100, 0.9035645653051469495, 1.000000000000000000 ),
 .UNSPECIFIED. ) ;
#641 = CYLINDRICAL_SURFACE ( 'NONE', #872, 2.000000000000001776 ) ;
#642 = CARTESIAN_POINT ( 'NONE',  ( 6.812000000000000277, 25.05000000000000071, 70.79999999999999716 ) ) ;
#643 = CARTESIAN_POINT ( 'NONE',  ( 16.74896230895139837, 33.90188994426890190, -55.36440000000000339 ) ) ;
#644 = ORIENTED_EDGE ( 'NONE', *, *, #3217, .F. ) ;
#645 = FACE_OUTER_BOUND ( 'NONE', #3600, .T. ) ;
#646 = VECTOR ( 'NONE', #1475, 1000.000000000000000 ) ;
#647 = ORIENTED_EDGE ( 'NONE', *, *, #5876, .F. ) ;
#648 = DIRECTION ( 'NONE',  ( 0.000000000000000000, -1.000000000000000000, 4.947517935049719886E-16 ) ) ;
#649 = LINE ( 'NONE', #2209, #4492 ) ;
#650 = FACE_OUTER_BOUND ( 'NONE', #4460, .T. ) ;
#651 = CIRCLE ( 'NONE', #3836, 12.00000000000000355 ) ;
#652 = EDGE_CURVE ( 'NONE', #6219, #953, #6112, .T. ) ;
#653 = EDGE_CURVE ( 'NONE', #461, #6770, #6456, .T. ) ;
#654 = ADVANCED_FACE ( 'NONE', ( #4940 ), #6477, .T. ) ;
#655 = FACE_OUTER_BOUND ( 'NONE', #1674, .T. ) ;
#656 = ORIENTED_EDGE ( 'NONE', *, *, #4547, .F. ) ;
#657 = CARTESIAN_POINT ( 'NONE',  ( 12.63255678790896752, 33.85000000000000142, -61.24926028864908290 ) ) ;
#658 = ORIENTED_EDGE ( 'NONE', *, *, #5340, .T. ) ;
#659 = FACE_OUTER_BOUND ( 'NONE', #5169, .T. ) ;
#660 = VECTOR ( 'NONE', #6547, 1000.000000000000000 ) ;
#661 = CARTESIAN_POINT ( 'NONE',  ( 14.12396230895140192, 33.85000000000000142, -50.81776663013170747 ) ) ;
#662 = AXIS2_PLACEMENT_3D ( 'NONE', #2490, #411, #2946 ) ;
#663 = CARTESIAN_POINT ( 'NONE',  ( 3.000000000000000000, 16.32099170087160189, -14.74735342352009937 ) ) ;
#664 = ORIENTED_EDGE ( 'NONE', *, *, #173, .T. ) ;
#665 = DIRECTION ( 'NONE',  ( 0.000000000000000000, 1.000000000000000000, 0.000000000000000000 ) ) ;
#666 = LINE ( 'NONE', #249, #5087 ) ;
#667 = CARTESIAN_POINT ( 'NONE',  ( 24.00000000000000000, -4.514466094067260293, 58.00000000000000000 ) ) ;
#668 = ORIENTED_EDGE ( 'NONE', *, *, #1421, .T. ) ;
#669 = CARTESIAN_POINT ( 'NONE',  ( 15.93885799437693862, 33.81722406979822892, -60.75137935856213289 ) ) ;
#670 = VECTOR ( 'NONE', #2461, 1000.000000000000000 ) ;
#671 = ORIENTED_EDGE ( 'NONE', *, *, #44, .T. ) ;
#672 = DIRECTION ( 'NONE',  ( 0.000000000000000000, 0.8660254037844387076, -0.4999999999999997780 ) ) ;
#673 = ORIENTED_EDGE ( 'NONE', *, *, #653, .F. ) ;
#674 = DIRECTION ( 'NONE',  ( -1.000000000000000000, 0.000000000000000000, 0.000000000000000000 ) ) ;
#675 = EDGE_CURVE ( 'NONE', #1955, #6513, #117, .T. ) ;
#676 = ORIENTED_EDGE ( 'NONE', *, *, #2881, .F. ) ;
#677 = EDGE_LOOP ( 'NONE', ( #1156, #5851, #2473, #415 ) ) ;
#678 = DIRECTION ( 'NONE',  ( 0.000000000000000000, 0.000000000000000000, -1.000000000000000000 ) ) ;
#679 = CARTESIAN_POINT ( 'NONE',  ( 32.00000000000000000, 10.00000000000000000, 27.00000000000000000 ) ) ;
#680 = CARTESIAN_POINT ( 'NONE',  ( 14.12396230895140192, 28.26990063580600321, -59.91103336986829930 ) ) ;
#681 = EDGE_CURVE ( 'NONE', #321, #968, #3863, .T. ) ;
#682 = AXIS2_PLACEMENT_3D ( 'NONE', #5739, #5701, #6702 ) ;
#683 = DIRECTION ( 'NONE',  ( 0.000000000000000000, -1.000000000000000000, 0.000000000000000000 ) ) ;
#684 = ORIENTED_EDGE ( 'NONE', *, *, #4895, .F. ) ;
#685 = VECTOR ( 'NONE', #1990, 1000.000000000000114 ) ;
#686 = CARTESIAN_POINT ( 'NONE',  ( 24.00000000000000000, 8.050000000000000711, 64.46446609406729067 ) ) ;
#687 = DIRECTION ( 'NONE',  ( 0.000000000000000000, -0.8660254037844388186, -0.4999999999999997780 ) ) ;
#688 = CARTESIAN_POINT ( 'NONE',  ( 21.00000000000000000, 21.66332092008489951, -3.062052658050260057 ) ) ;
#689 = AXIS2_PLACEMENT_3D ( 'NONE', #4003, #3937, #6647 ) ;
#690 = VERTEX_POINT ( 'NONE', #4879 ) ;
#691 = CIRCLE ( 'NONE', #360, 3.000000000000000000 ) ;
#692 = DIRECTION ( 'NONE',  ( 0.000000000000000000, 1.000000000000000000, -4.947517935049719886E-16 ) ) ;
#693 = ORIENTED_EDGE ( 'NONE', *, *, #569, .T. ) ;
#694 = EDGE_CURVE ( 'NONE', #6513, #5387, #3223, .T. ) ;
#695 = DIRECTION ( 'NONE',  ( -1.000000000000000000, 0.000000000000000000, 0.000000000000000000 ) ) ;
#696 = CIRCLE ( 'NONE', #3122, 2.000000000000001776 ) ;
#697 = VECTOR ( 'NONE', #6253, 1000.000000000000000 ) ;
#698 = AXIS2_PLACEMENT_3D ( 'NONE', #3391, #5104, #6608 ) ;
#699 = FACE_BOUND ( 'NONE', #5373, .T. ) ;
#700 = EDGE_LOOP ( 'NONE', ( #6270, #1172, #3914, #2378 ) ) ;
#701 = AXIS2_PLACEMENT_3D ( 'NONE', #4160, #3037, #2141 ) ;
#702 = CYLINDRICAL_SURFACE ( 'NONE', #1348, 1.000000000000000888 ) ;
#703 = ORIENTED_EDGE ( 'NONE', *, *, #681, .F. ) ;
#704 = CARTESIAN_POINT ( 'NONE',  ( 15.94132241956152107, 33.81779684327219826, -60.74602196422419098 ) ) ;
#705 = ADVANCED_FACE ( 'NONE', ( #2295 ), #2195, .T. ) ;
#706 = EDGE_CURVE ( 'NONE', #4705, #1901, #3485, .T. ) ;
#707 = FACE_OUTER_BOUND ( 'NONE', #452, .T. ) ;
#708 = ORIENTED_EDGE ( 'NONE', *, *, #5189, .T. ) ;
#709 = FACE_OUTER_BOUND ( 'NONE', #5828, .T. ) ;
#710 = VERTEX_POINT ( 'NONE', #1258 ) ;
#711 = ORIENTED_EDGE ( 'NONE', *, *, #2577, .T. ) ;
#712 = DIRECTION ( 'NONE',  ( 0.000000000000000000, 1.734723475976809806E-16, 1.000000000000000000 ) ) ;
#713 = CARTESIAN_POINT ( 'NONE',  ( 21.00000000000000000, -21.66332092008489951, 26.93794734194980123 ) ) ;
#714 = CARTESIAN_POINT ( 'NONE',  ( 14.12396230895140192, 33.85000000000000142, -50.81776663013170747 ) ) ;
#715 = ORIENTED_EDGE ( 'NONE', *, *, #6336, .T. ) ;
#716 = EDGE_CURVE ( 'NONE', #3257, #5993, #6440, .T. ) ;
#717 = FACE_OUTER_BOUND ( 'NONE', #5462, .T. ) ;
#718 = VECTOR ( 'NONE', #3627, 1000.000000000000000 ) ;
#719 = VECTOR ( 'NONE', #2892, 1000.000000000000000 ) ;
#720 = ORIENTED_EDGE ( 'NONE', *, *, #4627, .F. ) ;
#721 = LINE ( 'NONE', #2836, #4103 ) ;
#722 = DIRECTION ( 'NONE',  ( 0.000000000000000000, 1.000000000000000000, 0.000000000000000000 ) ) ;
#723 = CARTESIAN_POINT ( 'NONE',  ( 9.998962308951451661, -38.85000000000000142, -33.16999999999999460 ) ) ;
#724 = EDGE_CURVE ( 'NONE', #100, #6219, #3254, .T. ) ;
#725 = EDGE_CURVE ( 'NONE', #3724, #3030, #1625, .T. ) ;
#726 = CIRCLE ( 'NONE', #1608, 1.000000000000000888 ) ;
#727 = ORIENTED_EDGE ( 'NONE', *, *, #6651, .T. ) ;
#728 = DIRECTION ( 'NONE',  ( 0.000000000000000000, -1.000000000000000000, 0.000000000000000000 ) ) ;
#729 = DIRECTION ( 'NONE',  ( 0.000000000000000000, 0.000000000000000000, -1.000000000000000000 ) ) ;
#730 = CARTESIAN_POINT ( 'NONE',  ( 24.00000000000000000, -3.535533905932739973, 58.00000000000000000 ) ) ;
#731 = CARTESIAN_POINT ( 'NONE',  ( 2.272393124890999871, 19.23141920130759885, 0.9709796787580109445 ) ) ;
#732 = VERTEX_POINT ( 'NONE', #2749 ) ;
#733 = CARTESIAN_POINT ( 'NONE',  ( 24.00000000000000000, 3.535533905932729759, 68.00000000000000000 ) ) ;
#734 = CARTESIAN_POINT ( 'NONE',  ( 8.873962308951309552, -27.85000000000000142, -59.91103336986829930 ) ) ;
#735 = ORIENTED_EDGE ( 'NONE', *, *, #724, .T. ) ;
#736 =( LENGTH_UNIT ( ) NAMED_UNIT ( * ) SI_UNIT ( .MILLI., .METRE. ) );
#737 = VERTEX_POINT ( 'NONE', #604 ) ;
#738 = EDGE_CURVE ( 'NONE', #4636, #6305, #2230, .T. ) ;
#739 = DIRECTION ( 'NONE',  ( 0.000000000000000000, 0.7071067811865470176, 0.7071067811865480168 ) ) ;
#740 = ORIENTED_EDGE ( 'NONE', *, *, #2866, .T. ) ;
#741 = VECTOR ( 'NONE', #4909, 1000.000000000000114 ) ;
#742 = CARTESIAN_POINT ( 'NONE',  ( 8.873962308951458766, -27.85000000000000142, -50.81776663013170747 ) ) ;
#743 = VERTEX_POINT ( 'NONE', #2854 ) ;
#744 = VERTEX_POINT ( 'NONE', #4840 ) ;
#745 = DIRECTION ( 'NONE',  ( 0.000000000000000000, 0.000000000000000000, -1.000000000000000000 ) ) ;
#746 = CARTESIAN_POINT ( 'NONE',  ( 14.12396230895140192, 28.26990063580600321, -58.91103336986829930 ) ) ;
#747 = DIRECTION ( 'NONE',  ( 0.000000000000000000, -1.000000000000000000, 0.000000000000000000 ) ) ;
#748 = ORIENTED_EDGE ( 'NONE', *, *, #4971, .F. ) ;
#749 = CARTESIAN_POINT ( 'NONE',  ( 2.193716693805922713, -28.05000000000000426, 75.80628330619407507 ) ) ;
#750 = ORIENTED_EDGE ( 'NONE', *, *, #1072, .T. ) ;
#751 = CARTESIAN_POINT ( 'NONE',  ( 3.000000000000000000, 28.04999999999999716, 75.00000000000000000 ) ) ;
#752 = CARTESIAN_POINT ( 'NONE',  ( 3.000000000000000000, -30.84999999999999787, -24.17000000000000171 ) ) ;
#753 = DIRECTION ( 'NONE',  ( 0.000000000000000000, 1.000000000000000000, 2.312964634635739999E-16 ) ) ;
#754 = VECTOR ( 'NONE', #1033, 1000.000000000000000 ) ;
#755 = ORIENTED_EDGE ( 'NONE', *, *, #2652, .F. ) ;
#756 = ADVANCED_FACE ( 'NONE', ( #707 ), #5958, .F. ) ;
#757 = DIRECTION ( 'NONE',  ( 0.000000000000000000, -0.7071067811865480168, 0.7071067811865470176 ) ) ;
#758 = CARTESIAN_POINT ( 'NONE',  ( 6.812000000000000277, 28.04999999999999716, 70.79999999999999716 ) ) ;
#759 = CIRCLE ( 'NONE', #5805, 1.000000000000000888 ) ;
#760 = LINE ( 'NONE', #1310, #6517 ) ;
#761 = EDGE_CURVE ( 'NONE', #6776, #798, #5992, .T. ) ;
#762 = AXIS2_PLACEMENT_3D ( 'NONE', #4885, #2791, #1158 ) ;
#763 = DIRECTION ( 'NONE',  ( 0.000000000000000000, 0.000000000000000000, 1.000000000000000000 ) ) ;
#764 = ORIENTED_EDGE ( 'NONE', *, *, #1491, .T. ) ;
#765 = DIRECTION ( 'NONE',  ( -1.000000000000000000, 0.000000000000000000, 0.000000000000000000 ) ) ;
#766 = CIRCLE ( 'NONE', #4396, 1.000000000000000888 ) ;
#767 = DIRECTION ( 'NONE',  ( -1.000000000000000000, 0.000000000000000000, 0.000000000000000000 ) ) ;
#768 = ORIENTED_EDGE ( 'NONE', *, *, #2943, .T. ) ;
#769 = FACE_BOUND ( 'NONE', #3631, .T. ) ;
#770 = VECTOR ( 'NONE', #4756, 1000.000000000000000 ) ;
#771 = AXIS2_PLACEMENT_3D ( 'NONE', #3549, #4063, #6156 ) ;
#772 = LINE ( 'NONE', #2363, #1801 ) ;
#773 = ORIENTED_EDGE ( 'NONE', *, *, #4078, .F. ) ;
#774 = DIRECTION ( 'NONE',  ( 0.000000000000000000, 0.000000000000000000, 1.000000000000000000 ) ) ;
#775 = EDGE_CURVE ( 'NONE', #6333, #5550, #3287, .T. ) ;
#776 = VECTOR ( 'NONE', #1415, 1000.000000000000000 ) ;
#777 = ORIENTED_EDGE ( 'NONE', *, *, #1478, .T. ) ;
#778 = VERTEX_POINT ( 'NONE', #4323 ) ;
#779 = ADVANCED_FACE ( 'NONE', ( #1777 ), #2332, .T. ) ;
#780 = CARTESIAN_POINT ( 'NONE',  ( 24.00000000000000000, -32.60735931288071754, -24.50296456859569716 ) ) ;
#781 = FACE_OUTER_BOUND ( 'NONE', #3123, .T. ) ;
#782 = CARTESIAN_POINT ( 'NONE',  ( 5.498962308951449884, -38.85000000000000142, -43.17000000000000171 ) ) ;
#783 = ORIENTED_EDGE ( 'NONE', *, *, #5132, .T. ) ;
#784 = LINE ( 'NONE', #165, #4696 ) ;
#785 = DIRECTION ( 'NONE',  ( -1.000000000000000000, 0.000000000000000000, 0.000000000000000000 ) ) ;
#786 = ORIENTED_EDGE ( 'NONE', *, *, #2476, .T. ) ;
#787 = CARTESIAN_POINT ( 'NONE',  ( 0.000000000000000000, 16.32099170087160189, 0.1911329803868480059 ) ) ;
#788 = CARTESIAN_POINT ( 'NONE',  ( 24.00000000000000000, 26.34999999999999787, -64.17000000000000171 ) ) ;
#789 = EDGE_CURVE ( 'NONE', #4941, #2033, #188, .T. ) ;
#790 = ORIENTED_EDGE ( 'NONE', *, *, #3613, .F. ) ;
#791 = CARTESIAN_POINT ( 'NONE',  ( 3.000000000000000000, 13.51731083748190088, -6.943130372780090376 ) ) ;
#792 = VECTOR ( 'NONE', #3537, 1000.000000000000000 ) ;
#793 = DIRECTION ( 'NONE',  ( 0.000000000000000000, 1.000000000000000000, 0.000000000000000000 ) ) ;
#794 = DIRECTION ( 'NONE',  ( 0.000000000000000000, 0.7071067811865480168, -0.7071067811865470176 ) ) ;
#795 = EDGE_CURVE ( 'NONE', #2750, #3622, #3880, .T. ) ;
#796 = AXIS2_PLACEMENT_3D ( 'NONE', #1933, #5531, #2515 ) ;
#797 = CARTESIAN_POINT ( 'NONE',  ( 14.12396230895140192, 33.85000000000000142, -59.91103336986829930 ) ) ;
#798 = VERTEX_POINT ( 'NONE', #873 ) ;
#799 = VERTEX_POINT ( 'NONE', #5069 ) ;
#800 =( BOUNDED_CURVE ( )  B_SPLINE_CURVE ( 3, ( #4568, #849, #2963, #1402 ),
 .UNSPECIFIED., .F., .T. ) 
 B_SPLINE_CURVE_WITH_KNOTS ( ( 4, 4 ),
 ( 0.000000000000000000, 1.570796326794896558 ),
 .UNSPECIFIED. ) 
 CURVE ( )  GEOMETRIC_REPRESENTATION_ITEM ( )  RATIONAL_B_SPLINE_CURVE ( ( 1.000000000000000000, 0.8047378541243649375, 0.8047378541243649375, 1.000000000000000000 ) ) 
 REPRESENTATION_ITEM ( '' )  );
#801 = DIRECTION ( 'NONE',  ( 0.000000000000000000, -1.000000000000000000, 0.000000000000000000 ) ) ;
#802 = CARTESIAN_POINT ( 'NONE',  ( 3.000000000000000000, 25.05000000000000071, 75.00000000000000000 ) ) ;
#803 = AXIS2_PLACEMENT_3D ( 'NONE', #3889, #4413, #5984 ) ;
#804 = ORIENTED_EDGE ( 'NONE', *, *, #6050, .F. ) ;
#805 = AXIS2_PLACEMENT_3D ( 'NONE', #4600, #6552, #4005 ) ;
#806 = DIRECTION ( 'NONE',  ( 0.000000000000000000, 1.000000000000000000, 0.000000000000000000 ) ) ;
#807 = ADVANCED_FACE ( 'NONE', ( #358 ), #6123, .T. ) ;
#808 = AXIS2_PLACEMENT_3D ( 'NONE', #1993, #403, #5651 ) ;
#809 = CARTESIAN_POINT ( 'NONE',  ( 14.12396230895140192, -27.85000000000000142, -50.81776663013170747 ) ) ;
#810 = VERTEX_POINT ( 'NONE', #1289 ) ;
#811 = DIRECTION ( 'NONE',  ( 0.000000000000000000, -0.5000000000000003331, 0.8660254037844383745 ) ) ;
#812 = EDGE_LOOP ( 'NONE', ( #342, #2688, #5611, #971 ) ) ;
#813 = VERTEX_POINT ( 'NONE', #839 ) ;
#814 = AXIS2_PLACEMENT_3D ( 'NONE', #4830, #3382, #2286 ) ;
#815 = DIRECTION ( 'NONE',  ( 0.000000000000000000, -1.000000000000000000, 0.000000000000000000 ) ) ;
#816 = FACE_OUTER_BOUND ( 'NONE', #3022, .T. ) ;
#817 = CARTESIAN_POINT ( 'NONE',  ( 21.00000000000000000, -26.34999999999999787, -29.17000000000000171 ) ) ;
#818 = ORIENTED_EDGE ( 'NONE', *, *, #5941, .T. ) ;
#819 = LINE ( 'NONE', #6585, #1690 ) ;
#820 = CARTESIAN_POINT ( 'NONE',  ( 14.05270895824988209, -33.69445794781733383, -61.90981985207172755 ) ) ;
#821 = VERTEX_POINT ( 'NONE', #5007 ) ;
#822 = CARTESIAN_POINT ( 'NONE',  ( 14.12396230895140192, -33.85000000000000142, -52.81776663013170747 ) ) ;
#823 = ORIENTED_EDGE ( 'NONE', *, *, #3850, .T. ) ;
#824 = DIRECTION ( 'NONE',  ( 1.000000000000000000, 0.000000000000000000, 0.000000000000000000 ) ) ;
#825 = DIRECTION ( 'NONE',  ( 0.000000000000000000, 0.000000000000000000, -1.000000000000000000 ) ) ;
#826 = DIRECTION ( 'NONE',  ( 1.000000000000000000, 0.000000000000000000, 0.000000000000000000 ) ) ;
#827 = VERTEX_POINT ( 'NONE', #1392 ) ;
#828 = EDGE_CURVE ( 'NONE', #6072, #6687, #5475, .T. ) ;
#829 = ORIENTED_EDGE ( 'NONE', *, *, #6079, .T. ) ;
#830 = LINE ( 'NONE', #1940, #5290 ) ;
#831 = DIRECTION ( 'NONE',  ( 0.000000000000000000, 0.000000000000000000, 1.000000000000000000 ) ) ;
#832 = CARTESIAN_POINT ( 'NONE',  ( 2.510653580699561793, 19.29098431525979507, 22.88895458096097002 ) ) ;
#833 = LINE ( 'NONE', #2883, #6644 ) ;
#834 = VERTEX_POINT ( 'NONE', #5610 ) ;
#835 = CARTESIAN_POINT ( 'NONE',  ( 21.00000000000000000, -30.84999999999999787, -14.74735342352009937 ) ) ;
#836 = DIRECTION ( 'NONE',  ( 0.000000000000000000, -1.000000000000000000, 0.000000000000000000 ) ) ;
#837 = EDGE_LOOP ( 'NONE', ( #6587, #4939, #2512, #684 ) ) ;
#838 = CARTESIAN_POINT ( 'NONE',  ( 2.754406743573364125, -19.35192260597824898, 22.93448802538800280 ) ) ;
#839 = CARTESIAN_POINT ( 'NONE',  ( 2.272393124890999871, -19.23141920130759885, 0.9709796787580119437 ) ) ;
#840 = ORIENTED_EDGE ( 'NONE', *, *, #2425, .F. ) ;
#841 = EDGE_CURVE ( 'NONE', #4167, #2488, #1248, .T. ) ;
#842 = EDGE_CURVE ( 'NONE', #5983, #4643, #5091, .T. ) ;
#843 = VERTEX_POINT ( 'NONE', #1950 ) ;
#844 = ORIENTED_EDGE ( 'NONE', *, *, #3763, .F. ) ;
#845 = CARTESIAN_POINT ( 'NONE',  ( 3.000000000000000000, -16.32099170087160189, -14.74735342352009937 ) ) ;
#846 = LINE ( 'NONE', #943, #2120 ) ;
#847 = ORIENTED_EDGE ( 'NONE', *, *, #5092, .F. ) ;
#848 = AXIS2_PLACEMENT_3D ( 'NONE', #6001, #2205, #1821 ) ;
#849 = CARTESIAN_POINT ( 'NONE',  ( 1.242640687119285881, -28.04999999999999361, 38.00000000000003553 ) ) ;
#850 = EDGE_CURVE ( 'NONE', #5895, #1505, #1582, .T. ) ;
#851 = LINE ( 'NONE', #5619, #5978 ) ;
#852 = EDGE_LOOP ( 'NONE', ( #2007, #2392, #5330, #5959, #2786 ) ) ;
#853 = CARTESIAN_POINT ( 'NONE',  ( 14.12396230895140192, 27.85000000000000142, -50.81776663013170747 ) ) ;
#854 = ORIENTED_EDGE ( 'NONE', *, *, #4562, .T. ) ;
#855 = CARTESIAN_POINT ( 'NONE',  ( 14.12396230895140192, -33.85000000000000142, -57.91103336986829930 ) ) ;
#856 = DIRECTION ( 'NONE',  ( -0.5477225575051658524, 0.8366600265340756737, 0.000000000000000000 ) ) ;
#857 = DIRECTION ( 'NONE',  ( 0.000000000000000000, 0.000000000000000000, 1.000000000000000000 ) ) ;
#858 = VERTEX_POINT ( 'NONE', #324 ) ;
#859 = AXIS2_PLACEMENT_3D ( 'NONE', #6741, #2013, #1600 ) ;
#860 = LINE ( 'NONE', #6083, #242 ) ;
#861 = CARTESIAN_POINT ( 'NONE',  ( 11.49896230895140015, -38.85000000000000142, -43.17000000000000171 ) ) ;
#862 = DIRECTION ( 'NONE',  ( 0.000000000000000000, 0.000000000000000000, -1.000000000000000000 ) ) ;
#863 = EDGE_CURVE ( 'NONE', #4425, #3794, #772, .T. ) ;
#864 = EDGE_CURVE ( 'NONE', #6095, #5197, #4029, .T. ) ;
#865 = EDGE_CURVE ( 'NONE', #6618, #466, #5629, .T. ) ;
#866 = CYLINDRICAL_SURFACE ( 'NONE', #1275, 1.000000000000000888 ) ;
#867 = ORIENTED_EDGE ( 'NONE', *, *, #5335, .T. ) ;
#868 = VERTEX_POINT ( 'NONE', #4972 ) ;
#869 = AXIS2_PLACEMENT_3D ( 'NONE', #955, #4235, #3572 ) ;
#870 = CARTESIAN_POINT ( 'NONE',  ( 0.000000000000000000, -26.34999999999999787, -64.17000000000000171 ) ) ;
#871 = LINE ( 'NONE', #2526, #6178 ) ;
#872 = AXIS2_PLACEMENT_3D ( 'NONE', #4329, #5319, #2755 ) ;
#873 = CARTESIAN_POINT ( 'NONE',  ( 8.812000000000001165, 16.00000000000000000, 72.84999999999999432 ) ) ;
#874 = ORIENTED_EDGE ( 'NONE', *, *, #5990, .T. ) ;
#875 = EDGE_LOOP ( 'NONE', ( #180, #3084, #5790, #4393 ) ) ;
#876 = FACE_OUTER_BOUND ( 'NONE', #2014, .T. ) ;
#877 = ORIENTED_EDGE ( 'NONE', *, *, #1097, .T. ) ;
#878 = DIRECTION ( 'NONE',  ( 0.000000000000000000, 1.000000000000000000, 0.000000000000000000 ) ) ;
#879 = DIRECTION ( 'NONE',  ( 0.000000000000000000, 1.000000000000000000, -1.387778780781450014E-15 ) ) ;
#880 = EDGE_CURVE ( 'NONE', #2853, #6144, #5413, .T. ) ;
#881 = DIRECTION ( 'NONE',  ( 0.000000000000000000, -1.000000000000000000, 0.000000000000000000 ) ) ;
#882 = AXIS2_PLACEMENT_3D ( 'NONE', #4205, #1554, #5668 ) ;
#883 = DIRECTION ( 'NONE',  ( 0.000000000000000000, 0.000000000000000000, 1.000000000000000000 ) ) ;
#884 = EDGE_CURVE ( 'NONE', #1724, #6002, #2695, .T. ) ;
#885 = DIRECTION ( 'NONE',  ( 0.000000000000000000, 1.000000000000000000, 0.000000000000000000 ) ) ;
#886 = CARTESIAN_POINT ( 'NONE',  ( 8.812000000000001165, -8.049999999999995381, 71.53553390593270933 ) ) ;
#887 = CARTESIAN_POINT ( 'NONE',  ( 7.707674461473529526, -35.35000000000000142, -33.16999999999999460 ) ) ;
#888 = ORIENTED_EDGE ( 'NONE', *, *, #5322, .T. ) ;
#889 = ADVANCED_FACE ( 'NONE', ( #4455 ), #6541, .F. ) ;
#890 = VERTEX_POINT ( 'NONE', #1917 ) ;
#891 = CYLINDRICAL_SURFACE ( 'NONE', #20, 3.000000000000002665 ) ;
#892 = DIRECTION ( 'NONE',  ( 0.000000000000000000, 1.000000000000000000, 0.000000000000000000 ) ) ;
#893 = CARTESIAN_POINT ( 'NONE',  ( 8.812000000000001165, 8.050000000000000711, 64.46446609406729067 ) ) ;
#894 = VECTOR ( 'NONE', #728, 1000.000000000000000 ) ;
#895 = CARTESIAN_POINT ( 'NONE',  ( 6.812000000000000277, 25.05000000000000071, 54.80000000000000426 ) ) ;
#896 = ORIENTED_EDGE ( 'NONE', *, *, #3075, .T. ) ;
#897 = VERTEX_POINT ( 'NONE', #4593 ) ;
#898 = EDGE_CURVE ( 'NONE', #2704, #386, #4066, .T. ) ;
#899 = DIRECTION ( 'NONE',  ( 0.000000000000000000, 0.000000000000000000, 1.000000000000000000 ) ) ;
#900 = DIRECTION ( 'NONE',  ( 0.000000000000000000, 0.000000000000000000, 1.000000000000000000 ) ) ;
#901 = VECTOR ( 'NONE', #3060, 1000.000000000000000 ) ;
#902 = DIRECTION ( 'NONE',  ( 0.000000000000000000, 0.000000000000000000, 1.000000000000000000 ) ) ;
#903 = ORIENTED_EDGE ( 'NONE', *, *, #3185, .F. ) ;
#904 = EDGE_CURVE ( 'NONE', #4742, #5720, #3342, .T. ) ;
#905 = EDGE_CURVE ( 'NONE', #6111, #4827, #4487, .T. ) ;
#906 = ORIENTED_EDGE ( 'NONE', *, *, #4149, .F. ) ;
#907 = CARTESIAN_POINT ( 'NONE',  ( -8.000000000000000000, 4.514466094067260293, 68.00000000000000000 ) ) ;
#908 = CARTESIAN_POINT ( 'NONE',  ( 10.29717893565010023, -33.85000000000000142, -33.16999999999999460 ) ) ;
#909 = VECTOR ( 'NONE', #3470, 1000.000000000000000 ) ;
#910 = ORIENTED_EDGE ( 'NONE', *, *, #1012, .F. ) ;
#911 = LINE ( 'NONE', #6619, #477 ) ;
#912 = DIRECTION ( 'NONE',  ( 0.000000000000000000, 1.000000000000000000, 0.000000000000000000 ) ) ;
#913 = AXIS2_PLACEMENT_3D ( 'NONE', #256, #6025, #2985 ) ;
#914 = CARTESIAN_POINT ( 'NONE',  ( 11.49896230895140015, -26.34999999999999787, -53.36439999999999628 ) ) ;
#915 = CIRCLE ( 'NONE', #371, 9.999999999999998224 ) ;
#916 = AXIS2_PLACEMENT_3D ( 'NONE', #1621, #1133, #66 ) ;
#917 = DIRECTION ( 'NONE',  ( 0.000000000000000000, -1.000000000000000000, 0.000000000000000000 ) ) ;
#918 = ORIENTED_EDGE ( 'NONE', *, *, #4383, .T. ) ;
#919 = DIRECTION ( 'NONE',  ( 0.000000000000000000, -1.000000000000000000, 0.000000000000000000 ) ) ;
#920 = CARTESIAN_POINT ( 'NONE',  ( 16.74896230895139837, -35.36073841047059574, -56.36440000000000339 ) ) ;
#921 = EDGE_CURVE ( 'NONE', #2428, #1080, #4212, .T. ) ;
#922 = DIRECTION ( 'NONE',  ( 0.000000000000000000, 0.000000000000000000, -1.000000000000000000 ) ) ;
#923 = EDGE_LOOP ( 'NONE', ( #5945, #159, #5235, #3392, #6648 ) ) ;
#924 = LINE ( 'NONE', #482, #3235 ) ;
#925 = ADVANCED_FACE ( 'NONE', ( #5546 ), #6094, .F. ) ;
#926 = EDGE_CURVE ( 'NONE', #6239, #1633, #1082, .T. ) ;
#927 = DIRECTION ( 'NONE',  ( 1.000000000000000000, 0.000000000000000000, 0.000000000000000000 ) ) ;
#928 = DIRECTION ( 'NONE',  ( 0.000000000000000000, 0.000000000000000000, 1.000000000000000000 ) ) ;
#929 = LINE ( 'NONE', #1593, #1384 ) ;
#930 = ORIENTED_EDGE ( 'NONE', *, *, #2920, .F. ) ;
#931 = ORIENTED_EDGE ( 'NONE', *, *, #6150, .T. ) ;
#932 = CIRCLE ( 'NONE', #4454, 12.00000000000000355 ) ;
#933 = CIRCLE ( 'NONE', #4346, 2.000000000000001776 ) ;
#934 = CARTESIAN_POINT ( 'NONE',  ( -8.000000000000000000, -4.514466094067260293, 58.00000000000000000 ) ) ;
#935 = CARTESIAN_POINT ( 'NONE',  ( 11.49896230895140015, 33.85000000000000142, -55.36440000000000339 ) ) ;
#936 = LINE ( 'NONE', #1976, #5696 ) ;
#937 = CARTESIAN_POINT ( 'NONE',  ( 5.498962308951449884, -33.85000000000000142, -33.16999999999999460 ) ) ;
#938 = VERTEX_POINT ( 'NONE', #967 ) ;
#939 = CIRCLE ( 'NONE', #4129, 1.000000000000000888 ) ;
#940 = VECTOR ( 'NONE', #581, 1000.000000000000000 ) ;
#941 = EDGE_LOOP ( 'NONE', ( #110, #5690, #5052, #4481 ) ) ;
#942 = DIRECTION ( 'NONE',  ( 0.000000000000000000, 0.000000000000000000, 1.000000000000000000 ) ) ;
#943 = CARTESIAN_POINT ( 'NONE',  ( 5.498962308951449884, -33.85000000000000142, -43.17000000000000171 ) ) ;
#944 = EDGE_CURVE ( 'NONE', #394, #6280, #2601, .T. ) ;
#945 = CARTESIAN_POINT ( 'NONE',  ( 2.000000000000000000, -27.87842712474619944, 72.84999999999999432 ) ) ;
#946 = CARTESIAN_POINT ( 'NONE',  ( 14.12396230895140192, 38.94836669955660113, -51.81776663013170747 ) ) ;
#947 = FACE_OUTER_BOUND ( 'NONE', #1093, .T. ) ;
#948 = DIRECTION ( 'NONE',  ( 0.000000000000000000, 0.000000000000000000, -1.000000000000000000 ) ) ;
#949 = VERTEX_POINT ( 'NONE', #5166 ) ;
#950 = CARTESIAN_POINT ( 'NONE',  ( 9.784582102600332121, 33.74787920837574262, -61.69173498148561663 ) ) ;
#951 = LINE ( 'NONE', #987, #55 ) ;
#952 = CARTESIAN_POINT ( 'NONE',  ( 0.000000000000000000, -6.938893903907229955E-15, -14.74735342352009937 ) ) ;
#953 = VERTEX_POINT ( 'NONE', #423 ) ;
#954 = DIRECTION ( 'NONE',  ( 0.000000000000000000, 1.000000000000000000, 0.000000000000000000 ) ) ;
#955 = CARTESIAN_POINT ( 'NONE',  ( 14.12396230895140192, -33.85000000000000142, -50.81776663013170747 ) ) ;
#956 = PERSON_AND_ORGANIZATION ( #2922, #6230 ) ;
#957 = CARTESIAN_POINT ( 'NONE',  ( 6.812000000000000277, -25.05000000000000071, 54.80000000000000426 ) ) ;
#958 = EDGE_CURVE ( 'NONE', #1988, #6488, #4379, .T. ) ;
#959 = CARTESIAN_POINT ( 'NONE',  ( 21.00000000000000000, -18.70929813558960220, -3.945535108588449802 ) ) ;
#960 = ORIENTED_EDGE ( 'NONE', *, *, #3626, .T. ) ;
#961 = ORIENTED_EDGE ( 'NONE', *, *, #126, .F. ) ;
#962 = CARTESIAN_POINT ( 'NONE',  ( 16.74896230895139837, 33.90188994426890190, -55.36440000000000339 ) ) ;
#963 = DIRECTION ( 'NONE',  ( 0.000000000000000000, -1.000000000000000000, 0.000000000000000000 ) ) ;
#964 = CARTESIAN_POINT ( 'NONE',  ( 6.812000000000000277, -28.04999999999999716, 70.79999999999999716 ) ) ;
#965 = ADVANCED_FACE ( 'NONE', ( #561 ), #5641, .F. ) ;
#966 = CIRCLE ( 'NONE', #4829, 3.000000000000002665 ) ;
#967 = CARTESIAN_POINT ( 'NONE',  ( 8.873962308951309552, -27.85000000000000142, -57.91103336986829930 ) ) ;
#968 = VERTEX_POINT ( 'NONE', #2530 ) ;
#969 = ORIENTED_EDGE ( 'NONE', *, *, #5299, .T. ) ;
#970 = VERTEX_POINT ( 'NONE', #4765 ) ;
#971 = ORIENTED_EDGE ( 'NONE', *, *, #2627, .F. ) ;
#972 = CARTESIAN_POINT ( 'NONE',  ( 0.000000000000000000, 23.05000000000000071, 72.84999999999999432 ) ) ;
#973 =( BOUNDED_CURVE ( )  B_SPLINE_CURVE ( 3, ( #4615, #5030, #2037, #5094 ),
 .UNSPECIFIED., .F., .T. ) 
 B_SPLINE_CURVE_WITH_KNOTS ( ( 4, 4 ),
 ( 1.570796326794896558, 2.896613990462928001 ),
 .UNSPECIFIED. ) 
 CURVE ( )  GEOMETRIC_REPRESENTATION_ITEM ( )  RATIONAL_B_SPLINE_CURVE ( ( 1.000000000000000000, 0.8588036253440729517, 0.8588036253440729517, 1.000000000000000000 ) ) 
 REPRESENTATION_ITEM ( '' )  );
#974 = VECTOR ( 'NONE', #3198, 1000.000000000000000 ) ;
#975 = CARTESIAN_POINT ( 'NONE',  ( 7.126561378538836422, 33.68396988684934712, -60.88402703312728192 ) ) ;
#976 = EDGE_LOOP ( 'NONE', ( #4180, #5201, #2531, #6536, #5862 ) ) ;
#977 = DIRECTION ( 'NONE',  ( 0.000000000000000000, -1.000000000000000000, 0.000000000000000000 ) ) ;
#978 = DIRECTION ( 'NONE',  ( 0.000000000000000000, -1.000000000000000000, 0.000000000000000000 ) ) ;
#979 = EDGE_CURVE ( 'NONE', #6393, #2962, #1043, .T. ) ;
#980 = LINE ( 'NONE', #1123, #5433 ) ;
#981 = VECTOR ( 'NONE', #2121, 1000.000000000000000 ) ;
#982 = ADVANCED_FACE ( 'NONE', ( #6297, #4208, #6705 ), #2154, .T. ) ;
#983 = LINE ( 'NONE', #1056, #255 ) ;
#984 = ORIENTED_EDGE ( 'NONE', *, *, #1138, .T. ) ;
#985 = CIRCLE ( 'NONE', #6582, 15.60844610148000022 ) ;
#986 = DIRECTION ( 'NONE',  ( 0.000000000000000000, 4.947517935049715941E-16, 1.000000000000000000 ) ) ;
#987 = CARTESIAN_POINT ( 'NONE',  ( 8.812000000000001165, 31.25723304703362260, 31.25723304703367944 ) ) ;
#988 = CARTESIAN_POINT ( 'NONE',  ( 15.95182775643320205, -33.82020778469485123, -60.72294124483963174 ) ) ;
#989 = CIRCLE ( 'NONE', #4844, 3.000000000000002665 ) ;
#990 = CARTESIAN_POINT ( 'NONE',  ( 7.218934493587555679, -33.65235608480026741, -61.03466654086558663 ) ) ;
#991 = VERTEX_POINT ( 'NONE', #4104 ) ;
#992 = LINE ( 'NONE', #6281, #1122 ) ;
#993 = DIRECTION ( 'NONE',  ( 0.000000000000000000, 0.000000000000000000, -1.000000000000000000 ) ) ;
#994 = ADVANCED_FACE ( 'NONE', ( #6190 ), #2070, .T. ) ;
#995 = CIRCLE ( 'NONE', #1992, 1.000000000000000888 ) ;
#996 = COORDINATED_UNIVERSAL_TIME_OFFSET ( 8, 0, .AHEAD. ) ;
#997 = CARTESIAN_POINT ( 'NONE',  ( 8.812000000000001165, -10.00000000000000178, 42.00000000000000000 ) ) ;
#998 = CARTESIAN_POINT ( 'NONE',  ( -8.000000000000000000, -7.806255641895628769E-15, 64.46446609406729067 ) ) ;
#999 = ORIENTED_EDGE ( 'NONE', *, *, #1074, .T. ) ;
#1000 = ORIENTED_EDGE ( 'NONE', *, *, #4695, .T. ) ;
#1001 = CARTESIAN_POINT ( 'NONE',  ( 6.812000000000000277, 25.05000000000000071, 54.80000000000000426 ) ) ;
#1002 = DIRECTION ( 'NONE',  ( 0.000000000000000000, 1.000000000000000000, 0.000000000000000000 ) ) ;
#1003 = DIRECTION ( 'NONE',  ( 0.000000000000000000, 0.000000000000000000, -1.000000000000000000 ) ) ;
#1004 = EDGE_CURVE ( 'NONE', #4780, #1743, #1492, .T. ) ;
#1005 = VECTOR ( 'NONE', #3520, 1000.000000000000000 ) ;
#1006 = CARTESIAN_POINT ( 'NONE',  ( 8.873962308951458766, -33.85000000000000142, -50.81776663013170747 ) ) ;
#1007 = ORIENTED_EDGE ( 'NONE', *, *, #380, .T. ) ;
#1008 = ORIENTED_EDGE ( 'NONE', *, *, #6464, .T. ) ;
#1009 = ORIENTED_EDGE ( 'NONE', *, *, #380, .F. ) ;
#1010 = CARTESIAN_POINT ( 'NONE',  ( 16.74896230895139837, 33.85000000000000142, -57.36440000000000339 ) ) ;
#1011 = CARTESIAN_POINT ( 'NONE',  ( 7.143153784755207347, 33.67782022489897287, -60.91343477348075197 ) ) ;
#1012 = EDGE_CURVE ( 'NONE', #5493, #56, #4731, .T. ) ;
#1013 = VERTEX_POINT ( 'NONE', #3690 ) ;
#1014 = CARTESIAN_POINT ( 'NONE',  ( 10.03187936336841979, -33.79412179951869177, -61.54177049786712672 ) ) ;
#1015 = AXIS2_PLACEMENT_3D ( 'NONE', #2817, #3758, #1672 ) ;
#1016 = DIRECTION ( 'NONE',  ( 0.000000000000000000, 0.000000000000000000, -1.000000000000000000 ) ) ;
#1017 = ORIENTED_EDGE ( 'NONE', *, *, #4803, .F. ) ;
#1018 =( BOUNDED_CURVE ( )  B_SPLINE_CURVE ( 3, ( #4657, #4272, #3650, #559 ),
 .UNSPECIFIED., .F., .T. ) 
 B_SPLINE_CURVE_WITH_KNOTS ( ( 4, 4 ),
 ( 1.570796326794887898, 3.141592653589793116 ),
 .UNSPECIFIED. ) 
 CURVE ( )  GEOMETRIC_REPRESENTATION_ITEM ( )  RATIONAL_B_SPLINE_CURVE ( ( 1.000000000000000000, 0.8047378541243628280, 0.8047378541243628280, 1.000000000000000000 ) ) 
 REPRESENTATION_ITEM ( '' )  );
#1019 = CARTESIAN_POINT ( 'NONE',  ( 24.00000000000000000, -7.993605777301130246E-15, 54.46446609406730488 ) ) ;
#1020 = VERTEX_POINT ( 'NONE', #5233 ) ;
#1021 = EDGE_LOOP ( 'NONE', ( #130, #5859, #3685, #4994 ) ) ;
#1022 = CIRCLE ( 'NONE', #1028, 3.000000000000000000 ) ;
#1023 = DIRECTION ( 'NONE',  ( -1.000000000000000000, 0.000000000000000000, 0.000000000000000000 ) ) ;
#1024 = DIRECTION ( 'NONE',  ( 0.000000000000000000, -0.7071067811865482389, 0.7071067811865469066 ) ) ;
#1025 = CIRCLE ( 'NONE', #2897, 2.000000000000001776 ) ;
#1026 = CARTESIAN_POINT ( 'NONE',  ( 6.812000000000000277, -25.05000000000000071, 54.80000000000000426 ) ) ;
#1027 = CARTESIAN_POINT ( 'NONE',  ( 7.183641156466526567, -33.66353409206358549, -60.98165860507430835 ) ) ;
#1028 = AXIS2_PLACEMENT_3D ( 'NONE', #6555, #1856, #2411 ) ;
#1029 = ORIENTED_EDGE ( 'NONE', *, *, #6551, .F. ) ;
#1030 = DIRECTION ( 'NONE',  ( 0.000000000000000000, 0.000000000000000000, 1.000000000000000000 ) ) ;
#1031 = CARTESIAN_POINT ( 'NONE',  ( 6.812000000000000277, -28.04999999999999716, 70.79999999999999716 ) ) ;
#1032 = PERSON_AND_ORGANIZATION_ROLE ( 'creator' ) ;
#1033 = DIRECTION ( 'NONE',  ( 0.000000000000000000, 1.000000000000000000, 0.000000000000000000 ) ) ;
#1034 = ADVANCED_FACE ( 'NONE', ( #2114 ), #457, .T. ) ;
#1035 = CARTESIAN_POINT ( 'NONE',  ( 2.754406743573384553, -19.35192260597815306, 0.9414066585115189456 ) ) ;
#1036 = ORIENTED_EDGE ( 'NONE', *, *, #4734, .T. ) ;
#1037 = EDGE_LOOP ( 'NONE', ( #4526, #2950, #6572, #3423, #2175, #4712, #5278, #6492, #4152, #4426, #6657 ) ) ;
#1038 = CARTESIAN_POINT ( 'NONE',  ( 1.242640687119285436, -33.85000000000000142, -24.17000000000003013 ) ) ;
#1039 = CARTESIAN_POINT ( 'NONE',  ( 11.49896230895140015, 26.34999999999999787, -55.36440000000000339 ) ) ;
#1040 = FACE_OUTER_BOUND ( 'NONE', #289, .T. ) ;
#1041 = VECTOR ( 'NONE', #5158, 1000.000000000000000 ) ;
#1042 = VECTOR ( 'NONE', #674, 1000.000000000000000 ) ;
#1043 = LINE ( 'NONE', #937, #202 ) ;
#1044 = EDGE_LOOP ( 'NONE', ( #2028, #4326, #1202, #3252 ) ) ;
#1045 = ORIENTED_EDGE ( 'NONE', *, *, #2669, .F. ) ;
#1046 = EDGE_LOOP ( 'NONE', ( #3208, #5225, #1634, #1235 ) ) ;
#1047 = LINE ( 'NONE', #3585, #3726 ) ;
#1048 = CARTESIAN_POINT ( 'NONE',  ( 8.572471215966752212, 33.55110066056069940, -61.88958404155459903 ) ) ;
#1049 = ORIENTED_EDGE ( 'NONE', *, *, #3911, .T. ) ;
#1050 = ORIENTED_EDGE ( 'NONE', *, *, #4592, .F. ) ;
#1051 = AXIS2_PLACEMENT_3D ( 'NONE', #4381, #3755, #5848 ) ;
#1052 = CARTESIAN_POINT ( 'NONE',  ( 8.873971673107996949, -33.58620042462769106, -61.91100473731869869 ) ) ;
#1053 = VERTEX_POINT ( 'NONE', #6224 ) ;
#1054 = ADVANCED_FACE ( 'NONE', ( #1526 ), #5707, .F. ) ;
#1055 = LINE ( 'NONE', #5826, #718 ) ;
#1056 = CARTESIAN_POINT ( 'NONE',  ( 0.000000000000000000, -28.94807621135329967, -27.67000000000000171 ) ) ;
#1057 = ORIENTED_EDGE ( 'NONE', *, *, #61, .F. ) ;
#1058 = ORIENTED_EDGE ( 'NONE', *, *, #5354, .T. ) ;
#1059 = DIRECTION ( 'NONE',  ( 0.000000000000000000, 0.000000000000000000, 1.000000000000000000 ) ) ;
#1060 = DIRECTION ( 'NONE',  ( -1.000000000000000000, 0.000000000000000000, 0.000000000000000000 ) ) ;
#1061 = CARTESIAN_POINT ( 'NONE',  ( 15.22932772628342057, -33.69677540904898905, -61.57813041991288827 ) ) ;
#1062 = EDGE_CURVE ( 'NONE', #6333, #6485, #2298, .T. ) ;
#1063 = PLANE ( 'NONE',  #5663 ) ;
#1064 = ORIENTED_EDGE ( 'NONE', *, *, #487, .F. ) ;
#1065 = FACE_OUTER_BOUND ( 'NONE', #1528, .T. ) ;
#1066 = DIRECTION ( 'NONE',  ( 0.000000000000000000, -0.7071067811865480168, -0.7071067811865470176 ) ) ;
#1067 = APPROVAL_DATE_TIME ( #2590, #3377 ) ;
#1068 = CARTESIAN_POINT ( 'NONE',  ( 6.812000000000000277, -23.05000000000000071, 54.80000000000000426 ) ) ;
#1069 = AXIS2_PLACEMENT_3D ( 'NONE', #2266, #3797, #5410 ) ;
#1070 = CARTESIAN_POINT ( 'NONE',  ( 0.000000000000000000, -16.32099170087160189, 0.1911329803868619948 ) ) ;
#1071 = VERTEX_POINT ( 'NONE', #5196 ) ;
#1072 = EDGE_CURVE ( 'NONE', #953, #6219, #2628, .T. ) ;
#1073 = CYLINDRICAL_SURFACE ( 'NONE', #3658, 1.000000000000000888 ) ;
#1074 = EDGE_CURVE ( 'NONE', #4785, #2253, #6454, .T. ) ;
#1075 = DIRECTION ( 'NONE',  ( 0.000000000000000000, -1.000000000000000000, 0.000000000000000000 ) ) ;
#1076 = EDGE_CURVE ( 'NONE', #2953, #3670, #939, .T. ) ;
#1077 = ADVANCED_FACE ( 'NONE', ( #627 ), #2257, .T. ) ;
#1078 = CARTESIAN_POINT ( 'NONE',  ( 32.00000000000000000, -10.00000000000000000, 42.00000000000000000 ) ) ;
#1079 = DIRECTION ( 'NONE',  ( 0.000000000000000000, -1.000000000000000000, 0.000000000000000000 ) ) ;
#1080 = VERTEX_POINT ( 'NONE', #4349 ) ;
#1081 = ORIENTED_EDGE ( 'NONE', *, *, #3305, .T. ) ;
#1082 = CIRCLE ( 'NONE', #530, 2.000000000000001776 ) ;
#1083 = EDGE_LOOP ( 'NONE', ( #1533, #4913, #498, #6761 ) ) ;
#1084 = CARTESIAN_POINT ( 'NONE',  ( 15.46466013823946817, 33.72581873490576498, -61.39636928062434862 ) ) ;
#1085 = CARTESIAN_POINT ( 'NONE',  ( 24.00000000000000000, -25.05000000000000071, 78.00000000000000000 ) ) ;
#1086 = APPROVAL_PERSON_ORGANIZATION ( #6765, #5014, #5694 ) ;
#1087 = ORIENTED_EDGE ( 'NONE', *, *, #2845, .F. ) ;
#1088 = AXIS2_PLACEMENT_3D ( 'NONE', #5603, #1449, #1383 ) ;
#1089 = CARTESIAN_POINT ( 'NONE',  ( 10.13370024253126012, -33.81141943011524376, -61.46550907182081858 ) ) ;
#1090 = ORIENTED_EDGE ( 'NONE', *, *, #5940, .F. ) ;
#1091 = DIRECTION ( 'NONE',  ( 0.000000000000000000, -1.000000000000000000, 0.000000000000000000 ) ) ;
#1092 = ORIENTED_EDGE ( 'NONE', *, *, #926, .T. ) ;
#1093 = EDGE_LOOP ( 'NONE', ( #2427, #1778 ) ) ;
#1094 = CARTESIAN_POINT ( 'NONE',  ( 8.812000000000001165, 28.20723304703363610, 28.20723304703355439 ) ) ;
#1095 = LINE ( 'NONE', #1541, #4286 ) ;
#1096 = CARTESIAN_POINT ( 'NONE',  ( 15.32591623972594164, -33.70741068305597565, -61.51044660831232846 ) ) ;
#1097 = EDGE_CURVE ( 'NONE', #326, #1020, #3789, .T. ) ;
#1098 = CIRCLE ( 'NONE', #5808, 1.000000000000000888 ) ;
#1099 = CARTESIAN_POINT ( 'NONE',  ( 8.527739108710859384, -33.54712854553974211, -61.88220047100006127 ) ) ;
#1100 = ORIENTED_EDGE ( 'NONE', *, *, #4259, .F. ) ;
#1101 = AXIS2_PLACEMENT_3D ( 'NONE', #6773, #6670, #2527 ) ;
#1102 = FACE_BOUND ( 'NONE', #6179, .T. ) ;
#1103 = DIRECTION ( 'NONE',  ( 1.000000000000000000, 0.000000000000000000, 0.000000000000000000 ) ) ;
#1104 = DIRECTION ( 'NONE',  ( 0.000000000000000000, 0.000000000000000000, -1.000000000000000000 ) ) ;
#1105 = CIRCLE ( 'NONE', #2521, 1.000000000000000888 ) ;
#1106 = VECTOR ( 'NONE', #1733, 1000.000000000000000 ) ;
#1107 = DIRECTION ( 'NONE',  ( 1.000000000000000000, 0.000000000000000000, 0.000000000000000000 ) ) ;
#1108 = EDGE_LOOP ( 'NONE', ( #3216, #3798, #5613, #539 ) ) ;
#1109 = AXIS2_PLACEMENT_3D ( 'NONE', #4613, #6696, #5733 ) ;
#1110 = DIRECTION ( 'NONE',  ( 0.000000000000000000, -1.000000000000000000, 0.000000000000000000 ) ) ;
#1111 = CARTESIAN_POINT ( 'NONE',  ( 24.00000000000000000, 25.05000000000000071, 38.80384757729340350 ) ) ;
#1112 = CARTESIAN_POINT ( 'NONE',  ( 6.248962308951460543, -33.85000000000000142, -53.36439999999999628 ) ) ;
#1113 = CARTESIAN_POINT ( 'NONE',  ( 0.8819995079319741249, 18.88382079706783756, 0.8778409670516170715 ) ) ;
#1114 = VERTEX_POINT ( 'NONE', #6466 ) ;
#1115 = CARTESIAN_POINT ( 'NONE',  ( 2.272393124890999871, -19.23141920130759885, 2.134099764656369747 ) ) ;
#1116 = EDGE_LOOP ( 'NONE', ( #2501, #6436, #6373, #2719 ) ) ;
#1117 = CARTESIAN_POINT ( 'NONE',  ( 15.91865779584684581, 33.81245418424273907, -60.79394950058422609 ) ) ;
#1118 = CARTESIAN_POINT ( 'NONE',  ( 7.597546991394334093, 33.56680775339748379, -61.45136980179354680 ) ) ;
#1119 = VERTEX_POINT ( 'NONE', #3276 ) ;
#1120 = CARTESIAN_POINT ( 'NONE',  ( 1.242640687119285214, -26.34999999999999432, -29.16999999999999460 ) ) ;
#1121 = EDGE_LOOP ( 'NONE', ( #2404, #5744, #224, #1765 ) ) ;
#1122 = VECTOR ( 'NONE', #31, 1000.000000000000000 ) ;
#1123 = CARTESIAN_POINT ( 'NONE',  ( 0.000000000000000000, -10.00000000000000000, 27.00000000000000000 ) ) ;
#1124 = EDGE_CURVE ( 'NONE', #843, #5549, #172, .T. ) ;
#1125 = ORIENTED_EDGE ( 'NONE', *, *, #653, .T. ) ;
#1126 = ORIENTED_EDGE ( 'NONE', *, *, #6126, .T. ) ;
#1127 = DIRECTION ( 'NONE',  ( -1.000000000000000000, 0.000000000000000000, 0.000000000000000000 ) ) ;
#1128 = DIRECTION ( 'NONE',  ( 0.000000000000000000, 1.000000000000000000, 0.000000000000000000 ) ) ;
#1129 = CARTESIAN_POINT ( 'NONE',  ( 19.00000000000000000, -33.85000000000000142, -33.16999999999999460 ) ) ;
#1130 = AXIS2_PLACEMENT_3D ( 'NONE', #4916, #747, #4951 ) ;
#1131 = CARTESIAN_POINT ( 'NONE',  ( 7.924145032099270125, -33.53290123718923610, -61.67661878965873967 ) ) ;
#1132 = ORIENTED_EDGE ( 'NONE', *, *, #4724, .F. ) ;
#1133 = DIRECTION ( 'NONE',  ( 0.000000000000000000, -1.000000000000000000, 0.000000000000000000 ) ) ;
#1134 = VECTOR ( 'NONE', #318, 1000.000000000000000 ) ;
#1135 = CARTESIAN_POINT ( 'NONE',  ( -8.000000000000000000, -8.050000000000000711, 61.53553390593270223 ) ) ;
#1136 = CARTESIAN_POINT ( 'NONE',  ( 24.00000000000000000, 28.04999999999999716, 75.00000000000000000 ) ) ;
#1137 = CARTESIAN_POINT ( 'NONE',  ( 1.242640687119273002, 28.04999999999999716, 37.99999999999992895 ) ) ;
#1138 = EDGE_CURVE ( 'NONE', #743, #515, #77, .T. ) ;
#1139 = ORIENTED_EDGE ( 'NONE', *, *, #2510, .T. ) ;
#1140 = ADVANCED_FACE ( 'NONE', ( #179 ), #1180, .F. ) ;
#1141 = CARTESIAN_POINT ( 'NONE',  ( 24.00000000000000000, 30.84999999999999787, -14.74735342352009937 ) ) ;
#1142 = EDGE_CURVE ( 'NONE', #6400, #3144, #4014, .T. ) ;
#1143 = AXIS2_PLACEMENT_3D ( 'NONE', #2111, #6295, #2150 ) ;
#1144 = FACE_OUTER_BOUND ( 'NONE', #47, .T. ) ;
#1145 = CARTESIAN_POINT ( 'NONE',  ( 24.00000000000000000, -3.535533905932739973, 68.00000000000000000 ) ) ;
#1146 = DIRECTION ( 'NONE',  ( 0.000000000000000000, 0.000000000000000000, 1.000000000000000000 ) ) ;
#1147 = ORIENTED_EDGE ( 'NONE', *, *, #5383, .F. ) ;
#1148 = DIRECTION ( 'NONE',  ( 0.000000000000000000, -1.000000000000000000, 0.000000000000000000 ) ) ;
#1149 = CARTESIAN_POINT ( 'NONE',  ( -8.000000000000000000, -8.050000000000000711, 64.46446609406729067 ) ) ;
#1150 = CARTESIAN_POINT ( 'NONE',  ( 15.80931013958741715, 33.78687599473971659, -60.99975339229079907 ) ) ;
#1151 = CIRCLE ( 'NONE', #4114, 1.000000000000000888 ) ;
#1152 = CARTESIAN_POINT ( 'NONE',  ( 5.498962308951449884, -38.85000000000000142, -33.16999999999999460 ) ) ;
#1153 = VERTEX_POINT ( 'NONE', #1704 ) ;
#1154 = CARTESIAN_POINT ( 'NONE',  ( 8.812000000000001165, 11.58553390593270116, 58.00000000000000000 ) ) ;
#1155 = VERTEX_POINT ( 'NONE', #6431 ) ;
#1156 = ORIENTED_EDGE ( 'NONE', *, *, #1615, .F. ) ;
#1157 = EDGE_CURVE ( 'NONE', #509, #5501, #503, .T. ) ;
#1158 = DIRECTION ( 'NONE',  ( 0.000000000000000000, 0.000000000000000000, 1.000000000000000000 ) ) ;
#1159 = LINE ( 'NONE', #4949, #1980 ) ;
#1160 = ADVANCED_FACE ( 'NONE', ( #4903 ), #3722, .T. ) ;
#1161 = EDGE_CURVE ( 'NONE', #5674, #1687, #65, .T. ) ;
#1162 = CARTESIAN_POINT ( 'NONE',  ( 6.248962308951460543, -35.26002323096300017, -55.36440000000000339 ) ) ;
#1163 = ORIENTED_EDGE ( 'NONE', *, *, #3449, .T. ) ;
#1164 = PLANE ( 'NONE',  #6550 ) ;
#1165 = EDGE_LOOP ( 'NONE', ( #1603, #5338, #2051, #236 ) ) ;
#1166 = VECTOR ( 'NONE', #6566, 1000.000000000000000 ) ;
#1167 = DIRECTION ( 'NONE',  ( 1.000000000000000000, 0.000000000000000000, 0.000000000000000000 ) ) ;
#1168 = CARTESIAN_POINT ( 'NONE',  ( 11.49896230895140015, -33.85000000000000142, -55.36440000000000339 ) ) ;
#1169 = DIRECTION ( 'NONE',  ( -1.000000000000000000, 0.000000000000000000, 0.000000000000000000 ) ) ;
#1170 = CARTESIAN_POINT ( 'NONE',  ( 6.812000000000000277, 28.04999999999999716, 54.80000000000000426 ) ) ;
#1171 = PRODUCT ( 'Upper_arm.stp', 'Upper_arm.stp', '', ( #3642 ) ) ;
#1172 = ORIENTED_EDGE ( 'NONE', *, *, #1907, .T. ) ;
#1173 = CARTESIAN_POINT ( 'NONE',  ( 13.83522436681677448, 33.71438413468356288, -61.89047669989118816 ) ) ;
#1174 = EDGE_LOOP ( 'NONE', ( #4572, #3708, #6748, #5643, #1938 ) ) ;
#1175 = PLANE ( 'NONE',  #2766 ) ;
#1176 = CARTESIAN_POINT ( 'NONE',  ( 24.00000000000000000, 26.34999999999999432, -26.68471862576141973 ) ) ;
#1177 = VECTOR ( 'NONE', #2342, 1000.000000000000000 ) ;
#1178 = ADVANCED_FACE ( 'NONE', ( #4867 ), #2741, .F. ) ;
#1179 = EDGE_CURVE ( 'NONE', #4794, #2891, #4090, .T. ) ;
#1180 = PLANE ( 'NONE',  #2492 ) ;
#1181 = VERTEX_POINT ( 'NONE', #2813 ) ;
#1182 = ORIENTED_EDGE ( 'NONE', *, *, #2129, .T. ) ;
#1183 = CARTESIAN_POINT ( 'NONE',  ( 0.000000000000000000, -23.05000000000000071, 72.84999999999999432 ) ) ;
#1184 = EDGE_CURVE ( 'NONE', #4292, #2102, #3689, .T. ) ;
#1185 = CARTESIAN_POINT ( 'NONE',  ( 0.000000000000000000, 6.938893903907229955E-15, -14.74735342352009937 ) ) ;
#1186 = ORIENTED_EDGE ( 'NONE', *, *, #3513, .T. ) ;
#1187 = CARTESIAN_POINT ( 'NONE',  ( 8.812000000000001165, 23.05000000000000071, 72.84999999999999432 ) ) ;
#1188 = VERTEX_POINT ( 'NONE', #3823 ) ;
#1189 = DIRECTION ( 'NONE',  ( 0.000000000000000000, 1.000000000000000000, 0.000000000000000000 ) ) ;
#1190 = ORIENTED_EDGE ( 'NONE', *, *, #5401, .T. ) ;
#1191 = CYLINDRICAL_SURFACE ( 'NONE', #388, 1.000000000000000888 ) ;
#1192 = AXIS2_PLACEMENT_3D ( 'NONE', #3614, #3048, #3182 ) ;
#1193 = EDGE_LOOP ( 'NONE', ( #2270, #6475, #6503, #2607, #2736 ) ) ;
#1194 = ORIENTED_EDGE ( 'NONE', *, *, #5835, .T. ) ;
#1195 = CARTESIAN_POINT ( 'NONE',  ( 24.00000000000000000, -4.514466094067260293, 68.00000000000000000 ) ) ;
#1196 = DIRECTION ( 'NONE',  ( 0.000000000000000000, -2.312964634635739999E-16, -1.000000000000000000 ) ) ;
#1197 = CARTESIAN_POINT ( 'NONE',  ( 24.00000000000000000, 25.05000000000000071, -14.74735342352009937 ) ) ;
#1198 = EDGE_LOOP ( 'NONE', ( #5719, #1915, #3932, #1539, #5922 ) ) ;
#1199 = CARTESIAN_POINT ( 'NONE',  ( 11.49896230895140015, -33.85000000000000142, -43.17000000000000171 ) ) ;
#1200 = ADVANCED_FACE ( 'NONE', ( #5402, #699 ), #3213, .F. ) ;
#1201 = AXIS2_PLACEMENT_3D ( 'NONE', #4471, #4989, #337 ) ;
#1202 = ORIENTED_EDGE ( 'NONE', *, *, #1556, .F. ) ;
#1203 = LINE ( 'NONE', #5426, #1585 ) ;
#1204 = DIRECTION ( 'NONE',  ( 0.000000000000000000, -0.4999999999999998890, 0.8660254037844387076 ) ) ;
#1205 = CARTESIAN_POINT ( 'NONE',  ( 24.00000000000000000, 18.66332092008489951, -3.865900235343620484 ) ) ;
#1206 = AXIS2_PLACEMENT_3D ( 'NONE', #1848, #3463, #745 ) ;
#1207 = EDGE_LOOP ( 'NONE', ( #5738, #6549, #3190, #5173 ) ) ;
#1208 = ADVANCED_FACE ( 'NONE', ( #4023 ), #866, .F. ) ;
#1209 = DIRECTION ( 'NONE',  ( 0.000000000000000000, 1.000000000000000000, 0.000000000000000000 ) ) ;
#1210 = ORIENTED_EDGE ( 'NONE', *, *, #6600, .T. ) ;
#1211 = EDGE_CURVE ( 'NONE', #3444, #5542, #1418, .T. ) ;
#1212 = LINE ( 'NONE', #6496, #4406 ) ;
#1213 = DIRECTION ( 'NONE',  ( 0.000000000000000000, -1.000000000000000000, 0.000000000000000000 ) ) ;
#1214 = VECTOR ( 'NONE', #2952, 1000.000000000000000 ) ;
#1215 = CARTESIAN_POINT ( 'NONE',  ( 14.12396230895140192, -27.85000000000000142, -59.91103336986829930 ) ) ;
#1216 = EDGE_LOOP ( 'NONE', ( #3431, #4599, #2743, #2080 ) ) ;
#1217 = DIRECTION ( 'NONE',  ( 0.000000000000000000, -1.000000000000000000, 0.000000000000000000 ) ) ;
#1218 = LINE ( 'NONE', #5852, #3114 ) ;
#1219 = CARTESIAN_POINT ( 'NONE',  ( 14.12396230895140192, 27.85000000000000142, -50.81776663013170747 ) ) ;
#1220 = ORIENTED_EDGE ( 'NONE', *, *, #4374, .T. ) ;
#1221 = EDGE_CURVE ( 'NONE', #732, #5759, #5334, .T. ) ;
#1222 = LINE ( 'NONE', #3318, #981 ) ;
#1223 = CARTESIAN_POINT ( 'NONE',  ( 24.00000000000000000, -8.050000000000000711, 64.46446609406729067 ) ) ;
#1224 = VERTEX_POINT ( 'NONE', #6014 ) ;
#1225 = LINE ( 'NONE', #4843, #2930 ) ;
#1226 = ORIENTED_EDGE ( 'NONE', *, *, #4645, .T. ) ;
#1227 = ORIENTED_EDGE ( 'NONE', *, *, #6656, .F. ) ;
#1228 = EDGE_CURVE ( 'NONE', #6009, #827, #833, .T. ) ;
#1229 = CARTESIAN_POINT ( 'NONE',  ( 3.000000000000000000, 19.41332092008490307, 0.8350616589797169587 ) ) ;
#1230 = DIRECTION ( 'NONE',  ( 1.000000000000000000, 0.000000000000000000, 0.000000000000000000 ) ) ;
#1231 = DIRECTION ( 'NONE',  ( 0.000000000000000000, 1.000000000000000000, 0.000000000000000000 ) ) ;
#1232 = ORIENTED_EDGE ( 'NONE', *, *, #4645, .F. ) ;
#1233 = VECTOR ( 'NONE', #6799, 1000.000000000000000 ) ;
#1234 = LINE ( 'NONE', #197, #300 ) ;
#1235 = ORIENTED_EDGE ( 'NONE', *, *, #5340, .F. ) ;
#1236 = CARTESIAN_POINT ( 'NONE',  ( 14.12396230895140192, 26.34999999999999787, -51.81776663013170747 ) ) ;
#1237 = LINE ( 'NONE', #4266, #6678 ) ;
#1238 = DIRECTION ( 'NONE',  ( 0.000000000000000000, 1.000000000000000000, 0.000000000000000000 ) ) ;
#1239 = VECTOR ( 'NONE', #3465, 1000.000000000000000 ) ;
#1240 = ORIENTED_EDGE ( 'NONE', *, *, #2204, .T. ) ;
#1241 = VECTOR ( 'NONE', #6558, 1000.000000000000000 ) ;
#1242 = CARTESIAN_POINT ( 'NONE',  ( 13.09365919070276441, 33.80633898415165817, -61.63437423925981307 ) ) ;
#1243 = ORIENTED_EDGE ( 'NONE', *, *, #3717, .F. ) ;
#1244 = DIRECTION ( 'NONE',  ( 0.000000000000000000, 0.000000000000000000, 1.000000000000000000 ) ) ;
#1245 = CARTESIAN_POINT ( 'NONE',  ( 2.754406743573362348, 19.35192260597824898, 22.93448802538800635 ) ) ;
#1246 = VECTOR ( 'NONE', #4353, 1000.000000000000000 ) ;
#1247 = EDGE_CURVE ( 'NONE', #100, #868, #726, .T. ) ;
#1248 = CIRCLE ( 'NONE', #6621, 2.000000000000001776 ) ;
#1249 = DIRECTION ( 'NONE',  ( 1.000000000000000000, 0.000000000000000000, 0.000000000000000000 ) ) ;
#1250 = ORIENTED_EDGE ( 'NONE', *, *, #2158, .F. ) ;
#1251 = AXIS2_PLACEMENT_3D ( 'NONE', #8, #1703, #525 ) ;
#1252 = AXIS2_PLACEMENT_3D ( 'NONE', #95, #4301, #131 ) ;
#1253 = FACE_OUTER_BOUND ( 'NONE', #2973, .T. ) ;
#1254 = FACE_OUTER_BOUND ( 'NONE', #6191, .T. ) ;
#1255 = ORIENTED_EDGE ( 'NONE', *, *, #44, .F. ) ;
#1256 = CARTESIAN_POINT ( 'NONE',  ( 6.248962308951460543, 27.85000000000000142, -55.36440000000000339 ) ) ;
#1257 = ORIENTED_EDGE ( 'NONE', *, *, #2838, .T. ) ;
#1258 = CARTESIAN_POINT ( 'NONE',  ( 24.00000000000000000, 8.050000000000000711, 61.53553390593270223 ) ) ;
#1259 = ORIENTED_EDGE ( 'NONE', *, *, #2074, .F. ) ;
#1260 = CARTESIAN_POINT ( 'NONE',  ( 14.12396230895140192, 38.94836669955660113, -50.81776663013170747 ) ) ;
#1261 = VERTEX_POINT ( 'NONE', #1802 ) ;
#1262 = ORIENTED_EDGE ( 'NONE', *, *, #2948, .F. ) ;
#1263 = CYLINDRICAL_SURFACE ( 'NONE', #1761, 3.000000000000002665 ) ;
#1264 = CARTESIAN_POINT ( 'NONE',  ( 8.873962308951309552, -27.85000000000000142, -61.91103336986829930 ) ) ;
#1265 = LINE ( 'NONE', #3366, #6387 ) ;
#1266 = ORIENTED_EDGE ( 'NONE', *, *, #3242, .F. ) ;
#1267 = EDGE_CURVE ( 'NONE', #5833, #1851, #2356, .T. ) ;
#1268 = DIRECTION ( 'NONE',  ( -0.000000000000000000, 0.8660254037844384856, 0.5000000000000003331 ) ) ;
#1269 = VECTOR ( 'NONE', #6250, 1000.000000000000000 ) ;
#1270 = VECTOR ( 'NONE', #6374, 1000.000000000000000 ) ;
#1271 = EDGE_LOOP ( 'NONE', ( #5683, #3136, #969, #1485 ) ) ;
#1272 = DIRECTION ( 'NONE',  ( 0.000000000000000000, 0.000000000000000000, -1.000000000000000000 ) ) ;
#1273 = DIRECTION ( 'NONE',  ( 0.000000000000000000, -1.000000000000000000, 0.000000000000000000 ) ) ;
#1274 = PLANE ( 'NONE',  #6675 ) ;
#1275 = AXIS2_PLACEMENT_3D ( 'NONE', #6117, #5538, #3919 ) ;
#1276 = VERTEX_POINT ( 'NONE', #2949 ) ;
#1277 = DIRECTION ( 'NONE',  ( 0.000000000000000000, 0.000000000000000000, -1.000000000000000000 ) ) ;
#1278 = FACE_OUTER_BOUND ( 'NONE', #5512, .T. ) ;
#1279 = FACE_OUTER_BOUND ( 'NONE', #4917, .T. ) ;
#1280 = EDGE_CURVE ( 'NONE', #473, #6400, #3383, .T. ) ;
#1281 = FACE_OUTER_BOUND ( 'NONE', #3728, .T. ) ;
#1282 = VERTEX_POINT ( 'NONE', #5098 ) ;
#1283 = ADVANCED_FACE ( 'NONE', ( #1281 ), #5604, .T. ) ;
#1284 = CARTESIAN_POINT ( 'NONE',  ( 6.812000000000000277, 23.05000000000000071, 54.80000000000000426 ) ) ;
#1285 = CARTESIAN_POINT ( 'NONE',  ( 21.00000000000000000, 25.05000000000000071, 75.00000000000000000 ) ) ;
#1286 = EDGE_LOOP ( 'NONE', ( #1210, #1126, #167, #5787, #536, #6045, #3292, #1139 ) ) ;
#1287 = CARTESIAN_POINT ( 'NONE',  ( 8.873962308951309552, 27.85000000000000142, -59.91103336986829930 ) ) ;
#1288 = ORIENTED_EDGE ( 'NONE', *, *, #5498, .T. ) ;
#1289 = CARTESIAN_POINT ( 'NONE',  ( 8.873962308951458766, 27.85000000000000142, -52.81776663013170747 ) ) ;
#1290 = ORIENTED_EDGE ( 'NONE', *, *, #6233, .F. ) ;
#1291 = DIRECTION ( 'NONE',  ( 0.000000000000000000, -1.000000000000000000, 0.000000000000000000 ) ) ;
#1292 = ORIENTED_EDGE ( 'NONE', *, *, #6592, .F. ) ;
#1293 = ORIENTED_EDGE ( 'NONE', *, *, #761, .F. ) ;
#1294 = CARTESIAN_POINT ( 'NONE',  ( 24.00000000000000000, -30.84999999999999787, -24.97384757729340166 ) ) ;
#1295 = CYLINDRICAL_SURFACE ( 'NONE', #1101, 3.000000000000001776 ) ;
#1296 = LINE ( 'NONE', #6414, #4310 ) ;
#1297 = VERTEX_POINT ( 'NONE', #6499 ) ;
#1298 = CARTESIAN_POINT ( 'NONE',  ( 3.000000000000000000, -28.04999999999999716, 75.00000000000000000 ) ) ;
#1299 = DIRECTION ( 'NONE',  ( 0.000000000000000000, 0.000000000000000000, -1.000000000000000000 ) ) ;
#1300 = EDGE_LOOP ( 'NONE', ( #5054, #1293, #1334, #2542 ) ) ;
#1301 = CARTESIAN_POINT ( 'NONE',  ( 14.12396230895140192, -27.85000000000000142, -58.91103336986829930 ) ) ;
#1302 = PLANE ( 'NONE',  #1201 ) ;
#1303 = EDGE_CURVE ( 'NONE', #5841, #5073, #2164, .T. ) ;
#1304 = DIRECTION ( 'NONE',  ( 0.000000000000000000, 0.000000000000000000, 1.000000000000000000 ) ) ;
#1305 = VECTOR ( 'NONE', #6318, 1000.000000000000114 ) ;
#1306 = ORIENTED_EDGE ( 'NONE', *, *, #4315, .T. ) ;
#1307 = CARTESIAN_POINT ( 'NONE',  ( 12.00000000000000000, 21.66332092008489951, 26.93794734194980123 ) ) ;
#1308 = DIRECTION ( 'NONE',  ( 0.000000000000000000, -1.000000000000000000, 0.000000000000000000 ) ) ;
#1309 = AXIS2_PLACEMENT_3D ( 'NONE', #328, #1817, #1922 ) ;
#1310 = CARTESIAN_POINT ( 'NONE',  ( 8.812000000000001165, 26.74276695296634898, 26.74276695296637385 ) ) ;
#1311 = EDGE_CURVE ( 'NONE', #3569, #2606, #6115, .T. ) ;
#1312 = VECTOR ( 'NONE', #712, 1000.000000000000000 ) ;
#1313 = CARTESIAN_POINT ( 'NONE',  ( 0.000000000000000000, -16.32099170087160189, 21.74179491924310170 ) ) ;
#1314 = ORIENTED_EDGE ( 'NONE', *, *, #2637, .T. ) ;
#1315 = DIRECTION ( 'NONE',  ( 0.000000000000000000, -0.7071067811865470176, 0.7071067811865480168 ) ) ;
#1316 = AXIS2_PLACEMENT_3D ( 'NONE', #59, #4190, #2272 ) ;
#1317 = DIRECTION ( 'NONE',  ( -1.000000000000000000, 0.000000000000000000, 0.000000000000000000 ) ) ;
#1318 = EDGE_LOOP ( 'NONE', ( #2188, #5627 ) ) ;
#1319 = DIRECTION ( 'NONE',  ( 0.000000000000000000, 1.734723475976809806E-16, -1.000000000000000000 ) ) ;
#1320 = VECTOR ( 'NONE', #5637, 1000.000000000000000 ) ;
#1321 = CARTESIAN_POINT ( 'NONE',  ( 32.00000000000000000, 10.00000000000000000, 42.00000000000000000 ) ) ;
#1322 = ORIENTED_EDGE ( 'NONE', *, *, #2671, .T. ) ;
#1323 = CARTESIAN_POINT ( 'NONE',  ( 3.000000000000000000, -6.938893903907229955E-15, -14.74735342352009937 ) ) ;
#1324 = AXIS2_PLACEMENT_3D ( 'NONE', #1031, #4684, #5768 ) ;
#1325 = ORIENTED_EDGE ( 'NONE', *, *, #6080, .F. ) ;
#1326 = VERTEX_POINT ( 'NONE', #2426 ) ;
#1327 = FACE_OUTER_BOUND ( 'NONE', #852, .T. ) ;
#1328 = PLANE ( 'NONE',  #1762 ) ;
#1329 = EDGE_CURVE ( 'NONE', #1387, #2472, #1385, .T. ) ;
#1330 = ORIENTED_EDGE ( 'NONE', *, *, #1267, .F. ) ;
#1331 = DIRECTION ( 'NONE',  ( 0.000000000000000000, 1.000000000000000000, 0.000000000000000000 ) ) ;
#1332 = ADVANCED_FACE ( 'NONE', ( #5499 ), #5570, .F. ) ;
#1333 = DIRECTION ( 'NONE',  ( 0.000000000000000000, 1.000000000000000000, 0.000000000000000000 ) ) ;
#1334 = ORIENTED_EDGE ( 'NONE', *, *, #6512, .F. ) ;
#1335 = CARTESIAN_POINT ( 'NONE',  ( 24.00000000000000000, -8.437694987151189707E-15, 71.53553390593270933 ) ) ;
#1336 = CARTESIAN_POINT ( 'NONE',  ( 24.00000000000000000, 26.34999999999999787, -23.16999999999999815 ) ) ;
#1337 = LINE ( 'NONE', #4608, #1685 ) ;
#1338 = LINE ( 'NONE', #4504, #3325 ) ;
#1339 = AXIS2_PLACEMENT_3D ( 'NONE', #5226, #2148, #4726 ) ;
#1340 = ORIENTED_EDGE ( 'NONE', *, *, #4734, .F. ) ;
#1341 = ORIENTED_EDGE ( 'NONE', *, *, #5486, .F. ) ;
#1342 = DIRECTION ( 'NONE',  ( 0.000000000000000000, -0.7071067811865474617, 0.7071067811865474617 ) ) ;
#1343 = AXIS2_PLACEMENT_3D ( 'NONE', #1477, #2942, #3567 ) ;
#1344 = DIRECTION ( 'NONE',  ( 0.000000000000000000, 0.4999999999999998890, -0.8660254037844387076 ) ) ;
#1345 = CARTESIAN_POINT ( 'NONE',  ( 24.00000000000000000, -26.34999999999999787, -29.17000000000000171 ) ) ;
#1346 = EDGE_CURVE ( 'NONE', #2089, #6770, #2717, .T. ) ;
#1347 = EDGE_CURVE ( 'NONE', #2742, #3131, #348, .T. ) ;
#1348 = AXIS2_PLACEMENT_3D ( 'NONE', #5371, #6468, #4933 ) ;
#1349 = PLANE ( 'NONE',  #3904 ) ;
#1350 = ORIENTED_EDGE ( 'NONE', *, *, #2652, .T. ) ;
#1351 = CC_DESIGN_PERSON_AND_ORGANIZATION_ASSIGNMENT ( #4163, #5221, ( #6564 ) ) ;
#1352 = CARTESIAN_POINT ( 'NONE',  ( 8.812000000000001165, 36.25723304703361549, 36.25723304703390681 ) ) ;
#1353 = CARTESIAN_POINT ( 'NONE',  ( 24.00000000000000000, -33.85000000000000142, -24.17000000000000171 ) ) ;
#1354 = CIRCLE ( 'NONE', #2015, 2.999999999999999112 ) ;
#1355 = ORIENTED_EDGE ( 'NONE', *, *, #2240, .T. ) ;
#1356 = DIRECTION ( 'NONE',  ( 1.000000000000000000, 0.000000000000000000, 0.000000000000000000 ) ) ;
#1357 = CIRCLE ( 'NONE', #4884, 1.000000000000000888 ) ;
#1358 = CARTESIAN_POINT ( 'NONE',  ( 6.248962308951460543, 33.80314480719899706, -54.36440000000000339 ) ) ;
#1359 = VERTEX_POINT ( 'NONE', #1871 ) ;
#1360 = EDGE_LOOP ( 'NONE', ( #930, #4673 ) ) ;
#1361 = EDGE_LOOP ( 'NONE', ( #5557, #3677, #1194, #3756 ) ) ;
#1362 = CIRCLE ( 'NONE', #1143, 1.000000000000000888 ) ;
#1363 = CARTESIAN_POINT ( 'NONE',  ( 6.248962308951460543, -33.85000000000000142, -53.36439999999999628 ) ) ;
#1364 = CARTESIAN_POINT ( 'NONE',  ( 24.00000000000000000, 20.42068023296561563, 27.27091191054539721 ) ) ;
#1365 = VERTEX_POINT ( 'NONE', #3958 ) ;
#1366 = DIRECTION ( 'NONE',  ( 0.000000000000000000, 1.000000000000000000, -2.312964634635739999E-16 ) ) ;
#1367 = CARTESIAN_POINT ( 'NONE',  ( 8.812000000000001165, -32.23223304703365244, 32.23223304703366665 ) ) ;
#1368 = ORIENTED_EDGE ( 'NONE', *, *, #6233, .T. ) ;
#1369 = ADVANCED_FACE ( 'NONE', ( #6052 ), #1349, .F. ) ;
#1370 = EDGE_CURVE ( 'NONE', #6153, #1873, #4130, .T. ) ;
#1371 = DIRECTION ( 'NONE',  ( 0.000000000000000000, 0.000000000000000000, -1.000000000000000000 ) ) ;
#1372 = EDGE_CURVE ( 'NONE', #4845, #778, #929, .T. ) ;
#1373 = ORIENTED_EDGE ( 'NONE', *, *, #5667, .T. ) ;
#1374 = FACE_OUTER_BOUND ( 'NONE', #3350, .T. ) ;
#1375 = DIRECTION ( 'NONE',  ( 0.000000000000000000, 0.000000000000000000, -1.000000000000000000 ) ) ;
#1376 = CARTESIAN_POINT ( 'NONE',  ( 16.10595430660429983, 33.85000000000000142, -60.17881634400980317 ) ) ;
#1377 = VECTOR ( 'NONE', #2650, 1000.000000000000000 ) ;
#1378 = VECTOR ( 'NONE', #811, 1000.000000000000114 ) ;
#1379 = ORIENTED_EDGE ( 'NONE', *, *, #3683, .F. ) ;
#1380 = ORIENTED_EDGE ( 'NONE', *, *, #1609, .T. ) ;
#1381 = CARTESIAN_POINT ( 'NONE',  ( -8.000000000000000000, -8.437694987151189707E-15, 71.53553390593270933 ) ) ;
#1382 = DIRECTION ( 'NONE',  ( 0.000000000000000000, 0.000000000000000000, 1.000000000000000000 ) ) ;
#1383 = DIRECTION ( 'NONE',  ( 1.000000000000000000, 0.000000000000000000, 0.000000000000000000 ) ) ;
#1384 = VECTOR ( 'NONE', #520, 1000.000000000000000 ) ;
#1385 = LINE ( 'NONE', #1313, #2383 ) ;
#1386 = ORIENTED_EDGE ( 'NONE', *, *, #4124, .T. ) ;
#1387 = VERTEX_POINT ( 'NONE', #1070 ) ;
#1388 = DIRECTION ( 'NONE',  ( 0.000000000000000000, 0.000000000000000000, -1.000000000000000000 ) ) ;
#1389 = LINE ( 'NONE', #4623, #4511 ) ;
#1390 = FACE_BOUND ( 'NONE', #3070, .T. ) ;
#1391 = EDGE_CURVE ( 'NONE', #813, #3925, #6154, .T. ) ;
#1392 = CARTESIAN_POINT ( 'NONE',  ( 8.812000000000001165, -16.00000000000000000, 52.85000000000000142 ) ) ;
#1393 = EDGE_LOOP ( 'NONE', ( #5476, #2194 ) ) ;
#1394 = EDGE_CURVE ( 'NONE', #3257, #4780, #3068, .T. ) ;
#1395 = ORIENTED_EDGE ( 'NONE', *, *, #2880, .T. ) ;
#1396 = CARTESIAN_POINT ( 'NONE',  ( 14.12396230895140192, -26.34999999999999787, -58.91103336986829930 ) ) ;
#1397 = B_SPLINE_CURVE_WITH_KNOTS ( 'NONE', 3,
 ( #3494, #5078, #368, #2479, #5114, #4569, #6133, #3530, #5618, #401, #2507, #4680, #4193, #3635, #91, #2696, #6245, #6314, #29, #1619, #5832, #5764, #1027, #990, #545, #4230, #479, #3707, #2137, #4784, #5797, #2660, #2728, #3098, #6208, #1131, #5250, #6279, #1099, #6760, #4751, #1545, #4263, #3201, #2062, #3676, #5285, #3233 ),
 .UNSPECIFIED., .F., .F.,
 ( 4, 2, 2, 2, 1, 2, 2, 2, 1, 2, 2, 2, 1, 2, 2, 2, 2, 2, 2, 2, 2, 2, 1, 2, 2, 4 ),
 ( 0.000000000000000000, 0.08077441811571417496, 0.1211616271735712624, 0.1413552317024980853, 0.1615488362314249082, 0.1817424407603517311, 0.1867908418925841030, 0.1893150424586986791, 0.1918392430248132552, 0.2019360452892801083, 0.2423232543471475764, 0.2524200566116157618, 0.2625168588760838917, 0.2827104634050196519, 0.3230976724628913388, 0.3634848815207630812, 0.3735816837852294903, 0.3836784860496957883, 0.4038720905786299942, 0.4846465086943606559, 0.5654209268100913732, 0.6058081358679560102, 0.6159049381324217531, 0.6209533392646551242, 0.6260017403968884953, 0.6461953449258203142 ),
 .UNSPECIFIED. ) ;
#1398 = CARTESIAN_POINT ( 'NONE',  ( 22.75735931288071257, 21.66332092008489596, 26.93794734194973373 ) ) ;
#1399 = ADVANCED_FACE ( 'NONE', ( #3143 ), #5653, .T. ) ;
#1400 = ORIENTED_EDGE ( 'NONE', *, *, #1372, .F. ) ;
#1401 = VECTOR ( 'NONE', #1189, 1000.000000000000000 ) ;
#1402 = CARTESIAN_POINT ( 'NONE',  ( 0.000000000000000000, -25.05000000000000071, 38.80384757729340350 ) ) ;
#1403 = DIRECTION ( 'NONE',  ( 0.000000000000000000, 0.000000000000000000, 1.000000000000000000 ) ) ;
#1404 = LINE ( 'NONE', #1367, #4791 ) ;
#1405 = ORIENTED_EDGE ( 'NONE', *, *, #1650, .F. ) ;
#1406 = DIRECTION ( 'NONE',  ( 0.000000000000000000, -0.7071067811865470176, -0.7071067811865480168 ) ) ;
#1407 = ORIENTED_EDGE ( 'NONE', *, *, #211, .T. ) ;
#1408 = DIRECTION ( 'NONE',  ( 0.000000000000000000, 0.000000000000000000, -1.000000000000000000 ) ) ;
#1409 = LINE ( 'NONE', #2996, #470 ) ;
#1410 = DIRECTION ( 'NONE',  ( 0.000000000000000000, 1.000000000000000000, 0.000000000000000000 ) ) ;
#1411 = ADVANCED_FACE ( 'NONE', ( #6218 ), #4201, .T. ) ;
#1412 = VERTEX_POINT ( 'NONE', #5634 ) ;
#1413 = VECTOR ( 'NONE', #3080, 1000.000000000000000 ) ;
#1414 = PLANE ( 'NONE',  #2004 ) ;
#1415 = DIRECTION ( 'NONE',  ( 0.000000000000000000, -0.7071067811865471286, -0.7071067811865479058 ) ) ;
#1416 = DIRECTION ( 'NONE',  ( -1.000000000000000000, 0.000000000000000000, 0.000000000000000000 ) ) ;
#1417 = EDGE_CURVE ( 'NONE', #5135, #4167, #287, .T. ) ;
#1418 = LINE ( 'NONE', #4448, #2832 ) ;
#1419 = VERTEX_POINT ( 'NONE', #6288 ) ;
#1420 = VERTEX_POINT ( 'NONE', #3607 ) ;
#1421 = EDGE_CURVE ( 'NONE', #798, #6710, #5697, .T. ) ;
#1422 = AXIS2_PLACEMENT_3D ( 'NONE', #4196, #2067, #2624 ) ;
#1423 = CARTESIAN_POINT ( 'NONE',  ( 3.000000000000000000, 33.85000000000000142, -52.17000000000000171 ) ) ;
#1424 = CARTESIAN_POINT ( 'NONE',  ( 6.248962308951460543, -27.85000000000000142, -53.36439999999999628 ) ) ;
#1425 = AXIS2_PLACEMENT_3D ( 'NONE', #2371, #3429, #2929 ) ;
#1426 = DIRECTION ( 'NONE',  ( -1.000000000000000000, 0.000000000000000000, 0.000000000000000000 ) ) ;
#1427 = VERTEX_POINT ( 'NONE', #5126 ) ;
#1428 = VECTOR ( 'NONE', #5131, 1000.000000000000000 ) ;
#1429 = EDGE_CURVE ( 'NONE', #3293, #1155, #2071, .T. ) ;
#1430 = VERTEX_POINT ( 'NONE', #4166 ) ;
#1431 = CARTESIAN_POINT ( 'NONE',  ( 14.12396230895140192, -27.85000000000000142, -52.81776663013170747 ) ) ;
#1432 = VECTOR ( 'NONE', #5328, 1000.000000000000000 ) ;
#1433 = FACE_OUTER_BOUND ( 'NONE', #4891, .T. ) ;
#1434 = ORIENTED_EDGE ( 'NONE', *, *, #864, .T. ) ;
#1435 = DIRECTION ( 'NONE',  ( 0.000000000000000000, -1.734723475976809806E-16, -1.000000000000000000 ) ) ;
#1436 = EDGE_CURVE ( 'NONE', #1633, #6239, #6417, .T. ) ;
#1437 = CARTESIAN_POINT ( 'NONE',  ( 24.00000000000000000, -25.05000000000000071, 38.80384757729340350 ) ) ;
#1438 = EDGE_CURVE ( 'NONE', #3277, #821, #3174, .T. ) ;
#1439 = CARTESIAN_POINT ( 'NONE',  ( 12.97013134227807285, -33.81978126615251057, -61.54467497425031297 ) ) ;
#1440 = AXIS2_PLACEMENT_3D ( 'NONE', #758, #3244, #2353 ) ;
#1441 = DIRECTION ( 'NONE',  ( 0.8944271909999160775, -0.2236067977499789916, 0.3872983346207410915 ) ) ;
#1442 = ORIENTED_EDGE ( 'NONE', *, *, #4964, .T. ) ;
#1443 = CARTESIAN_POINT ( 'NONE',  ( 9.998962308951451661, -38.85000000000000142, -33.16999999999999460 ) ) ;
#1444 = DIRECTION ( 'NONE',  ( -1.000000000000000000, 0.000000000000000000, 0.000000000000000000 ) ) ;
#1445 = LINE ( 'NONE', #5624, #4424 ) ;
#1446 = ORIENTED_EDGE ( 'NONE', *, *, #3457, .F. ) ;
#1447 = CARTESIAN_POINT ( 'NONE',  ( 10.81200000000000117, 23.05000000000000071, 72.84999999999999432 ) ) ;
#1448 = FACE_OUTER_BOUND ( 'NONE', #1037, .T. ) ;
#1449 = DIRECTION ( 'NONE',  ( 0.000000000000000000, 0.000000000000000000, 1.000000000000000000 ) ) ;
#1450 = AXIS2_PLACEMENT_3D ( 'NONE', #6561, #6529, #2909 ) ;
#1451 = DIRECTION ( 'NONE',  ( 1.000000000000000000, 0.000000000000000000, 0.000000000000000000 ) ) ;
#1452 = ORIENTED_EDGE ( 'NONE', *, *, #1491, .F. ) ;
#1453 = LINE ( 'NONE', #6570, #1134 ) ;
#1454 = DIRECTION ( 'NONE',  ( 0.000000000000000000, 0.000000000000000000, -1.000000000000000000 ) ) ;
#1455 = EDGE_CURVE ( 'NONE', #1988, #3670, #2522, .T. ) ;
#1456 = CARTESIAN_POINT ( 'NONE',  ( 10.81200000000000117, 16.00000000000000000, 78.00000000000000000 ) ) ;
#1457 = VECTOR ( 'NONE', #194, 1000.000000000000000 ) ;
#1458 = DIRECTION ( 'NONE',  ( 0.000000000000000000, -1.000000000000000000, 0.000000000000000000 ) ) ;
#1459 = VERTEX_POINT ( 'NONE', #2494 ) ;
#1460 = AXIS2_PLACEMENT_3D ( 'NONE', #4890, #878, #6682 ) ;
#1461 = ORIENTED_EDGE ( 'NONE', *, *, #216, .F. ) ;
#1462 = VERTEX_POINT ( 'NONE', #3645 ) ;
#1463 = DIRECTION ( 'NONE',  ( 0.000000000000000000, 0.000000000000000000, 1.000000000000000000 ) ) ;
#1464 =( BOUNDED_CURVE ( )  B_SPLINE_CURVE ( 3, ( #4206, #1176, #5880, #5742 ),
 .UNSPECIFIED., .F., .T. ) 
 B_SPLINE_CURVE_WITH_KNOTS ( ( 4, 4 ),
 ( 1.570796326794896558, 3.141592653589793116 ),
 .UNSPECIFIED. ) 
 CURVE ( )  GEOMETRIC_REPRESENTATION_ITEM ( )  RATIONAL_B_SPLINE_CURVE ( ( 1.000000000000000000, 0.8047378541243649375, 0.8047378541243649375, 1.000000000000000000 ) ) 
 REPRESENTATION_ITEM ( '' )  );
#1465 = CARTESIAN_POINT ( 'NONE',  ( 22.75735931288071257, -26.34999999999999432, -29.16999999999999460 ) ) ;
#1466 = VECTOR ( 'NONE', #6655, 1000.000000000000000 ) ;
#1467 = ORIENTED_EDGE ( 'NONE', *, *, #2812, .T. ) ;
#1468 = CARTESIAN_POINT ( 'NONE',  ( 8.812000000000001165, -16.00000000000000000, 72.84999999999999432 ) ) ;
#1469 = DIRECTION ( 'NONE',  ( 0.000000000000000000, 0.000000000000000000, 1.000000000000000000 ) ) ;
#1470 = CARTESIAN_POINT ( 'NONE',  ( 13.25776735454116029, -33.78347155803303536, -61.71541276480134286 ) ) ;
#1471 = VECTOR ( 'NONE', #3179, 1000.000000000000000 ) ;
#1472 = VECTOR ( 'NONE', #5628, 1000.000000000000000 ) ;
#1473 = CARTESIAN_POINT ( 'NONE',  ( 0.000000000000000000, 16.11538704883520268, -5.443130372780090376 ) ) ;
#1474 = ORIENTED_EDGE ( 'NONE', *, *, #6738, .T. ) ;
#1475 = DIRECTION ( 'NONE',  ( -1.000000000000000000, 0.000000000000000000, 0.000000000000000000 ) ) ;
#1476 = CARTESIAN_POINT ( 'NONE',  ( 6.812000000000000277, 25.05000000000000071, 70.79999999999999716 ) ) ;
#1477 = CARTESIAN_POINT ( 'NONE',  ( 5.498962308951449884, -33.85000000000000142, -33.16999999999999460 ) ) ;
#1478 = EDGE_CURVE ( 'NONE', #11, #2284, #4617, .T. ) ;
#1479 = ORIENTED_EDGE ( 'NONE', *, *, #1669, .F. ) ;
#1480 = EDGE_CURVE ( 'NONE', #6439, #1910, #3141, .T. ) ;
#1481 = CARTESIAN_POINT ( 'NONE',  ( 16.74896230895139837, -33.85000000000000142, -57.36440000000000339 ) ) ;
#1482 = DIRECTION ( 'NONE',  ( 1.000000000000000000, 0.000000000000000000, 0.000000000000000000 ) ) ;
#1483 = CARTESIAN_POINT ( 'NONE',  ( 14.12396230895140192, 33.85000000000000142, -48.81776663013170037 ) ) ;
#1484 = DIRECTION ( 'NONE',  ( -0.000000000000000000, 1.000000000000000000, 0.000000000000000000 ) ) ;
#1485 = ORIENTED_EDGE ( 'NONE', *, *, #2774, .F. ) ;
#1486 = AXIS2_PLACEMENT_3D ( 'NONE', #4793, #4467, #6422 ) ;
#1487 = CARTESIAN_POINT ( 'NONE',  ( 16.74896230895139837, 27.85000000000000142, -56.36440000000000339 ) ) ;
#1488 = DIRECTION ( 'NONE',  ( 0.000000000000000000, 1.000000000000000000, 0.000000000000000000 ) ) ;
#1489 = CARTESIAN_POINT ( 'NONE',  ( 8.812000000000001165, 8.049999999999998934, 61.53553390593269512 ) ) ;
#1490 = ADVANCED_FACE ( 'NONE', ( #2005, #6185 ), #5664, .F. ) ;
#1491 = EDGE_CURVE ( 'NONE', #778, #3131, #2667, .T. ) ;
#1492 = LINE ( 'NONE', #2079, #5904 ) ;
#1493 = ORIENTED_EDGE ( 'NONE', *, *, #1722, .T. ) ;
#1494 = AXIS2_PLACEMENT_3D ( 'NONE', #3855, #5815, #5336 ) ;
#1495 = ORIENTED_EDGE ( 'NONE', *, *, #1280, .T. ) ;
#1496 = CARTESIAN_POINT ( 'NONE',  ( 21.00000000000000000, 21.66332092008489951, -3.062052658050260057 ) ) ;
#1497 = CARTESIAN_POINT ( 'NONE',  ( 8.873968445256231519, 33.58609540502356339, -61.91105568792249869 ) ) ;
#1498 = EDGE_LOOP ( 'NONE', ( #5582, #614 ) ) ;
#1499 = DIRECTION ( 'NONE',  ( 0.000000000000000000, -0.7071067811865479058, 0.7071067811865472397 ) ) ;
#1500 = DIRECTION ( 'NONE',  ( 0.000000000000000000, 0.000000000000000000, -1.000000000000000000 ) ) ;
#1501 = CARTESIAN_POINT ( 'NONE',  ( 24.00000000000000000, -7.806255641895628769E-15, 71.53553390593270933 ) ) ;
#1502 = EDGE_CURVE ( 'NONE', #1924, #6009, #4653, .T. ) ;
#1503 =( BOUNDED_CURVE ( )  B_SPLINE_CURVE ( 3, ( #398, #1364, #1398, #4463 ),
 .UNSPECIFIED., .F., .F. ) 
 B_SPLINE_CURVE_WITH_KNOTS ( ( 4, 4 ),
 ( 1.570796326794896558, 3.141592653589793116 ),
 .UNSPECIFIED. ) 
 CURVE ( )  GEOMETRIC_REPRESENTATION_ITEM ( )  RATIONAL_B_SPLINE_CURVE ( ( 1.000000000000000000, 0.8047378541243649375, 0.8047378541243649375, 1.000000000000000000 ) ) 
 REPRESENTATION_ITEM ( '' )  );
#1504 = CARTESIAN_POINT ( 'NONE',  ( 24.00000000000000000, -31.25192378864670317, -25.66999999999999815 ) ) ;
#1505 = VERTEX_POINT ( 'NONE', #4341 ) ;
#1506 = CARTESIAN_POINT ( 'NONE',  ( 9.583462043755984539, 33.70848648639596234, -61.78147351618920169 ) ) ;
#1507 = DIRECTION ( 'NONE',  ( 0.000000000000000000, -0.7071067811865470176, 0.7071067811865480168 ) ) ;
#1508 = CARTESIAN_POINT ( 'NONE',  ( 15.51150606726449510, -33.73281855891404746, -61.35305582507464806 ) ) ;
#1509 = VECTOR ( 'NONE', #6450, 1000.000000000000000 ) ;
#1510 = LINE ( 'NONE', #5183, #626 ) ;
#1511 = ORIENTED_EDGE ( 'NONE', *, *, #1347, .T. ) ;
#1512 = DIRECTION ( 'NONE',  ( 0.000000000000000000, 0.000000000000000000, -1.000000000000000000 ) ) ;
#1513 = ADVANCED_FACE ( 'NONE', ( #588, #3240, #2767 ), #4240, .F. ) ;
#1514 = CARTESIAN_POINT ( 'NONE',  ( 6.812000000000000277, 25.05000000000000071, 56.80000000000000426 ) ) ;
#1515 = CALENDAR_DATE ( 2026, 22, 5 ) ;
#1516 = CARTESIAN_POINT ( 'NONE',  ( 8.873962308951458766, -40.45296000281730642, -50.81776663013170747 ) ) ;
#1517 = DIRECTION ( 'NONE',  ( 0.000000000000000000, 0.000000000000000000, -1.000000000000000000 ) ) ;
#1518 = EDGE_LOOP ( 'NONE', ( #5891, #5772, #6580, #693 ) ) ;
#1519 = ORIENTED_EDGE ( 'NONE', *, *, #3119, .F. ) ;
#1520 = DIRECTION ( 'NONE',  ( 0.000000000000000000, 1.000000000000000000, 0.000000000000000000 ) ) ;
#1521 = ADVANCED_FACE ( 'NONE', ( #655 ), #6553, .T. ) ;
#1522 = CARTESIAN_POINT ( 'NONE',  ( 8.544334488007610418, -34.80227744249479827, -43.17000000000000171 ) ) ;
#1523 = APPROVAL_PERSON_ORGANIZATION ( #956, #3377, #5256 ) ;
#1524 = LINE ( 'NONE', #6157, #660 ) ;
#1525 = AXIS2_PLACEMENT_3D ( 'NONE', #4370, #1657, #1692 ) ;
#1526 = FACE_OUTER_BOUND ( 'NONE', #6451, .T. ) ;
#1527 = ORIENTED_EDGE ( 'NONE', *, *, #738, .T. ) ;
#1528 = EDGE_LOOP ( 'NONE', ( #327, #2723, #3102, #3899, #4252, #2533, #2888 ) ) ;
#1529 = LINE ( 'NONE', #6227, #6244 ) ;
#1530 = AXIS2_PLACEMENT_3D ( 'NONE', #2724, #161, #6445 ) ;
#1531 = DIRECTION ( 'NONE',  ( 0.000000000000000000, -1.000000000000000000, 2.312964634635743450E-15 ) ) ;
#1532 = ORIENTED_EDGE ( 'NONE', *, *, #694, .F. ) ;
#1533 = ORIENTED_EDGE ( 'NONE', *, *, #6355, .F. ) ;
#1534 = CYLINDRICAL_SURFACE ( 'NONE', #6175, 12.00000000000000355 ) ;
#1535 = LINE ( 'NONE', #6650, #1830 ) ;
#1536 = CARTESIAN_POINT ( 'NONE',  ( 3.000000000000000000, -25.05000000000000071, 78.00000000000000000 ) ) ;
#1537 = EDGE_LOOP ( 'NONE', ( #3646, #4554 ) ) ;
#1538 = CARTESIAN_POINT ( 'NONE',  ( 12.00000000000000000, 21.66332092008489951, 26.93794734194980123 ) ) ;
#1539 = ORIENTED_EDGE ( 'NONE', *, *, #6344, .T. ) ;
#1540 = LINE ( 'NONE', #3673, #6789 ) ;
#1541 = CARTESIAN_POINT ( 'NONE',  ( 8.812000000000001165, 23.05000000000000071, 52.85000000000000142 ) ) ;
#1542 = ADVANCED_FACE ( 'NONE', ( #621, #1728 ), #4857, .F. ) ;
#1543 = CARTESIAN_POINT ( 'NONE',  ( 15.66049892994213266, -33.75834639960100247, -61.19206706779282712 ) ) ;
#1544 = AXIS2_PLACEMENT_3D ( 'NONE', #5702, #6359, #3146 ) ;
#1545 = CARTESIAN_POINT ( 'NONE',  ( 8.723230992279049190, -33.56695494980230166, -61.90550326308111551 ) ) ;
#1546 = VERTEX_POINT ( 'NONE', #2735 ) ;
#1547 = DIRECTION ( 'NONE',  ( 0.000000000000000000, 0.000000000000000000, -1.000000000000000000 ) ) ;
#1548 = LINE ( 'NONE', #4647, #6044 ) ;
#1549 = AXIS2_PLACEMENT_3D ( 'NONE', #5495, #793, #4997 ) ;
#1550 = DIRECTION ( 'NONE',  ( 1.000000000000000000, 0.000000000000000000, 0.000000000000000000 ) ) ;
#1551 = DIRECTION ( 'NONE',  ( 0.000000000000000000, 1.000000000000000000, 0.000000000000000000 ) ) ;
#1552 = VERTEX_POINT ( 'NONE', #135 ) ;
#1553 = CYLINDRICAL_SURFACE ( 'NONE', #1339, 1.000000000000000888 ) ;
#1554 = DIRECTION ( 'NONE',  ( 0.000000000000000000, 0.4999999999999998890, -0.8660254037844387076 ) ) ;
#1555 = CYLINDRICAL_SURFACE ( 'NONE', #40, 3.000000000000002220 ) ;
#1556 = EDGE_CURVE ( 'NONE', #4780, #4209, #932, .T. ) ;
#1557 = EDGE_CURVE ( 'NONE', #3965, #3131, #1697, .T. ) ;
#1558 = AXIS2_PLACEMENT_3D ( 'NONE', #6113, #5494, #3507 ) ;
#1559 = APPROVAL ( #6802, '未指定' ) ;
#1560 = DIRECTION ( 'NONE',  ( 0.000000000000000000, -1.000000000000000000, 0.000000000000000000 ) ) ;
#1561 = ORIENTED_EDGE ( 'NONE', *, *, #1438, .T. ) ;
#1562 = CIRCLE ( 'NONE', #3000, 2.000000000000001776 ) ;
#1563 = LINE ( 'NONE', #3250, #4866 ) ;
#1564 = ORIENTED_EDGE ( 'NONE', *, *, #3119, .T. ) ;
#1565 = DIRECTION ( 'NONE',  ( -1.000000000000000000, 0.000000000000000000, 0.000000000000000000 ) ) ;
#1566 = ADVANCED_FACE ( 'NONE', ( #1661 ), #2212, .F. ) ;
#1567 = CARTESIAN_POINT ( 'NONE',  ( 6.942859896365702888, 33.76997711489369891, -60.43527490677472258 ) ) ;
#1568 = ORIENTED_EDGE ( 'NONE', *, *, #6212, .T. ) ;
#1569 = ORIENTED_EDGE ( 'NONE', *, *, #3886, .T. ) ;
#1570 = CARTESIAN_POINT ( 'NONE',  ( 9.706035117890877473, -33.73251125597957412, -61.72991406290322658 ) ) ;
#1571 = ORIENTED_EDGE ( 'NONE', *, *, #487, .T. ) ;
#1572 = AXIS2_PLACEMENT_3D ( 'NONE', #4502, #2484, #1375 ) ;
#1573 = CARTESIAN_POINT ( 'NONE',  ( 8.873962308951458766, -33.85000000000000142, -50.81776663013170747 ) ) ;
#1574 = DIRECTION ( 'NONE',  ( 0.000000000000000000, -1.000000000000000000, 0.000000000000000000 ) ) ;
#1575 = ORIENTED_EDGE ( 'NONE', *, *, #5729, .F. ) ;
#1576 = CIRCLE ( 'NONE', #808, 1.000000000000000888 ) ;
#1577 = CARTESIAN_POINT ( 'NONE',  ( 21.00000000000000000, -25.05000000000000071, 75.00000000000000000 ) ) ;
#1578 = CARTESIAN_POINT ( 'NONE',  ( 14.12396230895140192, -29.60289267374360023, -59.91103336986829930 ) ) ;
#1579 = B_SPLINE_CURVE_WITH_KNOTS ( 'NONE', 3,
 ( #5654, #2029, #2615, #5246, #4081, #6311, #6173, #5147, #950, #4639, #6793, #438, #3058, #2546, #4189, #5622, #1506, #6720, #5721, #4117, #1616, #6205, #3596 ),
 .UNSPECIFIED., .F., .F.,
 ( 4, 2, 2, 2, 2, 2, 1, 2, 2, 2, 2, 4 ),
 ( 0.000000000000000000, 0.08965270957171869726, 0.1344790643575795863, 0.1793054191434405031, 0.1849087134916731767, 0.1877103606657884727, 0.1905120078399037131, 0.2017185965363700595, 0.2241317739293036126, 0.2465449513222371936, 0.2689581287151707745, 0.3586108382869061528 ),
 .UNSPECIFIED. ) ;
#1580 = CARTESIAN_POINT ( 'NONE',  ( 15.16281662854948387, -33.69054190566591700, -61.62008052719643558 ) ) ;
#1581 = EDGE_CURVE ( 'NONE', #6427, #2704, #2668, .T. ) ;
#1582 = CIRCLE ( 'NONE', #698, 2.000000000000001776 ) ;
#1583 = FACE_OUTER_BOUND ( 'NONE', #5241, .T. ) ;
#1584 = ADVANCED_FACE ( 'NONE', ( #3781, #5874, #3402 ), #5487, .T. ) ;
#1585 = VECTOR ( 'NONE', #200, 1000.000000000000000 ) ;
#1586 = ADVANCED_FACE ( 'NONE', ( #2146 ), #3207, .F. ) ;
#1587 = ADVANCED_FACE ( 'NONE', ( #1853 ), #2898, .F. ) ;
#1588 = EDGE_LOOP ( 'NONE', ( #2296, #6700, #4109, #4069 ) ) ;
#1589 = DIRECTION ( 'NONE',  ( 0.000000000000000000, -0.7071067811865470176, 0.7071067811865480168 ) ) ;
#1590 = PLANE ( 'NONE',  #1109 ) ;
#1591 = COORDINATED_UNIVERSAL_TIME_OFFSET ( 8, 0, .AHEAD. ) ;
#1592 = CARTESIAN_POINT ( 'NONE',  ( 8.873962308951309552, -33.85000000000000142, -59.91103336986829930 ) ) ;
#1593 = CARTESIAN_POINT ( 'NONE',  ( 0.000000000000000000, 25.05000000000000071, 38.00000000000000000 ) ) ;
#1594 = EDGE_LOOP ( 'NONE', ( #2140, #5421 ) ) ;
#1595 = CARTESIAN_POINT ( 'NONE',  ( 14.12396230895140192, -40.49878592396109411, -50.81776663013170747 ) ) ;
#1596 = LINE ( 'NONE', #2560, #5160 ) ;
#1597 = CARTESIAN_POINT ( 'NONE',  ( 8.873962308951458766, -27.85000000000000142, -50.81776663013170747 ) ) ;
#1598 = AXIS2_PLACEMENT_3D ( 'NONE', #4584, #6665, #1971 ) ;
#1599 = AXIS2_PLACEMENT_3D ( 'NONE', #1260, #639, #2826 ) ;
#1600 = DIRECTION ( 'NONE',  ( 0.000000000000000000, -1.734723475976809806E-16, -1.000000000000000000 ) ) ;
#1601 = EDGE_LOOP ( 'NONE', ( #1257, #3666, #2335, #5758 ) ) ;
#1602 = CARTESIAN_POINT ( 'NONE',  ( 24.00000000000000000, -8.050000000000000711, 61.53553390593270223 ) ) ;
#1603 = ORIENTED_EDGE ( 'NONE', *, *, #1247, .T. ) ;
#1604 = EDGE_CURVE ( 'NONE', #4769, #473, #4416, .T. ) ;
#1605 = CARTESIAN_POINT ( 'NONE',  ( 15.58940288221947945, 33.74567962465761894, -61.27229204240136085 ) ) ;
#1606 = CARTESIAN_POINT ( 'NONE',  ( 21.00000000000000000, 25.05000000000000071, 78.00000000000000000 ) ) ;
#1607 = VERTEX_POINT ( 'NONE', #6586 ) ;
#1608 = AXIS2_PLACEMENT_3D ( 'NONE', #247, #4965, #3516 ) ;
#1609 = EDGE_CURVE ( 'NONE', #4638, #3731, #851, .T. ) ;
#1610 = CARTESIAN_POINT ( 'NONE',  ( 8.873962308951309552, -29.54632342534900147, -60.91103336986829930 ) ) ;
#1611 = VERTEX_POINT ( 'NONE', #3028 ) ;
#1612 = DIRECTION ( 'NONE',  ( 0.000000000000000000, 0.000000000000000000, 1.000000000000000000 ) ) ;
#1613 = DIRECTION ( 'NONE',  ( -0.8366600265340757847, -0.5477225575051659634, 0.000000000000000000 ) ) ;
#1614 = ORIENTED_EDGE ( 'NONE', *, *, #3409, .T. ) ;
#1615 = EDGE_CURVE ( 'NONE', #3306, #4742, #370, .T. ) ;
#1616 = CARTESIAN_POINT ( 'NONE',  ( 9.146810526107090666, 33.62722467840867324, -61.90122218952724609 ) ) ;
#1617 = DIRECTION ( 'NONE',  ( 0.000000000000000000, 0.000000000000000000, -1.000000000000000000 ) ) ;
#1618 = CARTESIAN_POINT ( 'NONE',  ( 15.58915683172176792, -33.74564859956766583, -61.27255878030078406 ) ) ;
#1619 = CARTESIAN_POINT ( 'NONE',  ( 7.112299074758985817, -33.68933402153076173, -60.85824632139529200 ) ) ;
#1620 = ORIENTED_EDGE ( 'NONE', *, *, #3806, .T. ) ;
#1621 = CARTESIAN_POINT ( 'NONE',  ( 8.873962308951458766, -27.85000000000000142, -50.81776663013170747 ) ) ;
#1622 = CARTESIAN_POINT ( 'NONE',  ( 0.000000000000000000, -25.05000000000000071, 72.84999999999999432 ) ) ;
#1623 = COORDINATED_UNIVERSAL_TIME_OFFSET ( 8, 0, .AHEAD. ) ;
#1624 = PLANE ( 'NONE',  #3720 ) ;
#1625 = CIRCLE ( 'NONE', #5236, 2.000000000000001776 ) ;
#1626 = CARTESIAN_POINT ( 'NONE',  ( 12.63751067121507177, -33.85000000000000853, -61.25551487048889499 ) ) ;
#1627 = ORIENTED_EDGE ( 'NONE', *, *, #4874, .F. ) ;
#1628 = CARTESIAN_POINT ( 'NONE',  ( 6.248962308951460543, 27.85000000000000142, -55.36440000000000339 ) ) ;
#1629 = CARTESIAN_POINT ( 'NONE',  ( 2.000000000000000000, -23.05000000000000071, 52.94999999999999574 ) ) ;
#1630 = DIRECTION ( 'NONE',  ( 0.000000000000000000, 0.000000000000000000, 1.000000000000000000 ) ) ;
#1631 = EDGE_CURVE ( 'NONE', #1020, #3277, #1404, .T. ) ;
#1632 = CARTESIAN_POINT ( 'NONE',  ( 11.20074568225280132, -34.85000000000000142, -33.16999999999999460 ) ) ;
#1633 = VERTEX_POINT ( 'NONE', #914 ) ;
#1634 = ORIENTED_EDGE ( 'NONE', *, *, #5639, .T. ) ;
#1635 = CARTESIAN_POINT ( 'NONE',  ( 15.94293044095170941, 33.81816936131940565, -60.74251317065036915 ) ) ;
#1636 = DIRECTION ( 'NONE',  ( 1.000000000000000000, 0.000000000000000000, 0.000000000000000000 ) ) ;
#1637 = SECURITY_CLASSIFICATION ( '', '', #2665 ) ;
#1638 = ORIENTED_EDGE ( 'NONE', *, *, #6565, .T. ) ;
#1639 = VECTOR ( 'NONE', #4719, 1000.000000000000000 ) ;
#1640 = CARTESIAN_POINT ( 'NONE',  ( 9.741186117849606418, -33.73942939515647055, -61.71327944046959146 ) ) ;
#1641 = ORIENTED_EDGE ( 'NONE', *, *, #1944, .F. ) ;
#1642 = ADVANCED_FACE ( 'NONE', ( #2408 ), #5115, .F. ) ;
#1643 = DIRECTION ( 'NONE',  ( 0.000000000000000000, 0.5000000000000003331, -0.8660254037844383745 ) ) ;
#1644 = ORIENTED_EDGE ( 'NONE', *, *, #3715, .F. ) ;
#1645 = AXIS2_PLACEMENT_3D ( 'NONE', #96, #3238, #3301 ) ;
#1646 = EDGE_LOOP ( 'NONE', ( #2587, #404, #6405, #6186, #823, #4880, #4373, #628, #3437, #673 ) ) ;
#1647 = CARTESIAN_POINT ( 'NONE',  ( 6.248962308951460543, -33.85000000000000142, -55.36440000000000339 ) ) ;
#1648 = CARTESIAN_POINT ( 'NONE',  ( 15.86946407906783918, -33.80086647993429239, -60.89125944321585848 ) ) ;
#1649 = EDGE_CURVE ( 'NONE', #1901, #4705, #3034, .T. ) ;
#1650 = EDGE_CURVE ( 'NONE', #386, #3197, #402, .T. ) ;
#1651 = CIRCLE ( 'NONE', #2316, 3.000000000000000444 ) ;
#1652 = CARTESIAN_POINT ( 'NONE',  ( 6.248962308951460543, 27.85000000000000142, -57.36440000000000339 ) ) ;
#1653 = ADVANCED_FACE ( 'NONE', ( #947, #5556 ), #3496, .F. ) ;
#1654 = ORIENTED_EDGE ( 'NONE', *, *, #2331, .F. ) ;
#1655 = VECTOR ( 'NONE', #1230, 1000.000000000000000 ) ;
#1656 = LINE ( 'NONE', #5902, #1916 ) ;
#1657 = DIRECTION ( 'NONE',  ( 0.000000000000000000, 1.000000000000000000, 0.000000000000000000 ) ) ;
#1658 = CARTESIAN_POINT ( 'NONE',  ( 0.000000000000000000, 0.000000000000000000, 0.000000000000000000 ) ) ;
#1659 = CARTESIAN_POINT ( 'NONE',  ( -8.000000000000000000, -8.050000000000000711, 54.46446609406730488 ) ) ;
#1660 = AXIS2_PLACEMENT_3D ( 'NONE', #4727, #7, #5162 ) ;
#1661 = FACE_OUTER_BOUND ( 'NONE', #1796, .T. ) ;
#1662 = VERTEX_POINT ( 'NONE', #5589 ) ;
#1663 = AXIS2_PLACEMENT_3D ( 'NONE', #381, #1968, #831 ) ;
#1664 = LINE ( 'NONE', #5431, #894 ) ;
#1665 = CARTESIAN_POINT ( 'NONE',  ( 21.00000000000000000, 33.85000000000000142, -24.17000000000000171 ) ) ;
#1666 = CYLINDRICAL_SURFACE ( 'NONE', #1251, 2.000000000000001776 ) ;
#1667 = DIRECTION ( 'NONE',  ( 0.000000000000000000, 0.000000000000000000, -1.000000000000000000 ) ) ;
#1668 = ORIENTED_EDGE ( 'NONE', *, *, #4821, .F. ) ;
#1669 = EDGE_CURVE ( 'NONE', #4036, #4845, #607, .T. ) ;
#1670 = ORIENTED_EDGE ( 'NONE', *, *, #1157, .F. ) ;
#1671 = EDGE_CURVE ( 'NONE', #3974, #1430, #4570, .T. ) ;
#1672 = DIRECTION ( 'NONE',  ( 0.000000000000000000, 0.000000000000000000, 1.000000000000000000 ) ) ;
#1673 = EDGE_CURVE ( 'NONE', #3197, #394, #5329, .T. ) ;
#1674 = EDGE_LOOP ( 'NONE', ( #1966, #5281, #4474 ) ) ;
#1675 = CARTESIAN_POINT ( 'NONE',  ( 14.36723885502436282, 33.67471735253253229, -61.89710464308053872 ) ) ;
#1676 = CARTESIAN_POINT ( 'NONE',  ( 6.879481956451311220, 33.82081094970473600, -60.07735561250944301 ) ) ;
#1677 = CARTESIAN_POINT ( 'NONE',  ( -8.000000000000000000, -3.535533905932739973, 68.00000000000000000 ) ) ;
#1678 = EDGE_LOOP ( 'NONE', ( #2312, #2730, #3109, #5807 ) ) ;
#1679 = CARTESIAN_POINT ( 'NONE',  ( 6.812000000000000277, 47.09676282616089793, 55.80000000000000426 ) ) ;
#1680 = AXIS2_PLACEMENT_3D ( 'NONE', #3979, #6078, #857 ) ;
#1681 = EDGE_LOOP ( 'NONE', ( #6118, #5275, #361, #1771 ) ) ;
#1682 = CARTESIAN_POINT ( 'NONE',  ( 24.00000000000000000, -10.00000000000000000, 27.00000000000000000 ) ) ;
#1683 = CARTESIAN_POINT ( 'NONE',  ( 24.00000000000000000, -18.66332092008489951, 27.74179491924309815 ) ) ;
#1684 = DIRECTION ( 'NONE',  ( 0.000000000000000000, -1.000000000000000000, 0.000000000000000000 ) ) ;
#1685 = VECTOR ( 'NONE', #856, 1000.000000000000114 ) ;
#1686 = CARTESIAN_POINT ( 'NONE',  ( 16.74896230895139837, -35.36073841047059574, -54.36440000000000339 ) ) ;
#1687 = VERTEX_POINT ( 'NONE', #2935 ) ;
#1688 = CARTESIAN_POINT ( 'NONE',  ( 9.092057045512770941, -35.63893746902890314, -43.17000000000000171 ) ) ;
#1689 = AXIS2_PLACEMENT_3D ( 'NONE', #2359, #3482, #3419 ) ;
#1690 = VECTOR ( 'NONE', #6101, 1000.000000000000000 ) ;
#1691 = EDGE_CURVE ( 'NONE', #6500, #2231, #5019, .T. ) ;
#1692 = DIRECTION ( 'NONE',  ( 0.000000000000000000, 0.000000000000000000, 1.000000000000000000 ) ) ;
#1693 = CARTESIAN_POINT ( 'NONE',  ( 0.000000000000000000, -25.05000000000000071, 52.94999999999999574 ) ) ;
#1694 =( BOUNDED_CURVE ( )  B_SPLINE_CURVE ( 3, ( #4377, #4928, #6461, #2739 ),
 .UNSPECIFIED., .F., .F. ) 
 B_SPLINE_CURVE_WITH_KNOTS ( ( 4, 4 ),
 ( 0.000000000000000000, 1.570796326794896558 ),
 .UNSPECIFIED. ) 
 CURVE ( )  GEOMETRIC_REPRESENTATION_ITEM ( )  RATIONAL_B_SPLINE_CURVE ( ( 1.000000000000000000, 0.8047378541243649375, 0.8047378541243649375, 1.000000000000000000 ) ) 
 REPRESENTATION_ITEM ( '' )  );
#1695 = AXIS2_PLACEMENT_3D ( 'NONE', #4746, #3829, #4451 ) ;
#1696 = EDGE_CURVE ( 'NONE', #461, #2155, #4255, .T. ) ;
#1697 = LINE ( 'NONE', #5906, #1936 ) ;
#1698 = ORIENTED_EDGE ( 'NONE', *, *, #6406, .T. ) ;
#1699 = CARTESIAN_POINT ( 'NONE',  ( 6.812000000000000277, -25.05000000000000071, 55.80000000000000426 ) ) ;
#1700 = ORIENTED_EDGE ( 'NONE', *, *, #1981, .F. ) ;
#1701 = AXIS2_PLACEMENT_3D ( 'NONE', #661, #4309, #3211 ) ;
#1702 = CARTESIAN_POINT ( 'NONE',  ( 0.000000000000000000, -16.00000000000000000, 78.00000000000000000 ) ) ;
#1703 = DIRECTION ( 'NONE',  ( 0.000000000000000000, 1.000000000000000000, 0.000000000000000000 ) ) ;
#1704 = CARTESIAN_POINT ( 'NONE',  ( 0.000000000000000000, 16.00000000000000000, 42.00000000000000000 ) ) ;
#1705 = ORIENTED_EDGE ( 'NONE', *, *, #5686, .T. ) ;
#1706 = ORIENTED_EDGE ( 'NONE', *, *, #3378, .T. ) ;
#1707 = PLANE ( 'NONE',  #128 ) ;
#1708 = VERTEX_POINT ( 'NONE', #6236 ) ;
#1709 = EDGE_CURVE ( 'NONE', #1419, #5513, #5208, .T. ) ;
#1710 = DIRECTION ( 'NONE',  ( 0.000000000000000000, -1.000000000000000000, 0.000000000000000000 ) ) ;
#1711 = B_SPLINE_CURVE_WITH_KNOTS ( 'NONE', 3,
 ( #1497, #428, #3121, #15, #5200, #566, #2019, #2682, #1048, #5822, #4737, #4108, #2161, #501, #5748, #6303, #465, #1118, #4698, #3621, #3586, #5238, #532, #5272, #4666, #6781, #6197, #4772, #5676, #4251, #1011, #975, #6332, #2605, #3087, #2122, #3727, #2084, #5171, #4215, #6746, #2050, #4143, #6228, #6263, #1567, #3662, #3154, #2716, #3220, #1676, #6370, #5310, #4806 ),
 .UNSPECIFIED., .F., .F.,
 ( 4, 2, 1, 1, 1, 2, 2, 2, 2, 2, 1, 2, 2, 2, 2, 2, 2, 2, 2, 2, 2, 2, 2, 2, 1, 1, 2, 2, 2, 4 ),
 ( 0.3586108382869061528, 0.3611162646998480885, 0.3636216911127900242, 0.3686325439386734515, 0.3786542495904388073, 0.3986976608939705180, 0.4387844835010347722, 0.4788713061080989708, 0.5189581287151632250, 0.5991317739292899569, 0.6191751852328233330, 0.6241860380587060941, 0.6291968908845888553, 0.6392185965363539335, 0.6793054191434095834, 0.7193922417504652334, 0.7394356530539932804, 0.7494573587057583586, 0.7544682115316423410, 0.7594790643575263234, 0.7995658869646011802, 0.8095875926163702552, 0.8120930190293116357, 0.8145984454422530163, 0.8196092982681384420, 0.8396527095716788125, 0.8596961208752191830, 0.8797395321787595535, 0.9198263547858407385, 1.000000000000000000 ),
 .UNSPECIFIED. ) ;
#1712 = EDGE_CURVE ( 'NONE', #2253, #1224, #53, .T. ) ;
#1713 = ORIENTED_EDGE ( 'NONE', *, *, #1303, .F. ) ;
#1714 = DIRECTION ( 'NONE',  ( 0.000000000000000000, -6.736790197968200114E-16, -1.000000000000000000 ) ) ;
#1715 = EDGE_LOOP ( 'NONE', ( #2217, #334, #1322, #1446 ) ) ;
#1716 = LINE ( 'NONE', #2268, #2153 ) ;
#1717 = ORIENTED_EDGE ( 'NONE', *, *, #6430, .T. ) ;
#1718 = CARTESIAN_POINT ( 'NONE',  ( 8.873962308951309552, -33.85000000000000142, -59.91103336986829930 ) ) ;
#1719 = DIRECTION ( 'NONE',  ( 0.000000000000000000, 0.000000000000000000, 1.000000000000000000 ) ) ;
#1720 = DIRECTION ( 'NONE',  ( 0.000000000000000000, 0.000000000000000000, 1.000000000000000000 ) ) ;
#1721 = EDGE_LOOP ( 'NONE', ( #1259, #1306, #5616, #6039 ) ) ;
#1722 = EDGE_CURVE ( 'NONE', #6576, #5878, #2822, .T. ) ;
#1723 = DIRECTION ( 'NONE',  ( 0.000000000000000000, -2.973811673103100130E-16, 1.000000000000000000 ) ) ;
#1724 = VERTEX_POINT ( 'NONE', #537 ) ;
#1725 = DIRECTION ( 'NONE',  ( 1.000000000000000000, 0.000000000000000000, 0.000000000000000000 ) ) ;
#1726 = CARTESIAN_POINT ( 'NONE',  ( 3.000000000000000000, 18.70929813558960220, -3.945535108588449802 ) ) ;
#1727 = DIRECTION ( 'NONE',  ( -0.000000000000000000, 1.000000000000000000, 0.000000000000000000 ) ) ;
#1728 = FACE_BOUND ( 'NONE', #5382, .T. ) ;
#1729 = ORIENTED_EDGE ( 'NONE', *, *, #3185, .T. ) ;
#1730 = EDGE_CURVE ( 'NONE', #1738, #52, #3681, .T. ) ;
#1731 = FACE_OUTER_BOUND ( 'NONE', #3608, .T. ) ;
#1732 = ORIENTED_EDGE ( 'NONE', *, *, #211, .F. ) ;
#1733 = DIRECTION ( 'NONE',  ( 0.000000000000000000, 2.312964634635739999E-16, -1.000000000000000000 ) ) ;
#1734 = DIRECTION ( 'NONE',  ( -1.000000000000000000, 0.000000000000000000, 0.000000000000000000 ) ) ;
#1735 = AXIS2_PLACEMENT_3D ( 'NONE', #62, #6345, #3742 ) ;
#1736 = VECTOR ( 'NONE', #1499, 1000.000000000000000 ) ;
#1737 = CARTESIAN_POINT ( 'NONE',  ( 8.812000000000001165, 35.76776695296634756, 35.76776695296646125 ) ) ;
#1738 = VERTEX_POINT ( 'NONE', #4810 ) ;
#1739 = EDGE_CURVE ( 'NONE', #2231, #2333, #1055, .T. ) ;
#1740 = DIRECTION ( 'NONE',  ( 0.000000000000000000, 2.312964634635739999E-16, -1.000000000000000000 ) ) ;
#1741 = CARTESIAN_POINT ( 'NONE',  ( 8.873962308951458766, 33.85000000000000142, -50.81776663013170747 ) ) ;
#1742 = CARTESIAN_POINT ( 'NONE',  ( 8.873962308951458766, 33.85000000000000142, -48.81776663013170037 ) ) ;
#1743 = VERTEX_POINT ( 'NONE', #4289 ) ;
#1744 = DIRECTION ( 'NONE',  ( 0.000000000000000000, 1.000000000000000000, 0.000000000000000000 ) ) ;
#1745 = CARTESIAN_POINT ( 'NONE',  ( 6.812000000000000277, -25.05000000000000071, 70.79999999999999716 ) ) ;
#1746 = VERTEX_POINT ( 'NONE', #1501 ) ;
#1747 = FACE_BOUND ( 'NONE', #6460, .T. ) ;
#1748 = AXIS2_PLACEMENT_3D ( 'NONE', #1006, #526, #9 ) ;
#1749 = ORIENTED_EDGE ( 'NONE', *, *, #26, .F. ) ;
#1750 = CARTESIAN_POINT ( 'NONE',  ( 16.74896230895139837, 33.85000000000000142, -55.36440000000000339 ) ) ;
#1751 = CARTESIAN_POINT ( 'NONE',  ( 3.000000000000000000, -6.938893903907229955E-15, -14.74735342352009937 ) ) ;
#1752 = DIRECTION ( 'NONE',  ( 0.000000000000000000, 1.000000000000000000, 0.000000000000000000 ) ) ;
#1753 = VECTOR ( 'NONE', #3791, 1000.000000000000000 ) ;
#1754 = DIRECTION ( 'NONE',  ( 1.000000000000000000, 0.000000000000000000, 0.000000000000000000 ) ) ;
#1755 = AXIS2_PLACEMENT_3D ( 'NONE', #1726, #1204, #687 ) ;
#1756 = ORIENTED_EDGE ( 'NONE', *, *, #5867, .F. ) ;
#1757 = EDGE_CURVE ( 'NONE', #3030, #3724, #3893, .T. ) ;
#1758 = FACE_BOUND ( 'NONE', #1498, .T. ) ;
#1759 = CARTESIAN_POINT ( 'NONE',  ( 14.12396230895140192, 33.85000000000000142, -57.91103336986829930 ) ) ;
#1760 = FACE_BOUND ( 'NONE', #267, .T. ) ;
#1761 = AXIS2_PLACEMENT_3D ( 'NONE', #3364, #6031, #4491 ) ;
#1762 = AXIS2_PLACEMENT_3D ( 'NONE', #3430, #3396, #5515 ) ;
#1763 = ORIENTED_EDGE ( 'NONE', *, *, #2240, .F. ) ;
#1764 = CYLINDRICAL_SURFACE ( 'NONE', #4430, 2.000000000000001776 ) ;
#1765 = ORIENTED_EDGE ( 'NONE', *, *, #6701, .F. ) ;
#1766 = CARTESIAN_POINT ( 'NONE',  ( 14.12396230895140192, 27.85000000000000142, -58.91103336986829930 ) ) ;
#1767 = AXIS2_PLACEMENT_3D ( 'NONE', #2666, #6286, #518 ) ;
#1768 = CYLINDRICAL_SURFACE ( 'NONE', #4216, 0.9999999999999991118 ) ;
#1769 = VECTOR ( 'NONE', #4828, 1000.000000000000000 ) ;
#1770 = DIRECTION ( 'NONE',  ( 0.000000000000000000, -1.000000000000000000, 0.000000000000000000 ) ) ;
#1771 = ORIENTED_EDGE ( 'NONE', *, *, #254, .F. ) ;
#1772 = DIRECTION ( 'NONE',  ( 0.000000000000000000, 0.8660254037844385966, -0.5000000000000000000 ) ) ;
#1773 = SPHERICAL_SURFACE ( 'NONE', #3012, 3.000000000000000000 ) ;
#1774 = VERTEX_POINT ( 'NONE', #4184 ) ;
#1775 = EDGE_CURVE ( 'NONE', #394, #4219, #980, .T. ) ;
#1776 = CARTESIAN_POINT ( 'NONE',  ( 0.000000000000000000, 16.00000000000000000, 72.84999999999999432 ) ) ;
#1777 = FACE_OUTER_BOUND ( 'NONE', #1198, .T. ) ;
#1778 = ORIENTED_EDGE ( 'NONE', *, *, #506, .T. ) ;
#1779 = CYLINDRICAL_SURFACE ( 'NONE', #3035, 2.999999999999999112 ) ;
#1780 = EDGE_LOOP ( 'NONE', ( #5553, #229, #2336, #2783 ) ) ;
#1781 = ORIENTED_EDGE ( 'NONE', *, *, #3079, .T. ) ;
#1782 = CYLINDRICAL_SURFACE ( 'NONE', #6356, 2.999999999999999112 ) ;
#1783 = CARTESIAN_POINT ( 'NONE',  ( 6.812000000000000277, -28.04999999999999716, 54.80000000000000426 ) ) ;
#1784 = LINE ( 'NONE', #782, #5725 ) ;
#1785 = ORIENTED_EDGE ( 'NONE', *, *, #725, .F. ) ;
#1786 = AXIS2_PLACEMENT_3D ( 'NONE', #5090, #343, #2459 ) ;
#1787 = CARTESIAN_POINT ( 'NONE',  ( 8.812000000000001165, 34.79276695296634614, 34.79276695296637456 ) ) ;
#1788 = ORIENTED_EDGE ( 'NONE', *, *, #6577, .T. ) ;
#1789 = LINE ( 'NONE', #822, #1913 ) ;
#1790 = CARTESIAN_POINT ( 'NONE',  ( 8.873962308951309552, 26.34999999999999787, -59.91103336986829930 ) ) ;
#1791 = ADVANCED_FACE ( 'NONE', ( #3700 ), #4222, .F. ) ;
#1792 = DIRECTION ( 'NONE',  ( 1.000000000000000000, 0.000000000000000000, 0.000000000000000000 ) ) ;
#1793 = VECTOR ( 'NONE', #1636, 1000.000000000000000 ) ;
#1794 = EDGE_CURVE ( 'NONE', #1181, #1546, #2054, .T. ) ;
#1795 = EDGE_CURVE ( 'NONE', #799, #4912, #6638, .T. ) ;
#1796 = EDGE_LOOP ( 'NONE', ( #4224, #4094, #4459, #16 ) ) ;
#1797 = CARTESIAN_POINT ( 'NONE',  ( 12.00000000000000000, 26.34999999999999432, -64.17000000000000171 ) ) ;
#1798 = CARTESIAN_POINT ( 'NONE',  ( 24.00000000000000000, 28.04999999999999716, 38.00000000000000000 ) ) ;
#1799 = CARTESIAN_POINT ( 'NONE',  ( 6.812000000000000277, 31.92502365627499472, 71.79999999999999716 ) ) ;
#1800 = VECTOR ( 'NONE', #5973, 1000.000000000000000 ) ;
#1801 = VECTOR ( 'NONE', #2890, 1000.000000000000000 ) ;
#1802 = CARTESIAN_POINT ( 'NONE',  ( 3.000000000000000000, 19.41332092008490307, 0.8350616589797169587 ) ) ;
#1803 = VERTEX_POINT ( 'NONE', #6786 ) ;
#1804 = CIRCLE ( 'NONE', #5311, 9.000000000000001776 ) ;
#1805 = AXIS2_PLACEMENT_3D ( 'NONE', #4818, #2313, #3811 ) ;
#1806 = DIRECTION ( 'NONE',  ( -1.000000000000000000, 0.000000000000000000, 0.000000000000000000 ) ) ;
#1807 = DIRECTION ( 'NONE',  ( 0.000000000000000000, -1.000000000000000000, 0.000000000000000000 ) ) ;
#1808 = ORIENTED_EDGE ( 'NONE', *, *, #3866, .F. ) ;
#1809 = CARTESIAN_POINT ( 'NONE',  ( 10.51974270350149787, -33.85000000000000142, -61.04743422032309752 ) ) ;
#1810 = ORIENTED_EDGE ( 'NONE', *, *, #3590, .F. ) ;
#1811 = CARTESIAN_POINT ( 'NONE',  ( 14.12396230895140192, 33.85000000000000142, -50.81776663013170747 ) ) ;
#1812 = ORIENTED_EDGE ( 'NONE', *, *, #3988, .T. ) ;
#1813 = DIRECTION ( 'NONE',  ( 0.000000000000000000, 0.000000000000000000, 1.000000000000000000 ) ) ;
#1814 = ADVANCED_FACE ( 'NONE', ( #573 ), #5276, .F. ) ;
#1815 = VERTEX_POINT ( 'NONE', #2686 ) ;
#1816 = ORIENTED_EDGE ( 'NONE', *, *, #5937, .T. ) ;
#1817 = DIRECTION ( 'NONE',  ( 0.000000000000000000, 1.000000000000000000, -1.156482317317869999E-16 ) ) ;
#1818 = DIRECTION ( 'NONE',  ( 0.000000000000000000, 0.000000000000000000, 1.000000000000000000 ) ) ;
#1819 = DIRECTION ( 'NONE',  ( 0.000000000000000000, 0.000000000000000000, -1.000000000000000000 ) ) ;
#1820 = EDGE_LOOP ( 'NONE', ( #5750, #2965 ) ) ;
#1821 = DIRECTION ( 'NONE',  ( 1.000000000000000000, 0.000000000000000000, 0.000000000000000000 ) ) ;
#1822 = AXIS2_PLACEMENT_3D ( 'NONE', #2025, #3562, #5142 ) ;
#1823 = ORIENTED_EDGE ( 'NONE', *, *, #6565, .F. ) ;
#1824 = ADVANCED_FACE ( 'NONE', ( #3127, #4148 ), #4777, .F. ) ;
#1825 = DIRECTION ( 'NONE',  ( 0.000000000000000000, 0.000000000000000000, -1.000000000000000000 ) ) ;
#1826 = DIRECTION ( 'NONE',  ( 0.000000000000000000, -1.000000000000000000, 0.000000000000000000 ) ) ;
#1827 = CARTESIAN_POINT ( 'NONE',  ( 24.00000000000000000, -33.85000000000000142, -24.17000000000000171 ) ) ;
#1828 = VECTOR ( 'NONE', #3545, 1000.000000000000000 ) ;
#1829 = ORIENTED_EDGE ( 'NONE', *, *, #4547, .T. ) ;
#1830 = VECTOR ( 'NONE', #1926, 1000.000000000000000 ) ;
#1831 = FACE_OUTER_BOUND ( 'NONE', #2364, .T. ) ;
#1832 = CARTESIAN_POINT ( 'NONE',  ( 6.812000000000000277, -23.05000000000000071, 54.80000000000000426 ) ) ;
#1833 = CARTESIAN_POINT ( 'NONE',  ( 5.498962308951449884, -38.85000000000000142, -33.16999999999999460 ) ) ;
#1834 = DIRECTION ( 'NONE',  ( 0.000000000000000000, 0.000000000000000000, -1.000000000000000000 ) ) ;
#1835 = ORIENTED_EDGE ( 'NONE', *, *, #5625, .T. ) ;
#1836 = CARTESIAN_POINT ( 'NONE',  ( 3.000000000000000000, 19.41332092008490307, 23.04083302491979879 ) ) ;
#1837 = CARTESIAN_POINT ( 'NONE',  ( 10.51974270350149787, 33.85000000000000142, -61.04743422032309752 ) ) ;
#1838 = ADVANCED_FACE ( 'NONE', ( #5177 ), #2167, .T. ) ;
#1839 = VERTEX_POINT ( 'NONE', #5206 ) ;
#1840 = AXIS2_PLACEMENT_3D ( 'NONE', #4122, #3135, #513 ) ;
#1841 = FACE_BOUND ( 'NONE', #4032, .T. ) ;
#1842 = ADVANCED_FACE ( 'NONE', ( #2092 ), #21, .F. ) ;
#1843 = CARTESIAN_POINT ( 'NONE',  ( 8.873962308951309552, 33.85000000000000142, -61.91103336986829930 ) ) ;
#1844 = EDGE_LOOP ( 'NONE', ( #2851, #6054, #777, #4801 ) ) ;
#1845 = CARTESIAN_POINT ( 'NONE',  ( 24.00000000000000000, -8.437694987151189707E-15, 64.46446609406729067 ) ) ;
#1846 = ORIENTED_EDGE ( 'NONE', *, *, #4170, .F. ) ;
#1847 = EDGE_LOOP ( 'NONE', ( #3151, #2936, #157, #3451 ) ) ;
#1848 = CARTESIAN_POINT ( 'NONE',  ( 16.74896230895139837, 27.85000000000000142, -55.36440000000000339 ) ) ;
#1849 = DIRECTION ( 'NONE',  ( -1.000000000000000000, 0.000000000000000000, 0.000000000000000000 ) ) ;
#1850 = CARTESIAN_POINT ( 'NONE',  ( 14.12396230895140192, -27.85000000000000142, -59.91103336986829930 ) ) ;
#1851 = VERTEX_POINT ( 'NONE', #2751 ) ;
#1852 = DIRECTION ( 'NONE',  ( 0.000000000000000000, -1.000000000000000000, 0.000000000000000000 ) ) ;
#1853 = FACE_OUTER_BOUND ( 'NONE', #2226, .T. ) ;
#1854 = ORIENTED_EDGE ( 'NONE', *, *, #3663, .F. ) ;
#1855 = AXIS2_PLACEMENT_3D ( 'NONE', #4387, #184, #1356 ) ;
#1856 = DIRECTION ( 'NONE',  ( 0.000000000000000000, 0.000000000000000000, -1.000000000000000000 ) ) ;
#1857 = LINE ( 'NONE', #1931, #2311 ) ;
#1858 = DIRECTION ( 'NONE',  ( 0.000000000000000000, -1.000000000000000000, 0.000000000000000000 ) ) ;
#1859 = EDGE_CURVE ( 'NONE', #2891, #5816, #1225, .T. ) ;
#1860 = CYLINDRICAL_SURFACE ( 'NONE', #4954, 15.60844610148000022 ) ;
#1861 = ADVANCED_FACE ( 'NONE', ( #709 ), #1191, .F. ) ;
#1862 = EDGE_CURVE ( 'NONE', #4221, #3859, #5860, .T. ) ;
#1863 = EDGE_CURVE ( 'NONE', #2055, #5712, #119, .T. ) ;
#1864 = CIRCLE ( 'NONE', #5681, 1.000000000000000888 ) ;
#1865 = ORIENTED_EDGE ( 'NONE', *, *, #2305, .F. ) ;
#1866 = CARTESIAN_POINT ( 'NONE',  ( 6.812000000000000277, -33.34294385590089860, 70.79999999999999716 ) ) ;
#1867 = DIRECTION ( 'NONE',  ( 0.000000000000000000, 1.000000000000000000, 0.000000000000000000 ) ) ;
#1868 = CIRCLE ( 'NONE', #4053, 9.000000000000001776 ) ;
#1869 = DIRECTION ( 'NONE',  ( 0.000000000000000000, -0.8660254037844387076, 0.4999999999999998890 ) ) ;
#1870 = CIRCLE ( 'NONE', #2759, 1.000000000000000888 ) ;
#1871 = CARTESIAN_POINT ( 'NONE',  ( 24.00000000000000000, -3.535533905932739973, 58.00000000000000000 ) ) ;
#1872 = ORIENTED_EDGE ( 'NONE', *, *, #2818, .T. ) ;
#1873 = VERTEX_POINT ( 'NONE', #1154 ) ;
#1874 = CARTESIAN_POINT ( 'NONE',  ( 24.00000000000000000, -25.05000000000000071, 75.00000000000000000 ) ) ;
#1875 = DIRECTION ( 'NONE',  ( 0.000000000000000000, 0.7071067811865470176, -0.7071067811865480168 ) ) ;
#1876 = ORIENTED_EDGE ( 'NONE', *, *, #2966, .F. ) ;
#1877 = PLANE ( 'NONE',  #3826 ) ;
#1878 = VECTOR ( 'NONE', #4409, 1000.000000000000000 ) ;
#1879 = EDGE_CURVE ( 'NONE', #568, #2329, #4391, .T. ) ;
#1880 = EDGE_CURVE ( 'NONE', #1326, #5791, #2232, .T. ) ;
#1881 = EDGE_CURVE ( 'NONE', #4955, #3965, #1716, .T. ) ;
#1882 = CARTESIAN_POINT ( 'NONE',  ( 21.00000000000000000, -25.05000000000000071, 75.00000000000000000 ) ) ;
#1883 = EDGE_LOOP ( 'NONE', ( #3309, #3360, #1232, #5438 ) ) ;
#1884 = CIRCLE ( 'NONE', #6257, 2.000000000000001776 ) ;
#1885 = ORIENTED_EDGE ( 'NONE', *, *, #2925, .T. ) ;
#1886 = EDGE_LOOP ( 'NONE', ( #3049, #6261, #102, #378 ) ) ;
#1887 = CARTESIAN_POINT ( 'NONE',  ( 8.812000000000001165, 16.00000000000000000, 42.00000000000000000 ) ) ;
#1888 = CARTESIAN_POINT ( 'NONE',  ( 10.81200000000000117, -16.00000000000000000, 78.00000000000000000 ) ) ;
#1889 = VERTEX_POINT ( 'NONE', #6479 ) ;
#1890 = DIRECTION ( 'NONE',  ( 0.000000000000000000, 0.000000000000000000, 1.000000000000000000 ) ) ;
#1891 = DIRECTION ( 'NONE',  ( 0.000000000000000000, -1.156482317317869999E-16, -1.000000000000000000 ) ) ;
#1892 = ORIENTED_EDGE ( 'NONE', *, *, #3606, .F. ) ;
#1893 = CARTESIAN_POINT ( 'NONE',  ( 6.812000000000000277, 28.04999999999999716, 54.80000000000000426 ) ) ;
#1894 = ORIENTED_EDGE ( 'NONE', *, *, #4715, .T. ) ;
#1895 = CARTESIAN_POINT ( 'NONE',  ( 11.49896230895140015, -33.85000000000000142, -57.36440000000000339 ) ) ;
#1896 = CARTESIAN_POINT ( 'NONE',  ( 6.812000000000000277, -25.05000000000000071, 54.80000000000000426 ) ) ;
#1897 = CARTESIAN_POINT ( 'NONE',  ( 3.000000000000000000, 28.04999999999999716, 38.00000000000000000 ) ) ;
#1898 = CIRCLE ( 'NONE', #2348, 1.000000000000000888 ) ;
#1899 = ORIENTED_EDGE ( 'NONE', *, *, #4823, .T. ) ;
#1900 = CIRCLE ( 'NONE', #2457, 2.999999999999999112 ) ;
#1901 = VERTEX_POINT ( 'NONE', #6510 ) ;
#1902 = DIRECTION ( 'NONE',  ( -1.000000000000000000, 0.000000000000000000, 0.000000000000000000 ) ) ;
#1903 = EDGE_CURVE ( 'NONE', #4631, #4585, #1151, .T. ) ;
#1904 = AXIS2_PLACEMENT_3D ( 'NONE', #5350, #3330, #2831 ) ;
#1905 = FACE_OUTER_BOUND ( 'NONE', #6375, .T. ) ;
#1906 = DIRECTION ( 'NONE',  ( 0.000000000000000000, -0.7071067811865480168, -0.7071067811865470176 ) ) ;
#1907 = EDGE_CURVE ( 'NONE', #6131, #6239, #4359, .T. ) ;
#1908 = AXIS2_PLACEMENT_3D ( 'NONE', #2536, #3189, #2644 ) ;
#1909 = CARTESIAN_POINT ( 'NONE',  ( 12.00000000000000000, -21.66332092008489951, 26.93794734194970175 ) ) ;
#1910 = VERTEX_POINT ( 'NONE', #6441 ) ;
#1911 = EDGE_LOOP ( 'NONE', ( #5500, #220 ) ) ;
#1912 = DIRECTION ( 'NONE',  ( 0.000000000000000000, 0.7071067811865480168, -0.7071067811865470176 ) ) ;
#1913 = VECTOR ( 'NONE', #2937, 1000.000000000000000 ) ;
#1914 = CARTESIAN_POINT ( 'NONE',  ( 11.49896230895140015, 26.34999999999999787, -53.36439999999999628 ) ) ;
#1915 = ORIENTED_EDGE ( 'NONE', *, *, #6252, .F. ) ;
#1916 = VECTOR ( 'NONE', #2731, 1000.000000000000000 ) ;
#1917 = CARTESIAN_POINT ( 'NONE',  ( 24.00000000000000000, -30.84999999999999787, -52.17000000000000171 ) ) ;
#1918 = ORIENTED_EDGE ( 'NONE', *, *, #421, .F. ) ;
#1919 = ORIENTED_EDGE ( 'NONE', *, *, #884, .F. ) ;
#1920 = ORIENTED_EDGE ( 'NONE', *, *, #3305, .F. ) ;
#1921 = ADVANCED_FACE ( 'NONE', ( #2856 ), #1779, .T. ) ;
#1922 = DIRECTION ( 'NONE',  ( 0.000000000000000000, -1.156482317317869999E-16, -1.000000000000000000 ) ) ;
#1923 = DIRECTION ( 'NONE',  ( 0.000000000000000000, 1.000000000000000000, 4.947517935049719886E-16 ) ) ;
#1924 = VERTEX_POINT ( 'NONE', #4942 ) ;
#1925 = CARTESIAN_POINT ( 'NONE',  ( 14.12396230895140192, -40.49878592396109411, -50.81776663013170747 ) ) ;
#1926 = DIRECTION ( 'NONE',  ( 0.000000000000000000, -0.4999999999999998890, 0.8660254037844387076 ) ) ;
#1927 = CARTESIAN_POINT ( 'NONE',  ( 13.66223165163492581, -33.73340012145724387, -61.85742330228590902 ) ) ;
#1928 = VERTEX_POINT ( 'NONE', #5994 ) ;
#1929 = FACE_BOUND ( 'NONE', #6782, .T. ) ;
#1930 = ORIENTED_EDGE ( 'NONE', *, *, #2554, .F. ) ;
#1931 = CARTESIAN_POINT ( 'NONE',  ( 24.00000000000000000, 18.70929813558960220, -3.945535108588449802 ) ) ;
#1932 = DIRECTION ( 'NONE',  ( 0.000000000000000000, 0.000000000000000000, -1.000000000000000000 ) ) ;
#1933 = CARTESIAN_POINT ( 'NONE',  ( 24.00000000000000000, -6.938893903907229955E-15, -14.74735342352009937 ) ) ;
#1934 = ADVANCED_FACE ( 'NONE', ( #1747, #227, #3393, #4974, #3799, #5925, #158 ), #5412, .T. ) ;
#1935 = EDGE_CURVE ( 'NONE', #3277, #968, #5893, .T. ) ;
#1936 = VECTOR ( 'NONE', #99, 1000.000000000000114 ) ;
#1937 = VECTOR ( 'NONE', #5762, 1000.000000000000000 ) ;
#1938 = ORIENTED_EDGE ( 'NONE', *, *, #1142, .F. ) ;
#1939 = ORIENTED_EDGE ( 'NONE', *, *, #408, .T. ) ;
#1940 = CARTESIAN_POINT ( 'NONE',  ( 24.00000000000000000, 4.514466094067260293, 58.00000000000000000 ) ) ;
#1941 = DIRECTION ( 'NONE',  ( 0.000000000000000000, 0.000000000000000000, -1.000000000000000000 ) ) ;
#1942 = LINE ( 'NONE', #6116, #2636 ) ;
#1943 = AXIS2_PLACEMENT_3D ( 'NONE', #109, #5949, #3247 ) ;
#1944 = EDGE_CURVE ( 'NONE', #3584, #3735, #3289, .T. ) ;
#1945 = CARTESIAN_POINT ( 'NONE',  ( 6.812000000000000277, -28.04999999999999716, 70.79999999999999716 ) ) ;
#1946 = ORIENTED_EDGE ( 'NONE', *, *, #1142, .T. ) ;
#1947 = PLANE ( 'NONE',  #4651 ) ;
#1948 = CARTESIAN_POINT ( 'NONE',  ( 8.873962308951309552, 27.85000000000000142, -61.91103336986829930 ) ) ;
#1949 = ADVANCED_FACE ( 'NONE', ( #2787 ), #4900, .T. ) ;
#1950 = CARTESIAN_POINT ( 'NONE',  ( 6.812000000000000277, 28.04999999999999716, 72.79999999999999716 ) ) ;
#1951 = ORIENTED_EDGE ( 'NONE', *, *, #5940, .T. ) ;
#1952 = ORIENTED_EDGE ( 'NONE', *, *, #6062, .T. ) ;
#1953 = DIRECTION ( 'NONE',  ( -1.000000000000000000, 0.000000000000000000, 0.000000000000000000 ) ) ;
#1954 = CARTESIAN_POINT ( 'NONE',  ( 8.812000000000001165, 3.535533905932729759, 58.00000000000000000 ) ) ;
#1955 = VERTEX_POINT ( 'NONE', #4911 ) ;
#1956 = VECTOR ( 'NONE', #5678, 1000.000000000000000 ) ;
#1957 = CARTESIAN_POINT ( 'NONE',  ( 8.873971673107996949, -33.58620042462769106, -61.91100473731869869 ) ) ;
#1958 = CARTESIAN_POINT ( 'NONE',  ( 14.12396230895140192, -33.85000000000000142, -50.81776663013170747 ) ) ;
#1959 = CARTESIAN_POINT ( 'NONE',  ( 13.46716345610113663, -33.75698578560806595, -61.80030003196219468 ) ) ;
#1960 = CARTESIAN_POINT ( 'NONE',  ( 8.092057045512770941, -35.63893746902890314, -43.17000000000000171 ) ) ;
#1961 = ORIENTED_EDGE ( 'NONE', *, *, #4170, .T. ) ;
#1962 = LINE ( 'NONE', #4044, #5258 ) ;
#1963 = FACE_BOUND ( 'NONE', #4019, .T. ) ;
#1964 = FACE_BOUND ( 'NONE', #4543, .T. ) ;
#1965 = EDGE_CURVE ( 'NONE', #2267, #5833, #2926, .T. ) ;
#1966 = ORIENTED_EDGE ( 'NONE', *, *, #921, .F. ) ;
#1967 = DIRECTION ( 'NONE',  ( -1.000000000000000000, 0.000000000000000000, 0.000000000000000000 ) ) ;
#1968 = DIRECTION ( 'NONE',  ( 0.000000000000000000, 1.000000000000000000, 0.000000000000000000 ) ) ;
#1969 = DIRECTION ( 'NONE',  ( 0.8366600265340764508, -0.5477225575051647422, 0.000000000000000000 ) ) ;
#1970 = CIRCLE ( 'NONE', #2863, 2.000000000000001776 ) ;
#1971 = DIRECTION ( 'NONE',  ( 0.000000000000000000, 0.000000000000000000, -1.000000000000000000 ) ) ;
#1972 = ORIENTED_EDGE ( 'NONE', *, *, #237, .T. ) ;
#1973 = ORIENTED_EDGE ( 'NONE', *, *, #1615, .T. ) ;
#1974 = CARTESIAN_POINT ( 'NONE',  ( 7.707674461473529526, -35.35000000000000142, -33.16999999999999460 ) ) ;
#1975 = LINE ( 'NONE', #5037, #3086 ) ;
#1976 = CARTESIAN_POINT ( 'NONE',  ( 5.498962308951449884, -38.85000000000000142, -33.16999999999999460 ) ) ;
#1977 = AXIS2_PLACEMENT_3D ( 'NONE', #4394, #2691, #678 ) ;
#1978 = DIRECTION ( 'NONE',  ( 0.000000000000000000, 1.000000000000000000, 0.000000000000000000 ) ) ;
#1979 = ORIENTED_EDGE ( 'NONE', *, *, #1004, .F. ) ;
#1980 = VECTOR ( 'NONE', #89, 1000.000000000000000 ) ;
#1981 = EDGE_CURVE ( 'NONE', #821, #3897, #6543, .T. ) ;
#1982 = ORIENTED_EDGE ( 'NONE', *, *, #4338, .F. ) ;
#1983 = ORIENTED_EDGE ( 'NONE', *, *, #5172, .T. ) ;
#1984 = DIRECTION ( 'NONE',  ( 0.000000000000000000, 1.000000000000000000, 0.000000000000000000 ) ) ;
#1985 = VECTOR ( 'NONE', #2839, 1000.000000000000000 ) ;
#1986 = CIRCLE ( 'NONE', #6480, 3.000000000000002665 ) ;
#1987 = LINE ( 'NONE', #1888, #2233 ) ;
#1988 = VERTEX_POINT ( 'NONE', #4457 ) ;
#1989 = FACE_OUTER_BOUND ( 'NONE', #1518, .T. ) ;
#1990 = DIRECTION ( 'NONE',  ( 0.000000000000000000, -0.5000000000000003331, -0.8660254037844383745 ) ) ;
#1991 = CARTESIAN_POINT ( 'NONE',  ( 14.12396230895140192, 27.85000000000000142, -59.91103336986829930 ) ) ;
#1992 = AXIS2_PLACEMENT_3D ( 'NONE', #2551, #3064, #1482 ) ;
#1993 = CARTESIAN_POINT ( 'NONE',  ( 8.873962308951458766, -26.34999999999999787, -50.81776663013170747 ) ) ;
#1994 = ORIENTED_EDGE ( 'NONE', *, *, #1794, .F. ) ;
#1995 = CARTESIAN_POINT ( 'NONE',  ( 24.00000000000000000, 21.66332092008489951, 26.93794734194980123 ) ) ;
#1996 = DIRECTION ( 'NONE',  ( 0.000000000000000000, 0.000000000000000000, -1.000000000000000000 ) ) ;
#1997 = CARTESIAN_POINT ( 'NONE',  ( 21.00000000000000000, 33.85000000000000142, -24.17000000000000171 ) ) ;
#1998 = ORIENTED_EDGE ( 'NONE', *, *, #3512, .T. ) ;
#1999 = DIRECTION ( 'NONE',  ( 0.000000000000000000, -1.734723475976809806E-16, 1.000000000000000000 ) ) ;
#2000 = EDGE_CURVE ( 'NONE', #5983, #5995, #3930, .T. ) ;
#2001 = CARTESIAN_POINT ( 'NONE',  ( 11.49896230895140015, 33.85000000000000142, -55.36440000000000339 ) ) ;
#2002 = DIRECTION ( 'NONE',  ( 0.000000000000000000, 1.000000000000000000, 0.000000000000000000 ) ) ;
#2003 = EDGE_CURVE ( 'NONE', #2750, #5522, #4261, .T. ) ;
#2004 = AXIS2_PLACEMENT_3D ( 'NONE', #1381, #757, #1902 ) ;
#2005 = FACE_OUTER_BOUND ( 'NONE', #3506, .T. ) ;
#2006 = ORIENTED_EDGE ( 'NONE', *, *, #3918, .T. ) ;
#2007 = ORIENTED_EDGE ( 'NONE', *, *, #5920, .F. ) ;
#2008 = FACE_OUTER_BOUND ( 'NONE', #3297, .T. ) ;
#2009 = CYLINDRICAL_SURFACE ( 'NONE', #5957, 12.00000000000000355 ) ;
#2010 = DIRECTION ( 'NONE',  ( 0.000000000000000000, 0.000000000000000000, -1.000000000000000000 ) ) ;
#2011 = CIRCLE ( 'NONE', #3760, 1.000000000000000888 ) ;
#2012 = EDGE_CURVE ( 'NONE', #810, #6259, #933, .T. ) ;
#2013 = DIRECTION ( 'NONE',  ( 0.000000000000000000, 1.000000000000000000, -1.734723475976809806E-16 ) ) ;
#2014 = EDGE_LOOP ( 'NONE', ( #4085, #1946 ) ) ;
#2015 = AXIS2_PLACEMENT_3D ( 'NONE', #4586, #6017, #6668 ) ;
#2016 = CIRCLE ( 'NONE', #2907, 2.000000000000001776 ) ;
#2017 = ORIENTED_EDGE ( 'NONE', *, *, #4440, .F. ) ;
#2018 = FACE_OUTER_BOUND ( 'NONE', #2262, .T. ) ;
#2019 = CARTESIAN_POINT ( 'NONE',  ( 8.739852956870935330, 33.56880759562739769, -61.90716640632400924 ) ) ;
#2020 = VECTOR ( 'NONE', #6435, 1000.000000000000000 ) ;
#2021 = ORIENTED_EDGE ( 'NONE', *, *, #3869, .F. ) ;
#2022 = CARTESIAN_POINT ( 'NONE',  ( 24.00000000000000000, 18.66332092008489951, 27.74179491924309815 ) ) ;
#2023 = DIRECTION ( 'NONE',  ( 0.000000000000000000, 0.000000000000000000, -1.000000000000000000 ) ) ;
#2024 = EDGE_CURVE ( 'NONE', #56, #568, #951, .T. ) ;
#2025 = CARTESIAN_POINT ( 'NONE',  ( 0.000000000000000000, -6.938893903907229955E-15, -14.74735342352009937 ) ) ;
#2026 = CIRCLE ( 'NONE', #2254, 1.000000000000000888 ) ;
#2027 = PLANE ( 'NONE',  #5193 ) ;
#2028 = ORIENTED_EDGE ( 'NONE', *, *, #716, .T. ) ;
#2029 = CARTESIAN_POINT ( 'NONE',  ( 10.43765937264836197, 33.85000000000000853, -61.16631052755511178 ) ) ;
#2030 = DIRECTION ( 'NONE',  ( 0.000000000000000000, 0.000000000000000000, 1.000000000000000000 ) ) ;
#2031 = FACE_BOUND ( 'NONE', #6035, .T. ) ;
#2032 = EDGE_CURVE ( 'NONE', #4976, #1359, #5722, .T. ) ;
#2033 = VERTEX_POINT ( 'NONE', #2547 ) ;
#2034 = CARTESIAN_POINT ( 'NONE',  ( 8.812000000000001165, -8.050000000000006040, 61.53553390593270223 ) ) ;
#2035 = LINE ( 'NONE', #3602, #1305 ) ;
#2036 = DATE_AND_TIME ( #4267, #6457 ) ;
#2037 = CARTESIAN_POINT ( 'NONE',  ( 0.8819995079319727926, -18.88382079706783756, 22.99805371684783140 ) ) ;
#2038 = VECTOR ( 'NONE', #1060, 1000.000000000000000 ) ;
#2039 = DIRECTION ( 'NONE',  ( -1.000000000000000000, 0.000000000000000000, 0.000000000000000000 ) ) ;
#2040 = EDGE_LOOP ( 'NONE', ( #6194, #2073, #4324, #2722, #2384 ) ) ;
#2041 = ORIENTED_EDGE ( 'NONE', *, *, #1696, .T. ) ;
#2042 = FACE_OUTER_BOUND ( 'NONE', #6075, .T. ) ;
#2043 = DIRECTION ( 'NONE',  ( -1.000000000000000000, 0.000000000000000000, 0.000000000000000000 ) ) ;
#2044 = FACE_OUTER_BOUND ( 'NONE', #3083, .T. ) ;
#2045 = CARTESIAN_POINT ( 'NONE',  ( 24.00000000000000000, -6.938893903907229955E-15, -14.74735342352009937 ) ) ;
#2046 = VERTEX_POINT ( 'NONE', #3059 ) ;
#2047 = ORIENTED_EDGE ( 'NONE', *, *, #3512, .F. ) ;
#2048 = ADVANCED_FACE ( 'NONE', ( #2657 ), #5247, .F. ) ;
#2049 = DIRECTION ( 'NONE',  ( 0.000000000000000000, 0.7071067811865515695, -0.7071067811865435759 ) ) ;
#2050 = CARTESIAN_POINT ( 'NONE',  ( 6.990808716079704332, 33.74336045314628052, -60.58463326293237117 ) ) ;
#2051 = ORIENTED_EDGE ( 'NONE', *, *, #652, .F. ) ;
#2052 = CARTESIAN_POINT ( 'NONE',  ( 9.761362592728131560, -33.74337616555071406, -61.70338544308118855 ) ) ;
#2053 = LINE ( 'NONE', #946, #68 ) ;
#2054 = LINE ( 'NONE', #5316, #2487 ) ;
#2055 = VERTEX_POINT ( 'NONE', #4640 ) ;
#2056 = DIRECTION ( 'NONE',  ( 0.000000000000000000, 0.000000000000000000, -1.000000000000000000 ) ) ;
#2057 = VERTEX_POINT ( 'NONE', #511 ) ;
#2058 = DIRECTION ( 'NONE',  ( 0.000000000000000000, -1.503427012513229988E-15, -1.000000000000000000 ) ) ;
#2059 = FACE_OUTER_BOUND ( 'NONE', #5403, .T. ) ;
#2060 = CARTESIAN_POINT ( 'NONE',  ( 0.000000000000000000, 30.84999999999999787, -52.17000000000000171 ) ) ;
#2061 = CIRCLE ( 'NONE', #1460, 1.000000000000000888 ) ;
#2062 = CARTESIAN_POINT ( 'NONE',  ( 8.781295873164220112, -33.57397696071100057, -61.90889697758008481 ) ) ;
#2063 = EDGE_LOOP ( 'NONE', ( #425, #5378 ) ) ;
#2064 = FACE_OUTER_BOUND ( 'NONE', #459, .T. ) ;
#2065 = EDGE_CURVE ( 'NONE', #710, #2329, #6721, .T. ) ;
#2066 = ADVANCED_FACE ( 'NONE', ( #25 ), #3133, .T. ) ;
#2067 = DIRECTION ( 'NONE',  ( 0.000000000000000000, -0.5000000000000003331, 0.8660254037844384856 ) ) ;
#2068 = APPROVAL_ROLE ( '' ) ;
#2069 = CARTESIAN_POINT ( 'NONE',  ( 8.812000000000001165, 16.00000000000000000, 78.00000000000000000 ) ) ;
#2070 = TOROIDAL_SURFACE ( 'NONE', #3821, 9.000000000000000000, 3.000000000000000000 ) ;
#2071 = LINE ( 'NONE', #414, #4563 ) ;
#2072 = EDGE_LOOP ( 'NONE', ( #6330, #1467, #2330, #3504 ) ) ;
#2073 = ORIENTED_EDGE ( 'NONE', *, *, #4503, .T. ) ;
#2074 = EDGE_CURVE ( 'NONE', #2944, #568, #6206, .T. ) ;
#2075 = CYLINDRICAL_SURFACE ( 'NONE', #4091, 1.000000000000000888 ) ;
#2076 = CARTESIAN_POINT ( 'NONE',  ( 0.000000000000000000, 23.05000000000000071, 72.84999999999999432 ) ) ;
#2077 = DIRECTION ( 'NONE',  ( 0.000000000000000000, 0.7071067811865470176, -0.7071067811865480168 ) ) ;
#2078 = VECTOR ( 'NONE', #824, 1000.000000000000000 ) ;
#2079 = CARTESIAN_POINT ( 'NONE',  ( 0.000000000000000000, 26.34999999999999787, -64.17000000000000171 ) ) ;
#2080 = ORIENTED_EDGE ( 'NONE', *, *, #4484, .F. ) ;
#2081 = ORIENTED_EDGE ( 'NONE', *, *, #5876, .T. ) ;
#2082 = ORIENTED_EDGE ( 'NONE', *, *, #3078, .F. ) ;
#2083 = CARTESIAN_POINT ( 'NONE',  ( 6.812000000000000277, 23.05000000000000071, 70.79999999999999716 ) ) ;
#2084 = CARTESIAN_POINT ( 'NONE',  ( 7.000471950931450138, 33.73839072205658596, -60.61116377892506080 ) ) ;
#2085 = ADVANCED_FACE ( 'NONE', ( #6342 ), #4749, .F. ) ;
#2086 = EDGE_CURVE ( 'NONE', #1462, #3156, #4674, .T. ) ;
#2087 = ORIENTED_EDGE ( 'NONE', *, *, #3626, .F. ) ;
#2088 = ADVANCED_FACE ( 'NONE', ( #6794 ), #4227, .F. ) ;
#2089 = VERTEX_POINT ( 'NONE', #5685 ) ;
#2090 = CARTESIAN_POINT ( 'NONE',  ( 10.02469163506042982, -33.79285288924257458, -61.54685167127522050 ) ) ;
#2091 = ORIENTED_EDGE ( 'NONE', *, *, #789, .T. ) ;
#2092 = FACE_OUTER_BOUND ( 'NONE', #5363, .T. ) ;
#2093 = ORIENTED_EDGE ( 'NONE', *, *, #3844, .T. ) ;
#2094 = FACE_OUTER_BOUND ( 'NONE', #4468, .T. ) ;
#2095 = ORIENTED_EDGE ( 'NONE', *, *, #4943, .F. ) ;
#2096 = ORIENTED_EDGE ( 'NONE', *, *, #4950, .T. ) ;
#2097 = CARTESIAN_POINT ( 'NONE',  ( 24.00000000000000000, 11.58553390593270116, 58.00000000000000000 ) ) ;
#2098 = DIRECTION ( 'NONE',  ( 0.000000000000000000, -1.000000000000000000, 0.000000000000000000 ) ) ;
#2099 = CARTESIAN_POINT ( 'NONE',  ( 15.92719232035812915, -33.81447631647179008, -60.77628445964060688 ) ) ;
#2100 = AXIS2_PLACEMENT_3D ( 'NONE', #1039, #963, #455 ) ;
#2101 = CARTESIAN_POINT ( 'NONE',  ( 8.873962308951458766, 27.85000000000000142, -49.81776663013170037 ) ) ;
#2102 = VERTEX_POINT ( 'NONE', #4678 ) ;
#2103 = DIRECTION ( 'NONE',  ( 0.000000000000000000, -1.000000000000000000, 0.000000000000000000 ) ) ;
#2104 = DIRECTION ( 'NONE',  ( 0.000000000000000000, 0.7071067811865470176, -0.7071067811865480168 ) ) ;
#2105 = LINE ( 'NONE', #4199, #3501 ) ;
#2106 = DIRECTION ( 'NONE',  ( 0.000000000000000000, -1.000000000000000000, 0.000000000000000000 ) ) ;
#2107 = VERTEX_POINT ( 'NONE', #6756 ) ;
#2108 = ADVANCED_FACE ( 'NONE', ( #2059 ), #4154, .T. ) ;
#2109 = CARTESIAN_POINT ( 'NONE',  ( 8.873962308951309552, 33.85000000000000142, -57.91103336986829930 ) ) ;
#2110 = DIRECTION ( 'NONE',  ( 0.000000000000000000, 0.000000000000000000, 1.000000000000000000 ) ) ;
#2111 = CARTESIAN_POINT ( 'NONE',  ( 8.873962308951309552, -26.34999999999999787, -59.91103336986829930 ) ) ;
#2112 = EDGE_CURVE ( 'NONE', #970, #5505, #1095, .T. ) ;
#2113 = AXIS2_PLACEMENT_3D ( 'NONE', #3002, #3915, #4476 ) ;
#2114 = FACE_OUTER_BOUND ( 'NONE', #4401, .T. ) ;
#2115 = EDGE_LOOP ( 'NONE', ( #1816, #3262 ) ) ;
#2116 = EDGE_CURVE ( 'NONE', #1387, #813, #4007, .T. ) ;
#2117 = VECTOR ( 'NONE', #5745, 1000.000000000000000 ) ;
#2118 = CARTESIAN_POINT ( 'NONE',  ( 24.00000000000000000, 26.34999999999999787, -64.17000000000000171 ) ) ;
#2119 = ORIENTED_EDGE ( 'NONE', *, *, #216, .T. ) ;
#2120 = VECTOR ( 'NONE', #2961, 1000.000000000000000 ) ;
#2121 = DIRECTION ( 'NONE',  ( 0.000000000000000000, 0.7071067811865471286, 0.7071067811865479058 ) ) ;
#2122 = CARTESIAN_POINT ( 'NONE',  ( 7.049752221359570470, 33.71417146674211551, -60.73690992517614973 ) ) ;
#2123 = ORIENTED_EDGE ( 'NONE', *, *, #6634, .T. ) ;
#2124 = ORIENTED_EDGE ( 'NONE', *, *, #3078, .T. ) ;
#2125 = CARTESIAN_POINT ( 'NONE',  ( 6.248962308951460543, 33.85000000000000142, -55.36440000000000339 ) ) ;
#2126 = EDGE_LOOP ( 'NONE', ( #5360, #1227, #527, #4354 ) ) ;
#2127 = VECTOR ( 'NONE', #6077, 1000.000000000000114 ) ;
#2128 = DIRECTION ( 'NONE',  ( 0.000000000000000000, 0.7071067811865480168, -0.7071067811865470176 ) ) ;
#2129 = EDGE_CURVE ( 'NONE', #6259, #810, #3841, .T. ) ;
#2130 = DIRECTION ( 'NONE',  ( 1.000000000000000000, 0.000000000000000000, 0.000000000000000000 ) ) ;
#2131 = ORIENTED_EDGE ( 'NONE', *, *, #590, .F. ) ;
#2132 = AXIS2_PLACEMENT_3D ( 'NONE', #5489, #2379, #4470 ) ;
#2133 = FACE_OUTER_BOUND ( 'NONE', #1193, .T. ) ;
#2134 = DIRECTION ( 'NONE',  ( 0.000000000000000000, 1.000000000000000000, 0.000000000000000000 ) ) ;
#2135 = CARTESIAN_POINT ( 'NONE',  ( 15.98554907284946758, -33.82795004438953157, -60.64612461329178217 ) ) ;
#2136 = VECTOR ( 'NONE', #2955, 1000.000000000000000 ) ;
#2137 = CARTESIAN_POINT ( 'NONE',  ( 7.525572174170244821, -33.57870024125526243, -61.38820715111272364 ) ) ;
#2138 = VECTOR ( 'NONE', #2947, 1000.000000000000000 ) ;
#2139 = CIRCLE ( 'NONE', #6624, 1.000000000000000888 ) ;
#2140 = ORIENTED_EDGE ( 'NONE', *, *, #3715, .T. ) ;
#2141 = DIRECTION ( 'NONE',  ( -1.000000000000000000, 0.000000000000000000, 0.000000000000000000 ) ) ;
#2142 = FACE_OUTER_BOUND ( 'NONE', #4350, .T. ) ;
#2143 = EDGE_CURVE ( 'NONE', #2704, #2768, #4915, .T. ) ;
#2144 = EDGE_CURVE ( 'NONE', #4785, #6442, #5931, .T. ) ;
#2145 = FACE_OUTER_BOUND ( 'NONE', #5444, .T. ) ;
#2146 = FACE_OUTER_BOUND ( 'NONE', #6611, .T. ) ;
#2147 = EDGE_LOOP ( 'NONE', ( #6383, #4966, #1461, #773 ) ) ;
#2148 = DIRECTION ( 'NONE',  ( 0.000000000000000000, -1.000000000000000000, 0.000000000000000000 ) ) ;
#2149 = FACE_OUTER_BOUND ( 'NONE', #3162, .T. ) ;
#2150 = DIRECTION ( 'NONE',  ( 0.000000000000000000, 0.000000000000000000, -1.000000000000000000 ) ) ;
#2151 = EDGE_CURVE ( 'NONE', #2253, #4785, #5594, .T. ) ;
#2152 = AXIS2_PLACEMENT_3D ( 'NONE', #5806, #2703, #785 ) ;
#2153 = VECTOR ( 'NONE', #2297, 1000.000000000000227 ) ;
#2154 = PLANE ( 'NONE',  #859 ) ;
#2155 = VERTEX_POINT ( 'NONE', #1264 ) ;
#2156 = VERTEX_POINT ( 'NONE', #611 ) ;
#2157 = ORIENTED_EDGE ( 'NONE', *, *, #2528, .F. ) ;
#2158 = EDGE_CURVE ( 'NONE', #4769, #4662, #2873, .T. ) ;
#2159 = EDGE_CURVE ( 'NONE', #1687, #5674, #5157, .T. ) ;
#2160 = CARTESIAN_POINT ( 'NONE',  ( 14.93452689763272367, 33.67428899643132212, -61.74323751993884457 ) ) ;
#2161 = CARTESIAN_POINT ( 'NONE',  ( 8.162166718582257730, 33.52956827887766167, -61.78135386604550661 ) ) ;
#2162 = EDGE_CURVE ( 'NONE', #1611, #5991, #1159, .T. ) ;
#2163 = ORIENTED_EDGE ( 'NONE', *, *, #5640, .T. ) ;
#2164 = CIRCLE ( 'NONE', #5117, 2.000000000000001776 ) ;
#2165 = CARTESIAN_POINT ( 'NONE',  ( 9.472562331319624107, -33.68718669942118993, -61.81941113419028255 ) ) ;
#2166 = ORIENTED_EDGE ( 'NONE', *, *, #4031, .F. ) ;
#2167 = CYLINDRICAL_SURFACE ( 'NONE', #4239, 2.999999999999999112 ) ;
#2168 = ORIENTED_EDGE ( 'NONE', *, *, #6423, .F. ) ;
#2169 = ORIENTED_EDGE ( 'NONE', *, *, #2032, .F. ) ;
#2170 = ORIENTED_EDGE ( 'NONE', *, *, #1581, .T. ) ;
#2171 = DIRECTION ( 'NONE',  ( -1.000000000000000000, 0.000000000000000000, 0.000000000000000000 ) ) ;
#2172 = DIRECTION ( 'NONE',  ( 0.000000000000000000, 0.8660254037844389297, 0.4999999999999995559 ) ) ;
#2173 = CARTESIAN_POINT ( 'NONE',  ( 15.46392246390862724, -33.72571650663401499, -61.39703728213616785 ) ) ;
#2174 = LINE ( 'NONE', #4157, #940 ) ;
#2175 = ORIENTED_EDGE ( 'NONE', *, *, #716, .F. ) ;
#2176 = DIRECTION ( 'NONE',  ( 0.000000000000000000, 1.734723475976809806E-16, -1.000000000000000000 ) ) ;
#2177 = CARTESIAN_POINT ( 'NONE',  ( 0.000000000000000000, -16.00000000000000000, 75.00000000000000000 ) ) ;
#2178 = PERSON_AND_ORGANIZATION ( #2922, #6230 ) ;
#2179 = DIRECTION ( 'NONE',  ( 0.000000000000000000, 1.387778780781450014E-15, 1.000000000000000000 ) ) ;
#2180 =( BOUNDED_CURVE ( )  B_SPLINE_CURVE ( 3, ( #5045, #6164, #329, #3558 ),
 .UNSPECIFIED., .F., .T. ) 
 B_SPLINE_CURVE_WITH_KNOTS ( ( 4, 4 ),
 ( 4.712388980384689674, 6.283185307179586232 ),
 .UNSPECIFIED. ) 
 CURVE ( )  GEOMETRIC_REPRESENTATION_ITEM ( )  RATIONAL_B_SPLINE_CURVE ( ( 1.000000000000000000, 0.8047378541243649375, 0.8047378541243649375, 1.000000000000000000 ) ) 
 REPRESENTATION_ITEM ( '' )  );
#2181 = EDGE_CURVE ( 'NONE', #4663, #1427, #3515, .T. ) ;
#2182 = CARTESIAN_POINT ( 'NONE',  ( -8.000000000000000000, 8.050000000000000711, 61.53553390593270223 ) ) ;
#2183 = ORIENTED_EDGE ( 'NONE', *, *, #6641, .F. ) ;
#2184 = LINE ( 'NONE', #5396, #3753 ) ;
#2185 = CYLINDRICAL_SURFACE ( 'NONE', #2878, 2.999999999999999112 ) ;
#2186 = DIRECTION ( 'NONE',  ( 0.000000000000000000, 1.000000000000000000, 0.000000000000000000 ) ) ;
#2187 = DIRECTION ( 'NONE',  ( 0.000000000000000000, -1.000000000000000000, 0.000000000000000000 ) ) ;
#2188 = ORIENTED_EDGE ( 'NONE', *, *, #3822, .F. ) ;
#2189 = ORIENTED_EDGE ( 'NONE', *, *, #2306, .F. ) ;
#2190 = LOCAL_TIME ( 9, 57, 39.00000000000000000, #1623 ) ;
#2191 = CARTESIAN_POINT ( 'NONE',  ( 14.42668208602229996, 33.67248174712131004, -61.88888232188416794 ) ) ;
#2192 = DIRECTION ( 'NONE',  ( 0.000000000000000000, 1.000000000000000000, 0.000000000000000000 ) ) ;
#2193 = VECTOR ( 'NONE', #201, 1000.000000000000000 ) ;
#2194 = ORIENTED_EDGE ( 'NONE', *, *, #2159, .T. ) ;
#2195 = CYLINDRICAL_SURFACE ( 'NONE', #5565, 3.000000000000002665 ) ;
#2196 = ORIENTED_EDGE ( 'NONE', *, *, #2881, .T. ) ;
#2197 = EDGE_CURVE ( 'NONE', #2057, #1013, #4886, .T. ) ;
#2198 = CARTESIAN_POINT ( 'NONE',  ( 16.74896230895139837, 33.85000000000000142, -55.36440000000000339 ) ) ;
#2199 = AXIS2_PLACEMENT_3D ( 'NONE', #6098, #6613, #3934 ) ;
#2200 = EDGE_LOOP ( 'NONE', ( #4667, #3900 ) ) ;
#2201 = CARTESIAN_POINT ( 'NONE',  ( 3.000000000000000000, 28.04999999999999716, 75.00000000000000000 ) ) ;
#2202 = DIRECTION ( 'NONE',  ( 0.000000000000000000, -1.000000000000000000, 0.000000000000000000 ) ) ;
#2203 = CARTESIAN_POINT ( 'NONE',  ( 8.873962308951458766, 33.85000000000000142, -52.81776663013170747 ) ) ;
#2204 = EDGE_CURVE ( 'NONE', #6340, #5991, #985, .T. ) ;
#2205 = DIRECTION ( 'NONE',  ( -0.000000000000000000, 1.000000000000000000, 0.000000000000000000 ) ) ;
#2206 = ORIENTED_EDGE ( 'NONE', *, *, #5189, .F. ) ;
#2207 = AXIS2_PLACEMENT_3D ( 'NONE', #642, #2860, #6413 ) ;
#2208 = FACE_OUTER_BOUND ( 'NONE', #6719, .T. ) ;
#2209 = CARTESIAN_POINT ( 'NONE',  ( 8.812000000000001165, 23.05000000000000071, 72.84999999999999432 ) ) ;
#2210 = DIRECTION ( 'NONE',  ( 0.000000000000000000, 1.000000000000000000, 0.000000000000000000 ) ) ;
#2211 = AXIS2_PLACEMENT_3D ( 'NONE', #4864, #103, #4901 ) ;
#2212 = CYLINDRICAL_SURFACE ( 'NONE', #3462, 1.000000000000000888 ) ;
#2213 = EDGE_LOOP ( 'NONE', ( #316, #4986, #1620, #3202 ) ) ;
#2214 = EDGE_CURVE ( 'NONE', #3696, #5870, #123, .T. ) ;
#2215 = CIRCLE ( 'NONE', #115, 12.00000000000000355 ) ;
#2216 = CARTESIAN_POINT ( 'NONE',  ( 13.28715340049470051, 33.77990782567507466, -61.72757918852861536 ) ) ;
#2217 = ORIENTED_EDGE ( 'NONE', *, *, #5569, .F. ) ;
#2218 = ADVANCED_FACE ( 'NONE', ( #3365 ), #4428, .F. ) ;
#2219 = FACE_OUTER_BOUND ( 'NONE', #6232, .T. ) ;
#2220 =( BOUNDED_CURVE ( )  B_SPLINE_CURVE ( 3, ( #363, #4034, #6130, #5516 ),
 .UNSPECIFIED., .F., .F. ) 
 B_SPLINE_CURVE_WITH_KNOTS ( ( 4, 4 ),
 ( 4.712388980384689674, 6.038206644052721117 ),
 .UNSPECIFIED. ) 
 CURVE ( )  GEOMETRIC_REPRESENTATION_ITEM ( )  RATIONAL_B_SPLINE_CURVE ( ( 1.000000000000000000, 0.8588036253440729517, 0.8588036253440729517, 1.000000000000000000 ) ) 
 REPRESENTATION_ITEM ( '' )  );
#2221 = DIRECTION ( 'NONE',  ( 0.000000000000000000, 0.000000000000000000, 1.000000000000000000 ) ) ;
#2222 = DIRECTION ( 'NONE',  ( 0.000000000000000000, 0.000000000000000000, -1.000000000000000000 ) ) ;
#2223 = ORIENTED_EDGE ( 'NONE', *, *, #5728, .F. ) ;
#2224 = VERTEX_POINT ( 'NONE', #5453 ) ;
#2225 = CARTESIAN_POINT ( 'NONE',  ( 11.74846823975799914, -34.01333997346590365, -43.17000000000000171 ) ) ;
#2226 = EDGE_LOOP ( 'NONE', ( #656, #6161, #3175, #1763 ) ) ;
#2227 = CARTESIAN_POINT ( 'NONE',  ( 2.000000000000000000, -27.87842712474619944, 52.94999999999999574 ) ) ;
#2228 = AXIS2_PLACEMENT_3D ( 'NONE', #6091, #801, #1388 ) ;
#2229 = EDGE_CURVE ( 'NONE', #3838, #4827, #766, .T. ) ;
#2230 = LINE ( 'NONE', #1223, #5459 ) ;
#2231 = VERTEX_POINT ( 'NONE', #3260 ) ;
#2232 = LINE ( 'NONE', #189, #3356 ) ;
#2233 = VECTOR ( 'NONE', #5016, 1000.000000000000000 ) ;
#2234 = ORIENTED_EDGE ( 'NONE', *, *, #1649, .T. ) ;
#2235 = ORIENTED_EDGE ( 'NONE', *, *, #5961, .T. ) ;
#2236 = PLANE ( 'NONE',  #1977 ) ;
#2237 = DIRECTION ( 'NONE',  ( 0.000000000000000000, -1.000000000000000000, 0.000000000000000000 ) ) ;
#2238 = FACE_OUTER_BOUND ( 'NONE', #677, .T. ) ;
#2239 = ORIENTED_EDGE ( 'NONE', *, *, #320, .T. ) ;
#2240 = EDGE_CURVE ( 'NONE', #6742, #5073, #4395, .T. ) ;
#2241 = AXIS2_PLACEMENT_3D ( 'NONE', #1284, #6434, #4905 ) ;
#2242 = PLANE ( 'NONE',  #3583 ) ;
#2243 = ORIENTED_EDGE ( 'NONE', *, *, #3489, .F. ) ;
#2244 = CARTESIAN_POINT ( 'NONE',  ( 12.00000000000000000, -21.66332092008489951, -3.062052658050260057 ) ) ;
#2245 = VECTOR ( 'NONE', #4281, 1000.000000000000000 ) ;
#2246 = DIRECTION ( 'NONE',  ( 0.000000000000000000, 1.000000000000000000, 4.947517935049719886E-16 ) ) ;
#2247 = DIRECTION ( 'NONE',  ( 0.000000000000000000, 0.000000000000000000, 1.000000000000000000 ) ) ;
#2248 = EDGE_CURVE ( 'NONE', #3197, #6595, #2725, .T. ) ;
#2249 = VECTOR ( 'NONE', #767, 1000.000000000000000 ) ;
#2250 = DIRECTION ( 'NONE',  ( 0.000000000000000000, 1.000000000000000000, 0.000000000000000000 ) ) ;
#2251 = ORIENTED_EDGE ( 'NONE', *, *, #3442, .F. ) ;
#2252 = CARTESIAN_POINT ( 'NONE',  ( 13.60374784864828790, 33.74001619238701721, -61.84364817667618297 ) ) ;
#2253 = VERTEX_POINT ( 'NONE', #162 ) ;
#2254 = AXIS2_PLACEMENT_3D ( 'NONE', #5981, #3311, #3917 ) ;
#2255 = DIRECTION ( 'NONE',  ( 0.000000000000000000, 1.000000000000000000, -4.947517935049719886E-16 ) ) ;
#2256 = DIRECTION ( 'NONE',  ( 0.000000000000000000, 1.000000000000000000, 0.000000000000000000 ) ) ;
#2257 = CYLINDRICAL_SURFACE ( 'NONE', #4245, 3.000000000000000000 ) ;
#2258 = EDGE_LOOP ( 'NONE', ( #2309, #5313, #1147, #4443 ) ) ;
#2259 = CARTESIAN_POINT ( 'NONE',  ( 8.873962308951458766, -33.85000000000000142, -52.81776663013170747 ) ) ;
#2260 = CYLINDRICAL_SURFACE ( 'NONE', #6601, 2.000000000000001776 ) ;
#2261 = PLANE ( 'NONE',  #6724 ) ;
#2262 = EDGE_LOOP ( 'NONE', ( #2899, #768, #4176, #1050 ) ) ;
#2263 = CYLINDRICAL_SURFACE ( 'NONE', #4838, 2.000000000000001776 ) ;
#2264 = AXIS2_PLACEMENT_3D ( 'NONE', #6751, #2128, #606 ) ;
#2265 = EDGE_CURVE ( 'NONE', #6131, #5040, #6033, .T. ) ;
#2266 = CARTESIAN_POINT ( 'NONE',  ( 10.81200000000000117, 23.05000000000000071, 72.84999999999999432 ) ) ;
#2267 = VERTEX_POINT ( 'NONE', #4294 ) ;
#2268 = CARTESIAN_POINT ( 'NONE',  ( -12.64021177091670012, 15.50326797735569961, 16.26842266782869828 ) ) ;
#2269 = VERTEX_POINT ( 'NONE', #6446 ) ;
#2270 = ORIENTED_EDGE ( 'NONE', *, *, #841, .F. ) ;
#2271 = CARTESIAN_POINT ( 'NONE',  ( 10.81200000000000117, -16.00000000000000000, 72.84999999999999432 ) ) ;
#2272 = DIRECTION ( 'NONE',  ( 0.000000000000000000, 0.000000000000000000, -1.000000000000000000 ) ) ;
#2273 = DIRECTION ( 'NONE',  ( 0.000000000000000000, -0.7071067811865480168, -0.7071067811865470176 ) ) ;
#2274 = VERTEX_POINT ( 'NONE', #5349 ) ;
#2275 = DIRECTION ( 'NONE',  ( -1.000000000000000000, 0.000000000000000000, 0.000000000000000000 ) ) ;
#2276 = ORIENTED_EDGE ( 'NONE', *, *, #616, .T. ) ;
#2277 = PLANE ( 'NONE',  #1252 ) ;
#2278 = FACE_OUTER_BOUND ( 'NONE', #700, .T. ) ;
#2279 = FACE_OUTER_BOUND ( 'NONE', #3469, .T. ) ;
#2280 = EDGE_CURVE ( 'NONE', #2231, #2267, #2442, .T. ) ;
#2281 = ORIENTED_EDGE ( 'NONE', *, *, #6252, .T. ) ;
#2282 = EDGE_CURVE ( 'NONE', #3345, #4794, #2830, .T. ) ;
#2283 = DIRECTION ( 'NONE',  ( 0.000000000000000000, 1.000000000000000000, 0.000000000000000000 ) ) ;
#2284 = VERTEX_POINT ( 'NONE', #3113 ) ;
#2285 = CARTESIAN_POINT ( 'NONE',  ( 8.873962308951309552, 28.21471715809610359, -59.91103336986829930 ) ) ;
#2286 = DIRECTION ( 'NONE',  ( 0.000000000000000000, 0.000000000000000000, 1.000000000000000000 ) ) ;
#2287 = VECTOR ( 'NONE', #5343, 1000.000000000000000 ) ;
#2288 = EDGE_CURVE ( 'NONE', #5040, #1633, #1524, .T. ) ;
#2289 = DIRECTION ( 'NONE',  ( 0.000000000000000000, 0.7071067811865487940, -0.7071067811865463515 ) ) ;
#2290 = ORIENTED_EDGE ( 'NONE', *, *, #3242, .T. ) ;
#2291 = FACE_OUTER_BOUND ( 'NONE', #2395, .T. ) ;
#2292 = DIRECTION ( 'NONE',  ( 0.000000000000000000, -0.8660254037844389297, 0.4999999999999995559 ) ) ;
#2293 = ORIENTED_EDGE ( 'NONE', *, *, #5049, .T. ) ;
#2294 = CARTESIAN_POINT ( 'NONE',  ( 24.00000000000000000, 21.66332092008489951, -3.062052658050260057 ) ) ;
#2295 = FACE_OUTER_BOUND ( 'NONE', #489, .T. ) ;
#2296 = ORIENTED_EDGE ( 'NONE', *, *, #1673, .T. ) ;
#2297 = DIRECTION ( 'NONE',  ( -0.8944271909999160775, -0.2236067977499789916, -0.3872983346207410915 ) ) ;
#2298 = CIRCLE ( 'NONE', #4710, 2.000000000000001776 ) ;
#2299 = EDGE_CURVE ( 'NONE', #4257, #2107, #3612, .T. ) ;
#2300 = ORIENTED_EDGE ( 'NONE', *, *, #2439, .T. ) ;
#2301 = EDGE_CURVE ( 'NONE', #6328, #5709, #265, .T. ) ;
#2302 = CARTESIAN_POINT ( 'NONE',  ( 8.873962308951458766, -27.85000000000000142, -50.81776663013170747 ) ) ;
#2303 = DIRECTION ( 'NONE',  ( 0.000000000000000000, 0.000000000000000000, 1.000000000000000000 ) ) ;
#2304 = APPROVAL_PERSON_ORGANIZATION ( #69, #1559, #2068 ) ;
#2305 = EDGE_CURVE ( 'NONE', #120, #6589, #4135, .T. ) ;
#2306 = EDGE_CURVE ( 'NONE', #2155, #938, #4839, .T. ) ;
#2307 = LINE ( 'NONE', #124, #2788 ) ;
#2308 = VECTOR ( 'NONE', #1104, 1000.000000000000000 ) ;
#2309 = ORIENTED_EDGE ( 'NONE', *, *, #1730, .F. ) ;
#2310 = CARTESIAN_POINT ( 'NONE',  ( 24.00000000000000000, 3.535533905932729759, 58.00000000000000000 ) ) ;
#2311 = VECTOR ( 'NONE', #6140, 1000.000000000000000 ) ;
#2312 = ORIENTED_EDGE ( 'NONE', *, *, #6511, .T. ) ;
#2313 = DIRECTION ( 'NONE',  ( 0.000000000000000000, -1.000000000000000000, 0.000000000000000000 ) ) ;
#2314 = DIRECTION ( 'NONE',  ( 0.000000000000000000, -0.4999999999999998890, -0.8660254037844387076 ) ) ;
#2315 = CYLINDRICAL_SURFACE ( 'NONE', #3754, 1.000000000000000888 ) ;
#2316 = AXIS2_PLACEMENT_3D ( 'NONE', #4142, #2534, #6196 ) ;
#2317 = AXIS2_PLACEMENT_3D ( 'NONE', #6032, #5194, #5703 ) ;
#2318 = ORIENTED_EDGE ( 'NONE', *, *, #2065, .F. ) ;
#2319 = CYLINDRICAL_SURFACE ( 'NONE', #5395, 2.000000000000001776 ) ;
#2320 = CARTESIAN_POINT ( 'NONE',  ( 22.75735931288071257, 33.85000000000000142, -24.17000000000003013 ) ) ;
#2321 = AXIS2_PLACEMENT_3D ( 'NONE', #3341, #3269, #2346 ) ;
#2322 = CARTESIAN_POINT ( 'NONE',  ( -8.000000000000000000, -11.58553390593270116, 68.00000000000000000 ) ) ;
#2323 = ADVANCED_FACE ( 'NONE', ( #2044 ), #4691, .F. ) ;
#2324 = CIRCLE ( 'NONE', #3412, 2.000000000000001776 ) ;
#2325 = DIRECTION ( 'NONE',  ( 0.000000000000000000, 0.000000000000000000, -1.000000000000000000 ) ) ;
#2326 = VERTEX_POINT ( 'NONE', #6189 ) ;
#2327 = DIRECTION ( 'NONE',  ( 0.000000000000000000, 0.000000000000000000, -1.000000000000000000 ) ) ;
#2328 = CARTESIAN_POINT ( 'NONE',  ( 8.812000000000001165, -23.05000000000000071, 72.84999999999999432 ) ) ;
#2329 = VERTEX_POINT ( 'NONE', #1489 ) ;
#2330 = ORIENTED_EDGE ( 'NONE', *, *, #5937, .F. ) ;
#2331 = EDGE_CURVE ( 'NONE', #3905, #3623, #936, .T. ) ;
#2332 = PLANE ( 'NONE',  #3167 ) ;
#2333 = VERTEX_POINT ( 'NONE', #4101 ) ;
#2334 = DIRECTION ( 'NONE',  ( 0.000000000000000000, 1.000000000000000000, 0.000000000000000000 ) ) ;
#2335 = ORIENTED_EDGE ( 'NONE', *, *, #5818, .F. ) ;
#2336 = ORIENTED_EDGE ( 'NONE', *, *, #2065, .T. ) ;
#2337 = CARTESIAN_POINT ( 'NONE',  ( 24.00000000000000000, -25.05000000000000071, 38.80384757729340350 ) ) ;
#2338 = DIRECTION ( 'NONE',  ( 0.000000000000000000, 0.000000000000000000, 1.000000000000000000 ) ) ;
#2339 = FACE_OUTER_BOUND ( 'NONE', #976, .T. ) ;
#2340 = EDGE_LOOP ( 'NONE', ( #4977, #6783, #1100, #497 ) ) ;
#2341 = CIRCLE ( 'NONE', #3212, 1.000000000000000888 ) ;
#2342 = DIRECTION ( 'NONE',  ( -1.000000000000000000, 0.000000000000000000, 0.000000000000000000 ) ) ;
#2343 = EDGE_LOOP ( 'NONE', ( #4524, #1654, #4907, #4618 ) ) ;
#2344 = FACE_OUTER_BOUND ( 'NONE', #4233, .T. ) ;
#2345 = CARTESIAN_POINT ( 'NONE',  ( 14.12396230895140192, -27.85000000000000142, -49.81776663013170037 ) ) ;
#2346 = DIRECTION ( 'NONE',  ( 1.000000000000000000, 0.000000000000000000, 0.000000000000000000 ) ) ;
#2347 = AXIS2_PLACEMENT_3D ( 'NONE', #952, #826, #2971 ) ;
#2348 = AXIS2_PLACEMENT_3D ( 'NONE', #1001, #1520, #3145 ) ;
#2349 = CIRCLE ( 'NONE', #3224, 2.000000000000001776 ) ;
#2350 = ORIENTED_EDGE ( 'NONE', *, *, #1757, .T. ) ;
#2351 = CARTESIAN_POINT ( 'NONE',  ( 8.812000000000001165, -16.00000000000000000, 42.00000000000000000 ) ) ;
#2352 = EDGE_CURVE ( 'NONE', #1153, #2326, #5669, .T. ) ;
#2353 = DIRECTION ( 'NONE',  ( 0.000000000000000000, 0.000000000000000000, -1.000000000000000000 ) ) ;
#2354 = CARTESIAN_POINT ( 'NONE',  ( 0.8786796564403600573, -27.17132034355960002, 77.12132034355960286 ) ) ;
#2355 = CIRCLE ( 'NONE', #4210, 1.000000000000000888 ) ;
#2356 = LINE ( 'NONE', #4553, #4573 ) ;
#2357 = EDGE_LOOP ( 'NONE', ( #4211, #5337, #1732, #840 ) ) ;
#2358 = VECTOR ( 'NONE', #4921, 1000.000000000000000 ) ;
#2359 = CARTESIAN_POINT ( 'NONE',  ( -8.000000000000000000, -4.514466094067260293, 68.00000000000000000 ) ) ;
#2360 = CARTESIAN_POINT ( 'NONE',  ( 11.49896230895140015, -33.85000000000000142, -53.36439999999999628 ) ) ;
#2361 = ORIENTED_EDGE ( 'NONE', *, *, #5729, .T. ) ;
#2362 = CARTESIAN_POINT ( 'NONE',  ( 6.812000000000000277, 28.04999999999999716, 52.79999999999999716 ) ) ;
#2363 = CARTESIAN_POINT ( 'NONE',  ( 3.000000000000000000, 26.34999999999999787, -29.17000000000000171 ) ) ;
#2364 = EDGE_LOOP ( 'NONE', ( #50, #2927, #5929, #3967 ) ) ;
#2365 = CARTESIAN_POINT ( 'NONE',  ( 8.812000000000001165, 32.23223304703364533, 32.23223304703392245 ) ) ;
#2366 = EDGE_CURVE ( 'NONE', #5759, #732, #6798, .T. ) ;
#2367 = ADVANCED_FACE ( 'NONE', ( #456 ), #419, .T. ) ;
#2368 = ORIENTED_EDGE ( 'NONE', *, *, #4591, .F. ) ;
#2369 = VERTEX_POINT ( 'NONE', #4658 ) ;
#2370 = EDGE_CURVE ( 'NONE', #6144, #2853, #3616, .T. ) ;
#2371 = CARTESIAN_POINT ( 'NONE',  ( 8.873962308951458766, 33.85000000000000142, -50.81776663013170747 ) ) ;
#2372 = CARTESIAN_POINT ( 'NONE',  ( -8.000000000000000000, -4.514466094067260293, 58.00000000000000000 ) ) ;
#2373 = DIRECTION ( 'NONE',  ( -0.000000000000000000, 1.000000000000000000, 0.000000000000000000 ) ) ;
#2374 = ORIENTED_EDGE ( 'NONE', *, *, #5252, .T. ) ;
#2375 = PLANE ( 'NONE',  #585 ) ;
#2376 = AXIS2_PLACEMENT_3D ( 'NONE', #3055, #432, #2541 ) ;
#2377 = CARTESIAN_POINT ( 'NONE',  ( 0.000000000000000000, -23.05000000000000071, 52.85000000000000142 ) ) ;
#2378 = ORIENTED_EDGE ( 'NONE', *, *, #2288, .F. ) ;
#2379 = DIRECTION ( 'NONE',  ( 0.000000000000000000, -1.000000000000000000, -1.156482317317869950E-15 ) ) ;
#2380 = CARTESIAN_POINT ( 'NONE',  ( 11.49896230895140015, -33.85000000000000142, -55.36440000000000339 ) ) ;
#2381 = CARTESIAN_POINT ( 'NONE',  ( 3.000000000000000000, 18.66332092008489951, 2.134099764656369747 ) ) ;
#2382 = CARTESIAN_POINT ( 'NONE',  ( 6.812000000000000277, -25.05000000000000071, 68.79999999999999716 ) ) ;
#2383 = VECTOR ( 'NONE', #3479, 1000.000000000000000 ) ;
#2384 = ORIENTED_EDGE ( 'NONE', *, *, #5439, .T. ) ;
#2385 = DIRECTION ( 'NONE',  ( 0.000000000000000000, -0.4999999999999998890, -0.8660254037844387076 ) ) ;
#2386 = LINE ( 'NONE', #6114, #776 ) ;
#2387 = CARTESIAN_POINT ( 'NONE',  ( 8.812000000000001165, 10.00000000000000000, 42.00000000000000000 ) ) ;
#2388 = ADVANCED_FACE ( 'NONE', ( #781 ), #1295, .T. ) ;
#2389 = ADVANCED_FACE ( 'NONE', ( #4624 ), #1328, .T. ) ;
#2390 = ADVANCED_FACE ( 'NONE', ( #816, #2895 ), #2931, .F. ) ;
#2391 = ORIENTED_EDGE ( 'NONE', *, *, #1480, .T. ) ;
#2392 = ORIENTED_EDGE ( 'NONE', *, *, #6800, .T. ) ;
#2393 = DIRECTION ( 'NONE',  ( 0.000000000000000000, 0.000000000000000000, 1.000000000000000000 ) ) ;
#2394 = DIRECTION ( 'NONE',  ( 0.000000000000000000, 0.000000000000000000, 1.000000000000000000 ) ) ;
#2395 = EDGE_LOOP ( 'NONE', ( #214, #2989, #6777, #5076 ) ) ;
#2396 = CIRCLE ( 'NONE', #1735, 2.000000000000001776 ) ;
#2397 = DIRECTION ( 'NONE',  ( 0.000000000000000000, 1.000000000000000000, 0.000000000000000000 ) ) ;
#2398 = DIRECTION ( 'NONE',  ( 0.000000000000000000, 0.000000000000000000, -1.000000000000000000 ) ) ;
#2399 = ORIENTED_EDGE ( 'NONE', *, *, #4996, .F. ) ;
#2400 = EDGE_LOOP ( 'NONE', ( #5918, #4194, #1008, #3227 ) ) ;
#2401 = ORIENTED_EDGE ( 'NONE', *, *, #6126, .F. ) ;
#2402 = CARTESIAN_POINT ( 'NONE',  ( 6.812000000000000277, 23.05000000000000071, 71.79999999999999716 ) ) ;
#2403 = LINE ( 'NONE', #5585, #1239 ) ;
#2404 = ORIENTED_EDGE ( 'NONE', *, *, #198, .F. ) ;
#2405 = EDGE_CURVE ( 'NONE', #5127, #4187, #4064, .T. ) ;
#2406 = CARTESIAN_POINT ( 'NONE',  ( 8.812000000000001165, -23.20723304703371781, 23.20723304703398071 ) ) ;
#2407 = EDGE_CURVE ( 'NONE', #2326, #5505, #5638, .T. ) ;
#2408 = FACE_OUTER_BOUND ( 'NONE', #6082, .T. ) ;
#2409 = ORIENTED_EDGE ( 'NONE', *, *, #1184, .T. ) ;
#2410 = LOCAL_TIME ( 9, 57, 39.00000000000000000, #996 ) ;
#2411 = DIRECTION ( 'NONE',  ( -1.000000000000000000, 0.000000000000000000, 0.000000000000000000 ) ) ;
#2412 = ORIENTED_EDGE ( 'NONE', *, *, #2299, .T. ) ;
#2413 = ADVANCED_FACE ( 'NONE', ( #2773 ), #1666, .F. ) ;
#2414 = CARTESIAN_POINT ( 'NONE',  ( 8.873962308951458766, 27.85000000000000142, -50.81776663013170747 ) ) ;
#2415 = CARTESIAN_POINT ( 'NONE',  ( 14.12396230895140192, -33.85000000000000142, -59.91103336986829930 ) ) ;
#2416 = CIRCLE ( 'NONE', #3320, 1.000000000000000888 ) ;
#2417 = FACE_OUTER_BOUND ( 'NONE', #2343, .T. ) ;
#2418 = VERTEX_POINT ( 'NONE', #6395 ) ;
#2419 = AXIS2_PLACEMENT_3D ( 'NONE', #2380, #4538, #2995 ) ;
#2420 = ORIENTED_EDGE ( 'NONE', *, *, #3221, .F. ) ;
#2421 = LINE ( 'NONE', #1307, #3862 ) ;
#2422 = CARTESIAN_POINT ( 'NONE',  ( 16.74896230895139837, -33.85000000000000142, -55.36440000000000339 ) ) ;
#2423 = VECTOR ( 'NONE', #5170, 1000.000000000000000 ) ;
#2424 = DIRECTION ( 'NONE',  ( 0.000000000000000000, -1.000000000000000000, 0.000000000000000000 ) ) ;
#2425 = EDGE_CURVE ( 'NONE', #6485, #5217, #595, .T. ) ;
#2426 = CARTESIAN_POINT ( 'NONE',  ( 24.00000000000000000, 26.34999999999999787, -52.17000000000000171 ) ) ;
#2427 = ORIENTED_EDGE ( 'NONE', *, *, #5727, .T. ) ;
#2428 = VERTEX_POINT ( 'NONE', #2675 ) ;
#2429 = EDGE_CURVE ( 'NONE', #321, #821, #3651, .T. ) ;
#2430 = DIRECTION ( 'NONE',  ( 1.000000000000000000, 0.000000000000000000, 0.000000000000000000 ) ) ;
#2431 = CARTESIAN_POINT ( 'NONE',  ( 8.873962308951309552, 27.85000000000000142, -59.91103336986829930 ) ) ;
#2432 = ORIENTED_EDGE ( 'NONE', *, *, #4137, .T. ) ;
#2433 = VECTOR ( 'NONE', #1344, 1000.000000000000000 ) ;
#2434 = CARTESIAN_POINT ( 'NONE',  ( 8.873962308951309552, 33.85000000000000142, -59.91103336986829930 ) ) ;
#2435 = ORIENTED_EDGE ( 'NONE', *, *, #2557, .T. ) ;
#2436 = EDGE_CURVE ( 'NONE', #6770, #4769, #1804, .T. ) ;
#2437 = CIRCLE ( 'NONE', #5821, 1.000000000000000888 ) ;
#2438 = VERTEX_POINT ( 'NONE', #3752 ) ;
#2439 = EDGE_CURVE ( 'NONE', #6061, #84, #1464, .T. ) ;
#2440 = ORIENTED_EDGE ( 'NONE', *, *, #4056, .F. ) ;
#2441 = DIRECTION ( 'NONE',  ( 0.000000000000000000, 0.000000000000000000, -1.000000000000000000 ) ) ;
#2442 =( BOUNDED_CURVE ( )  B_SPLINE_CURVE ( 3, ( #1683, #3329, #5897, #713 ),
 .UNSPECIFIED., .F., .F. ) 
 B_SPLINE_CURVE_WITH_KNOTS ( ( 4, 4 ),
 ( 4.712388980384689674, 6.283185307179586232 ),
 .UNSPECIFIED. ) 
 CURVE ( )  GEOMETRIC_REPRESENTATION_ITEM ( )  RATIONAL_B_SPLINE_CURVE ( ( 1.000000000000000000, 0.8047378541243649375, 0.8047378541243649375, 1.000000000000000000 ) ) 
 REPRESENTATION_ITEM ( '' )  );
#2443 = LINE ( 'NONE', #5646, #5948 ) ;
#2444 = ORIENTED_EDGE ( 'NONE', *, *, #1161, .F. ) ;
#2445 = LINE ( 'NONE', #2406, #3544 ) ;
#2446 = DIRECTION ( 'NONE',  ( 0.000000000000000000, 0.5000000000000003331, 0.8660254037844383745 ) ) ;
#2447 = CARTESIAN_POINT ( 'NONE',  ( 6.248962308951460543, -35.26002323096300017, -54.36440000000000339 ) ) ;
#2448 = ORIENTED_EDGE ( 'NONE', *, *, #1722, .F. ) ;
#2449 = CYLINDRICAL_SURFACE ( 'NONE', #2800, 2.000000000000001776 ) ;
#2450 = ORIENTED_EDGE ( 'NONE', *, *, #2737, .F. ) ;
#2451 = CARTESIAN_POINT ( 'NONE',  ( 13.79025015642940133, -35.35000000000000142, -33.16999999999999460 ) ) ;
#2452 = DIRECTION ( 'NONE',  ( 0.000000000000000000, 1.000000000000000000, 0.000000000000000000 ) ) ;
#2453 = EDGE_CURVE ( 'NONE', #6280, #6595, #915, .T. ) ;
#2454 = CYLINDRICAL_SURFACE ( 'NONE', #1680, 2.000000000000001776 ) ;
#2455 = AXIS2_PLACEMENT_3D ( 'NONE', #2945, #6662, #1967 ) ;
#2456 = ORIENTED_EDGE ( 'NONE', *, *, #4739, .T. ) ;
#2457 = AXIS2_PLACEMENT_3D ( 'NONE', #2679, #599, #5780 ) ;
#2458 = ORIENTED_EDGE ( 'NONE', *, *, #2727, .T. ) ;
#2459 = DIRECTION ( 'NONE',  ( 0.000000000000000000, 0.7071067811865470176, -0.7071067811865480168 ) ) ;
#2460 = AXIS2_PLACEMENT_3D ( 'NONE', #5248, #3097, #90 ) ;
#2461 = DIRECTION ( 'NONE',  ( 0.000000000000000000, -1.000000000000000000, 4.947517935049719886E-16 ) ) ;
#2462 = DIRECTION ( 'NONE',  ( 0.000000000000000000, 0.000000000000000000, -1.000000000000000000 ) ) ;
#2463 = ADVANCED_FACE ( 'NONE', ( #3275 ), #4244, .F. ) ;
#2464 = CARTESIAN_POINT ( 'NONE',  ( 2.000000000000000000, 0.000000000000000000, 0.000000000000000000 ) ) ;
#2465 = ORIENTED_EDGE ( 'NONE', *, *, #1879, .F. ) ;
#2466 = DIRECTION ( 'NONE',  ( 0.8366600265340761178, 0.5477225575051651862, 0.000000000000000000 ) ) ;
#2467 = AXIS2_PLACEMENT_3D ( 'NONE', #472, #6753, #2056 ) ;
#2468 = CARTESIAN_POINT ( 'NONE',  ( 6.812000000000000277, -28.04999999999999716, 54.80000000000000426 ) ) ;
#2469 = VECTOR ( 'NONE', #3422, 1000.000000000000000 ) ;
#2470 = VECTOR ( 'NONE', #5287, 1000.000000000000000 ) ;
#2471 = DIRECTION ( 'NONE',  ( 0.000000000000000000, -1.000000000000000000, 1.387778780781450014E-15 ) ) ;
#2472 = VERTEX_POINT ( 'NONE', #5366 ) ;
#2473 = ORIENTED_EDGE ( 'NONE', *, *, #4099, .T. ) ;
#2474 = CARTESIAN_POINT ( 'NONE',  ( 6.812000000000000277, -28.04999999999999716, 52.79999999999999716 ) ) ;
#2475 = CARTESIAN_POINT ( 'NONE',  ( 24.00000000000000000, 25.05000000000000071, 75.00000000000000000 ) ) ;
#2476 = EDGE_CURVE ( 'NONE', #4811, #4221, #5632, .T. ) ;
#2477 = ORIENTED_EDGE ( 'NONE', *, *, #4895, .T. ) ;
#2478 = CARTESIAN_POINT ( 'NONE',  ( 3.000000000000000000, -33.85000000000000142, -24.17000000000000171 ) ) ;
#2479 = CARTESIAN_POINT ( 'NONE',  ( 6.879765680545323114, -33.82050080217984345, -60.08089943013582257 ) ) ;
#2480 = DIRECTION ( 'NONE',  ( 0.000000000000000000, 1.000000000000000000, 0.000000000000000000 ) ) ;
#2481 = DIRECTION ( 'NONE',  ( -1.000000000000000000, 0.000000000000000000, 0.000000000000000000 ) ) ;
#2482 = EDGE_LOOP ( 'NONE', ( #2456, #4364 ) ) ;
#2483 = FACE_BOUND ( 'NONE', #4058, .T. ) ;
#2484 = DIRECTION ( 'NONE',  ( 1.000000000000000000, 0.000000000000000000, 0.000000000000000000 ) ) ;
#2485 = DIRECTION ( 'NONE',  ( 0.000000000000000000, -0.7071067811865470176, -0.7071067811865480168 ) ) ;
#2486 = VECTOR ( 'NONE', #1891, 1000.000000000000000 ) ;
#2487 = VECTOR ( 'NONE', #4745, 1000.000000000000000 ) ;
#2488 = VERTEX_POINT ( 'NONE', #5775 ) ;
#2489 = DIRECTION ( 'NONE',  ( 0.000000000000000000, 0.000000000000000000, -1.000000000000000000 ) ) ;
#2490 = CARTESIAN_POINT ( 'NONE',  ( 9.092057045512770941, -35.63893746902890314, -33.16999999999999460 ) ) ;
#2491 = LINE ( 'NONE', #6215, #154 ) ;
#2492 = AXIS2_PLACEMENT_3D ( 'NONE', #6397, #2710, #1667 ) ;
#2493 = ADVANCED_FACE ( 'NONE', ( #1040 ), #1555, .T. ) ;
#2494 = CARTESIAN_POINT ( 'NONE',  ( 8.873962308951309552, 26.34999999999999787, -60.91103336986829930 ) ) ;
#2495 = ORIENTED_EDGE ( 'NONE', *, *, #5354, .F. ) ;
#2496 = EDGE_LOOP ( 'NONE', ( #1979, #5730, #5672, #5472, #2300, #6732, #5914 ) ) ;
#2497 = FACE_OUTER_BOUND ( 'NONE', #6015, .T. ) ;
#2498 = CARTESIAN_POINT ( 'NONE',  ( 12.00000000000000000, -33.85000000000000142, -52.17000000000000171 ) ) ;
#2499 = DIRECTION ( 'NONE',  ( 1.000000000000000000, 0.000000000000000000, 0.000000000000000000 ) ) ;
#2500 = DIRECTION ( 'NONE',  ( 0.000000000000000000, 0.000000000000000000, -1.000000000000000000 ) ) ;
#2501 = ORIENTED_EDGE ( 'NONE', *, *, #1903, .T. ) ;
#2502 = ORIENTED_EDGE ( 'NONE', *, *, #4971, .T. ) ;
#2503 = CARTESIAN_POINT ( 'NONE',  ( 0.8786796564403600573, -27.17132034355960002, 77.12132034355960286 ) ) ;
#2504 = CARTESIAN_POINT ( 'NONE',  ( 24.00000000000000000, -26.34999999999999787, -23.16999999999999815 ) ) ;
#2505 = EDGE_LOOP ( 'NONE', ( #6063, #6237, #1340, #3790 ) ) ;
#2506 = CARTESIAN_POINT ( 'NONE',  ( 16.74896230895139837, 27.85000000000000142, -55.36440000000000339 ) ) ;
#2507 = CARTESIAN_POINT ( 'NONE',  ( 6.982916726341994007, -33.74747976310867870, -60.56222228540155328 ) ) ;
#2508 = EDGE_CURVE ( 'NONE', #2488, #4024, #3776, .T. ) ;
#2509 = CARTESIAN_POINT ( 'NONE',  ( 3.000000000000000000, 25.05000000000000071, 75.00000000000000000 ) ) ;
#2510 = EDGE_CURVE ( 'NONE', #6393, #3905, #3147, .T. ) ;
#2511 = CARTESIAN_POINT ( 'NONE',  ( 8.812000000000001165, 16.00000000000000000, 52.85000000000000142 ) ) ;
#2512 = ORIENTED_EDGE ( 'NONE', *, *, #339, .F. ) ;
#2513 = DIRECTION ( 'NONE',  ( 0.000000000000000000, 0.000000000000000000, -1.000000000000000000 ) ) ;
#2514 = DIRECTION ( 'NONE',  ( 0.000000000000000000, 0.000000000000000000, 1.000000000000000000 ) ) ;
#2515 = DIRECTION ( 'NONE',  ( 0.000000000000000000, 1.000000000000000000, 0.000000000000000000 ) ) ;
#2516 = EDGE_LOOP ( 'NONE', ( #5065, #2874, #2163, #359 ) ) ;
#2517 = LINE ( 'NONE', #3637, #6293 ) ;
#2518 = DIRECTION ( 'NONE',  ( 0.000000000000000000, 1.000000000000000000, 0.000000000000000000 ) ) ;
#2519 = DIRECTION ( 'NONE',  ( 0.000000000000000000, 1.734723475976809806E-16, 1.000000000000000000 ) ) ;
#2520 = CC_DESIGN_APPROVAL ( #1559, ( #1637 ) ) ;
#2521 = AXIS2_PLACEMENT_3D ( 'NONE', #1068, #2210, #552 ) ;
#2522 = LINE ( 'NONE', #3108, #4121 ) ;
#2523 = ORIENTED_EDGE ( 'NONE', *, *, #2305, .T. ) ;
#2524 = ORIENTED_EDGE ( 'NONE', *, *, #3442, .T. ) ;
#2525 = CARTESIAN_POINT ( 'NONE',  ( 11.74846823975799914, -34.01333997346590365, -43.17000000000000171 ) ) ;
#2526 = CARTESIAN_POINT ( 'NONE',  ( 13.79025015642940133, -35.35000000000000142, -43.17000000000000171 ) ) ;
#2527 = DIRECTION ( 'NONE',  ( 0.000000000000000000, 0.8660254037844389297, 0.4999999999999997224 ) ) ;
#2528 = EDGE_CURVE ( 'NONE', #3670, #2953, #1362, .T. ) ;
#2529 = CIRCLE ( 'NONE', #5912, 2.000000000000001776 ) ;
#2530 = CARTESIAN_POINT ( 'NONE',  ( 8.812000000000001165, -3.535533905932749743, 68.00000000000000000 ) ) ;
#2531 = ORIENTED_EDGE ( 'NONE', *, *, #6568, .T. ) ;
#2532 = VECTOR ( 'NONE', #491, 1000.000000000000000 ) ;
#2533 = ORIENTED_EDGE ( 'NONE', *, *, #2673, .T. ) ;
#2534 = DIRECTION ( 'NONE',  ( 0.000000000000000000, -0.4999999999999998890, -0.8660254037844387076 ) ) ;
#2535 = VECTOR ( 'NONE', #2255, 1000.000000000000000 ) ;
#2536 = CARTESIAN_POINT ( 'NONE',  ( 16.74896230895139837, 26.34999999999999787, -55.36440000000000339 ) ) ;
#2537 = EDGE_CURVE ( 'NONE', #5882, #6376, #4660, .T. ) ;
#2538 = EDGE_LOOP ( 'NONE', ( #1575, #3801, #6545, #1017 ) ) ;
#2539 = CARTESIAN_POINT ( 'NONE',  ( 14.12396230895140192, 26.34999999999999787, -60.91103336986829930 ) ) ;
#2540 = CARTESIAN_POINT ( 'NONE',  ( 8.812000000000001165, 27.23223304703367020, 27.23223304703398284 ) ) ;
#2541 = DIRECTION ( 'NONE',  ( 0.000000000000000000, -1.000000000000000000, -3.469446951953614189E-16 ) ) ;
#2542 = ORIENTED_EDGE ( 'NONE', *, *, #4577, .T. ) ;
#2543 = CIRCLE ( 'NONE', #5705, 1.000000000000000888 ) ;
#2544 = DIRECTION ( 'NONE',  ( 0.000000000000000000, 0.000000000000000000, -1.000000000000000000 ) ) ;
#2545 = ORIENTED_EDGE ( 'NONE', *, *, #4803, .T. ) ;
#2546 = CARTESIAN_POINT ( 'NONE',  ( 9.734883469863351735, 33.73817754831794957, -61.71630425284584476 ) ) ;
#2547 = CARTESIAN_POINT ( 'NONE',  ( 24.00000000000000000, -16.11538704883520268, -5.443130372780090376 ) ) ;
#2548 = CARTESIAN_POINT ( 'NONE',  ( 8.873962308951309552, 28.21471715809610359, -58.91103336986829930 ) ) ;
#2549 = VERTEX_POINT ( 'NONE', #3245 ) ;
#2550 = DIRECTION ( 'NONE',  ( -1.000000000000000000, 0.000000000000000000, 0.000000000000000000 ) ) ;
#2551 = CARTESIAN_POINT ( 'NONE',  ( 11.20074568225280132, -34.85000000000000142, -33.16999999999999460 ) ) ;
#2552 = PERSON_AND_ORGANIZATION_ROLE ( 'creator' ) ;
#2553 = DIRECTION ( 'NONE',  ( -1.000000000000000000, 0.000000000000000000, 0.000000000000000000 ) ) ;
#2554 = EDGE_CURVE ( 'NONE', #2768, #4219, #4797, .T. ) ;
#2555 = VERTEX_POINT ( 'NONE', #6326 ) ;
#2556 = ORIENTED_EDGE ( 'NONE', *, *, #549, .F. ) ;
#2557 = EDGE_CURVE ( 'NONE', #6072, #2046, #76, .T. ) ;
#2558 = VECTOR ( 'NONE', #4083, 1000.000000000000000 ) ;
#2559 = FACE_OUTER_BOUND ( 'NONE', #37, .T. ) ;
#2560 = CARTESIAN_POINT ( 'NONE',  ( 8.873962308951458766, 33.85000000000000142, -48.81776663013170037 ) ) ;
#2561 = DIRECTION ( 'NONE',  ( 1.000000000000000000, 0.000000000000000000, 0.000000000000000000 ) ) ;
#2562 = CIRCLE ( 'NONE', #3333, 2.000000000000001776 ) ;
#2563 = CARTESIAN_POINT ( 'NONE',  ( 21.00000000000000000, -18.66332092008480004, -14.74735342352009937 ) ) ;
#2564 = ORIENTED_EDGE ( 'NONE', *, *, #87, .T. ) ;
#2565 = VERTEX_POINT ( 'NONE', #6361 ) ;
#2566 = VECTOR ( 'NONE', #5877, 1000.000000000000000 ) ;
#2567 = CIRCLE ( 'NONE', #6396, 1.000000000000000888 ) ;
#2568 = ORIENTED_EDGE ( 'NONE', *, *, #2366, .T. ) ;
#2569 = ORIENTED_EDGE ( 'NONE', *, *, #1730, .T. ) ;
#2570 = DIRECTION ( 'NONE',  ( -1.000000000000000000, 0.000000000000000000, 0.000000000000000000 ) ) ;
#2571 = CARTESIAN_POINT ( 'NONE',  ( 24.00000000000000000, -8.050000000000000711, 71.53553390593270933 ) ) ;
#2572 = VECTOR ( 'NONE', #917, 1000.000000000000000 ) ;
#2573 = EDGE_LOOP ( 'NONE', ( #2, #2374, #3196, #2986 ) ) ;
#2574 = DIRECTION ( 'NONE',  ( 0.000000000000000000, 0.000000000000000000, -1.000000000000000000 ) ) ;
#2575 = ADVANCED_FACE ( 'NONE', ( #625 ), #2740, .F. ) ;
#2576 = DIRECTION ( 'NONE',  ( 0.000000000000000000, -0.7071067811865515695, 0.7071067811865435759 ) ) ;
#2577 = EDGE_CURVE ( 'NONE', #6776, #1365, #5537, .T. ) ;
#2578 = DIRECTION ( 'NONE',  ( 0.000000000000000000, -1.000000000000000000, 0.000000000000000000 ) ) ;
#2579 = CC_DESIGN_PERSON_AND_ORGANIZATION_ASSIGNMENT ( #4648, #1032, ( #6564 ) ) ;
#2580 = VECTOR ( 'NONE', #2879, 1000.000000000000000 ) ;
#2581 = CARTESIAN_POINT ( 'NONE',  ( 24.00000000000000000, -8.437694987151189707E-15, 61.53553390593270223 ) ) ;
#2582 = EDGE_LOOP ( 'NONE', ( #4530, #2640 ) ) ;
#2583 = LINE ( 'NONE', #5761, #3833 ) ;
#2584 = CARTESIAN_POINT ( 'NONE',  ( 10.81200000000000117, 16.00000000000000000, 72.84999999999999432 ) ) ;
#2585 = CARTESIAN_POINT ( 'NONE',  ( 15.68721215203371422, -33.76334229586323943, -61.15917423495820771 ) ) ;
#2586 = PLANE ( 'NONE',  #2954 ) ;
#2587 = ORIENTED_EDGE ( 'NONE', *, *, #237, .F. ) ;
#2588 = DIRECTION ( 'NONE',  ( 1.000000000000000000, 0.000000000000000000, 0.000000000000000000 ) ) ;
#2589 = PLANE ( 'NONE',  #4938 ) ;
#2590 = DATE_AND_TIME ( #4236, #6013 ) ;
#2591 = CARTESIAN_POINT ( 'NONE',  ( 6.812000000000000277, -33.34294385590089860, 69.79999999999999716 ) ) ;
#2592 = AXIS2_PLACEMENT_3D ( 'NONE', #5148, #3704, #3597 ) ;
#2593 = CARTESIAN_POINT ( 'NONE',  ( 0.000000000000000000, 26.34999999999999787, -52.17000000000000171 ) ) ;
#2594 = ORIENTED_EDGE ( 'NONE', *, *, #6211, .F. ) ;
#2595 = CARTESIAN_POINT ( 'NONE',  ( 3.000000000000000000, -33.85000000000000142, -24.17000000000000171 ) ) ;
#2596 = EDGE_CURVE ( 'NONE', #195, #3759, #6183, .T. ) ;
#2597 = CARTESIAN_POINT ( 'NONE',  ( 0.000000000000000000, -16.11538704883520268, -5.443130372780090376 ) ) ;
#2598 = EDGE_CURVE ( 'NONE', #799, #155, #6497, .T. ) ;
#2599 = EDGE_CURVE ( 'NONE', #3499, #5572, #4902, .T. ) ;
#2600 = DIRECTION ( 'NONE',  ( 0.000000000000000000, 0.000000000000000000, 1.000000000000000000 ) ) ;
#2601 = LINE ( 'NONE', #6258, #3173 ) ;
#2602 = ORIENTED_EDGE ( 'NONE', *, *, #2577, .F. ) ;
#2603 = EDGE_LOOP ( 'NONE', ( #4116, #5713, #6535, #562 ) ) ;
#2604 = DIRECTION ( 'NONE',  ( -1.000000000000000000, 0.000000000000000000, 0.000000000000000000 ) ) ;
#2605 = CARTESIAN_POINT ( 'NONE',  ( 7.106626439692095509, 33.69157428528418308, -60.84735455191310649 ) ) ;
#2606 = VERTEX_POINT ( 'NONE', #2354 ) ;
#2607 = ORIENTED_EDGE ( 'NONE', *, *, #864, .F. ) ;
#2608 = FACE_OUTER_BOUND ( 'NONE', #3698, .T. ) ;
#2609 = ORIENTED_EDGE ( 'NONE', *, *, #258, .T. ) ;
#2610 = DIRECTION ( 'NONE',  ( 0.000000000000000000, 0.000000000000000000, -1.000000000000000000 ) ) ;
#2611 = EDGE_LOOP ( 'NONE', ( #1983, #3183 ) ) ;
#2612 = CARTESIAN_POINT ( 'NONE',  ( 26.70934326393209801, -25.34065673606789559, 33.30727981172509544 ) ) ;
#2613 = ORIENTED_EDGE ( 'NONE', *, *, #4520, .T. ) ;
#2614 = ORIENTED_EDGE ( 'NONE', *, *, #4447, .F. ) ;
#2615 = CARTESIAN_POINT ( 'NONE',  ( 10.33533180044128841, 33.84091490698181559, -61.28697116865173911 ) ) ;
#2616 = DIRECTION ( 'NONE',  ( 0.000000000000000000, -1.000000000000000000, 0.000000000000000000 ) ) ;
#2617 = DIRECTION ( 'NONE',  ( 0.000000000000000000, 0.000000000000000000, 1.000000000000000000 ) ) ;
#2618 = VECTOR ( 'NONE', #5377, 1000.000000000000000 ) ;
#2619 = EDGE_CURVE ( 'NONE', #3540, #2958, #6012, .T. ) ;
#2620 = DIRECTION ( 'NONE',  ( 0.000000000000000000, 0.000000000000000000, 1.000000000000000000 ) ) ;
#2621 = ORIENTED_EDGE ( 'NONE', *, *, #3806, .F. ) ;
#2622 = ADVANCED_FACE ( 'NONE', ( #5466 ), #3820, .F. ) ;
#2623 = DIRECTION ( 'NONE',  ( 0.000000000000000000, 0.000000000000000000, 1.000000000000000000 ) ) ;
#2624 = DIRECTION ( 'NONE',  ( 0.000000000000000000, -0.8660254037844385966, -0.5000000000000002220 ) ) ;
#2625 = COORDINATED_UNIVERSAL_TIME_OFFSET ( 8, 0, .AHEAD. ) ;
#2626 = CARTESIAN_POINT ( 'NONE',  ( 14.12396230895140192, -33.85000000000000142, -48.81776663013170037 ) ) ;
#2627 = EDGE_CURVE ( 'NONE', #1359, #4248, #4378, .T. ) ;
#2628 = CIRCLE ( 'NONE', #5577, 1.000000000000000888 ) ;
#2629 = MANIFOLD_SOLID_BREP ( '切除-拉伸1', #4713 ) ;
#2630 = CARTESIAN_POINT ( 'NONE',  ( 8.873962308951309552, 33.85000000000000142, -59.91103336986829930 ) ) ;
#2631 = VERTEX_POINT ( 'NONE', #3885 ) ;
#2632 = EDGE_LOOP ( 'NONE', ( #664, #4722, #4050, #2938 ) ) ;
#2633 = DIRECTION ( 'NONE',  ( 0.000000000000000000, 0.000000000000000000, -1.000000000000000000 ) ) ;
#2634 = PLANE ( 'NONE',  #4178 ) ;
#2635 = CARTESIAN_POINT ( 'NONE',  ( 12.00000000000000000, 33.85000000000000142, -52.17000000000000171 ) ) ;
#2636 = VECTOR ( 'NONE', #1416, 1000.000000000000000 ) ;
#2637 = EDGE_CURVE ( 'NONE', #4494, #6589, #760, .T. ) ;
#2638 = AXIS2_PLACEMENT_3D ( 'NONE', #3500, #4957, #6041 ) ;
#2639 = DIRECTION ( 'NONE',  ( 0.000000000000000000, 1.000000000000000000, 0.000000000000000000 ) ) ;
#2640 = ORIENTED_EDGE ( 'NONE', *, *, #1480, .F. ) ;
#2641 = DIRECTION ( 'NONE',  ( 0.000000000000000000, 0.000000000000000000, -1.000000000000000000 ) ) ;
#2642 = LINE ( 'NONE', #4033, #6136 ) ;
#2643 = CIRCLE ( 'NONE', #1425, 2.000000000000001776 ) ;
#2644 = DIRECTION ( 'NONE',  ( 0.000000000000000000, 0.000000000000000000, -1.000000000000000000 ) ) ;
#2645 = ORIENTED_EDGE ( 'NONE', *, *, #5660, .T. ) ;
#2646 = AXIS2_PLACEMENT_3D ( 'NONE', #5103, #392, #2499 ) ;
#2647 = ORIENTED_EDGE ( 'NONE', *, *, #6256, .F. ) ;
#2648 = PLANE ( 'NONE',  #519 ) ;
#2649 = EDGE_LOOP ( 'NONE', ( #3864, #2868, #5819, #4596, #3770, #176 ) ) ;
#2650 = DIRECTION ( 'NONE',  ( 0.000000000000000000, 1.000000000000000000, 0.000000000000000000 ) ) ;
#2651 = EDGE_CURVE ( 'NONE', #4167, #4307, #3413, .T. ) ;
#2652 = EDGE_CURVE ( 'NONE', #1889, #5035, #2026, .T. ) ;
#2653 = CARTESIAN_POINT ( 'NONE',  ( 10.81200000000000117, 16.00000000000000000, 42.00000000000000000 ) ) ;
#2654 = ORIENTED_EDGE ( 'NONE', *, *, #6470, .T. ) ;
#2655 = ORIENTED_EDGE ( 'NONE', *, *, #3324, .T. ) ;
#2656 = CARTESIAN_POINT ( 'NONE',  ( 16.74896230895139837, -26.34999999999999787, -54.36440000000000339 ) ) ;
#2657 = FACE_OUTER_BOUND ( 'NONE', #2357, .T. ) ;
#2658 = CARTESIAN_POINT ( 'NONE',  ( 15.62382524285991536, -33.75172958515876331, -61.23411148062605491 ) ) ;
#2659 = AXIS2_PLACEMENT_3D ( 'NONE', #3013, #2394, #2918 ) ;
#2660 = CARTESIAN_POINT ( 'NONE',  ( 7.572789619340361433, -33.57080756830788459, -61.43001937432500625 ) ) ;
#2661 = EDGE_LOOP ( 'NONE', ( #4752, #6029, #2841, #6743 ) ) ;
#2662 = CARTESIAN_POINT ( 'NONE',  ( 6.812000000000000277, 23.05000000000000071, 55.80000000000000426 ) ) ;
#2663 = ADVANCED_FACE ( 'NONE', ( #1279 ), #282, .F. ) ;
#2664 = FACE_OUTER_BOUND ( 'NONE', #2632, .T. ) ;
#2665 = SECURITY_CLASSIFICATION_LEVEL ( 'unclassified' ) ;
#2666 = CARTESIAN_POINT ( 'NONE',  ( 6.812000000000000277, 31.92502365627499472, 70.79999999999999716 ) ) ;
#2667 =( BOUNDED_CURVE ( )  B_SPLINE_CURVE ( 3, ( #5293, #5260, #1137, #269 ),
 .UNSPECIFIED., .F., .T. ) 
 B_SPLINE_CURVE_WITH_KNOTS ( ( 4, 4 ),
 ( 4.712388980384680792, 6.283185307179586232 ),
 .UNSPECIFIED. ) 
 CURVE ( )  GEOMETRIC_REPRESENTATION_ITEM ( )  RATIONAL_B_SPLINE_CURVE ( ( 1.000000000000000000, 0.8047378541243628280, 0.8047378541243628280, 1.000000000000000000 ) ) 
 REPRESENTATION_ITEM ( '' )  );
#2668 = LINE ( 'NONE', #4757, #6195 ) ;
#2669 = EDGE_CURVE ( 'NONE', #3444, #6393, #245, .T. ) ;
#2670 = EDGE_LOOP ( 'NONE', ( #2814, #257, #4181, #2435 ) ) ;
#2671 = EDGE_CURVE ( 'NONE', #4631, #6785, #4348, .T. ) ;
#2672 = CARTESIAN_POINT ( 'NONE',  ( 6.248962308951460543, -35.26002323096300017, -56.36440000000000339 ) ) ;
#2673 = EDGE_CURVE ( 'NONE', #6328, #3264, #2811, .T. ) ;
#2674 = FACE_OUTER_BOUND ( 'NONE', #1021, .T. ) ;
#2675 = CARTESIAN_POINT ( 'NONE',  ( 21.00000000000000000, -25.05000000000000071, 78.00000000000000000 ) ) ;
#2676 = AXIS2_PLACEMENT_3D ( 'NONE', #1866, #6010, #2489 ) ;
#2677 = DIRECTION ( 'NONE',  ( 0.000000000000000000, 0.000000000000000000, 1.000000000000000000 ) ) ;
#2678 = ORIENTED_EDGE ( 'NONE', *, *, #4842, .F. ) ;
#2679 = CARTESIAN_POINT ( 'NONE',  ( 21.00000000000000000, -25.05000000000000071, 75.00000000000000000 ) ) ;
#2680 = CIRCLE ( 'NONE', #6498, 2.999999999999999112 ) ;
#2681 = CARTESIAN_POINT ( 'NONE',  ( 15.61910357969877161, 33.75087903110372167, -61.23942777489736500 ) ) ;
#2682 = CARTESIAN_POINT ( 'NONE',  ( 8.683590330061718987, 33.56252754699982432, -61.90230141298768274 ) ) ;
#2683 = ORIENTED_EDGE ( 'NONE', *, *, #1076, .T. ) ;
#2684 = DIRECTION ( 'NONE',  ( 0.000000000000000000, 0.000000000000000000, -1.000000000000000000 ) ) ;
#2685 = ORIENTED_EDGE ( 'NONE', *, *, #2596, .F. ) ;
#2686 = CARTESIAN_POINT ( 'NONE',  ( 6.812000000000000277, -25.05000000000000071, 56.80000000000000426 ) ) ;
#2687 = EDGE_LOOP ( 'NONE', ( #4836, #1894, #4000, #2196, #4817, #6329, #5699, #4449, #5017, #3983 ) ) ;
#2688 = ORIENTED_EDGE ( 'NONE', *, *, #6714, .T. ) ;
#2689 = ORIENTED_EDGE ( 'NONE', *, *, #2407, .F. ) ;
#2690 = AXIS2_PLACEMENT_3D ( 'NONE', #853, #6625, #1825 ) ;
#2691 = DIRECTION ( 'NONE',  ( 0.000000000000000000, -1.000000000000000000, 0.000000000000000000 ) ) ;
#2692 = CARTESIAN_POINT ( 'NONE',  ( 0.8819995079319743470, -18.88382079706783756, 0.8778409670516261754 ) ) ;
#2693 = ADVANCED_FACE ( 'NONE', ( #178 ), #1768, .F. ) ;
#2694 = CARTESIAN_POINT ( 'NONE',  ( 15.04299887476952158, -33.68029809211196834, -61.69169759174341294 ) ) ;
#2695 = CIRCLE ( 'NONE', #4548, 2.000000000000001776 ) ;
#2696 = CARTESIAN_POINT ( 'NONE',  ( 6.996931549605805323, -33.74019109193459798, -60.60158088374193852 ) ) ;
#2697 = VECTOR ( 'NONE', #4274, 1000.000000000000000 ) ;
#2698 = AXIS2_PLACEMENT_3D ( 'NONE', #4956, #335, #3436 ) ;
#2699 = ORIENTED_EDGE ( 'NONE', *, *, #761, .T. ) ;
#2700 = LINE ( 'NONE', #4786, #5417 ) ;
#2701 = CYLINDRICAL_SURFACE ( 'NONE', #3067, 1.000000000000000888 ) ;
#2702 = LINE ( 'NONE', #5188, #5580 ) ;
#2703 = DIRECTION ( 'NONE',  ( 0.000000000000000000, -1.000000000000000000, 1.734723475976809806E-16 ) ) ;
#2704 = VERTEX_POINT ( 'NONE', #2387 ) ;
#2705 = CARTESIAN_POINT ( 'NONE',  ( 14.12395955033525041, 33.68895221054084033, -61.91095756797347605 ) ) ;
#2706 = LINE ( 'NONE', #3177, #2984 ) ;
#2707 = DIRECTION ( 'NONE',  ( 0.000000000000000000, 0.000000000000000000, 1.000000000000000000 ) ) ;
#2708 = EDGE_CURVE ( 'NONE', #5816, #3965, #3357, .T. ) ;
#2709 = AXIS2_PLACEMENT_3D ( 'NONE', #3193, #1091, #1612 ) ;
#2710 = DIRECTION ( 'NONE',  ( 0.5477225575051652973, 0.8366600265340762288, 0.000000000000000000 ) ) ;
#2711 = EDGE_LOOP ( 'NONE', ( #1262, #2412, #2545, #2602, #2699 ) ) ;
#2712 = ORIENTED_EDGE ( 'NONE', *, *, #1671, .F. ) ;
#2713 = ADVANCED_FACE ( 'NONE', ( #5435 ), #2844, .F. ) ;
#2714 = ORIENTED_EDGE ( 'NONE', *, *, #4627, .T. ) ;
#2715 = CARTESIAN_POINT ( 'NONE',  ( 15.95850797494476758, 33.82175177426449153, -60.70772555019115657 ) ) ;
#2716 = CARTESIAN_POINT ( 'NONE',  ( 6.906648595364213605, 33.79527053069637077, -60.27336509417438037 ) ) ;
#2717 = CIRCLE ( 'NONE', #3041, 2.000000000000001776 ) ;
#2718 = DIRECTION ( 'NONE',  ( 5.007715329123868697E-16, -0.4999999999999998890, -0.8660254037844387076 ) ) ;
#2719 = ORIENTED_EDGE ( 'NONE', *, *, #2671, .F. ) ;
#2720 = AXIS2_PLACEMENT_3D ( 'NONE', #431, #4006, #1403 ) ;
#2721 = DIRECTION ( 'NONE',  ( 0.000000000000000000, 1.503427012513229988E-15, 1.000000000000000000 ) ) ;
#2722 = ORIENTED_EDGE ( 'NONE', *, *, #4875, .T. ) ;
#2723 = ORIENTED_EDGE ( 'NONE', *, *, #5777, .T. ) ;
#2724 = CARTESIAN_POINT ( 'NONE',  ( 3.000000000000000000, -16.00000000000000000, 75.00000000000000000 ) ) ;
#2725 = LINE ( 'NONE', #679, #1655 ) ;
#2726 = FACE_OUTER_BOUND ( 'NONE', #2482, .T. ) ;
#2727 = EDGE_CURVE ( 'NONE', #2472, #1297, #973, .T. ) ;
#2728 = CARTESIAN_POINT ( 'NONE',  ( 7.616904755582169173, -33.56408304903655448, -61.46708019024889325 ) ) ;
#2729 = ADVANCED_FACE ( 'NONE', ( #4582, #6698 ), #5568, .F. ) ;
#2730 = ORIENTED_EDGE ( 'NONE', *, *, #3150, .F. ) ;
#2731 = DIRECTION ( 'NONE',  ( 0.000000000000000000, -1.000000000000000000, 0.000000000000000000 ) ) ;
#2732 = VECTOR ( 'NONE', #3775, 1000.000000000000000 ) ;
#2733 = CARTESIAN_POINT ( 'NONE',  ( 8.873962308951458766, 26.34999999999999787, -50.81776663013170747 ) ) ;
#2734 = DIRECTION ( 'NONE',  ( 0.000000000000000000, 0.000000000000000000, -1.000000000000000000 ) ) ;
#2735 = CARTESIAN_POINT ( 'NONE',  ( 24.00000000000000000, -10.00000000000000000, 42.00000000000000000 ) ) ;
#2736 = ORIENTED_EDGE ( 'NONE', *, *, #3587, .T. ) ;
#2737 = EDGE_CURVE ( 'NONE', #1928, #6432, #2491, .T. ) ;
#2738 = DIRECTION ( 'NONE',  ( 0.000000000000000000, 0.000000000000000000, 1.000000000000000000 ) ) ;
#2739 = CARTESIAN_POINT ( 'NONE',  ( 0.000000000000000000, 26.34999999999999787, -23.16999999999999815 ) ) ;
#2740 = CYLINDRICAL_SURFACE ( 'NONE', #814, 2.000000000000001776 ) ;
#2741 = CYLINDRICAL_SURFACE ( 'NONE', #5766, 1.000000000000000888 ) ;
#2742 = VERTEX_POINT ( 'NONE', #6633 ) ;
#2743 = ORIENTED_EDGE ( 'NONE', *, *, #2144, .T. ) ;
#2744 = DIRECTION ( 'NONE',  ( 0.000000000000000000, -0.7071067811865480168, 0.7071067811865470176 ) ) ;
#2745 = ORIENTED_EDGE ( 'NONE', *, *, #1581, .F. ) ;
#2746 = EDGE_CURVE ( 'NONE', #2549, #3838, #313, .T. ) ;
#2747 = CARTESIAN_POINT ( 'NONE',  ( 15.94301700683186951, 33.81818977211582222, -60.74233228901092474 ) ) ;
#2748 = VECTOR ( 'NONE', #3164, 1000.000000000000000 ) ;
#2749 = CARTESIAN_POINT ( 'NONE',  ( 6.812000000000000277, -28.04999999999999716, 68.79999999999999716 ) ) ;
#2750 = VERTEX_POINT ( 'NONE', #4054 ) ;
#2751 = CARTESIAN_POINT ( 'NONE',  ( 3.000000000000000000, -28.04999999999999716, 38.00000000000000000 ) ) ;
#2752 = VECTOR ( 'NONE', #3737, 1000.000000000000000 ) ;
#2753 = ORIENTED_EDGE ( 'NONE', *, *, #1179, .F. ) ;
#2754 = EDGE_CURVE ( 'NONE', #1662, #79, #2977, .T. ) ;
#2755 = DIRECTION ( 'NONE',  ( 0.000000000000000000, 0.000000000000000000, 1.000000000000000000 ) ) ;
#2756 = CARTESIAN_POINT ( 'NONE',  ( 6.812000000000000277, 28.04999999999999716, 52.79999999999999716 ) ) ;
#2757 = DIRECTION ( 'NONE',  ( 0.000000000000000000, 0.000000000000000000, 1.000000000000000000 ) ) ;
#2758 = ORIENTED_EDGE ( 'NONE', *, *, #3495, .F. ) ;
#2759 = AXIS2_PLACEMENT_3D ( 'NONE', #6473, #3963, #5506 ) ;
#2760 = LINE ( 'NONE', #3334, #6217 ) ;
#2761 = ORIENTED_EDGE ( 'NONE', *, *, #789, .F. ) ;
#2762 = AXIS2_PLACEMENT_3D ( 'NONE', #3074, #4462, #2561 ) ;
#2763 = CARTESIAN_POINT ( 'NONE',  ( 24.00000000000000000, 4.514466094067260293, 68.00000000000000000 ) ) ;
#2764 = CYLINDRICAL_SURFACE ( 'NONE', #1525, 1.000000000000000888 ) ;
#2765 = DIRECTION ( 'NONE',  ( 0.000000000000000000, 0.000000000000000000, -1.000000000000000000 ) ) ;
#2766 = AXIS2_PLACEMENT_3D ( 'NONE', #1798, #3381, #6428 ) ;
#2767 = FACE_BOUND ( 'NONE', #4594, .T. ) ;
#2768 = VERTEX_POINT ( 'NONE', #997 ) ;
#2769 = CIRCLE ( 'NONE', #1663, 2.000000000000001776 ) ;
#2770 = CARTESIAN_POINT ( 'NONE',  ( 13.37294942877723436, 33.76853242550458845, -61.76533663077853475 ) ) ;
#2771 = VERTEX_POINT ( 'NONE', #5063 ) ;
#2772 = CARTESIAN_POINT ( 'NONE',  ( 24.00000000000000000, 30.84999999999999787, -24.97384757729340166 ) ) ;
#2773 = FACE_OUTER_BOUND ( 'NONE', #1271, .T. ) ;
#2774 = EDGE_CURVE ( 'NONE', #1119, #1815, #3343, .T. ) ;
#2775 = CARTESIAN_POINT ( 'NONE',  ( 12.00000000000000000, -26.34999999999999787, -52.17000000000000171 ) ) ;
#2776 = ORIENTED_EDGE ( 'NONE', *, *, #4035, .F. ) ;
#2777 = CARTESIAN_POINT ( 'NONE',  ( 24.00000000000000000, -4.514466094067260293, 58.00000000000000000 ) ) ;
#2778 = DIRECTION ( 'NONE',  ( 0.000000000000000000, 1.734723475976809806E-16, -1.000000000000000000 ) ) ;
#2779 = DIRECTION ( 'NONE',  ( 0.000000000000000000, 0.000000000000000000, -1.000000000000000000 ) ) ;
#2780 = VERTEX_POINT ( 'NONE', #4512 ) ;
#2781 = DIRECTION ( 'NONE',  ( 0.000000000000000000, 1.000000000000000000, 0.000000000000000000 ) ) ;
#2782 = AXIS2_PLACEMENT_3D ( 'NONE', #630, #2849, #6401 ) ;
#2783 = ORIENTED_EDGE ( 'NONE', *, *, #356, .T. ) ;
#2784 = VECTOR ( 'NONE', #665, 1000.000000000000000 ) ;
#2785 = CARTESIAN_POINT ( 'NONE',  ( 14.12396230895140192, 27.85000000000000142, -59.91103336986829930 ) ) ;
#2786 = ORIENTED_EDGE ( 'NONE', *, *, #2248, .T. ) ;
#2787 = FACE_OUTER_BOUND ( 'NONE', #5012, .T. ) ;
#2788 = VECTOR ( 'NONE', #233, 1000.000000000000000 ) ;
#2789 = ORIENTED_EDGE ( 'NONE', *, *, #590, .T. ) ;
#2790 = ORIENTED_EDGE ( 'NONE', *, *, #1311, .F. ) ;
#2791 = DIRECTION ( 'NONE',  ( 0.000000000000000000, -1.000000000000000000, 0.000000000000000000 ) ) ;
#2792 = DIRECTION ( 'NONE',  ( 0.000000000000000000, -1.000000000000000000, 0.000000000000000000 ) ) ;
#2793 = CARTESIAN_POINT ( 'NONE',  ( 0.000000000000000000, 16.32099170087160189, 23.68476170351259924 ) ) ;
#2794 = EDGE_LOOP ( 'NONE', ( #3, #5347 ) ) ;
#2795 = EDGE_CURVE ( 'NONE', #858, #5318, #3604, .T. ) ;
#2796 = EDGE_CURVE ( 'NONE', #5550, #5217, #495, .T. ) ;
#2797 = AXIS2_PLACEMENT_3D ( 'NONE', #2415, #2452, #2514 ) ;
#2798 = DIRECTION ( 'NONE',  ( 0.000000000000000000, 0.000000000000000000, -1.000000000000000000 ) ) ;
#2799 = VERTEX_POINT ( 'NONE', #893 ) ;
#2800 = AXIS2_PLACEMENT_3D ( 'NONE', #1893, #2993, #2869 ) ;
#2801 = PLANE ( 'NONE',  #1805 ) ;
#2802 = VECTOR ( 'NONE', #350, 1000.000000000000000 ) ;
#2803 = LINE ( 'NONE', #4819, #6016 ) ;
#2804 = FACE_BOUND ( 'NONE', #3194, .T. ) ;
#2805 = ADVANCED_FACE ( 'NONE', ( #412 ), #6149, .F. ) ;
#2806 = AXIS2_PLACEMENT_3D ( 'NONE', #6247, #4234, #1547 ) ;
#2807 = EDGE_LOOP ( 'NONE', ( #2523, #1835, #6410, #424 ) ) ;
#2808 = CARTESIAN_POINT ( 'NONE',  ( 11.49896230895140015, 33.85000000000000142, -55.36440000000000339 ) ) ;
#2809 = EDGE_LOOP ( 'NONE', ( #1781, #1266, #6364, #270 ) ) ;
#2810 = CARTESIAN_POINT ( 'NONE',  ( 8.873962308951458766, -33.85000000000000142, -48.81776663013170037 ) ) ;
#2811 = LINE ( 'NONE', #1833, #2916 ) ;
#2812 = EDGE_CURVE ( 'NONE', #3622, #1607, #3543, .T. ) ;
#2813 = CARTESIAN_POINT ( 'NONE',  ( 24.00000000000000000, 10.00000000000000000, 42.00000000000000000 ) ) ;
#2814 = ORIENTED_EDGE ( 'NONE', *, *, #196, .F. ) ;
#2815 = ADVANCED_FACE ( 'NONE', ( #450 ), #5695, .F. ) ;
#2816 = ADVANCED_FACE ( 'NONE', ( #346 ), #5124, .F. ) ;
#2817 = CARTESIAN_POINT ( 'NONE',  ( 6.812000000000000277, 31.92502365627499472, 70.79999999999999716 ) ) ;
#2818 = EDGE_CURVE ( 'NONE', #5542, #2962, #1942, .T. ) ;
#2819 = DIRECTION ( 'NONE',  ( 0.000000000000000000, 0.000000000000000000, 1.000000000000000000 ) ) ;
#2820 = ORIENTED_EDGE ( 'NONE', *, *, #3606, .T. ) ;
#2821 = CARTESIAN_POINT ( 'NONE',  ( 2.510653580699563570, -19.29098431525979507, 22.88895458096097002 ) ) ;
#2822 = CIRCLE ( 'NONE', #6637, 2.000000000000001776 ) ;
#2823 = AXIS2_PLACEMENT_3D ( 'NONE', #5477, #4881, #259 ) ;
#2824 = CARTESIAN_POINT ( 'NONE',  ( 6.248962308951460543, -33.85000000000000142, -57.36440000000000339 ) ) ;
#2825 = ORIENTED_EDGE ( 'NONE', *, *, #3140, .F. ) ;
#2826 = DIRECTION ( 'NONE',  ( 0.000000000000000000, 0.000000000000000000, 1.000000000000000000 ) ) ;
#2827 = VERTEX_POINT ( 'NONE', #3511 ) ;
#2828 = ORIENTED_EDGE ( 'NONE', *, *, #2746, .F. ) ;
#2829 = CARTESIAN_POINT ( 'NONE',  ( 2.272393124890999871, 19.23141920130759885, 0.9709796787580109445 ) ) ;
#2830 = LINE ( 'NONE', #4330, #6360 ) ;
#2831 = DIRECTION ( 'NONE',  ( 0.000000000000000000, 0.000000000000000000, 1.000000000000000000 ) ) ;
#2832 = VECTOR ( 'NONE', #2325, 1000.000000000000000 ) ;
#2833 = ORIENTED_EDGE ( 'NONE', *, *, #5926, .T. ) ;
#2834 = FACE_BOUND ( 'NONE', #433, .T. ) ;
#2835 = EDGE_LOOP ( 'NONE', ( #3327, #888, #5488, #1920 ) ) ;
#2836 = CARTESIAN_POINT ( 'NONE',  ( 16.74896230895139837, -33.85000000000000142, -57.36440000000000339 ) ) ;
#2837 = DIRECTION ( 'NONE',  ( 0.000000000000000000, -1.156482317317869999E-16, -1.000000000000000000 ) ) ;
#2838 = EDGE_CURVE ( 'NONE', #4638, #2799, #3573, .T. ) ;
#2839 = DIRECTION ( 'NONE',  ( 0.000000000000000000, 0.000000000000000000, -1.000000000000000000 ) ) ;
#2840 = EDGE_CURVE ( 'NONE', #5605, #3257, #4649, .T. ) ;
#2841 = ORIENTED_EDGE ( 'NONE', *, *, #2795, .F. ) ;
#2842 = CARTESIAN_POINT ( 'NONE',  ( 8.873962308951458766, -26.34999999999999787, -51.81776663013170747 ) ) ;
#2843 = CYLINDRICAL_SURFACE ( 'NONE', #5700, 1.000000000000000888 ) ;
#2844 = PLANE ( 'NONE',  #6730 ) ;
#2845 = EDGE_CURVE ( 'NONE', #2742, #2438, #70, .T. ) ;
#2846 = VECTOR ( 'NONE', #3834, 1000.000000000000000 ) ;
#2847 = DIRECTION ( 'NONE',  ( 0.000000000000000000, 2.891205793294677833E-16, -1.000000000000000000 ) ) ;
#2848 = ORIENTED_EDGE ( 'NONE', *, *, #884, .T. ) ;
#2849 = DIRECTION ( 'NONE',  ( 0.000000000000000000, 1.000000000000000000, 0.000000000000000000 ) ) ;
#2850 = CARTESIAN_POINT ( 'NONE',  ( 6.248962308951460543, -26.34999999999999787, -55.36440000000000339 ) ) ;
#2851 = ORIENTED_EDGE ( 'NONE', *, *, #6150, .F. ) ;
#2852 =( NAMED_UNIT ( * ) SI_UNIT ( $, .STERADIAN. ) SOLID_ANGLE_UNIT ( ) );
#2853 = VERTEX_POINT ( 'NONE', #4790 ) ;
#2854 = CARTESIAN_POINT ( 'NONE',  ( 2.000000000000000000, -23.05000000000000071, 72.84999999999999432 ) ) ;
#2855 = EDGE_LOOP ( 'NONE', ( #4898, #409 ) ) ;
#2856 = FACE_OUTER_BOUND ( 'NONE', #6267, .T. ) ;
#2857 = ORIENTED_EDGE ( 'NONE', *, *, #196, .T. ) ;
#2858 = ORIENTED_EDGE ( 'NONE', *, *, #2204, .F. ) ;
#2859 = PLANE ( 'NONE',  #1309 ) ;
#2860 = DIRECTION ( 'NONE',  ( 0.000000000000000000, 1.000000000000000000, 0.000000000000000000 ) ) ;
#2861 = AXIS2_PLACEMENT_3D ( 'NONE', #1256, #806, #4453 ) ;
#2862 = CYLINDRICAL_SURFACE ( 'NONE', #3218, 2.000000000000001776 ) ;
#2863 = AXIS2_PLACEMENT_3D ( 'NONE', #1592, #4268, #97 ) ;
#2864 = ORIENTED_EDGE ( 'NONE', *, *, #5066, .T. ) ;
#2865 = DIRECTION ( 'NONE',  ( 0.000000000000000000, -1.000000000000000000, 0.000000000000000000 ) ) ;
#2866 = EDGE_CURVE ( 'NONE', #6305, #3974, #5257, .T. ) ;
#2867 = AXIS2_PLACEMENT_3D ( 'NONE', #3472, #5490, #2939 ) ;
#2868 = ORIENTED_EDGE ( 'NONE', *, *, #6231, .F. ) ;
#2869 = DIRECTION ( 'NONE',  ( 0.000000000000000000, 0.000000000000000000, -1.000000000000000000 ) ) ;
#2870 = CARTESIAN_POINT ( 'NONE',  ( 5.498962308951449884, -38.85000000000000142, -43.17000000000000171 ) ) ;
#2871 = CARTESIAN_POINT ( 'NONE',  ( 10.81200000000000117, -16.00000000000000000, 42.00000000000000000 ) ) ;
#2872 = AXIS2_PLACEMENT_3D ( 'NONE', #845, #5043, #5452 ) ;
#2873 = CIRCLE ( 'NONE', #6688, 2.000000000000001776 ) ;
#2874 = ORIENTED_EDGE ( 'NONE', *, *, #6504, .T. ) ;
#2875 = ADVANCED_FACE ( 'NONE', ( #5873 ), #3643, .T. ) ;
#2876 = PLANE ( 'NONE',  #1786 ) ;
#2877 = DIRECTION ( 'NONE',  ( 0.000000000000000000, -1.000000000000000000, 0.000000000000000000 ) ) ;
#2878 = AXIS2_PLACEMENT_3D ( 'NONE', #3611, #3210, #2043 ) ;
#2879 = DIRECTION ( 'NONE',  ( -1.000000000000000000, 0.000000000000000000, 0.000000000000000000 ) ) ;
#2880 = EDGE_CURVE ( 'NONE', #991, #3466, #34, .T. ) ;
#2881 = EDGE_CURVE ( 'NONE', #4332, #2089, #1970, .T. ) ;
#2882 = AXIS2_PLACEMENT_3D ( 'NONE', #2001, #4162, #993 ) ;
#2883 = CARTESIAN_POINT ( 'NONE',  ( 10.81200000000000117, -16.00000000000000000, 52.85000000000000142 ) ) ;
#2884 = VERTEX_POINT ( 'NONE', #4164 ) ;
#2885 = EDGE_CURVE ( 'NONE', #2033, #1114, #4607, .T. ) ;
#2886 = CARTESIAN_POINT ( 'NONE',  ( 6.812000000000000277, -23.05000000000000071, 55.80000000000000426 ) ) ;
#2887 = DIRECTION ( 'NONE',  ( 0.000000000000000000, -1.000000000000000000, 0.000000000000000000 ) ) ;
#2888 = ORIENTED_EDGE ( 'NONE', *, *, #4583, .T. ) ;
#2889 = CARTESIAN_POINT ( 'NONE',  ( 32.00000000000000000, 10.00000000000000000, 42.00000000000000000 ) ) ;
#2890 = DIRECTION ( 'NONE',  ( 0.000000000000000000, 0.4999999999999998890, -0.8660254037844387076 ) ) ;
#2891 = VERTEX_POINT ( 'NONE', #5735 ) ;
#2892 = DIRECTION ( 'NONE',  ( 0.000000000000000000, 0.000000000000000000, 1.000000000000000000 ) ) ;
#2893 = EDGE_LOOP ( 'NONE', ( #139, #1182 ) ) ;
#2894 = CARTESIAN_POINT ( 'NONE',  ( 24.00000000000000000, -11.58553390593270116, 68.00000000000000000 ) ) ;
#2895 = FACE_BOUND ( 'NONE', #3455, .T. ) ;
#2896 = FACE_OUTER_BOUND ( 'NONE', #426, .T. ) ;
#2897 = AXIS2_PLACEMENT_3D ( 'NONE', #6392, #1209, #2738 ) ;
#2898 = CYLINDRICAL_SURFACE ( 'NONE', #4238, 2.000000000000001776 ) ;
#2899 = ORIENTED_EDGE ( 'NONE', *, *, #5818, .T. ) ;
#2900 = EDGE_CURVE ( 'NONE', #4841, #466, #3746, .T. ) ;
#2901 = CARTESIAN_POINT ( 'NONE',  ( 6.812000000000000277, -25.05000000000000071, 53.79999999999999716 ) ) ;
#2902 = EDGE_CURVE ( 'NONE', #1724, #4723, #620, .T. ) ;
#2903 = DIRECTION ( 'NONE',  ( 0.000000000000000000, -1.000000000000000000, 2.973811673103100130E-16 ) ) ;
#2904 = DIRECTION ( 'NONE',  ( 0.000000000000000000, -0.7071067811865470176, -0.7071067811865480168 ) ) ;
#2905 = FACE_BOUND ( 'NONE', #1537, .T. ) ;
#2906 = VECTOR ( 'NONE', #6067, 1000.000000000000114 ) ;
#2907 = AXIS2_PLACEMENT_3D ( 'NONE', #2506, #5555, #6132 ) ;
#2908 = EDGE_LOOP ( 'NONE', ( #999, #575, #5534, #6124 ) ) ;
#2909 = DIRECTION ( 'NONE',  ( 0.000000000000000000, 0.000000000000000000, -1.000000000000000000 ) ) ;
#2910 = CYLINDRICAL_SURFACE ( 'NONE', #5492, 2.000000000000001776 ) ;
#2911 = CARTESIAN_POINT ( 'NONE',  ( 12.40586757239010041, -35.63893746902890314, -33.16999999999999460 ) ) ;
#2912 = VECTOR ( 'NONE', #2544, 1000.000000000000000 ) ;
#2913 = DIRECTION ( 'NONE',  ( 0.000000000000000000, -1.000000000000000000, 0.000000000000000000 ) ) ;
#2914 = ORIENTED_EDGE ( 'NONE', *, *, #6229, .F. ) ;
#2915 = ORIENTED_EDGE ( 'NONE', *, *, #6285, .T. ) ;
#2916 = VECTOR ( 'NONE', #5496, 1000.000000000000000 ) ;
#2917 = DIRECTION ( 'NONE',  ( -1.000000000000000000, 0.000000000000000000, 0.000000000000000000 ) ) ;
#2918 = DIRECTION ( 'NONE',  ( 1.000000000000000000, 0.000000000000000000, 0.000000000000000000 ) ) ;
#2919 = ORIENTED_EDGE ( 'NONE', *, *, #1981, .T. ) ;
#2920 = EDGE_CURVE ( 'NONE', #3859, #744, #1105, .T. ) ;
#2921 = CARTESIAN_POINT ( 'NONE',  ( 24.00000000000000000, -26.34999999999999787, -64.17000000000000171 ) ) ;
#2922 = PERSON ( '未指定', '未指定', '未指定', ('未指定'), ('未指定'), ('未指定') ) ;
#2923 = DIRECTION ( 'NONE',  ( 0.000000000000000000, 1.000000000000000000, 0.000000000000000000 ) ) ;
#2924 = EDGE_LOOP ( 'NONE', ( #4519, #6026 ) ) ;
#2925 = EDGE_CURVE ( 'NONE', #5035, #1910, #3712, .T. ) ;
#2926 = LINE ( 'NONE', #5510, #1378 ) ;
#2927 = ORIENTED_EDGE ( 'NONE', *, *, #4788, .T. ) ;
#2928 = ORIENTED_EDGE ( 'NONE', *, *, #353, .F. ) ;
#2929 = DIRECTION ( 'NONE',  ( 0.000000000000000000, 0.000000000000000000, -1.000000000000000000 ) ) ;
#2930 = VECTOR ( 'NONE', #3361, 1000.000000000000000 ) ;
#2931 = PLANE ( 'NONE',  #2646 ) ;
#2932 =( BOUNDED_CURVE ( )  B_SPLINE_CURVE ( 3, ( #2503, #3526, #397, #3557 ),
 .UNSPECIFIED., .F., .F. ) 
 B_SPLINE_CURVE_WITH_KNOTS ( ( 4, 4 ),
 ( 0.7853981633974452814, 1.570796326794896780 ),
 .UNSPECIFIED. ) 
 CURVE ( )  GEOMETRIC_REPRESENTATION_ITEM ( )  RATIONAL_B_SPLINE_CURVE ( ( 1.000000000000000000, 0.9492530216741906779, 0.9492530216741906779, 1.000000000000000000 ) ) 
 REPRESENTATION_ITEM ( '' )  );
#2933 = DIRECTION ( 'NONE',  ( 0.000000000000000000, 0.000000000000000000, -1.000000000000000000 ) ) ;
#2934 = ORIENTED_EDGE ( 'NONE', *, *, #6430, .F. ) ;
#2935 = CARTESIAN_POINT ( 'NONE',  ( 6.812000000000000277, 25.05000000000000071, 72.79999999999999716 ) ) ;
#2936 = ORIENTED_EDGE ( 'NONE', *, *, #795, .F. ) ;
#2937 = DIRECTION ( 'NONE',  ( 0.000000000000000000, 1.000000000000000000, 0.000000000000000000 ) ) ;
#2938 = ORIENTED_EDGE ( 'NONE', *, *, #1691, .F. ) ;
#2939 = DIRECTION ( 'NONE',  ( 0.000000000000000000, 0.000000000000000000, -1.000000000000000000 ) ) ;
#2940 = CARTESIAN_POINT ( 'NONE',  ( -8.000000000000000000, 4.514466094067260293, 58.00000000000000000 ) ) ;
#2941 = EDGE_CURVE ( 'NONE', #4067, #6607, #4620, .T. ) ;
#2942 = DIRECTION ( 'NONE',  ( 1.000000000000000000, 0.000000000000000000, 0.000000000000000000 ) ) ;
#2943 = EDGE_CURVE ( 'NONE', #3534, #1053, #5804, .T. ) ;
#2944 = VERTEX_POINT ( 'NONE', #6386 ) ;
#2945 = CARTESIAN_POINT ( 'NONE',  ( -8.000000000000000000, -8.437694987151189707E-15, 64.46446609406729067 ) ) ;
#2946 = DIRECTION ( 'NONE',  ( 1.000000000000000000, 0.000000000000000000, 0.000000000000000000 ) ) ;
#2947 = DIRECTION ( 'NONE',  ( 0.000000000000000000, -1.000000000000000000, 0.000000000000000000 ) ) ;
#2948 = EDGE_CURVE ( 'NONE', #4257, #798, #5222, .T. ) ;
#2949 = CARTESIAN_POINT ( 'NONE',  ( 21.00000000000000000, 33.85000000000000142, -24.17000000000000171 ) ) ;
#2950 = ORIENTED_EDGE ( 'NONE', *, *, #2086, .F. ) ;
#2951 = DIRECTION ( 'NONE',  ( -1.000000000000000000, 0.000000000000000000, 0.000000000000000000 ) ) ;
#2952 = DIRECTION ( 'NONE',  ( 0.000000000000000000, 0.4999999999999998890, -0.8660254037844387076 ) ) ;
#2953 = VERTEX_POINT ( 'NONE', #3206 ) ;
#2954 = AXIS2_PLACEMENT_3D ( 'NONE', #5216, #2620, #4711 ) ;
#2955 = DIRECTION ( 'NONE',  ( 0.000000000000000000, -1.000000000000000000, 0.000000000000000000 ) ) ;
#2956 = ORIENTED_EDGE ( 'NONE', *, *, #2708, .F. ) ;
#2957 = ADVANCED_FACE ( 'NONE', ( #6320 ), #3107, .F. ) ;
#2958 = VERTEX_POINT ( 'NONE', #1693 ) ;
#2959 = ORIENTED_EDGE ( 'NONE', *, *, #2746, .T. ) ;
#2960 = DIRECTION ( 'NONE',  ( 0.000000000000000000, 1.000000000000000000, 0.000000000000000000 ) ) ;
#2961 = DIRECTION ( 'NONE',  ( 0.000000000000000000, -1.000000000000000000, 0.000000000000000000 ) ) ;
#2962 = VERTEX_POINT ( 'NONE', #3780 ) ;
#2963 = CARTESIAN_POINT ( 'NONE',  ( 1.408649829856163199E-15, -26.80735931288070972, 38.33296456859569901 ) ) ;
#2964 = CARTESIAN_POINT ( 'NONE',  ( 14.12396230895140192, -27.85000000000000142, -50.81776663013170747 ) ) ;
#2965 = ORIENTED_EDGE ( 'NONE', *, *, #2306, .T. ) ;
#2966 = EDGE_CURVE ( 'NONE', #4802, #1387, #2702, .T. ) ;
#2967 = FACE_OUTER_BOUND ( 'NONE', #1361, .T. ) ;
#2968 = ORIENTED_EDGE ( 'NONE', *, *, #841, .T. ) ;
#2969 = CARTESIAN_POINT ( 'NONE',  ( 6.812000000000000277, 28.04999999999999716, 72.79999999999999716 ) ) ;
#2970 = FACE_OUTER_BOUND ( 'NONE', #1393, .T. ) ;
#2971 = DIRECTION ( 'NONE',  ( 0.000000000000000000, 0.000000000000000000, -1.000000000000000000 ) ) ;
#2972 = AXIS2_PLACEMENT_3D ( 'NONE', #788, #2903, #5212 ) ;
#2973 = EDGE_LOOP ( 'NONE', ( #4883, #19, #6251, #241 ) ) ;
#2974 = CARTESIAN_POINT ( 'NONE',  ( 21.00000000000000000, -33.85000000000000142, -24.17000000000000171 ) ) ;
#2975 = DIRECTION ( 'NONE',  ( 0.000000000000000000, 0.000000000000000000, 1.000000000000000000 ) ) ;
#2976 = VECTOR ( 'NONE', #815, 1000.000000000000000 ) ;
#2977 = LINE ( 'NONE', #4089, #4334 ) ;
#2978 = CARTESIAN_POINT ( 'NONE',  ( 8.873962308951309552, -33.85000000000000142, -59.91103336986829930 ) ) ;
#2979 = VERTEX_POINT ( 'NONE', #6803 ) ;
#2980 = EDGE_LOOP ( 'NONE', ( #6528, #6482 ) ) ;
#2981 = CARTESIAN_POINT ( 'NONE',  ( 8.812000000000001165, -4.514466094067260293, 68.00000000000000000 ) ) ;
#2982 = DIRECTION ( 'NONE',  ( 1.000000000000000000, 0.000000000000000000, 0.000000000000000000 ) ) ;
#2983 = EDGE_CURVE ( 'NONE', #2768, #4318, #2105, .T. ) ;
#2984 = VECTOR ( 'NONE', #2110, 1000.000000000000000 ) ;
#2985 = DIRECTION ( 'NONE',  ( 1.000000000000000000, 0.000000000000000000, 0.000000000000000000 ) ) ;
#2986 = ORIENTED_EDGE ( 'NONE', *, *, #1184, .F. ) ;
#2987 = ORIENTED_EDGE ( 'NONE', *, *, #356, .F. ) ;
#2988 = CARTESIAN_POINT ( 'NONE',  ( 6.812000000000000277, -25.05000000000000071, 70.79999999999999716 ) ) ;
#2989 = ORIENTED_EDGE ( 'NONE', *, *, #5011, .F. ) ;
#2990 = CARTESIAN_POINT ( 'NONE',  ( 7.707674461473529526, -35.35000000000000142, -43.17000000000000171 ) ) ;
#2991 = CARTESIAN_POINT ( 'NONE',  ( 24.00000000000000000, -4.514466094067260293, 68.00000000000000000 ) ) ;
#2992 = CARTESIAN_POINT ( 'NONE',  ( 13.95740215094546777, -33.70270295975623043, -61.90438290659776044 ) ) ;
#2993 = DIRECTION ( 'NONE',  ( 0.000000000000000000, -1.000000000000000000, 0.000000000000000000 ) ) ;
#2994 = VERTEX_POINT ( 'NONE', #3172 ) ;
#2995 = DIRECTION ( 'NONE',  ( 0.000000000000000000, 0.000000000000000000, 1.000000000000000000 ) ) ;
#2996 = CARTESIAN_POINT ( 'NONE',  ( 24.00000000000000000, -16.11538704883520268, -5.443130372780090376 ) ) ;
#2997 = CARTESIAN_POINT ( 'NONE',  ( 24.00000000000000000, 33.85000000000000142, -24.17000000000000171 ) ) ;
#2998 = ADVANCED_FACE ( 'NONE', ( #2145 ), #1624, .T. ) ;
#2999 = ORIENTED_EDGE ( 'NONE', *, *, #2627, .T. ) ;
#3000 = AXIS2_PLACEMENT_3D ( 'NONE', #1958, #912, #1469 ) ;
#3001 = ORIENTED_EDGE ( 'NONE', *, *, #3574, .T. ) ;
#3002 = CARTESIAN_POINT ( 'NONE',  ( 6.248962308951460543, -27.85000000000000142, -55.36440000000000339 ) ) ;
#3003 = CIRCLE ( 'NONE', #2347, 18.60844610147999845 ) ;
#3004 = CARTESIAN_POINT ( 'NONE',  ( -8.000000000000000000, -7.993605777301130246E-15, 54.46446609406730488 ) ) ;
#3005 = ADVANCED_FACE ( 'NONE', ( #6421 ), #1274, .F. ) ;
#3006 = CARTESIAN_POINT ( 'NONE',  ( 0.000000000000000000, 23.05000000000000071, 52.85000000000000142 ) ) ;
#3007 = AXIS2_PLACEMENT_3D ( 'NONE', #2940, #2904, #273 ) ;
#3008 = DIRECTION ( 'NONE',  ( 1.000000000000000000, 0.000000000000000000, 0.000000000000000000 ) ) ;
#3009 = ORIENTED_EDGE ( 'NONE', *, *, #2554, .T. ) ;
#3010 = ORIENTED_EDGE ( 'NONE', *, *, #2032, .T. ) ;
#3011 = CYLINDRICAL_SURFACE ( 'NONE', #6617, 3.000000000000002665 ) ;
#3012 = AXIS2_PLACEMENT_3D ( 'NONE', #1285, #1488, #5102 ) ;
#3013 = CARTESIAN_POINT ( 'NONE',  ( 11.20074568225280132, -34.85000000000000142, -43.17000000000000171 ) ) ;
#3014 = ADVANCED_FACE ( 'NONE', ( #2279 ), #5358, .T. ) ;
#3015 = AXIS2_PLACEMENT_3D ( 'NONE', #3486, #1426, #291 ) ;
#3016 = ADVANCED_FACE ( 'NONE', ( #6006 ), #1860, .F. ) ;
#3017 = AXIS2_PLACEMENT_3D ( 'NONE', #3955, #794, #695 ) ;
#3018 = CIRCLE ( 'NONE', #916, 1.000000000000000888 ) ;
#3019 = EDGE_CURVE ( 'NONE', #2274, #1282, #4730, .T. ) ;
#3020 = CARTESIAN_POINT ( 'NONE',  ( 9.092057045512770941, -35.63893746902890314, -33.16999999999999460 ) ) ;
#3021 = ORIENTED_EDGE ( 'NONE', *, *, #3304, .F. ) ;
#3022 = EDGE_LOOP ( 'NONE', ( #1407, #4682 ) ) ;
#3023 = LINE ( 'NONE', #6262, #5051 ) ;
#3024 = CARTESIAN_POINT ( 'NONE',  ( 8.812000000000001165, -8.050000000000000711, 54.46446609406730488 ) ) ;
#3025 = ORIENTED_EDGE ( 'NONE', *, *, #4059, .F. ) ;
#3026 = FACE_OUTER_BOUND ( 'NONE', #4555, .T. ) ;
#3027 = CYLINDRICAL_SURFACE ( 'NONE', #5989, 1.000000000000000888 ) ;
#3028 = CARTESIAN_POINT ( 'NONE',  ( 21.00000000000000000, -6.938893903907229955E-15, 0.8610926779599008540 ) ) ;
#3029 = DIRECTION ( 'NONE',  ( 0.000000000000000000, -1.000000000000000000, 0.000000000000000000 ) ) ;
#3030 = VERTEX_POINT ( 'NONE', #2382 ) ;
#3031 = CYLINDRICAL_SURFACE ( 'NONE', #427, 3.000000000000002665 ) ;
#3032 = LINE ( 'NONE', #376, #5407 ) ;
#3033 = CARTESIAN_POINT ( 'NONE',  ( 0.000000000000000000, 10.00000000000000000, 27.00000000000000000 ) ) ;
#3034 = CIRCLE ( 'NONE', #280, 2.000000000000001776 ) ;
#3035 = AXIS2_PLACEMENT_3D ( 'NONE', #3865, #5960, #1291 ) ;
#3036 = ORIENTED_EDGE ( 'NONE', *, *, #3574, .F. ) ;
#3037 = DIRECTION ( 'NONE',  ( 0.000000000000000000, -1.000000000000000000, 1.503427012513229988E-15 ) ) ;
#3038 = ADVANCED_FACE ( 'NONE', ( #4372 ), #4439, .F. ) ;
#3039 = DIRECTION ( 'NONE',  ( 0.000000000000000000, -1.000000000000000000, 0.000000000000000000 ) ) ;
#3040 = DIRECTION ( 'NONE',  ( 0.000000000000000000, -1.000000000000000000, 0.000000000000000000 ) ) ;
#3041 = AXIS2_PLACEMENT_3D ( 'NONE', #2978, #284, #5064 ) ;
#3042 = DIRECTION ( 'NONE',  ( 0.000000000000000000, 1.000000000000000000, 0.000000000000000000 ) ) ;
#3043 = ORIENTED_EDGE ( 'NONE', *, *, #6023, .F. ) ;
#3044 = ORIENTED_EDGE ( 'NONE', *, *, #2229, .T. ) ;
#3045 = DIRECTION ( 'NONE',  ( 1.000000000000000000, 0.000000000000000000, 0.000000000000000000 ) ) ;
#3046 = DIRECTION ( 'NONE',  ( 0.000000000000000000, -1.000000000000000000, 0.000000000000000000 ) ) ;
#3047 = CARTESIAN_POINT ( 'NONE',  ( 10.81200000000000117, 16.00000000000000000, 52.85000000000000142 ) ) ;
#3048 = DIRECTION ( 'NONE',  ( 0.000000000000000000, 0.000000000000000000, 1.000000000000000000 ) ) ;
#3049 = ORIENTED_EDGE ( 'NONE', *, *, #4356, .F. ) ;
#3050 = ORIENTED_EDGE ( 'NONE', *, *, #1859, .T. ) ;
#3051 = DIRECTION ( 'NONE',  ( 1.000000000000000000, 0.000000000000000000, 0.000000000000000000 ) ) ;
#3052 = CYLINDRICAL_SURFACE ( 'NONE', #3110, 2.000000000000001776 ) ;
#3053 = LINE ( 'NONE', #5520, #6722 ) ;
#3054 = LINE ( 'NONE', #2991, #3907 ) ;
#3055 = CARTESIAN_POINT ( 'NONE',  ( 0.000000000000000000, 1.040834085586079997E-14, 27.00000000000000000 ) ) ;
#3056 = CARTESIAN_POINT ( 'NONE',  ( 0.000000000000000000, 18.66332092008480004, -14.74735342352009937 ) ) ;
#3057 = ORIENTED_EDGE ( 'NONE', *, *, #1221, .F. ) ;
#3058 = CARTESIAN_POINT ( 'NONE',  ( 9.747994964082014491, 33.74075935545391047, -61.70997109364601130 ) ) ;
#3059 = CARTESIAN_POINT ( 'NONE',  ( 0.000000000000000000, -23.05000000000000071, 52.94999999999999574 ) ) ;
#3060 = DIRECTION ( 'NONE',  ( 0.000000000000000000, -2.312964634635739999E-16, -1.000000000000000000 ) ) ;
#3061 = ADVANCED_FACE ( 'NONE', ( #4405, #1760, #3375, #6527, #2905, #2804, #4473, #5975 ), #275, .F. ) ;
#3062 = EDGE_LOOP ( 'NONE', ( #1810, #1220, #6298, #877 ) ) ;
#3063 = CARTESIAN_POINT ( 'NONE',  ( -8.000000000000000000, -8.050000000000000711, 71.53553390593270933 ) ) ;
#3064 = DIRECTION ( 'NONE',  ( 0.000000000000000000, 0.000000000000000000, -1.000000000000000000 ) ) ;
#3065 = COORDINATED_UNIVERSAL_TIME_OFFSET ( 8, 0, .AHEAD. ) ;
#3066 = DIRECTION ( 'NONE',  ( 0.000000000000000000, 1.000000000000000000, 0.000000000000000000 ) ) ;
#3067 = AXIS2_PLACEMENT_3D ( 'NONE', #4787, #3813, #5327 ) ;
#3068 = LINE ( 'NONE', #2593, #615 ) ;
#3069 = EDGE_LOOP ( 'NONE', ( #4654, #5987, #3460, #164 ) ) ;
#3070 = EDGE_LOOP ( 'NONE', ( #6514, #3332 ) ) ;
#3071 = CIRCLE ( 'NONE', #762, 1.000000000000000888 ) ;
#3072 = CYLINDRICAL_SURFACE ( 'NONE', #584, 2.999999999999999112 ) ;
#3073 = FACE_OUTER_BOUND ( 'NONE', #4744, .T. ) ;
#3074 = CARTESIAN_POINT ( 'NONE',  ( -8.000000000000000000, 8.050000000000000711, 64.46446609406729067 ) ) ;
#3075 = EDGE_CURVE ( 'NONE', #3622, #2750, #6143, .T. ) ;
#3076 = ADVANCED_FACE ( 'NONE', ( #650 ), #6491, .T. ) ;
#3077 = AXIS2_PLACEMENT_3D ( 'NONE', #601, #5341, #81 ) ;
#3078 = EDGE_CURVE ( 'NONE', #1851, #3081, #5905, .T. ) ;
#3079 = EDGE_CURVE ( 'NONE', #4188, #6554, #4048, .T. ) ;
#3080 = DIRECTION ( 'NONE',  ( -1.000000000000000000, 0.000000000000000000, 0.000000000000000000 ) ) ;
#3081 = VERTEX_POINT ( 'NONE', #133 ) ;
#3082 = AXIS2_PLACEMENT_3D ( 'NONE', #3840, #4814, #1719 ) ;
#3083 = EDGE_LOOP ( 'NONE', ( #5456, #5509, #3810, #1434, #631 ) ) ;
#3084 = ORIENTED_EDGE ( 'NONE', *, *, #5660, .F. ) ;
#3085 = DIRECTION ( 'NONE',  ( 0.000000000000000000, 0.000000000000000000, -1.000000000000000000 ) ) ;
#3086 = VECTOR ( 'NONE', #836, 1000.000000000000000 ) ;
#3087 = CARTESIAN_POINT ( 'NONE',  ( 7.100685413285475533, 33.69389959290818837, -60.83604277701080321 ) ) ;
#3088 = ORIENTED_EDGE ( 'NONE', *, *, #4013, .F. ) ;
#3089 = CARTESIAN_POINT ( 'NONE',  ( 14.12396230895140192, 26.34999999999999787, -59.91103336986829930 ) ) ;
#3090 = DIRECTION ( 'NONE',  ( 0.000000000000000000, -1.000000000000000000, 0.000000000000000000 ) ) ;
#3091 = DIRECTION ( 'NONE',  ( -1.000000000000000000, 0.000000000000000000, 0.000000000000000000 ) ) ;
#3092 = AXIS2_PLACEMENT_3D ( 'NONE', #6248, #1103, #3205 ) ;
#3093 = FACE_OUTER_BOUND ( 'NONE', #540, .T. ) ;
#3094 = ORIENTED_EDGE ( 'NONE', *, *, #979, .F. ) ;
#3095 = DIRECTION ( 'NONE',  ( 0.000000000000000000, 0.000000000000000000, 1.000000000000000000 ) ) ;
#3096 = DIRECTION ( 'NONE',  ( 0.000000000000000000, 1.000000000000000000, 0.000000000000000000 ) ) ;
#3097 = DIRECTION ( 'NONE',  ( 0.000000000000000000, -1.000000000000000000, 0.000000000000000000 ) ) ;
#3098 = CARTESIAN_POINT ( 'NONE',  ( 7.646754490186467024, -33.55998998809267420, -61.49071129029396587 ) ) ;
#3099 = EDGE_CURVE ( 'NONE', #5001, #4257, #3848, .T. ) ;
#3100 = EDGE_CURVE ( 'NONE', #2418, #6418, #5428, .T. ) ;
#3101 = ADVANCED_FACE ( 'NONE', ( #4924 ), #2315, .F. ) ;
#3102 = ORIENTED_EDGE ( 'NONE', *, *, #2737, .T. ) ;
#3103 = CARTESIAN_POINT ( 'NONE',  ( 24.00000000000000000, -8.050000000000000711, 54.46446609406730488 ) ) ;
#3104 = FACE_OUTER_BOUND ( 'NONE', #3169, .T. ) ;
#3105 = VECTOR ( 'NONE', #2778, 1000.000000000000000 ) ;
#3106 = APPROVAL_DATE_TIME ( #2036, #1559 ) ;
#3107 = CYLINDRICAL_SURFACE ( 'NONE', #1767, 1.000000000000000888 ) ;
#3108 = CARTESIAN_POINT ( 'NONE',  ( 8.873962308951309552, 28.21471715809610359, -60.91103336986829930 ) ) ;
#3109 = ORIENTED_EDGE ( 'NONE', *, *, #3850, .F. ) ;
#3110 = AXIS2_PLACEMENT_3D ( 'NONE', #6034, #6099, #4071 ) ;
#3111 = DIRECTION ( 'NONE',  ( 0.000000000000000000, -0.7071067811865471286, -0.7071067811865479058 ) ) ;
#3112 = DIRECTION ( 'NONE',  ( 1.000000000000000000, 0.000000000000000000, 0.000000000000000000 ) ) ;
#3113 = CARTESIAN_POINT ( 'NONE',  ( 6.812000000000000277, 23.05000000000000071, 53.79999999999999716 ) ) ;
#3114 = VECTOR ( 'NONE', #5951, 1000.000000000000000 ) ;
#3115 = CARTESIAN_POINT ( 'NONE',  ( 6.248962308951460543, -33.85000000000000142, -55.36440000000000339 ) ) ;
#3116 = ORIENTED_EDGE ( 'NONE', *, *, #6464, .F. ) ;
#3117 = ORIENTED_EDGE ( 'NONE', *, *, #4908, .F. ) ;
#3118 = AXIS2_PLACEMENT_3D ( 'NONE', #3851, #3785, #1277 ) ;
#3119 = EDGE_CURVE ( 'NONE', #1276, #2771, #4609, .T. ) ;
#3120 = DIRECTION ( 'NONE',  ( 1.000000000000000000, 0.000000000000000000, 0.000000000000000000 ) ) ;
#3121 = CARTESIAN_POINT ( 'NONE',  ( 8.864302619886615275, 33.58478112565994422, -61.91101586287793168 ) ) ;
#3122 = AXIS2_PLACEMENT_3D ( 'NONE', #5243, #1574, #948 ) ;
#3123 = EDGE_LOOP ( 'NONE', ( #6104, #1823, #295, #804 ) ) ;
#3124 = ADVANCED_FACE ( 'NONE', ( #2417 ), #4017, .F. ) ;
#3125 = CARTESIAN_POINT ( 'NONE',  ( 9.777733477205291734, -33.74655869534704777, -61.69519378091283812 ) ) ;
#3126 = VERTEX_POINT ( 'NONE', #3440 ) ;
#3127 = FACE_OUTER_BOUND ( 'NONE', #1594, .T. ) ;
#3128 = VECTOR ( 'NONE', #1213, 1000.000000000000000 ) ;
#3129 = LINE ( 'NONE', #5718, #1466 ) ;
#3130 = ORIENTED_EDGE ( 'NONE', *, *, #3099, .F. ) ;
#3131 = VERTEX_POINT ( 'NONE', #1897 ) ;
#3132 = DIRECTION ( 'NONE',  ( -1.000000000000000000, 0.000000000000000000, 0.000000000000000000 ) ) ;
#3133 = PLANE ( 'NONE',  #5869 ) ;
#3134 = CARTESIAN_POINT ( 'NONE',  ( 15.57122493554158638, -33.74263372840849229, -61.29151337419103385 ) ) ;
#3135 = DIRECTION ( 'NONE',  ( 0.000000000000000000, 1.000000000000000000, 0.000000000000000000 ) ) ;
#3136 = ORIENTED_EDGE ( 'NONE', *, *, #5277, .F. ) ;
#3137 = LINE ( 'NONE', #1447, #3344 ) ;
#3138 = CARTESIAN_POINT ( 'NONE',  ( -8.000000000000000000, 4.514466094067260293, 68.00000000000000000 ) ) ;
#3139 = DIRECTION ( 'NONE',  ( 0.000000000000000000, 0.7071067811865482389, 0.7071067811865469066 ) ) ;
#3140 = EDGE_CURVE ( 'NONE', #1412, #4318, #5025, .T. ) ;
#3141 = CIRCLE ( 'NONE', #1598, 1.000000000000000888 ) ;
#3142 = VECTOR ( 'NONE', #5009, 1000.000000000000114 ) ;
#3143 = FACE_OUTER_BOUND ( 'NONE', #5026, .T. ) ;
#3144 = VERTEX_POINT ( 'NONE', #4540 ) ;
#3145 = DIRECTION ( 'NONE',  ( 0.000000000000000000, 0.000000000000000000, -1.000000000000000000 ) ) ;
#3146 = DIRECTION ( 'NONE',  ( 0.000000000000000000, 0.000000000000000000, -1.000000000000000000 ) ) ;
#3147 = LINE ( 'NONE', #5231, #4441 ) ;
#3148 = AXIS2_PLACEMENT_3D ( 'NONE', #4930, #213, #3008 ) ;
#3149 = ADVANCED_FACE ( 'NONE', ( #6691 ), #5086, .F. ) ;
#3150 = EDGE_CURVE ( 'NONE', #4779, #4321, #377, .T. ) ;
#3151 = ORIENTED_EDGE ( 'NONE', *, *, #2812, .F. ) ;
#3152 = ORIENTED_EDGE ( 'NONE', *, *, #1417, .T. ) ;
#3153 = FACE_OUTER_BOUND ( 'NONE', #1588, .T. ) ;
#3154 = CARTESIAN_POINT ( 'NONE',  ( 6.912236350886364455, 33.79102353368190848, -60.30186746735369496 ) ) ;
#3155 = ORIENTED_EDGE ( 'NONE', *, *, #5625, .F. ) ;
#3156 = VERTEX_POINT ( 'NONE', #1376 ) ;
#3157 = CARTESIAN_POINT ( 'NONE',  ( 9.373877912040489591, -33.66858734404868869, -61.84769110016706151 ) ) ;
#3158 = ORIENTED_EDGE ( 'NONE', *, *, #5203, .T. ) ;
#3159 = EDGE_CURVE ( 'NONE', #4952, #5369, #3003, .T. ) ;
#3160 = DIRECTION ( 'NONE',  ( 0.000000000000000000, 1.000000000000000000, 0.000000000000000000 ) ) ;
#3161 = DIRECTION ( 'NONE',  ( 0.000000000000000000, -0.4999999999999998890, -0.8660254037844387076 ) ) ;
#3162 = EDGE_LOOP ( 'NONE', ( #1812, #152, #4390, #6209 ) ) ;
#3163 = ORIENTED_EDGE ( 'NONE', *, *, #6600, .F. ) ;
#3164 = DIRECTION ( 'NONE',  ( 1.000000000000000000, 0.000000000000000000, 0.000000000000000000 ) ) ;
#3165 = CARTESIAN_POINT ( 'NONE',  ( 24.00000000000000000, -7.993605777301130246E-15, 54.46446609406730488 ) ) ;
#3166 = CARTESIAN_POINT ( 'NONE',  ( 14.60108966673120534, -33.66807204352076610, -61.85688399243765190 ) ) ;
#3167 = AXIS2_PLACEMENT_3D ( 'NONE', #6407, #4421, #1714 ) ;
#3168 = CARTESIAN_POINT ( 'NONE',  ( 24.00000000000000000, -28.04999999999999716, 38.00000000000000000 ) ) ;
#3169 = EDGE_LOOP ( 'NONE', ( #6057, #571, #1532, #4688, #1325, #521, #2714 ) ) ;
#3170 = CARTESIAN_POINT ( 'NONE',  ( 6.812000000000000277, -23.05000000000000071, 70.79999999999999716 ) ) ;
#3171 = CARTESIAN_POINT ( 'NONE',  ( 8.873962308951309552, 26.34999999999999787, -59.91103336986829930 ) ) ;
#3172 = CARTESIAN_POINT ( 'NONE',  ( 21.00000000000000000, 13.51731083748190088, -6.943130372780090376 ) ) ;
#3173 = VECTOR ( 'NONE', #3553, 1000.000000000000000 ) ;
#3174 = LINE ( 'NONE', #998, #1269 ) ;
#3175 = ORIENTED_EDGE ( 'NONE', *, *, #3588, .F. ) ;
#3176 = DIRECTION ( 'NONE',  ( 0.000000000000000000, 1.000000000000000000, 0.000000000000000000 ) ) ;
#3177 = CARTESIAN_POINT ( 'NONE',  ( 12.95359012989530001, -34.80227744249479827, -33.16999999999999460 ) ) ;
#3178 = LOCAL_TIME ( 9, 57, 39.00000000000000000, #3065 ) ;
#3179 = DIRECTION ( 'NONE',  ( -1.000000000000000000, 0.000000000000000000, 0.000000000000000000 ) ) ;
#3180 = VECTOR ( 'NONE', #6249, 1000.000000000000000 ) ;
#3181 = CIRCLE ( 'NONE', #2638, 2.000000000000001776 ) ;
#3182 = DIRECTION ( 'NONE',  ( 1.000000000000000000, 0.000000000000000000, 0.000000000000000000 ) ) ;
#3183 = ORIENTED_EDGE ( 'NONE', *, *, #6787, .T. ) ;
#3184 = ORIENTED_EDGE ( 'NONE', *, *, #6134, .T. ) ;
#3185 = EDGE_CURVE ( 'NONE', #710, #2944, #1445, .T. ) ;
#3186 = ORIENTED_EDGE ( 'NONE', *, *, #6511, .F. ) ;
#3187 = CARTESIAN_POINT ( 'NONE',  ( 16.06861894946538527, 33.84603533673887199, -60.39430631714503050 ) ) ;
#3188 = AXIS2_PLACEMENT_3D ( 'NONE', #907, #4107, #2570 ) ;
#3189 = DIRECTION ( 'NONE',  ( 0.000000000000000000, -1.000000000000000000, 0.000000000000000000 ) ) ;
#3190 = ORIENTED_EDGE ( 'NONE', *, *, #5164, .T. ) ;
#3191 = CARTESIAN_POINT ( 'NONE',  ( 10.18261812139136069, -33.81891349764681820, -61.42403646551579044 ) ) ;
#3192 = ORIENTED_EDGE ( 'NONE', *, *, #4724, .T. ) ;
#3193 = CARTESIAN_POINT ( 'NONE',  ( 6.812000000000000277, -25.05000000000000071, 70.79999999999999716 ) ) ;
#3194 = EDGE_LOOP ( 'NONE', ( #2848, #6733 ) ) ;
#3195 = VECTOR ( 'NONE', #1238, 1000.000000000000000 ) ;
#3196 = ORIENTED_EDGE ( 'NONE', *, *, #3336, .F. ) ;
#3197 = VERTEX_POINT ( 'NONE', #3033 ) ;
#3198 = DIRECTION ( 'NONE',  ( 0.000000000000000000, -0.7071067811865465735, 0.7071067811865485719 ) ) ;
#3199 = CARTESIAN_POINT ( 'NONE',  ( 15.49896230895140015, -38.85000000000000142, -33.16999999999999460 ) ) ;
#3200 = VECTOR ( 'NONE', #3687, 1000.000000000000000 ) ;
#3201 = CARTESIAN_POINT ( 'NONE',  ( 8.770669173041278910, -33.57265700003915043, -61.90838688342670793 ) ) ;
#3202 = ORIENTED_EDGE ( 'NONE', *, *, #6381, .T. ) ;
#3203 = CARTESIAN_POINT ( 'NONE',  ( 14.12396230895140192, 27.85000000000000142, -57.91103336986829930 ) ) ;
#3204 = ADVANCED_FACE ( 'NONE', ( #6628, #5562, #2031, #4576, #440, #6043, #6660, #1964 ), #5058, .T. ) ;
#3205 = DIRECTION ( 'NONE',  ( 0.000000000000000000, 0.000000000000000000, -1.000000000000000000 ) ) ;
#3206 = CARTESIAN_POINT ( 'NONE',  ( 8.873962308951309552, -26.34999999999999787, -58.91103336986829930 ) ) ;
#3207 = PLANE ( 'NONE',  #5756 ) ;
#3208 = ORIENTED_EDGE ( 'NONE', *, *, #1157, .T. ) ;
#3209 = CARTESIAN_POINT ( 'NONE',  ( 8.812000000000001165, -27.23223304703363468, 27.23223304703360270 ) ) ;
#3210 = DIRECTION ( 'NONE',  ( 0.000000000000000000, 0.000000000000000000, -1.000000000000000000 ) ) ;
#3211 = DIRECTION ( 'NONE',  ( 0.000000000000000000, 0.000000000000000000, -1.000000000000000000 ) ) ;
#3212 = AXIS2_PLACEMENT_3D ( 'NONE', #3170, #5219, #1030 ) ;
#3213 = PLANE ( 'NONE',  #3148 ) ;
#3214 = ORIENTED_EDGE ( 'NONE', *, *, #4313, .F. ) ;
#3215 = CARTESIAN_POINT ( 'NONE',  ( 8.812000000000001165, 8.049999999999963407, 54.46446609406730488 ) ) ;
#3216 = ORIENTED_EDGE ( 'NONE', *, *, #1907, .F. ) ;
#3217 = EDGE_CURVE ( 'NONE', #6488, #2953, #4641, .T. ) ;
#3218 = AXIS2_PLACEMENT_3D ( 'NONE', #714, #1684, #5968 ) ;
#3219 = CARTESIAN_POINT ( 'NONE',  ( 15.51209403059019998, 33.73290153447918271, -61.35247663048901501 ) ) ;
#3220 = CARTESIAN_POINT ( 'NONE',  ( 6.887237303788049658, 33.81168937148746778, -60.15465984274209887 ) ) ;
#3221 = EDGE_CURVE ( 'NONE', #6009, #1412, #1338, .T. ) ;
#3222 = EDGE_LOOP ( 'NONE', ( #5008, #1872, #3094, #1045 ) ) ;
#3223 = LINE ( 'NONE', #3359, #5781 ) ;
#3224 = AXIS2_PLACEMENT_3D ( 'NONE', #2125, #18, #6199 ) ;
#3225 = ORIENTED_EDGE ( 'NONE', *, *, #5972, .T. ) ;
#3226 = DIRECTION ( 'NONE',  ( 0.000000000000000000, 0.8660254037844387076, -0.4999999999999998890 ) ) ;
#3227 = ORIENTED_EDGE ( 'NONE', *, *, #421, .T. ) ;
#3228 = AXIS2_PLACEMENT_3D ( 'NONE', #3483, #5004, #6703 ) ;
#3229 = CARTESIAN_POINT ( 'NONE',  ( 5.498962308951449884, -33.85000000000000142, -33.16999999999999460 ) ) ;
#3230 = DIRECTION ( 'NONE',  ( 0.000000000000000000, 1.000000000000000000, 0.000000000000000000 ) ) ;
#3231 = DIRECTION ( 'NONE',  ( 0.000000000000000000, 0.000000000000000000, -1.000000000000000000 ) ) ;
#3232 = EDGE_CURVE ( 'NONE', #1276, #1462, #5120, .T. ) ;
#3233 = CARTESIAN_POINT ( 'NONE',  ( 8.873971673107996949, -33.58620042462769106, -61.91100473731869869 ) ) ;
#3234 = VECTOR ( 'NONE', #209, 1000.000000000000000 ) ;
#3235 = VECTOR ( 'NONE', #2588, 1000.000000000000000 ) ;
#3236 = EDGE_LOOP ( 'NONE', ( #3480, #5765, #5415, #644 ) ) ;
#3237 = CARTESIAN_POINT ( 'NONE',  ( 6.812000000000000277, -28.04999999999999716, 52.79999999999999716 ) ) ;
#3238 = DIRECTION ( 'NONE',  ( 7.746962574654976936E-17, 0.4999999999999998890, -0.8660254037844387076 ) ) ;
#3239 = DIRECTION ( 'NONE',  ( 1.000000000000000000, 0.000000000000000000, 0.000000000000000000 ) ) ;
#3240 = FACE_BOUND ( 'NONE', #6791, .T. ) ;
#3241 = VERTEX_POINT ( 'NONE', #6176 ) ;
#3242 = EDGE_CURVE ( 'NONE', #2438, #6554, #6723, .T. ) ;
#3243 = DIRECTION ( 'NONE',  ( 0.000000000000000000, -1.000000000000000000, 0.000000000000000000 ) ) ;
#3244 = DIRECTION ( 'NONE',  ( 0.000000000000000000, -1.000000000000000000, 0.000000000000000000 ) ) ;
#3245 = CARTESIAN_POINT ( 'NONE',  ( 6.248962308951460543, -27.85000000000000142, -56.36440000000000339 ) ) ;
#3246 = AXIS2_PLACEMENT_3D ( 'NONE', #1573, #3160, #6337 ) ;
#3247 = DIRECTION ( 'NONE',  ( 0.000000000000000000, 0.000000000000000000, -1.000000000000000000 ) ) ;
#3248 = VERTEX_POINT ( 'NONE', #5149 ) ;
#3249 = ADVANCED_FACE ( 'NONE', ( #6593 ), #2454, .F. ) ;
#3250 = CARTESIAN_POINT ( 'NONE',  ( 24.00000000000000000, -28.04999999999999716, 75.00000000000000000 ) ) ;
#3251 = CARTESIAN_POINT ( 'NONE',  ( 6.248962308951460543, -26.34999999999999787, -56.36440000000000339 ) ) ;
#3252 = ORIENTED_EDGE ( 'NONE', *, *, #1394, .F. ) ;
#3253 = CARTESIAN_POINT ( 'NONE',  ( 14.15475475316471687, 33.68675749895836447, -61.91085517639346847 ) ) ;
#3254 = LINE ( 'NONE', #6372, #1401 ) ;
#3255 = ORIENTED_EDGE ( 'NONE', *, *, #6355, .T. ) ;
#3256 = DIRECTION ( 'NONE',  ( 0.000000000000000000, -1.000000000000000000, 0.000000000000000000 ) ) ;
#3257 = VERTEX_POINT ( 'NONE', #2060 ) ;
#3258 = EDGE_LOOP ( 'NONE', ( #285, #906, #984, #136, #5342, #2281 ) ) ;
#3259 = FACE_OUTER_BOUND ( 'NONE', #6467, .T. ) ;
#3260 = CARTESIAN_POINT ( 'NONE',  ( 24.00000000000000000, -18.66332092008489951, 27.74179491924309815 ) ) ;
#3261 = CYLINDRICAL_SURFACE ( 'NONE', #4533, 2.000000000000001776 ) ;
#3262 = ORIENTED_EDGE ( 'NONE', *, *, #5085, .T. ) ;
#3263 = FACE_BOUND ( 'NONE', #3882, .T. ) ;
#3264 = VERTEX_POINT ( 'NONE', #3199 ) ;
#3265 = EDGE_CURVE ( 'NONE', #473, #3363, #5554, .T. ) ;
#3266 = LINE ( 'NONE', #4369, #2358 ) ;
#3267 = AXIS2_PLACEMENT_3D ( 'NONE', #5389, #683, #2798 ) ;
#3268 = FACE_OUTER_BOUND ( 'NONE', #1715, .T. ) ;
#3269 = DIRECTION ( 'NONE',  ( 0.000000000000000000, 0.000000000000000000, 1.000000000000000000 ) ) ;
#3270 = DIRECTION ( 'NONE',  ( 0.000000000000000000, -0.7071067811865480168, 0.7071067811865470176 ) ) ;
#3271 = VERTEX_POINT ( 'NONE', #1129 ) ;
#3272 = CARTESIAN_POINT ( 'NONE',  ( 13.77667727768631600, 33.72053932686155520, -61.88075022288533233 ) ) ;
#3273 = ORIENTED_EDGE ( 'NONE', *, *, #467, .T. ) ;
#3274 = LINE ( 'NONE', #5364, #1106 ) ;
#3275 = FACE_OUTER_BOUND ( 'NONE', #1847, .T. ) ;
#3276 = CARTESIAN_POINT ( 'NONE',  ( 6.812000000000000277, -25.05000000000000071, 52.79999999999999716 ) ) ;
#3277 = VERTEX_POINT ( 'NONE', #6313 ) ;
#3278 = DIRECTION ( 'NONE',  ( -1.000000000000000000, 0.000000000000000000, 0.000000000000000000 ) ) ;
#3279 = CARTESIAN_POINT ( 'NONE',  ( 3.000000000000000000, -6.938893903907229955E-15, -14.74735342352009937 ) ) ;
#3280 = LINE ( 'NONE', #667, #1246 ) ;
#3281 = ORIENTED_EDGE ( 'NONE', *, *, #1739, .T. ) ;
#3282 = ADVANCED_FACE ( 'NONE', ( #5794 ), #5763, .F. ) ;
#3283 = ADVANCED_FACE ( 'NONE', ( #2726, #5323 ), #4192, .F. ) ;
#3284 = CARTESIAN_POINT ( 'NONE',  ( 16.01296730863100493, 33.83414134695549791, -60.57093537695086383 ) ) ;
#3285 = CIRCLE ( 'NONE', #5144, 2.000000000000001776 ) ;
#3286 = ORIENTED_EDGE ( 'NONE', *, *, #4823, .F. ) ;
#3287 = LINE ( 'NONE', #2824, #2618 ) ;
#3288 = ORIENTED_EDGE ( 'NONE', *, *, #4741, .F. ) ;
#3289 = LINE ( 'NONE', #5379, #1042 ) ;
#3290 = ADVANCED_FACE ( 'NONE', ( #4679 ), #512, .F. ) ;
#3291 = VECTOR ( 'NONE', #6581, 1000.000000000000000 ) ;
#3292 = ORIENTED_EDGE ( 'NONE', *, *, #2669, .T. ) ;
#3293 = VERTEX_POINT ( 'NONE', #5181 ) ;
#3294 = CARTESIAN_POINT ( 'NONE',  ( -8.000000000000000000, 11.58553390593270116, 68.00000000000000000 ) ) ;
#3295 = DIRECTION ( 'NONE',  ( 0.000000000000000000, 1.000000000000000000, 0.000000000000000000 ) ) ;
#3296 = DIRECTION ( 'NONE',  ( 0.000000000000000000, 1.734723475976809806E-16, 1.000000000000000000 ) ) ;
#3297 = EDGE_LOOP ( 'NONE', ( #3615, #2956, #6779, #6390, #764 ) ) ;
#3298 = DIRECTION ( 'NONE',  ( 0.8366600265340764508, -0.5477225575051647422, 0.000000000000000000 ) ) ;
#3299 = ORIENTED_EDGE ( 'NONE', *, *, #198, .T. ) ;
#3300 = DIRECTION ( 'NONE',  ( 0.000000000000000000, 0.7071067811865480168, 0.7071067811865470176 ) ) ;
#3301 = DIRECTION ( 'NONE',  ( 0.000000000000000000, 0.8660254037844389297, 0.4999999999999995559 ) ) ;
#3302 = CARTESIAN_POINT ( 'NONE',  ( 23.99999999999994671, 20.42068023296556945, -3.395017226645886677 ) ) ;
#3303 = EDGE_CURVE ( 'NONE', #4221, #4811, #5842, .T. ) ;
#3304 = EDGE_CURVE ( 'NONE', #5993, #4209, #3807, .T. ) ;
#3305 = EDGE_CURVE ( 'NONE', #374, #810, #5386, .T. ) ;
#3306 = VERTEX_POINT ( 'NONE', #4980 ) ;
#3307 = VECTOR ( 'NONE', #6801, 1000.000000000000000 ) ;
#3308 = CARTESIAN_POINT ( 'NONE',  ( 12.95687192571110558, 33.82271186509478866, -61.54212191595471637 ) ) ;
#3309 = ORIENTED_EDGE ( 'NONE', *, *, #2112, .F. ) ;
#3310 = LINE ( 'NONE', #1702, #1878 ) ;
#3311 = DIRECTION ( 'NONE',  ( 0.000000000000000000, 1.000000000000000000, 0.000000000000000000 ) ) ;
#3312 =( BOUNDED_CURVE ( )  B_SPLINE_CURVE ( 3, ( #2772, #5946, #2320, #1665 ),
 .UNSPECIFIED., .F., .F. ) 
 B_SPLINE_CURVE_WITH_KNOTS ( ( 4, 4 ),
 ( 1.570796326794896558, 3.141592653589793116 ),
 .UNSPECIFIED. ) 
 CURVE ( )  GEOMETRIC_REPRESENTATION_ITEM ( )  RATIONAL_B_SPLINE_CURVE ( ( 1.000000000000000000, 0.8047378541243649375, 0.8047378541243649375, 1.000000000000000000 ) ) 
 REPRESENTATION_ITEM ( '' )  );
#3313 = DIRECTION ( 'NONE',  ( 0.000000000000000000, 0.000000000000000000, 1.000000000000000000 ) ) ;
#3314 = ORIENTED_EDGE ( 'NONE', *, *, #5527, .F. ) ;
#3315 = DIRECTION ( 'NONE',  ( 0.000000000000000000, -1.000000000000000000, 0.000000000000000000 ) ) ;
#3316 = FACE_OUTER_BOUND ( 'NONE', #3582, .T. ) ;
#3317 = EDGE_LOOP ( 'NONE', ( #1493, #3255 ) ) ;
#3318 = CARTESIAN_POINT ( 'NONE',  ( 8.812000000000001165, -30.76776695296635467, 30.76776695296631914 ) ) ;
#3319 = CIRCLE ( 'NONE', #1558, 1.000000000000000888 ) ;
#3320 = AXIS2_PLACEMENT_3D ( 'NONE', #5884, #1148, #2641 ) ;
#3321 = CARTESIAN_POINT ( 'NONE',  ( 10.43897332509554587, -33.85000000000000853, -61.16440760995692472 ) ) ;
#3322 = ORIENTED_EDGE ( 'NONE', *, *, #4010, .F. ) ;
#3323 = CARTESIAN_POINT ( 'NONE',  ( 8.812000000000001165, -26.74276695296639872, 26.74276695296672202 ) ) ;
#3324 = EDGE_CURVE ( 'NONE', #52, #261, #2307, .T. ) ;
#3325 = VECTOR ( 'NONE', #922, 1000.000000000000000 ) ;
#3326 = ORIENTED_EDGE ( 'NONE', *, *, #353, .T. ) ;
#3327 = ORIENTED_EDGE ( 'NONE', *, *, #258, .F. ) ;
#3328 = DIRECTION ( 'NONE',  ( 0.000000000000000000, -0.7071067811865480168, 0.7071067811865470176 ) ) ;
#3329 = CARTESIAN_POINT ( 'NONE',  ( 24.00000000000000000, -20.42068023296561563, 27.27091191054539721 ) ) ;
#3330 = DIRECTION ( 'NONE',  ( 0.000000000000000000, 1.000000000000000000, 0.000000000000000000 ) ) ;
#3331 = ADVANCED_FACE ( 'NONE', ( #2238 ), #4295, .F. ) ;
#3332 = ORIENTED_EDGE ( 'NONE', *, *, #3457, .T. ) ;
#3333 = AXIS2_PLACEMENT_3D ( 'NONE', #1896, #1858, #3978 ) ;
#3334 = CARTESIAN_POINT ( 'NONE',  ( 24.00000000000000000, -26.34999999999999787, -64.17000000000000171 ) ) ;
#3335 = ORIENTED_EDGE ( 'NONE', *, *, #2265, .T. ) ;
#3336 = EDGE_CURVE ( 'NONE', #2102, #2274, #1296, .T. ) ;
#3337 = AXIS2_PLACEMENT_3D ( 'NONE', #5405, #2887, #4223 ) ;
#3338 = CARTESIAN_POINT ( 'NONE',  ( 9.092057045512770941, -35.63893746902890314, -43.17000000000000171 ) ) ;
#3339 = AXIS2_PLACEMENT_3D ( 'NONE', #1628, #4761, #3649 ) ;
#3340 = FACE_OUTER_BOUND ( 'NONE', #6609, .T. ) ;
#3341 = CARTESIAN_POINT ( 'NONE',  ( 3.000000000000000000, -30.84999999999999787, -52.17000000000000171 ) ) ;
#3342 = CIRCLE ( 'NONE', #5962, 1.000000000000000888 ) ;
#3343 = CIRCLE ( 'NONE', #3992, 2.000000000000001776 ) ;
#3344 = VECTOR ( 'NONE', #3541, 1000.000000000000000 ) ;
#3345 = VERTEX_POINT ( 'NONE', #2793 ) ;
#3346 = CARTESIAN_POINT ( 'NONE',  ( 8.812000000000001165, 16.00000000000000000, 78.00000000000000000 ) ) ;
#3347 = EDGE_CURVE ( 'NONE', #3623, #6418, #1784, .T. ) ;
#3348 = CARTESIAN_POINT ( 'NONE',  ( 8.812000000000001165, 16.00000000000000000, 52.85000000000000142 ) ) ;
#3349 = CARTESIAN_POINT ( 'NONE',  ( 3.000000000000000000, 19.41332092008490307, 23.04083302491979879 ) ) ;
#3350 = EDGE_LOOP ( 'NONE', ( #3655, #629, #3835, #1292 ) ) ;
#3351 = CARTESIAN_POINT ( 'NONE',  ( -8.000000000000000000, 3.535533905932729759, 58.00000000000000000 ) ) ;
#3352 = DIRECTION ( 'NONE',  ( 0.000000000000000000, -0.7071067811865480168, -0.7071067811865470176 ) ) ;
#3353 = VERTEX_POINT ( 'NONE', #6521 ) ;
#3354 = ADVANCED_FACE ( 'NONE', ( #3773 ), #4331, .F. ) ;
#3355 = ADVANCED_FACE ( 'NONE', ( #5898 ), #4397, .T. ) ;
#3356 = VECTOR ( 'NONE', #2334, 1000.000000000000000 ) ;
#3357 =( BOUNDED_CURVE ( )  B_SPLINE_CURVE ( 3, ( #6563, #832, #1245, #3349 ),
 .UNSPECIFIED., .F., .F. ) 
 B_SPLINE_CURVE_WITH_KNOTS ( ( 4, 4 ),
 ( 3.177648891965739075, 3.422627555092607299 ),
 .UNSPECIFIED. ) 
 CURVE ( )  GEOMETRIC_REPRESENTATION_ITEM ( )  RATIONAL_B_SPLINE_CURVE ( ( 1.000000000000000000, 0.9950050377886017205, 0.9950050377886017205, 1.000000000000000000 ) ) 
 REPRESENTATION_ITEM ( '' )  );
#3358 = ORIENTED_EDGE ( 'NONE', *, *, #4874, .T. ) ;
#3359 = CARTESIAN_POINT ( 'NONE',  ( 19.00000000000000000, -33.85000000000000142, -43.17000000000000171 ) ) ;
#3360 = ORIENTED_EDGE ( 'NONE', *, *, #127, .F. ) ;
#3361 = DIRECTION ( 'NONE',  ( 0.000000000000000000, 2.312964634635739999E-16, 1.000000000000000000 ) ) ;
#3362 = EDGE_LOOP ( 'NONE', ( #6203, #416, #5976, #1240 ) ) ;
#3363 = VERTEX_POINT ( 'NONE', #6449 ) ;
#3364 = CARTESIAN_POINT ( 'NONE',  ( 24.00000000000000000, 25.05000000000000071, 75.00000000000000000 ) ) ;
#3365 = FACE_OUTER_BOUND ( 'NONE', #2516, .T. ) ;
#3366 = CARTESIAN_POINT ( 'NONE',  ( 24.00000000000000000, 6.938893903907229955E-15, -52.17000000000000171 ) ) ;
#3367 = VECTOR ( 'NONE', #2289, 999.9999999999998863 ) ;
#3368 = VERTEX_POINT ( 'NONE', #3399 ) ;
#3369 = ADVANCED_FACE ( 'NONE', ( #2896 ), #3261, .F. ) ;
#3370 = DIRECTION ( 'NONE',  ( 0.000000000000000000, 0.000000000000000000, -1.000000000000000000 ) ) ;
#3371 = ORIENTED_EDGE ( 'NONE', *, *, #4078, .T. ) ;
#3372 = LINE ( 'NONE', #2511, #2912 ) ;
#3373 = DIRECTION ( 'NONE',  ( 0.000000000000000000, 0.000000000000000000, 1.000000000000000000 ) ) ;
#3374 = ADVANCED_FACE ( 'NONE', ( #5420 ), #4363, .F. ) ;
#3375 = FACE_BOUND ( 'NONE', #5953, .T. ) ;
#3376 = ADVANCED_FACE ( 'NONE', ( #5999 ), #2862, .F. ) ;
#3377 = APPROVAL ( #5155, '未指定' ) ;
#3378 = EDGE_CURVE ( 'NONE', #890, #4292, #1265, .T. ) ;
#3379 = ORIENTED_EDGE ( 'NONE', *, *, #5883, .T. ) ;
#3380 = CARTESIAN_POINT ( 'NONE',  ( 24.00000000000000000, 11.58553390593270116, 68.00000000000000000 ) ) ;
#3381 = DIRECTION ( 'NONE',  ( 0.000000000000000000, 0.8660254037844384856, -0.5000000000000003331 ) ) ;
#3382 = DIRECTION ( 'NONE',  ( 0.000000000000000000, 1.000000000000000000, 0.000000000000000000 ) ) ;
#3383 = LINE ( 'NONE', #5034, #6316 ) ;
#3384 = ORIENTED_EDGE ( 'NONE', *, *, #3347, .T. ) ;
#3385 = FACE_OUTER_BOUND ( 'NONE', #1121, .T. ) ;
#3386 = CARTESIAN_POINT ( 'NONE',  ( 21.00000000000000000, -16.11538704883520268, -5.443130372780090376 ) ) ;
#3387 = VERTEX_POINT ( 'NONE', #5865 ) ;
#3388 = CARTESIAN_POINT ( 'NONE',  ( 8.873962308951458766, -26.34999999999999787, -49.81776663013170037 ) ) ;
#3389 = CC_DESIGN_SECURITY_CLASSIFICATION ( #1637, ( #6564 ) ) ;
#3390 = EDGE_CURVE ( 'NONE', #155, #1188, #4203, .T. ) ;
#3391 = CARTESIAN_POINT ( 'NONE',  ( 14.12396230895140192, 33.85000000000000142, -59.91103336986829930 ) ) ;
#3392 = ORIENTED_EDGE ( 'NONE', *, *, #5335, .F. ) ;
#3393 = FACE_BOUND ( 'NONE', #5451, .T. ) ;
#3394 = ORIENTED_EDGE ( 'NONE', *, *, #4340, .F. ) ;
#3395 = CARTESIAN_POINT ( 'NONE',  ( 22.75735931288071257, -33.85000000000000142, -24.17000000000003013 ) ) ;
#3396 = DIRECTION ( 'NONE',  ( -0.000000000000000000, 1.000000000000000000, 0.000000000000000000 ) ) ;
#3397 =( BOUNDED_CURVE ( )  B_SPLINE_CURVE ( 3, ( #3924, #6018, #5952, #5917 ),
 .UNSPECIFIED., .F., .T. ) 
 B_SPLINE_CURVE_WITH_KNOTS ( ( 4, 4 ),
 ( 1.570796326794896558, 3.141592653589793116 ),
 .UNSPECIFIED. ) 
 CURVE ( )  GEOMETRIC_REPRESENTATION_ITEM ( )  RATIONAL_B_SPLINE_CURVE ( ( 1.000000000000000000, 0.8047378541243649375, 0.8047378541243649375, 1.000000000000000000 ) ) 
 REPRESENTATION_ITEM ( '' )  );
#3398 = AXIS2_PLACEMENT_3D ( 'NONE', #4226, #5684, #510 ) ;
#3399 = CARTESIAN_POINT ( 'NONE',  ( 24.00000000000000000, 3.535533905932729759, 58.00000000000000000 ) ) ;
#3400 = ORIENTED_EDGE ( 'NONE', *, *, #5422, .F. ) ;
#3401 = DIRECTION ( 'NONE',  ( 0.000000000000000000, 0.000000000000000000, -1.000000000000000000 ) ) ;
#3402 = FACE_BOUND ( 'NONE', #2582, .T. ) ;
#3403 = ORIENTED_EDGE ( 'NONE', *, *, #944, .F. ) ;
#3404 = LINE ( 'NONE', #1335, #6507 ) ;
#3405 = PLANE ( 'NONE',  #2972 ) ;
#3406 = DIRECTION ( 'NONE',  ( 0.000000000000000000, 4.947517935049719886E-16, 1.000000000000000000 ) ) ;
#3407 = VECTOR ( 'NONE', #6520, 1000.000000000000000 ) ;
#3408 = ORIENTED_EDGE ( 'NONE', *, *, #1935, .F. ) ;
#3409 = EDGE_CURVE ( 'NONE', #5390, #3471, #5454, .T. ) ;
#3410 = DIRECTION ( 'NONE',  ( 0.000000000000000000, 0.000000000000000000, -1.000000000000000000 ) ) ;
#3411 = DIRECTION ( 'NONE',  ( 0.000000000000000000, 0.000000000000000000, 1.000000000000000000 ) ) ;
#3412 = AXIS2_PLACEMENT_3D ( 'NONE', #2468, #4558, #391 ) ;
#3413 = LINE ( 'NONE', #4963, #3128 ) ;
#3414 = EDGE_CURVE ( 'NONE', #3156, #5895, #246, .T. ) ;
#3415 = AXIS2_PLACEMENT_3D ( 'NONE', #5123, #2518, #3411 ) ;
#3416 = CARTESIAN_POINT ( 'NONE',  ( 0.000000000000000000, -25.05000000000000071, 75.00000000000000000 ) ) ;
#3417 = EDGE_LOOP ( 'NONE', ( #1564, #505, #960, #6097, #1638 ) ) ;
#3418 = ORIENTED_EDGE ( 'NONE', *, *, #1391, .T. ) ;
#3419 = DIRECTION ( 'NONE',  ( 1.000000000000000000, 0.000000000000000000, 0.000000000000000000 ) ) ;
#3420 = CYLINDRICAL_SURFACE ( 'NONE', #4435, 3.000000000000001776 ) ;
#3421 = ORIENTED_EDGE ( 'NONE', *, *, #3784, .F. ) ;
#3422 = DIRECTION ( 'NONE',  ( -1.000000000000000000, 0.000000000000000000, 0.000000000000000000 ) ) ;
#3423 = ORIENTED_EDGE ( 'NONE', *, *, #6577, .F. ) ;
#3424 = DIRECTION ( 'NONE',  ( 0.000000000000000000, 0.000000000000000000, -1.000000000000000000 ) ) ;
#3425 = ADVANCED_FACE ( 'NONE', ( #2339 ), #6614, .T. ) ;
#3426 = ORIENTED_EDGE ( 'NONE', *, *, #1329, .T. ) ;
#3427 = ORIENTED_EDGE ( 'NONE', *, *, #3571, .F. ) ;
#3428 = EDGE_CURVE ( 'NONE', #2827, #2799, #4598, .T. ) ;
#3429 = DIRECTION ( 'NONE',  ( 0.000000000000000000, -1.000000000000000000, 0.000000000000000000 ) ) ;
#3430 = CARTESIAN_POINT ( 'NONE',  ( 10.81200000000000117, -16.00000000000000000, 52.85000000000000142 ) ) ;
#3431 = ORIENTED_EDGE ( 'NONE', *, *, #1712, .F. ) ;
#3432 = CARTESIAN_POINT ( 'NONE',  ( 14.12396101251784586, -33.68896042676731639, -61.91095463950739486 ) ) ;
#3433 = AXIS2_PLACEMENT_3D ( 'NONE', #5483, #2273, #6484 ) ;
#3434 = CARTESIAN_POINT ( 'NONE',  ( 13.01460157847485277, -33.81449723480213976, -61.57520567908924392 ) ) ;
#3435 = ORIENTED_EDGE ( 'NONE', *, *, #2619, .T. ) ;
#3436 = DIRECTION ( 'NONE',  ( 0.000000000000000000, 0.000000000000000000, -1.000000000000000000 ) ) ;
#3437 = ORIENTED_EDGE ( 'NONE', *, *, #2436, .F. ) ;
#3438 = DIRECTION ( 'NONE',  ( 0.000000000000000000, 0.000000000000000000, -1.000000000000000000 ) ) ;
#3439 = DIRECTION ( 'NONE',  ( 0.8944271909999160775, 0.2236067977499789916, -0.3872983346207410915 ) ) ;
#3440 = CARTESIAN_POINT ( 'NONE',  ( 8.544334488007610418, -34.80227744249479827, -33.16999999999999460 ) ) ;
#3441 = AXIS2_PLACEMENT_3D ( 'NONE', #4316, #5916, #1772 ) ;
#3442 = EDGE_CURVE ( 'NONE', #5572, #4699, #2011, .T. ) ;
#3443 = AXIS2_PLACEMENT_3D ( 'NONE', #4096, #4133, #6187 ) ;
#3444 = VERTEX_POINT ( 'NONE', #908 ) ;
#3445 = CARTESIAN_POINT ( 'NONE',  ( 8.873962308951458766, 26.34999999999999787, -51.81776663013170747 ) ) ;
#3446 = PLANE ( 'NONE',  #5388 ) ;
#3447 = DIRECTION ( 'NONE',  ( 0.000000000000000000, 0.000000000000000000, -1.000000000000000000 ) ) ;
#3448 = VECTOR ( 'NONE', #3594, 1000.000000000000000 ) ;
#3449 = EDGE_CURVE ( 'NONE', #5001, #3387, #1987, .T. ) ;
#3450 = DIRECTION ( 'NONE',  ( 1.000000000000000000, 0.000000000000000000, 0.000000000000000000 ) ) ;
#3451 = ORIENTED_EDGE ( 'NONE', *, *, #5085, .F. ) ;
#3452 = VECTOR ( 'NONE', #2256, 1000.000000000000000 ) ;
#3453 = FACE_OUTER_BOUND ( 'NONE', #1678, .T. ) ;
#3454 = CARTESIAN_POINT ( 'NONE',  ( 12.00000000000000000, 6.938893903907229955E-15, -52.17000000000000171 ) ) ;
#3455 = EDGE_LOOP ( 'NONE', ( #3394, #6458 ) ) ;
#3456 = CARTESIAN_POINT ( 'NONE',  ( 3.000000000000000000, -19.41332092008490307, 23.04083302491979879 ) ) ;
#3457 = EDGE_CURVE ( 'NONE', #4288, #6785, #6059, .T. ) ;
#3458 = DIRECTION ( 'NONE',  ( 0.000000000000000000, 0.000000000000000000, 1.000000000000000000 ) ) ;
#3459 = ORIENTED_EDGE ( 'NONE', *, *, #3100, .F. ) ;
#3460 = ORIENTED_EDGE ( 'NONE', *, *, #2598, .T. ) ;
#3461 = ORIENTED_EDGE ( 'NONE', *, *, #2429, .F. ) ;
#3462 = AXIS2_PLACEMENT_3D ( 'NONE', #6389, #3940, #1299 ) ;
#3463 = DIRECTION ( 'NONE',  ( 0.000000000000000000, 1.000000000000000000, 0.000000000000000000 ) ) ;
#3464 = AXIS2_PLACEMENT_3D ( 'NONE', #3674, #2134, #2030 ) ;
#3465 = DIRECTION ( 'NONE',  ( 0.000000000000000000, 0.7071067811865471286, 0.7071067811865479058 ) ) ;
#3466 = VERTEX_POINT ( 'NONE', #3024 ) ;
#3467 = CARTESIAN_POINT ( 'NONE',  ( 8.812000000000001165, 4.514466094067260293, 58.00000000000000000 ) ) ;
#3468 = DIRECTION ( 'NONE',  ( 0.000000000000000000, 0.000000000000000000, -1.000000000000000000 ) ) ;
#3469 = EDGE_LOOP ( 'NONE', ( #3421, #5969, #5146, #5652 ) ) ;
#3470 = DIRECTION ( 'NONE',  ( 0.000000000000000000, -0.7071067811865470176, 0.7071067811865480168 ) ) ;
#3471 = VERTEX_POINT ( 'NONE', #2475 ) ;
#3472 = CARTESIAN_POINT ( 'NONE',  ( 6.248962308951460543, 27.85000000000000142, -55.36440000000000339 ) ) ;
#3473 = CARTESIAN_POINT ( 'NONE',  ( 6.812000000000000277, -25.05000000000000071, 72.79999999999999716 ) ) ;
#3474 = CARTESIAN_POINT ( 'NONE',  ( 21.00000000000000000, -33.85000000000000142, -24.17000000000000171 ) ) ;
#3475 = ADVANCED_FACE ( 'NONE', ( #5110 ), #3052, .F. ) ;
#3476 = ORIENTED_EDGE ( 'NONE', *, *, #2370, .T. ) ;
#3477 = DIRECTION ( 'NONE',  ( 1.000000000000000000, 0.000000000000000000, 0.000000000000000000 ) ) ;
#3478 = CYLINDRICAL_SURFACE ( 'NONE', #1549, 2.000000000000001776 ) ;
#3479 = DIRECTION ( 'NONE',  ( 0.000000000000000000, -2.312964634635739999E-16, 1.000000000000000000 ) ) ;
#3480 = ORIENTED_EDGE ( 'NONE', *, *, #5497, .T. ) ;
#3481 = ORIENTED_EDGE ( 'NONE', *, *, #2429, .T. ) ;
#3482 = DIRECTION ( 'NONE',  ( -0.000000000000000000, 0.7071067811865470176, 0.7071067811865480168 ) ) ;
#3483 = CARTESIAN_POINT ( 'NONE',  ( 3.000000000000000000, 3.746377016470389724E-14, 75.00000000000000000 ) ) ;
#3484 = FACE_OUTER_BOUND ( 'NONE', #5394, .T. ) ;
#3485 = CIRCLE ( 'NONE', #3706, 2.000000000000001776 ) ;
#3486 = CARTESIAN_POINT ( 'NONE',  ( 21.00000000000000000, 25.05000000000000071, 75.00000000000000000 ) ) ;
#3487 = EDGE_LOOP ( 'NONE', ( #3184, #3335 ) ) ;
#3488 = EDGE_CURVE ( 'NONE', #582, #2438, #1503, .T. ) ;
#3489 = EDGE_CURVE ( 'NONE', #3293, #230, #3832, .T. ) ;
#3490 = DIRECTION ( 'NONE',  ( 0.000000000000000000, 1.000000000000000000, 0.000000000000000000 ) ) ;
#3491 = CARTESIAN_POINT ( 'NONE',  ( 24.00000000000000000, -26.34999999999999432, -26.68471862576141973 ) ) ;
#3492 = AXIS2_PLACEMENT_3D ( 'NONE', #1215, #6363, #1146 ) ;
#3493 = DIRECTION ( 'NONE',  ( -0.8191520442889920206, 0.5735764363510459374, 0.000000000000000000 ) ) ;
#3494 = CARTESIAN_POINT ( 'NONE',  ( 6.900565073486590428, -33.85000000000000142, -59.58591285212109767 ) ) ;
#3495 = EDGE_CURVE ( 'NONE', #737, #4494, #2403, .T. ) ;
#3496 = PLANE ( 'NONE',  #54 ) ;
#3497 = VERTEX_POINT ( 'NONE', #1954 ) ;
#3498 = DIRECTION ( 'NONE',  ( 0.000000000000000000, 0.000000000000000000, -1.000000000000000000 ) ) ;
#3499 = VERTEX_POINT ( 'NONE', #4493 ) ;
#3500 = CARTESIAN_POINT ( 'NONE',  ( 14.12396230895140192, -27.85000000000000142, -59.91103336986829930 ) ) ;
#3501 = VECTOR ( 'NONE', #3680, 1000.000000000000000 ) ;
#3502 = CARTESIAN_POINT ( 'NONE',  ( 8.812000000000001165, -3.535533905932700893, 58.00000000000000000 ) ) ;
#3503 = DIRECTION ( 'NONE',  ( -1.000000000000000000, 0.000000000000000000, 0.000000000000000000 ) ) ;
#3504 = ORIENTED_EDGE ( 'NONE', *, *, #2003, .F. ) ;
#3505 = AXIS2_PLACEMENT_3D ( 'NONE', #3171, #4126, #517 ) ;
#3506 = EDGE_LOOP ( 'NONE', ( #4113, #3525 ) ) ;
#3507 = DIRECTION ( 'NONE',  ( 0.000000000000000000, 0.000000000000000000, -1.000000000000000000 ) ) ;
#3508 = EDGE_CURVE ( 'NONE', #2962, #3623, #846, .T. ) ;
#3509 = DIRECTION ( 'NONE',  ( 0.000000000000000000, 0.000000000000000000, -1.000000000000000000 ) ) ;
#3510 = VECTOR ( 'NONE', #2049, 999.9999999999998863 ) ;
#3511 = CARTESIAN_POINT ( 'NONE',  ( 8.812000000000001165, 11.58553390593269583, 68.00000000000000000 ) ) ;
#3512 = EDGE_CURVE ( 'NONE', #5605, #2771, #2180, .T. ) ;
#3513 = EDGE_CURVE ( 'NONE', #897, #890, #2443, .T. ) ;
#3514 = ADVANCED_FACE ( 'NONE', ( #876, #266 ), #4566, .F. ) ;
#3515 = CIRCLE ( 'NONE', #6469, 2.000000000000001776 ) ;
#3516 = DIRECTION ( 'NONE',  ( 0.000000000000000000, 0.000000000000000000, 1.000000000000000000 ) ) ;
#3517 = EDGE_LOOP ( 'NONE', ( #5088, #3358, #2239, #3665 ) ) ;
#3518 = ORIENTED_EDGE ( 'NONE', *, *, #1880, .F. ) ;
#3519 = VECTOR ( 'NONE', #3239, 1000.000000000000000 ) ;
#3520 = DIRECTION ( 'NONE',  ( 0.000000000000000000, 0.000000000000000000, 1.000000000000000000 ) ) ;
#3521 = DIRECTION ( 'NONE',  ( 0.000000000000000000, -1.000000000000000000, 0.000000000000000000 ) ) ;
#3522 = AXIS2_PLACEMENT_3D ( 'NONE', #319, #351, #6121 ) ;
#3523 = DIRECTION ( 'NONE',  ( 0.000000000000000000, 0.000000000000000000, 1.000000000000000000 ) ) ;
#3524 = ORIENTED_EDGE ( 'NONE', *, *, #4695, .F. ) ;
#3525 = ORIENTED_EDGE ( 'NONE', *, *, #5055, .T. ) ;
#3526 = CARTESIAN_POINT ( 'NONE',  ( 1.448808049807690290, -26.60119195019230887, 77.69144873692697217 ) ) ;
#3527 = CYLINDRICAL_SURFACE ( 'NONE', #5297, 2.999999999999999112 ) ;
#3528 = ORIENTED_EDGE ( 'NONE', *, *, #2840, .F. ) ;
#3529 = CARTESIAN_POINT ( 'NONE',  ( 15.49896230895140015, -38.85000000000000142, -33.16999999999999460 ) ) ;
#3530 = CARTESIAN_POINT ( 'NONE',  ( 6.927492721895768923, -33.78019731989829211, -60.37191587928408154 ) ) ;
#3531 = EDGE_CURVE ( 'NONE', #3345, #5816, #2220, .T. ) ;
#3532 = CARTESIAN_POINT ( 'NONE',  ( 14.08265983219362383, -33.69207254647094629, -61.91066297227950344 ) ) ;
#3533 = DIRECTION ( 'NONE',  ( 1.000000000000000000, 0.000000000000000000, 0.000000000000000000 ) ) ;
#3534 = VERTEX_POINT ( 'NONE', #5075 ) ;
#3535 = DIRECTION ( 'NONE',  ( 0.000000000000000000, -1.000000000000000000, 0.000000000000000000 ) ) ;
#3536 = LINE ( 'NONE', #6627, #3980 ) ;
#3537 = DIRECTION ( 'NONE',  ( 1.000000000000000000, 0.000000000000000000, 0.000000000000000000 ) ) ;
#3538 = VECTOR ( 'NONE', #1999, 1000.000000000000000 ) ;
#3539 = ADVANCED_FACE ( 'NONE', ( #1433 ), #3527, .T. ) ;
#3540 = VERTEX_POINT ( 'NONE', #3695 ) ;
#3541 = DIRECTION ( 'NONE',  ( 1.000000000000000000, 0.000000000000000000, 0.000000000000000000 ) ) ;
#3542 = CIRCLE ( 'NONE', #1908, 1.000000000000000888 ) ;
#3543 = LINE ( 'NONE', #1483, #222 ) ;
#3544 = VECTOR ( 'NONE', #4495, 1000.000000000000000 ) ;
#3545 = DIRECTION ( 'NONE',  ( -1.000000000000000000, 0.000000000000000000, 0.000000000000000000 ) ) ;
#3546 = VERTEX_POINT ( 'NONE', #5784 ) ;
#3547 = DIRECTION ( 'NONE',  ( 0.000000000000000000, -1.000000000000000000, 0.000000000000000000 ) ) ;
#3548 = VECTOR ( 'NONE', #1441, 1000.000000000000227 ) ;
#3549 = CARTESIAN_POINT ( 'NONE',  ( 14.12396230895140192, 33.85000000000000142, -59.91103336986829930 ) ) ;
#3550 = CARTESIAN_POINT ( 'NONE',  ( 8.812000000000001165, -23.05000000000000071, 72.84999999999999432 ) ) ;
#3551 = AXIS2_PLACEMENT_3D ( 'NONE', #809, #393, #3523 ) ;
#3552 = AXIS2_PLACEMENT_3D ( 'NONE', #5812, #6255, #5845 ) ;
#3553 = DIRECTION ( 'NONE',  ( 1.000000000000000000, 0.000000000000000000, 0.000000000000000000 ) ) ;
#3554 = ORIENTED_EDGE ( 'NONE', *, *, #3428, .T. ) ;
#3555 = EDGE_CURVE ( 'NONE', #4305, #2428, #4630, .T. ) ;
#3556 = ORIENTED_EDGE ( 'NONE', *, *, #4716, .F. ) ;
#3557 = CARTESIAN_POINT ( 'NONE',  ( 3.000000000000000000, -25.05000000000000071, 78.00000000000000000 ) ) ;
#3558 = CARTESIAN_POINT ( 'NONE',  ( 3.000000000000000000, 33.85000000000000142, -24.17000000000000171 ) ) ;
#3559 = ORIENTED_EDGE ( 'NONE', *, *, #5796, .F. ) ;
#3560 = DIRECTION ( 'NONE',  ( 0.000000000000000000, 1.000000000000000000, 0.000000000000000000 ) ) ;
#3561 = FACE_OUTER_BOUND ( 'NONE', #3757, .T. ) ;
#3562 = DIRECTION ( 'NONE',  ( 1.000000000000000000, 0.000000000000000000, 0.000000000000000000 ) ) ;
#3563 = PLANE ( 'NONE',  #5850 ) ;
#3564 = ORIENTED_EDGE ( 'NONE', *, *, #5296, .F. ) ;
#3565 = DIRECTION ( 'NONE',  ( 0.000000000000000000, 1.000000000000000000, -4.947517935049719886E-16 ) ) ;
#3566 = FACE_OUTER_BOUND ( 'NONE', #1721, .T. ) ;
#3567 = DIRECTION ( 'NONE',  ( 0.000000000000000000, 1.000000000000000000, 0.000000000000000000 ) ) ;
#3568 = VECTOR ( 'NONE', #3042, 1000.000000000000000 ) ;
#3569 = VERTEX_POINT ( 'NONE', #5137 ) ;
#3570 = FACE_OUTER_BOUND ( 'NONE', #4183, .T. ) ;
#3571 = EDGE_CURVE ( 'NONE', #2958, #6687, #2680, .T. ) ;
#3572 = DIRECTION ( 'NONE',  ( 0.000000000000000000, 0.000000000000000000, 1.000000000000000000 ) ) ;
#3573 = LINE ( 'NONE', #5156, #5800 ) ;
#3574 = EDGE_CURVE ( 'NONE', #3759, #195, #3542, .T. ) ;
#3575 = AXIS2_PLACEMENT_3D ( 'NONE', #5736, #1451, #3576 ) ;
#3576 = DIRECTION ( 'NONE',  ( 0.000000000000000000, 0.000000000000000000, -1.000000000000000000 ) ) ;
#3577 = ORIENTED_EDGE ( 'NONE', *, *, #1696, .F. ) ;
#3578 = CARTESIAN_POINT ( 'NONE',  ( 1.193435384109047246E-15, -32.60735931288071754, -24.50296456859569716 ) ) ;
#3579 = DIRECTION ( 'NONE',  ( 0.000000000000000000, -1.000000000000000000, 0.000000000000000000 ) ) ;
#3580 = CARTESIAN_POINT ( 'NONE',  ( 8.873962308951309552, 33.85000000000000142, -59.91103336986829930 ) ) ;
#3581 = DIRECTION ( 'NONE',  ( 0.000000000000000000, 2.973811673103100130E-16, 1.000000000000000000 ) ) ;
#3582 = EDGE_LOOP ( 'NONE', ( #6667, #3868, #4452 ) ) ;
#3583 = AXIS2_PLACEMENT_3D ( 'NONE', #4333, #6416, #3809 ) ;
#3584 = VERTEX_POINT ( 'NONE', #2571 ) ;
#3585 = CARTESIAN_POINT ( 'NONE',  ( 21.00000000000000000, 21.66332092008489951, -3.062052658050260057 ) ) ;
#3586 = CARTESIAN_POINT ( 'NONE',  ( 7.543618777317186996, 33.57560377834312959, -61.40442985367725726 ) ) ;
#3587 = EDGE_CURVE ( 'NONE', #6095, #2488, #1711, .T. ) ;
#3588 = EDGE_CURVE ( 'NONE', #5073, #5841, #6391, .T. ) ;
#3589 = ORIENTED_EDGE ( 'NONE', *, *, #6737, .T. ) ;
#3590 = EDGE_CURVE ( 'NONE', #3897, #1020, #602, .T. ) ;
#3591 = DIRECTION ( 'NONE',  ( 1.000000000000000000, 0.000000000000000000, 0.000000000000000000 ) ) ;
#3592 = CARTESIAN_POINT ( 'NONE',  ( 6.812000000000000277, -23.05000000000000071, 71.79999999999999716 ) ) ;
#3593 = DIRECTION ( 'NONE',  ( 0.000000000000000000, 0.000000000000000000, 1.000000000000000000 ) ) ;
#3594 = DIRECTION ( 'NONE',  ( 0.000000000000000000, -0.4999999999999998890, -0.8660254037844387076 ) ) ;
#3595 = ORIENTED_EDGE ( 'NONE', *, *, #567, .F. ) ;
#3596 = CARTESIAN_POINT ( 'NONE',  ( 8.873968445256231519, 33.58609540502356339, -61.91105568792249869 ) ) ;
#3597 = DIRECTION ( 'NONE',  ( 0.000000000000000000, 0.000000000000000000, -1.000000000000000000 ) ) ;
#3598 = CARTESIAN_POINT ( 'NONE',  ( 15.26103728904769063, -33.70013297955577514, -61.55656200206908579 ) ) ;
#3599 = DIRECTION ( 'NONE',  ( -1.000000000000000000, 0.000000000000000000, 0.000000000000000000 ) ) ;
#3600 = EDGE_LOOP ( 'NONE', ( #2234, #6560 ) ) ;
#3601 = CARTESIAN_POINT ( 'NONE',  ( 8.873962308951309552, -33.85000000000000142, -59.91103336986829930 ) ) ;
#3602 = CARTESIAN_POINT ( 'NONE',  ( 0.000000000000000000, 4.400850234935600014, -12.20652135571679864 ) ) ;
#3603 = APPROVAL_STATUS ( 'not_yet_approved' ) ;
#3604 = LINE ( 'NONE', #3006, #5096 ) ;
#3605 = VECTOR ( 'NONE', #1023, 1000.000000000000000 ) ;
#3606 = EDGE_CURVE ( 'NONE', #6618, #4036, #4016, .T. ) ;
#3607 = CARTESIAN_POINT ( 'NONE',  ( 16.74896230895139837, -27.85000000000000142, -57.36440000000000339 ) ) ;
#3608 = EDGE_LOOP ( 'NONE', ( #636, #1952, #2444, #3322 ) ) ;
#3609 = AXIS2_PLACEMENT_3D ( 'NONE', #3294, #3328, #2171 ) ;
#3610 = LINE ( 'NONE', #4169, #365 ) ;
#3611 = CARTESIAN_POINT ( 'NONE',  ( 21.00000000000000000, 30.84999999999999787, -24.17000000000000171 ) ) ;
#3612 = LINE ( 'NONE', #1456, #4507 ) ;
#3613 = EDGE_CURVE ( 'NONE', #4123, #195, #5596, .T. ) ;
#3614 = CARTESIAN_POINT ( 'NONE',  ( 32.00000000000000000, -10.00000000000000000, 42.00000000000000000 ) ) ;
#3615 = ORIENTED_EDGE ( 'NONE', *, *, #1557, .F. ) ;
#3616 = CIRCLE ( 'NONE', #4728, 1.000000000000000888 ) ;
#3617 = VERTEX_POINT ( 'NONE', #3502 ) ;
#3618 = ORIENTED_EDGE ( 'NONE', *, *, #383, .F. ) ;
#3619 = CARTESIAN_POINT ( 'NONE',  ( 24.00000000000000000, 10.00000000000000000, 27.00000000000000000 ) ) ;
#3620 = VECTOR ( 'NONE', #6632, 1000.000000000000000 ) ;
#3621 = CARTESIAN_POINT ( 'NONE',  ( 7.547591269732532915, 33.57492704166458708, -61.40797339605443028 ) ) ;
#3622 = VERTEX_POINT ( 'NONE', #4046 ) ;
#3623 = VERTEX_POINT ( 'NONE', #5119 ) ;
#3624 = LINE ( 'NONE', #6334, #1736 ) ;
#3625 = DIRECTION ( 'NONE',  ( 1.000000000000000000, 0.000000000000000000, 0.000000000000000000 ) ) ;
#3626 = EDGE_CURVE ( 'NONE', #1261, #3248, #6141, .T. ) ;
#3627 = DIRECTION ( 'NONE',  ( 0.000000000000000000, 2.312964634635739999E-16, -1.000000000000000000 ) ) ;
#3628 = CIRCLE ( 'NONE', #4513, 2.000000000000001776 ) ;
#3629 = EDGE_CURVE ( 'NONE', #4662, #3363, #5732, .T. ) ;
#3630 = DIRECTION ( 'NONE',  ( 0.000000000000000000, 0.000000000000000000, 1.000000000000000000 ) ) ;
#3631 = EDGE_LOOP ( 'NONE', ( #6424, #3044 ) ) ;
#3632 = CARTESIAN_POINT ( 'NONE',  ( 24.00000000000000000, 13.51731083748190088, -6.943130372780090376 ) ) ;
#3633 = DIRECTION ( 'NONE',  ( 0.000000000000000000, 0.000000000000000000, -1.000000000000000000 ) ) ;
#3634 = CARTESIAN_POINT ( 'NONE',  ( 15.19888942262038434, -33.69383976040719375, -61.59764866977437947 ) ) ;
#3635 = CARTESIAN_POINT ( 'NONE',  ( 6.991851990863417576, -33.74281224097386911, -60.58754278186325593 ) ) ;
#3636 = EDGE_LOOP ( 'NONE', ( #4072, #4314, #1243, #3408 ) ) ;
#3637 = CARTESIAN_POINT ( 'NONE',  ( 15.49896230895140015, -38.85000000000000142, -33.16999999999999460 ) ) ;
#3638 = FACE_OUTER_BOUND ( 'NONE', #2649, .T. ) ;
#3639 = VECTOR ( 'NONE', #3547, 1000.000000000000000 ) ;
#3640 = ADVANCED_FACE ( 'NONE', ( #2970, #1963 ), #338, .F. ) ;
#3641 = ADVANCED_FACE ( 'NONE', ( #3566 ), #5655, .F. ) ;
#3642 = MECHANICAL_CONTEXT ( 'NONE', #6127, 'mechanical' ) ;
#3643 = PLANE ( 'NONE',  #5266 ) ;
#3644 = VECTOR ( 'NONE', #3625, 1000.000000000000000 ) ;
#3645 = CARTESIAN_POINT ( 'NONE',  ( 21.00000000000000000, 33.85000000000000142, -52.17000000000000171 ) ) ;
#3646 = ORIENTED_EDGE ( 'NONE', *, *, #5728, .T. ) ;
#3647 = ORIENTED_EDGE ( 'NONE', *, *, #5203, .F. ) ;
#3648 = VECTOR ( 'NONE', #3503, 1000.000000000000000 ) ;
#3649 = DIRECTION ( 'NONE',  ( 0.000000000000000000, 0.000000000000000000, -1.000000000000000000 ) ) ;
#3650 = CARTESIAN_POINT ( 'NONE',  ( 22.75735931288072678, 28.04999999999999716, 37.99999999999992895 ) ) ;
#3651 = LINE ( 'NONE', #1145, #5195 ) ;
#3652 = EDGE_CURVE ( 'NONE', #2994, #1611, #4541, .T. ) ;
#3653 = AXIS2_PLACEMENT_3D ( 'NONE', #6591, #5530, #1996 ) ;
#3654 = DIRECTION ( 'NONE',  ( 0.000000000000000000, 0.000000000000000000, -1.000000000000000000 ) ) ;
#3655 = ORIENTED_EDGE ( 'NONE', *, *, #3019, .T. ) ;
#3656 = CIRCLE ( 'NONE', #2132, 3.000000000000002665 ) ;
#3657 = CARTESIAN_POINT ( 'NONE',  ( 24.00000000000000000, 18.66332092008480004, -14.74735342352009937 ) ) ;
#3658 = AXIS2_PLACEMENT_3D ( 'NONE', #962, #3176, #6291 ) ;
#3659 = ORIENTED_EDGE ( 'NONE', *, *, #4035, .T. ) ;
#3660 = AXIS2_PLACEMENT_3D ( 'NONE', #4523, #1978, #6642 ) ;
#3661 = DIRECTION ( 'NONE',  ( 0.000000000000000000, 0.000000000000000000, -1.000000000000000000 ) ) ;
#3662 = CARTESIAN_POINT ( 'NONE',  ( 6.926410938487634894, 33.78093039045835866, -60.36728295694549473 ) ) ;
#3663 = EDGE_CURVE ( 'NONE', #1743, #4952, #3536, .T. ) ;
#3664 = VECTOR ( 'NONE', #648, 1000.000000000000000 ) ;
#3665 = ORIENTED_EDGE ( 'NONE', *, *, #4275, .F. ) ;
#3666 = ORIENTED_EDGE ( 'NONE', *, *, #3996, .T. ) ;
#3667 = CARTESIAN_POINT ( 'NONE',  ( 0.000000000000000000, 0.000000000000000000, -43.17000000000000171 ) ) ;
#3668 = ORIENTED_EDGE ( 'NONE', *, *, #5609, .F. ) ;
#3669 = CARTESIAN_POINT ( 'NONE',  ( 14.12396230895140192, 28.26990063580600321, -60.91103336986829930 ) ) ;
#3670 = VERTEX_POINT ( 'NONE', #5024 ) ;
#3671 = DIRECTION ( 'NONE',  ( 0.000000000000000000, 0.7071067811865480168, -0.7071067811865470176 ) ) ;
#3672 = ORIENTED_EDGE ( 'NONE', *, *, #4484, .T. ) ;
#3673 = CARTESIAN_POINT ( 'NONE',  ( 6.812000000000000277, -48.76507672015620187, 55.80000000000000426 ) ) ;
#3674 = CARTESIAN_POINT ( 'NONE',  ( 12.00000000000000000, 33.85000000000000142, -52.17000000000000171 ) ) ;
#3675 = CARTESIAN_POINT ( 'NONE',  ( 15.18389487984892305, -33.69244225639711487, -61.60708107336753869 ) ) ;
#3676 = CARTESIAN_POINT ( 'NONE',  ( 8.815199558721610984, -33.57824780407634080, -61.91035424272380538 ) ) ;
#3677 = ORIENTED_EDGE ( 'NONE', *, *, #2000, .T. ) ;
#3678 = DIRECTION ( 'NONE',  ( 0.000000000000000000, 0.000000000000000000, -1.000000000000000000 ) ) ;
#3679 = CARTESIAN_POINT ( 'NONE',  ( 6.812000000000000277, -28.04999999999999716, 72.79999999999999716 ) ) ;
#3680 = DIRECTION ( 'NONE',  ( 0.000000000000000000, -1.000000000000000000, 0.000000000000000000 ) ) ;
#3681 = CIRCLE ( 'NONE', #5644, 2.000000000000001776 ) ;
#3682 = AXIS2_PLACEMENT_3D ( 'NONE', #4672, #5242, #3593 ) ;
#3683 = EDGE_CURVE ( 'NONE', #2771, #1261, #406, .T. ) ;
#3684 = DIRECTION ( 'NONE',  ( 0.000000000000000000, -1.000000000000000000, 0.000000000000000000 ) ) ;
#3685 = ORIENTED_EDGE ( 'NONE', *, *, #6080, .T. ) ;
#3686 = DIRECTION ( 'NONE',  ( 0.000000000000000000, 1.000000000000000000, 0.000000000000000000 ) ) ;
#3687 = DIRECTION ( 'NONE',  ( 0.000000000000000000, 1.000000000000000000, 0.000000000000000000 ) ) ;
#3688 = DIRECTION ( 'NONE',  ( 0.000000000000000000, -1.000000000000000000, 0.000000000000000000 ) ) ;
#3689 = CIRCLE ( 'NONE', #6204, 12.00000000000000355 ) ;
#3690 = CARTESIAN_POINT ( 'NONE',  ( 16.74896230895139837, -27.85000000000000142, -53.36439999999999628 ) ) ;
#3691 = ORIENTED_EDGE ( 'NONE', *, *, #492, .T. ) ;
#3692 = CARTESIAN_POINT ( 'NONE',  ( 6.812000000000000277, 25.05000000000000071, 53.79999999999999716 ) ) ;
#3693 = ORIENTED_EDGE ( 'NONE', *, *, #5523, .T. ) ;
#3694 = CARTESIAN_POINT ( 'NONE',  ( -8.000000000000000000, -11.58553390593270116, 58.00000000000000000 ) ) ;
#3695 = CARTESIAN_POINT ( 'NONE',  ( 0.000000000000000000, -25.05000000000000071, 38.80384757729340350 ) ) ;
#3696 = VERTEX_POINT ( 'NONE', #5057 ) ;
#3697 = CARTESIAN_POINT ( 'NONE',  ( 9.005921608266957534, -33.60470606688294737, -61.91103338027453162 ) ) ;
#3698 = EDGE_LOOP ( 'NONE', ( #458, #4131, #5128, #4386, #1373, #1064, #4561, #1000 ) ) ;
#3699 = EDGE_CURVE ( 'NONE', #6742, #5755, #32, .T. ) ;
#3700 = FACE_OUTER_BOUND ( 'NONE', #2040, .T. ) ;
#3701 = CC_DESIGN_PERSON_AND_ORGANIZATION_ASSIGNMENT ( #2178, #4718, ( #1637 ) ) ;
#3702 = EDGE_LOOP ( 'NONE', ( #481, #4774 ) ) ;
#3703 = LINE ( 'NONE', #1094, #974 ) ;
#3704 = DIRECTION ( 'NONE',  ( 0.000000000000000000, -1.000000000000000000, 0.000000000000000000 ) ) ;
#3705 = CARTESIAN_POINT ( 'NONE',  ( 15.60707284687734209, -33.74876895119307818, -61.25284671341045595 ) ) ;
#3706 = AXIS2_PLACEMENT_3D ( 'NONE', #2785, #3896, #186 ) ;
#3707 = CARTESIAN_POINT ( 'NONE',  ( 7.473900818645076605, -33.58807391761945382, -61.34036929696695495 ) ) ;
#3708 = ORIENTED_EDGE ( 'NONE', *, *, #3265, .T. ) ;
#3709 = CARTESIAN_POINT ( 'NONE',  ( 14.12396230895140192, -27.85000000000000142, -48.81776663013170037 ) ) ;
#3710 = PLANE ( 'NONE',  #3957 ) ;
#3711 = PERSON_AND_ORGANIZATION_ROLE ( 'design_owner' ) ;
#3712 = LINE ( 'NONE', #2591, #3180 ) ;
#3713 = CARTESIAN_POINT ( 'NONE',  ( 8.873962308951458766, 27.85000000000000142, -50.81776663013170747 ) ) ;
#3714 = ORIENTED_EDGE ( 'NONE', *, *, #6388, .T. ) ;
#3715 = EDGE_CURVE ( 'NONE', #1815, #1119, #2562, .T. ) ;
#3716 = FACE_OUTER_BOUND ( 'NONE', #385, .T. ) ;
#3717 = EDGE_CURVE ( 'NONE', #968, #326, #308, .T. ) ;
#3718 = CARTESIAN_POINT ( 'NONE',  ( 14.12396230895140192, -29.60289267374360023, -60.91103336986829930 ) ) ;
#3719 = DIRECTION ( 'NONE',  ( 1.000000000000000000, 0.000000000000000000, 0.000000000000000000 ) ) ;
#3720 = AXIS2_PLACEMENT_3D ( 'NONE', #2871, #2247, #1792 ) ;
#3721 = VECTOR ( 'NONE', #2837, 1000.000000000000000 ) ;
#3722 = CYLINDRICAL_SURFACE ( 'NONE', #6096, 2.999999999999999112 ) ;
#3723 = ORIENTED_EDGE ( 'NONE', *, *, #6504, .F. ) ;
#3724 = VERTEX_POINT ( 'NONE', #3473 ) ;
#3725 = CARTESIAN_POINT ( 'NONE',  ( 15.95176579567096908, 33.82020307767811573, -60.72308053815034157 ) ) ;
#3726 = VECTOR ( 'NONE', #4597, 1000.000000000000000 ) ;
#3727 = CARTESIAN_POINT ( 'NONE',  ( 7.022164147641697163, 33.72752676947766304, -60.66814825562847346 ) ) ;
#3728 = EDGE_LOOP ( 'NONE', ( #3589, #2564, #3418, #6584, #609, #748 ) ) ;
#3729 = VECTOR ( 'NONE', #3804, 1000.000000000000000 ) ;
#3730 = DIRECTION ( 'NONE',  ( 0.000000000000000000, 0.000000000000000000, 1.000000000000000000 ) ) ;
#3731 = VERTEX_POINT ( 'NONE', #3945 ) ;
#3732 = CARTESIAN_POINT ( 'NONE',  ( 8.873962308951309552, -33.85000000000000142, -61.91103336986829930 ) ) ;
#3733 = ORIENTED_EDGE ( 'NONE', *, *, #2845, .T. ) ;
#3734 = CIRCLE ( 'NONE', #662, 1.000000000000000888 ) ;
#3735 = VERTEX_POINT ( 'NONE', #886 ) ;
#3736 = ORIENTED_EDGE ( 'NONE', *, *, #795, .T. ) ;
#3737 = DIRECTION ( 'NONE',  ( 0.000000000000000000, -1.734723475976809806E-16, 1.000000000000000000 ) ) ;
#3738 = CARTESIAN_POINT ( 'NONE',  ( -8.000000000000000000, 8.050000000000000711, 61.53553390593270223 ) ) ;
#3739 = CARTESIAN_POINT ( 'NONE',  ( 16.09198614897282908, -33.85000000000000853, -60.28220147047717603 ) ) ;
#3740 = EDGE_CURVE ( 'NONE', #3257, #4024, #691, .T. ) ;
#3741 = AXIS2_PLACEMENT_3D ( 'NONE', #4510, #3953, #4549 ) ;
#3742 = DIRECTION ( 'NONE',  ( 0.000000000000000000, 0.000000000000000000, -1.000000000000000000 ) ) ;
#3743 = ORIENTED_EDGE ( 'NONE', *, *, #567, .T. ) ;
#3744 = LINE ( 'NONE', #5801, #3664 ) ;
#3745 = CARTESIAN_POINT ( 'NONE',  ( 10.81200000000000117, -7.105427357600998703E-15, 42.00000000000000000 ) ) ;
#3746 = LINE ( 'NONE', #1136, #3519 ) ;
#3747 = EDGE_CURVE ( 'NONE', #6418, #5430, #1337, .T. ) ;
#3748 = CARTESIAN_POINT ( 'NONE',  ( 12.89457678700303767, -33.82816452780052430, -61.48907963173073199 ) ) ;
#3749 = EDGE_LOOP ( 'NONE', ( #5251, #1698, #1644, #4605 ) ) ;
#3750 = CARTESIAN_POINT ( 'NONE',  ( 13.75696437328556243, 33.72265965243634156, -61.87717777085860149 ) ) ;
#3751 = DIRECTION ( 'NONE',  ( 0.000000000000000000, 0.000000000000000000, 1.000000000000000000 ) ) ;
#3752 = CARTESIAN_POINT ( 'NONE',  ( 21.00000000000000000, 21.66332092008489951, 26.93794734194980123 ) ) ;
#3753 = VECTOR ( 'NONE', #692, 1000.000000000000000 ) ;
#3754 = AXIS2_PLACEMENT_3D ( 'NONE', #6142, #1410, #407 ) ;
#3755 = DIRECTION ( 'NONE',  ( 0.000000000000000000, -1.000000000000000000, 0.000000000000000000 ) ) ;
#3756 = ORIENTED_EDGE ( 'NONE', *, *, #635, .F. ) ;
#3757 = EDGE_LOOP ( 'NONE', ( #6415, #1973, #5041, #574 ) ) ;
#3758 = DIRECTION ( 'NONE',  ( 0.000000000000000000, 1.000000000000000000, 0.000000000000000000 ) ) ;
#3759 = VERTEX_POINT ( 'NONE', #6107 ) ;
#3760 = AXIS2_PLACEMENT_3D ( 'NONE', #5552, #5615, #298 ) ;
#3761 = CARTESIAN_POINT ( 'NONE',  ( 14.27684083066658793, 33.67920753210638196, -61.90541141894406252 ) ) ;
#3762 = DIRECTION ( 'NONE',  ( 0.000000000000000000, 0.000000000000000000, -1.000000000000000000 ) ) ;
#3763 = EDGE_CURVE ( 'NONE', #230, #2033, #1409, .T. ) ;
#3764 = AXIS2_PLACEMENT_3D ( 'NONE', #3279, #1806, #3792 ) ;
#3765 = DIRECTION ( 'NONE',  ( -1.000000000000000000, 0.000000000000000000, 0.000000000000000000 ) ) ;
#3766 = VECTOR ( 'NONE', #3560, 1000.000000000000000 ) ;
#3767 = ORIENTED_EDGE ( 'NONE', *, *, #4297, .F. ) ;
#3768 = DIRECTION ( 'NONE',  ( 0.000000000000000000, 1.000000000000000000, 0.000000000000000000 ) ) ;
#3769 = EDGE_CURVE ( 'NONE', #690, #4407, #3032, .T. ) ;
#3770 = ORIENTED_EDGE ( 'NONE', *, *, #5422, .T. ) ;
#3771 = DIRECTION ( 'NONE',  ( 0.000000000000000000, 1.000000000000000000, 0.000000000000000000 ) ) ;
#3772 = DIRECTION ( 'NONE',  ( 0.000000000000000000, -1.000000000000000000, 0.000000000000000000 ) ) ;
#3773 = FACE_OUTER_BOUND ( 'NONE', #2908, .T. ) ;
#3774 = EDGE_LOOP ( 'NONE', ( #6273, #2915, #874, #3693 ) ) ;
#3775 = DIRECTION ( 'NONE',  ( 0.000000000000000000, -1.000000000000000000, 0.000000000000000000 ) ) ;
#3776 = CIRCLE ( 'NONE', #4102, 9.000000000000001776 ) ;
#3777 = ORIENTED_EDGE ( 'NONE', *, *, #5249, .T. ) ;
#3778 = FACE_BOUND ( 'NONE', #3317, .T. ) ;
#3779 = DIRECTION ( 'NONE',  ( 0.000000000000000000, 0.000000000000000000, -1.000000000000000000 ) ) ;
#3780 = CARTESIAN_POINT ( 'NONE',  ( 5.498962308951449884, -33.85000000000000142, -43.17000000000000171 ) ) ;
#3781 = FACE_OUTER_BOUND ( 'NONE', #2661, .T. ) ;
#3782 = EDGE_CURVE ( 'NONE', #5559, #4976, #6690, .T. ) ;
#3783 = ORIENTED_EDGE ( 'NONE', *, *, #2528, .T. ) ;
#3784 = EDGE_CURVE ( 'NONE', #84, #3794, #666, .T. ) ;
#3785 = DIRECTION ( 'NONE',  ( 0.000000000000000000, -1.000000000000000000, 0.000000000000000000 ) ) ;
#3786 = EDGE_LOOP ( 'NONE', ( #1972, #2041, #5698, #4758, #676 ) ) ;
#3787 = AXIS2_PLACEMENT_3D ( 'NONE', #1578, #578, #1617 ) ;
#3788 = CARTESIAN_POINT ( 'NONE',  ( 6.812000000000000277, -28.04999999999999716, 72.79999999999999716 ) ) ;
#3789 = LINE ( 'NONE', #1737, #3367 ) ;
#3790 = ORIENTED_EDGE ( 'NONE', *, *, #210, .F. ) ;
#3791 = DIRECTION ( 'NONE',  ( 0.000000000000000000, 2.312964634635739999E-16, 1.000000000000000000 ) ) ;
#3792 = DIRECTION ( 'NONE',  ( 0.000000000000000000, 0.000000000000000000, -1.000000000000000000 ) ) ;
#3793 = DIRECTION ( 'NONE',  ( -0.5477225575051658524, 0.8366600265340756737, 0.000000000000000000 ) ) ;
#3794 = VERTEX_POINT ( 'NONE', #3857 ) ;
#3795 = CARTESIAN_POINT ( 'NONE',  ( 14.23133422794043845, 33.68173681475759196, -61.90855846978345767 ) ) ;
#3796 = ORIENTED_EDGE ( 'NONE', *, *, #4010, .T. ) ;
#3797 = DIRECTION ( 'NONE',  ( 0.000000000000000000, 0.000000000000000000, -1.000000000000000000 ) ) ;
#3798 = ORIENTED_EDGE ( 'NONE', *, *, #6134, .F. ) ;
#3799 = FACE_BOUND ( 'NONE', #3636, .T. ) ;
#3800 = VERTEX_POINT ( 'NONE', #2225 ) ;
#3801 = ORIENTED_EDGE ( 'NONE', *, *, #1669, .T. ) ;
#3802 = ADVANCED_FACE ( 'NONE', ( #2291 ), #6366, .T. ) ;
#3803 = FACE_OUTER_BOUND ( 'NONE', #1108, .T. ) ;
#3804 = DIRECTION ( 'NONE',  ( 0.000000000000000000, -1.000000000000000000, 0.000000000000000000 ) ) ;
#3805 = ADVANCED_FACE ( 'NONE', ( #3385 ), #702, .F. ) ;
#3806 = EDGE_CURVE ( 'NONE', #4636, #1430, #112, .T. ) ;
#3807 = LINE ( 'NONE', #4848, #1457 ) ;
#3808 = ORIENTED_EDGE ( 'NONE', *, *, #2708, .T. ) ;
#3809 = DIRECTION ( 'NONE',  ( 0.000000000000000000, 0.000000000000000000, -1.000000000000000000 ) ) ;
#3810 = ORIENTED_EDGE ( 'NONE', *, *, #6192, .T. ) ;
#3811 = DIRECTION ( 'NONE',  ( 0.000000000000000000, 0.000000000000000000, -1.000000000000000000 ) ) ;
#3812 = VECTOR ( 'NONE', #4366, 1000.000000000000000 ) ;
#3813 = DIRECTION ( 'NONE',  ( 0.000000000000000000, 1.000000000000000000, 0.000000000000000000 ) ) ;
#3814 = DIRECTION ( 'NONE',  ( 0.000000000000000000, -1.000000000000000000, 4.947517935049719886E-16 ) ) ;
#3815 = DIRECTION ( 'NONE',  ( 0.000000000000000000, -1.000000000000000000, 0.000000000000000000 ) ) ;
#3816 = ORIENTED_EDGE ( 'NONE', *, *, #4592, .T. ) ;
#3817 = DIRECTION ( 'NONE',  ( 0.000000000000000000, 0.000000000000000000, 1.000000000000000000 ) ) ;
#3818 = ORIENTED_EDGE ( 'NONE', *, *, #4315, .F. ) ;
#3819 = LINE ( 'NONE', #6048, #3620 ) ;
#3820 = PLANE ( 'NONE',  #262 ) ;
#3821 = AXIS2_PLACEMENT_3D ( 'NONE', #5743, #6775, #5778 ) ;
#3822 = EDGE_CURVE ( 'NONE', #2284, #4490, #5186, .T. ) ;
#3823 = CARTESIAN_POINT ( 'NONE',  ( 6.812000000000000277, -23.05000000000000071, 69.79999999999999716 ) ) ;
#3824 = ORIENTED_EDGE ( 'NONE', *, *, #6758, .F. ) ;
#3825 = CYLINDRICAL_SURFACE ( 'NONE', #6606, 2.000000000000001776 ) ;
#3826 = AXIS2_PLACEMENT_3D ( 'NONE', #2294, #4418, #4937 ) ;
#3827 = CARTESIAN_POINT ( 'NONE',  ( 5.498962308951449884, -38.85000000000000142, -33.16999999999999460 ) ) ;
#3828 = ADVANCED_FACE ( 'NONE', ( #5339 ), #181, .F. ) ;
#3829 = DIRECTION ( 'NONE',  ( 0.000000000000000000, -1.000000000000000000, 0.000000000000000000 ) ) ;
#3830 = ORIENTED_EDGE ( 'NONE', *, *, #2352, .T. ) ;
#3831 = DIRECTION ( 'NONE',  ( 0.000000000000000000, 0.000000000000000000, 1.000000000000000000 ) ) ;
#3832 =( BOUNDED_CURVE ( )  B_SPLINE_CURVE ( 3, ( #817, #1465, #3491, #2504 ),
 .UNSPECIFIED., .F., .F. ) 
 B_SPLINE_CURVE_WITH_KNOTS ( ( 4, 4 ),
 ( 3.141592653589793116, 4.712388980384689674 ),
 .UNSPECIFIED. ) 
 CURVE ( )  GEOMETRIC_REPRESENTATION_ITEM ( )  RATIONAL_B_SPLINE_CURVE ( ( 1.000000000000000000, 0.8047378541243649375, 0.8047378541243649375, 1.000000000000000000 ) ) 
 REPRESENTATION_ITEM ( '' )  );
#3833 = VECTOR ( 'NONE', #1059, 1000.000000000000000 ) ;
#3834 = DIRECTION ( 'NONE',  ( -1.000000000000000000, 0.000000000000000000, 0.000000000000000000 ) ) ;
#3835 = ORIENTED_EDGE ( 'NONE', *, *, #4137, .F. ) ;
#3836 = AXIS2_PLACEMENT_3D ( 'NONE', #5675, #4697, #5136 ) ;
#3837 = ORIENTED_EDGE ( 'NONE', *, *, #5436, .T. ) ;
#3838 = VERTEX_POINT ( 'NONE', #3251 ) ;
#3839 = DIRECTION ( 'NONE',  ( 0.000000000000000000, -1.000000000000000000, 0.000000000000000000 ) ) ;
#3840 = CARTESIAN_POINT ( 'NONE',  ( 11.49896230895140015, -33.85000000000000142, -55.36440000000000339 ) ) ;
#3841 = CIRCLE ( 'NONE', #1316, 2.000000000000001776 ) ;
#3842 = CARTESIAN_POINT ( 'NONE',  ( 14.12396230895140192, -33.85000000000000142, -50.81776663013170747 ) ) ;
#3843 = DIRECTION ( 'NONE',  ( 0.000000000000000000, -1.000000000000000000, 0.000000000000000000 ) ) ;
#3844 = EDGE_CURVE ( 'NONE', #6607, #5013, #1218, .T. ) ;
#3845 = EDGE_LOOP ( 'NONE', ( #5710, #2753, #3867, #3895 ) ) ;
#3846 = FACE_OUTER_BOUND ( 'NONE', #260, .T. ) ;
#3847 = CARTESIAN_POINT ( 'NONE',  ( 8.873962308951458766, -27.85000000000000142, -52.81776663013170747 ) ) ;
#3848 = LINE ( 'NONE', #4894, #3195 ) ;
#3849 = ORIENTED_EDGE ( 'NONE', *, *, #4671, .T. ) ;
#3850 = EDGE_CURVE ( 'NONE', #890, #4779, #5813, .T. ) ;
#3851 = CARTESIAN_POINT ( 'NONE',  ( 6.812000000000000277, 28.04999999999999716, 70.79999999999999716 ) ) ;
#3852 = ORIENTED_EDGE ( 'NONE', *, *, #4440, .T. ) ;
#3853 = ADVANCED_FACE ( 'NONE', ( #1253 ), #5404, .F. ) ;
#3854 = DIRECTION ( 'NONE',  ( 0.000000000000000000, 0.000000000000000000, -1.000000000000000000 ) ) ;
#3855 = CARTESIAN_POINT ( 'NONE',  ( 6.812000000000000277, 25.05000000000000071, 70.79999999999999716 ) ) ;
#3856 = ORIENTED_EDGE ( 'NONE', *, *, #1881, .F. ) ;
#3857 = CARTESIAN_POINT ( 'NONE',  ( 3.000000000000000000, 26.34999999999999787, -29.17000000000000171 ) ) ;
#3858 = FACE_OUTER_BOUND ( 'NONE', #5106, .T. ) ;
#3859 = VERTEX_POINT ( 'NONE', #2886 ) ;
#3860 = ADVANCED_FACE ( 'NONE', ( #149 ), #1707, .T. ) ;
#3861 = DIRECTION ( 'NONE',  ( 0.000000000000000000, -1.000000000000000000, -2.973811673103100130E-16 ) ) ;
#3862 = VECTOR ( 'NONE', #4509, 1000.000000000000000 ) ;
#3863 = LINE ( 'NONE', #1677, #2846 ) ;
#3864 = ORIENTED_EDGE ( 'NONE', *, *, #529, .F. ) ;
#3865 = CARTESIAN_POINT ( 'NONE',  ( 21.00000000000000000, -25.05000000000000071, -14.74735342352009937 ) ) ;
#3866 = EDGE_CURVE ( 'NONE', #1738, #187, #217, .T. ) ;
#3867 = ORIENTED_EDGE ( 'NONE', *, *, #2282, .F. ) ;
#3868 = ORIENTED_EDGE ( 'NONE', *, *, #865, .F. ) ;
#3869 = EDGE_CURVE ( 'NONE', #5991, #4425, #4878, .T. ) ;
#3870 = CARTESIAN_POINT ( 'NONE',  ( 8.873962308951309552, -27.85000000000000142, -58.91103336986829930 ) ) ;
#3871 = DIRECTION ( 'NONE',  ( 0.000000000000000000, 0.000000000000000000, 1.000000000000000000 ) ) ;
#3872 = DIRECTION ( 'NONE',  ( 0.000000000000000000, -1.000000000000000000, 0.000000000000000000 ) ) ;
#3873 = ORIENTED_EDGE ( 'NONE', *, *, #2596, .T. ) ;
#3874 = CARTESIAN_POINT ( 'NONE',  ( 24.00000000000000000, -3.535533905932739973, 68.00000000000000000 ) ) ;
#3875 = EDGE_LOOP ( 'NONE', ( #2683, #3783 ) ) ;
#3876 = AXIS2_PLACEMENT_3D ( 'NONE', #271, #6040, #1371 ) ;
#3877 = CARTESIAN_POINT ( 'NONE',  ( 6.812000000000000277, 28.04999999999999716, 56.80000000000000426 ) ) ;
#3878 = LINE ( 'NONE', #5974, #6462 ) ;
#3879 = DIRECTION ( 'NONE',  ( 0.000000000000000000, 2.312964634635739999E-16, -1.000000000000000000 ) ) ;
#3880 = CIRCLE ( 'NONE', #38, 2.000000000000001776 ) ;
#3881 = AXIS2_PLACEMENT_3D ( 'NONE', #4753, #2623, #6763 ) ;
#3882 = EDGE_LOOP ( 'NONE', ( #1670, #5942 ) ) ;
#3883 = DIRECTION ( 'NONE',  ( 0.000000000000000000, -1.000000000000000000, 0.000000000000000000 ) ) ;
#3884 = LINE ( 'NONE', #6394, #2535 ) ;
#3885 = CARTESIAN_POINT ( 'NONE',  ( 14.12395955033525041, 33.68895221054084033, -61.91095756797347605 ) ) ;
#3886 = EDGE_CURVE ( 'NONE', #2046, #1924, #6501, .T. ) ;
#3887 = DIRECTION ( 'NONE',  ( -1.000000000000000000, 0.000000000000000000, 0.000000000000000000 ) ) ;
#3888 = ORIENTED_EDGE ( 'NONE', *, *, #1944, .T. ) ;
#3889 = CARTESIAN_POINT ( 'NONE',  ( 21.00000000000000000, 16.11538704883520268, -5.443130372780090376 ) ) ;
#3890 = CARTESIAN_POINT ( 'NONE',  ( 9.998962308951451661, -38.85000000000000142, -33.16999999999999460 ) ) ;
#3891 = ORIENTED_EDGE ( 'NONE', *, *, #3232, .T. ) ;
#3892 = DIRECTION ( 'NONE',  ( -0.8944271909999160775, 0.2236067977499789916, 0.3872983346207410915 ) ) ;
#3893 = CIRCLE ( 'NONE', #2709, 2.000000000000001776 ) ;
#3894 = VECTOR ( 'NONE', #2616, 1000.000000000000000 ) ;
#3895 = ORIENTED_EDGE ( 'NONE', *, *, #3531, .T. ) ;
#3896 = DIRECTION ( 'NONE',  ( 0.000000000000000000, 1.000000000000000000, 0.000000000000000000 ) ) ;
#3897 = VERTEX_POINT ( 'NONE', #733 ) ;
#3898 = CARTESIAN_POINT ( 'NONE',  ( 6.248962308951460543, 33.80314480719899706, -55.36440000000000339 ) ) ;
#3899 = ORIENTED_EDGE ( 'NONE', *, *, #6358, .T. ) ;
#3900 = ORIENTED_EDGE ( 'NONE', *, *, #6336, .F. ) ;
#3901 = LINE ( 'NONE', #972, #2423 ) ;
#3902 = DIRECTION ( 'NONE',  ( 0.000000000000000000, -1.000000000000000000, 0.000000000000000000 ) ) ;
#3903 = DIRECTION ( 'NONE',  ( 1.000000000000000000, 0.000000000000000000, 0.000000000000000000 ) ) ;
#3904 = AXIS2_PLACEMENT_3D ( 'NONE', #2464, #3450, #6635 ) ;
#3905 = VERTEX_POINT ( 'NONE', #3827 ) ;
#3906 = ADVANCED_FACE ( 'NONE', ( #4870 ), #2260, .F. ) ;
#3907 = VECTOR ( 'NONE', #5140, 1000.000000000000000 ) ;
#3908 = LINE ( 'NONE', #2310, #3812 ) ;
#3909 = ORIENTED_EDGE ( 'NONE', *, *, #3489, .T. ) ;
#3910 = DIRECTION ( 'NONE',  ( 0.000000000000000000, -0.7071067811865470176, -0.7071067811865480168 ) ) ;
#3911 = EDGE_CURVE ( 'NONE', #1114, #2994, #5716, .T. ) ;
#3912 = LINE ( 'NONE', #2870, #2078 ) ;
#3913 = DIRECTION ( 'NONE',  ( 1.000000000000000000, 0.000000000000000000, 0.000000000000000000 ) ) ;
#3914 = ORIENTED_EDGE ( 'NONE', *, *, #1436, .F. ) ;
#3915 = DIRECTION ( 'NONE',  ( 0.000000000000000000, -1.000000000000000000, 0.000000000000000000 ) ) ;
#3916 = DIRECTION ( 'NONE',  ( 0.000000000000000000, -1.000000000000000000, 0.000000000000000000 ) ) ;
#3917 = DIRECTION ( 'NONE',  ( 0.000000000000000000, 0.000000000000000000, -1.000000000000000000 ) ) ;
#3918 = EDGE_CURVE ( 'NONE', #605, #2267, #1453, .T. ) ;
#3919 = DIRECTION ( 'NONE',  ( 0.000000000000000000, 0.000000000000000000, -1.000000000000000000 ) ) ;
#3920 = ORIENTED_EDGE ( 'NONE', *, *, #3428, .F. ) ;
#3921 = ORIENTED_EDGE ( 'NONE', *, *, #1863, .T. ) ;
#3922 = ADVANCED_FACE ( 'NONE', ( #3453 ), #5540, .T. ) ;
#3923 = CARTESIAN_POINT ( 'NONE',  ( -8.000000000000000000, -11.58553390593270116, 58.00000000000000000 ) ) ;
#3924 = CARTESIAN_POINT ( 'NONE',  ( 24.00000000000000000, -18.66332092008489951, -3.865900235343620484 ) ) ;
#3925 = VERTEX_POINT ( 'NONE', #6639 ) ;
#3926 = FACE_OUTER_BOUND ( 'NONE', #3417, .T. ) ;
#3927 = CC_DESIGN_APPROVAL ( #3377, ( #215 ) ) ;
#3928 = DIRECTION ( 'NONE',  ( -1.000000000000000000, 0.000000000000000000, 0.000000000000000000 ) ) ;
#3929 = ORIENTED_EDGE ( 'NONE', *, *, #408, .F. ) ;
#3930 = LINE ( 'NONE', #6027, #3894 ) ;
#3931 = ADVANCED_FACE ( 'NONE', ( #5101 ), #3011, .T. ) ;
#3932 = ORIENTED_EDGE ( 'NONE', *, *, #5523, .F. ) ;
#3933 = ORIENTED_EDGE ( 'NONE', *, *, #4259, .T. ) ;
#3934 = DIRECTION ( 'NONE',  ( 0.000000000000000000, 0.000000000000000000, -1.000000000000000000 ) ) ;
#3935 = DIRECTION ( 'NONE',  ( 0.000000000000000000, 0.000000000000000000, -1.000000000000000000 ) ) ;
#3936 = VECTOR ( 'NONE', #307, 1000.000000000000114 ) ;
#3937 = DIRECTION ( 'NONE',  ( 0.000000000000000000, -1.000000000000000000, 0.000000000000000000 ) ) ;
#3938 = EDGE_LOOP ( 'NONE', ( #2276, #2569 ) ) ;
#3939 = LINE ( 'NONE', #2990, #4652 ) ;
#3940 = DIRECTION ( 'NONE',  ( 0.000000000000000000, -1.000000000000000000, 0.000000000000000000 ) ) ;
#3941 = CIRCLE ( 'NONE', #434, 2.000000000000001776 ) ;
#3942 = ORIENTED_EDGE ( 'NONE', *, *, #1372, .T. ) ;
#3943 = DIRECTION ( 'NONE',  ( 0.000000000000000000, 0.000000000000000000, -1.000000000000000000 ) ) ;
#3944 = DIRECTION ( 'NONE',  ( 0.000000000000000000, 1.000000000000000000, 0.000000000000000000 ) ) ;
#3945 = CARTESIAN_POINT ( 'NONE',  ( 24.00000000000000000, 4.514466094067260293, 68.00000000000000000 ) ) ;
#3946 = ADVANCED_FACE ( 'NONE', ( #5036 ), #1947, .T. ) ;
#3947 = DIRECTION ( 'NONE',  ( 0.000000000000000000, -1.000000000000000000, 0.000000000000000000 ) ) ;
#3948 = AXIS2_PLACEMENT_3D ( 'NONE', #6403, #1710, #5888 ) ;
#3949 = VECTOR ( 'NONE', #5481, 1000.000000000000000 ) ;
#3950 = ORIENTED_EDGE ( 'NONE', *, *, #564, .T. ) ;
#3951 = DESIGN_CONTEXT ( 'detailed design', #74, 'design' ) ;
#3952 = CARTESIAN_POINT ( 'NONE',  ( 8.873962308951309552, 27.85000000000000142, -57.91103336986829930 ) ) ;
#3953 = DIRECTION ( 'NONE',  ( 0.000000000000000000, 0.000000000000000000, 1.000000000000000000 ) ) ;
#3954 = CIRCLE ( 'NONE', #2659, 1.000000000000000888 ) ;
#3955 = CARTESIAN_POINT ( 'NONE',  ( -8.000000000000000000, 8.050000000000000711, 54.46446609406730488 ) ) ;
#3956 = ADVANCED_FACE ( 'NONE', ( #5003 ), #5129, .F. ) ;
#3957 = AXIS2_PLACEMENT_3D ( 'NONE', #4088, #1066, #2104 ) ;
#3958 = CARTESIAN_POINT ( 'NONE',  ( 0.000000000000000000, 16.00000000000000000, 75.00000000000000000 ) ) ;
#3959 = ORIENTED_EDGE ( 'NONE', *, *, #493, .T. ) ;
#3960 = LINE ( 'NONE', #1352, #3966 ) ;
#3961 = DIRECTION ( 'NONE',  ( 0.000000000000000000, 0.000000000000000000, 1.000000000000000000 ) ) ;
#3962 = ORIENTED_EDGE ( 'NONE', *, *, #529, .T. ) ;
#3963 = DIRECTION ( 'NONE',  ( 0.000000000000000000, -1.000000000000000000, 0.000000000000000000 ) ) ;
#3964 = DIRECTION ( 'NONE',  ( 0.000000000000000000, 1.000000000000000000, 0.000000000000000000 ) ) ;
#3965 = VERTEX_POINT ( 'NONE', #1836 ) ;
#3966 = VECTOR ( 'NONE', #6604, 1000.000000000000114 ) ;
#3967 = ORIENTED_EDGE ( 'NONE', *, *, #3717, .T. ) ;
#3968 = EDGE_LOOP ( 'NONE', ( #2170, #4030, #600, #3950, #3158, #3962, #6676, #3273, #5825, #5315, #668, #3225, #4412, #5308 ) ) ;
#3969 = FACE_OUTER_BOUND ( 'NONE', #5224, .T. ) ;
#3970 = EDGE_CURVE ( 'NONE', #1282, #4332, #476, .T. ) ;
#3971 = EDGE_LOOP ( 'NONE', ( #6310, #1495, #4537, #3043, #1250 ) ) ;
#3972 = FACE_OUTER_BOUND ( 'NONE', #2400, .T. ) ;
#3973 = CARTESIAN_POINT ( 'NONE',  ( 12.98019489223419143, -33.81861723909287321, -61.55170975322067761 ) ) ;
#3974 = VERTEX_POINT ( 'NONE', #2981 ) ;
#3975 = PLANE ( 'NONE',  #4328 ) ;
#3976 = ORIENTED_EDGE ( 'NONE', *, *, #4578, .F. ) ;
#3977 = FACE_OUTER_BOUND ( 'NONE', #1780, .T. ) ;
#3978 = DIRECTION ( 'NONE',  ( 0.000000000000000000, 0.000000000000000000, 1.000000000000000000 ) ) ;
#3979 = CARTESIAN_POINT ( 'NONE',  ( 14.12396230895140192, -33.85000000000000142, -59.91103336986829930 ) ) ;
#3980 = VECTOR ( 'NONE', #4539, 1000.000000000000000 ) ;
#3981 = ORIENTED_EDGE ( 'NONE', *, *, #1221, .T. ) ;
#3982 = AXIS2_PLACEMENT_3D ( 'NONE', #6495, #2283, #3817 ) ;
#3983 = ORIENTED_EDGE ( 'NONE', *, *, #3150, .T. ) ;
#3984 = PLANE ( 'NONE',  #2455 ) ;
#3985 = CARTESIAN_POINT ( 'NONE',  ( 6.248962308951460543, 26.34999999999999787, -56.36440000000000339 ) ) ;
#3986 = CARTESIAN_POINT ( 'NONE',  ( 6.248962308951460543, 33.80314480719899706, -56.36440000000000339 ) ) ;
#3987 = CIRCLE ( 'NONE', #2690, 1.000000000000000888 ) ;
#3988 = EDGE_CURVE ( 'NONE', #5791, #1462, #1354, .T. ) ;
#3989 = ADVANCED_FACE ( 'NONE', ( #389 ), #6537, .F. ) ;
#3990 = CARTESIAN_POINT ( 'NONE',  ( 0.8786796564403600573, -27.17132034355960002, 77.12132034355960286 ) ) ;
#3991 = EDGE_LOOP ( 'NONE', ( #5907, #4140 ) ) ;
#3992 = AXIS2_PLACEMENT_3D ( 'NONE', #957, #2424, #4022 ) ;
#3993 = DIRECTION ( 'NONE',  ( -1.000000000000000000, 0.000000000000000000, 0.000000000000000000 ) ) ;
#3994 = LINE ( 'NONE', #288, #1320 ) ;
#3995 = CARTESIAN_POINT ( 'NONE',  ( 3.000000000000000000, -28.04999999999999716, 78.00000000000000000 ) ) ;
#3996 = EDGE_CURVE ( 'NONE', #2799, #3534, #3960, .T. ) ;
#3997 = CARTESIAN_POINT ( 'NONE',  ( 6.248962308951460543, 26.34999999999999787, -55.36440000000000339 ) ) ;
#3998 = ORIENTED_EDGE ( 'NONE', *, *, #6568, .F. ) ;
#3999 = VERTEX_POINT ( 'NONE', #4450 ) ;
#4000 = ORIENTED_EDGE ( 'NONE', *, *, #3970, .T. ) ;
#4001 = VECTOR ( 'NONE', #4703, 1000.000000000000000 ) ;
#4002 = CARTESIAN_POINT ( 'NONE',  ( 10.81200000000000117, 16.00000000000000000, 52.85000000000000142 ) ) ;
#4003 = CARTESIAN_POINT ( 'NONE',  ( 8.873962308951458766, -26.34999999999999787, -50.81776663013170747 ) ) ;
#4004 = ORIENTED_EDGE ( 'NONE', *, *, #898, .F. ) ;
#4005 = DIRECTION ( 'NONE',  ( 0.000000000000000000, 0.000000000000000000, 1.000000000000000000 ) ) ;
#4006 = DIRECTION ( 'NONE',  ( 0.000000000000000000, -1.000000000000000000, 0.000000000000000000 ) ) ;
#4007 =( BOUNDED_CURVE ( )  B_SPLINE_CURVE ( 3, ( #5283, #6276, #2692, #4782 ),
 .UNSPECIFIED., .F., .F. ) 
 B_SPLINE_CURVE_WITH_KNOTS ( ( 4, 4 ),
 ( 1.570796326794896780, 2.896613990462928889 ),
 .UNSPECIFIED. ) 
 CURVE ( )  GEOMETRIC_REPRESENTATION_ITEM ( )  RATIONAL_B_SPLINE_CURVE ( ( 1.000000000000000000, 0.8588036253440727297, 0.8588036253440727297, 1.000000000000000000 ) ) 
 REPRESENTATION_ITEM ( '' )  );
#4008 = CARTESIAN_POINT ( 'NONE',  ( 0.000000000000000000, 10.00000000000000000, 42.00000000000000000 ) ) ;
#4009 = ORIENTED_EDGE ( 'NONE', *, *, #4028, .F. ) ;
#4010 = EDGE_CURVE ( 'NONE', #5549, #5674, #6120, .T. ) ;
#4011 = ADVANCED_FACE ( 'NONE', ( #2497 ), #6055, .T. ) ;
#4012 = CARTESIAN_POINT ( 'NONE',  ( 21.00000000000000000, -33.85000000000000142, -52.17000000000000171 ) ) ;
#4013 = EDGE_CURVE ( 'NONE', #1803, #183, #4322, .T. ) ;
#4014 = CIRCLE ( 'NONE', #1051, 2.000000000000001776 ) ;
#4015 = LINE ( 'NONE', #2969, #5044 ) ;
#4016 = LINE ( 'NONE', #4082, #4646 ) ;
#4017 = PLANE ( 'NONE',  #1343 ) ;
#4018 = EDGE_LOOP ( 'NONE', ( #226, #3959, #1511, #5479 ) ) ;
#4019 = EDGE_LOOP ( 'NONE', ( #1846, #755 ) ) ;
#4020 = CARTESIAN_POINT ( 'NONE',  ( 8.812000000000001165, 39.79276695296629640, 39.79276695296667299 ) ) ;
#4021 = CARTESIAN_POINT ( 'NONE',  ( 0.000000000000000000, 30.84999999999999787, -24.97384757729340166 ) ) ;
#4022 = DIRECTION ( 'NONE',  ( 0.000000000000000000, 0.000000000000000000, 1.000000000000000000 ) ) ;
#4023 = FACE_OUTER_BOUND ( 'NONE', #4139, .T. ) ;
#4024 = VERTEX_POINT ( 'NONE', #1423 ) ;
#4025 = DIRECTION ( 'NONE',  ( -0.000000000000000000, 0.7071067811865475727, 0.7071067811865475727 ) ) ;
#4026 = CARTESIAN_POINT ( 'NONE',  ( 0.000000000000000000, -26.34999999999999787, -23.16999999999999815 ) ) ;
#4027 = AXIS2_PLACEMENT_3D ( 'NONE', #6508, #2718, #672 ) ;
#4028 = EDGE_CURVE ( 'NONE', #2102, #5244, #286, .T. ) ;
#4029 = LINE ( 'NONE', #1843, #2136 ) ;
#4030 = ORIENTED_EDGE ( 'NONE', *, *, #2143, .T. ) ;
#4031 = EDGE_CURVE ( 'NONE', #3126, #5712, #5503, .T. ) ;
#4032 = EDGE_LOOP ( 'NONE', ( #4174, #1092 ) ) ;
#4033 = CARTESIAN_POINT ( 'NONE',  ( -8.000000000000000000, -7.806255641895628769E-15, 71.53553390593270933 ) ) ;
#4034 = CARTESIAN_POINT ( 'NONE',  ( 1.037770805318101999E-15, 17.75417663684825698, 23.30074095731320938 ) ) ;
#4035 = EDGE_CURVE ( 'NONE', #5430, #4067, #5636, .T. ) ;
#4036 = VERTEX_POINT ( 'NONE', #4062 ) ;
#4037 = AXIS2_PLACEMENT_3D ( 'NONE', #45, #1079, #6158 ) ;
#4038 = LINE ( 'NONE', #4466, #3766 ) ;
#4039 = CARTESIAN_POINT ( 'NONE',  ( 8.544334488007610418, -34.80227744249479827, -43.17000000000000171 ) ) ;
#4040 = CARTESIAN_POINT ( 'NONE',  ( 14.03736695579683946, -33.69572323568385031, -61.90921967025450812 ) ) ;
#4041 = AXIS2_PLACEMENT_3D ( 'NONE', #1658, #6214, #485 ) ;
#4042 = LINE ( 'NONE', #2581, #4877 ) ;
#4043 = EDGE_LOOP ( 'NONE', ( #3288, #3214 ) ) ;
#4044 = CARTESIAN_POINT ( 'NONE',  ( 0.000000000000000000, -7.105427357600998703E-15, 42.00000000000000000 ) ) ;
#4045 = AXIS2_PLACEMENT_3D ( 'NONE', #486, #2734, #1550 ) ;
#4046 = CARTESIAN_POINT ( 'NONE',  ( 14.12396230895140192, 33.85000000000000142, -48.81776663013170037 ) ) ;
#4047 = DIRECTION ( 'NONE',  ( 0.000000000000000000, 1.000000000000000000, 0.000000000000000000 ) ) ;
#4048 =( BOUNDED_CURVE ( )  B_SPLINE_CURVE ( 3, ( #1205, #3302, #5393, #688 ),
 .UNSPECIFIED., .F., .T. ) 
 B_SPLINE_CURVE_WITH_KNOTS ( ( 4, 4 ),
 ( 1.570796326794926312, 3.141592653589793116 ),
 .UNSPECIFIED. ) 
 CURVE ( )  GEOMETRIC_REPRESENTATION_ITEM ( )  RATIONAL_B_SPLINE_CURVE ( ( 1.000000000000000000, 0.8047378541243720429, 0.8047378541243720429, 1.000000000000000000 ) ) 
 REPRESENTATION_ITEM ( '' )  );
#4049 = AXIS2_PLACEMENT_3D ( 'NONE', #3745, #3373, #4855 ) ;
#4050 = ORIENTED_EDGE ( 'NONE', *, *, #2280, .F. ) ;
#4051 = CYLINDRICAL_SURFACE ( 'NONE', #2676, 1.000000000000000888 ) ;
#4052 = CARTESIAN_POINT ( 'NONE',  ( 9.749456378144909507, -34.01333997346590365, -33.16999999999999460 ) ) ;
#4053 = AXIS2_PLACEMENT_3D ( 'NONE', #6163, #1984, #4629 ) ;
#4054 = CARTESIAN_POINT ( 'NONE',  ( 14.12396230895140192, 33.85000000000000142, -52.81776663013170747 ) ) ;
#4055 = VECTOR ( 'NONE', #3295, 1000.000000000000000 ) ;
#4056 = EDGE_CURVE ( 'NONE', #1928, #3800, #6155, .T. ) ;
#4057 = DIRECTION ( 'NONE',  ( 1.000000000000000000, 0.000000000000000000, 0.000000000000000000 ) ) ;
#4058 = EDGE_LOOP ( 'NONE', ( #1918, #2251 ) ) ;
#4059 = EDGE_CURVE ( 'NONE', #2979, #11, #1898, .T. ) ;
#4060 = VECTOR ( 'NONE', #5491, 1000.000000000000114 ) ;
#4061 = AXIS2_PLACEMENT_3D ( 'NONE', #4243, #1002, #5810 ) ;
#4062 = CARTESIAN_POINT ( 'NONE',  ( 3.000000000000000000, 25.05000000000000071, 78.00000000000000000 ) ) ;
#4063 = DIRECTION ( 'NONE',  ( 0.000000000000000000, -1.000000000000000000, 0.000000000000000000 ) ) ;
#4064 = LINE ( 'NONE', #3550, #547 ) ;
#4065 = VECTOR ( 'NONE', #6222, 1000.000000000000000 ) ;
#4066 = LINE ( 'NONE', #1321, #2469 ) ;
#4067 = VERTEX_POINT ( 'NONE', #5 ) ;
#4068 = ADVANCED_FACE ( 'NONE', ( #3716 ), #1073, .F. ) ;
#4069 = ORIENTED_EDGE ( 'NONE', *, *, #2248, .F. ) ;
#4070 = CYLINDRICAL_SURFACE ( 'NONE', #4168, 9.999999999999998224 ) ;
#4071 = DIRECTION ( 'NONE',  ( 0.000000000000000000, 0.000000000000000000, -1.000000000000000000 ) ) ;
#4072 = ORIENTED_EDGE ( 'NONE', *, *, #1631, .F. ) ;
#4073 = CARTESIAN_POINT ( 'NONE',  ( 15.49896230895140015, -38.85000000000000142, -33.16999999999999460 ) ) ;
#4074 = ADVANCED_FACE ( 'NONE', ( #6771 ), #5809, .F. ) ;
#4075 = CARTESIAN_POINT ( 'NONE',  ( 22.75735931288071257, -28.04999999999999361, 38.00000000000003553 ) ) ;
#4076 = ADVANCED_FACE ( 'NONE', ( #5262 ), #2075, .F. ) ;
#4077 = CARTESIAN_POINT ( 'NONE',  ( 13.99025650683123700, -33.69973686086334652, -61.90680683983829624 ) ) ;
#4078 = EDGE_CURVE ( 'NONE', #3497, #5559, #6221, .T. ) ;
#4079 = DIRECTION ( 'NONE',  ( 0.000000000000000000, 0.7071067811865470176, -0.7071067811865480168 ) ) ;
#4080 = ORIENTED_EDGE ( 'NONE', *, *, #2129, .F. ) ;
#4081 = CARTESIAN_POINT ( 'NONE',  ( 10.07137976089879672, 33.80124597559760957, -61.51463845125201857 ) ) ;
#4082 = CARTESIAN_POINT ( 'NONE',  ( 24.00000000000000000, 25.05000000000000071, 78.00000000000000000 ) ) ;
#4083 = DIRECTION ( 'NONE',  ( 0.000000000000000000, 0.000000000000000000, -1.000000000000000000 ) ) ;
#4084 = CIRCLE ( 'NONE', #347, 1.000000000000000888 ) ;
#4085 = ORIENTED_EDGE ( 'NONE', *, *, #6086, .T. ) ;
#4086 = DIRECTION ( 'NONE',  ( 0.000000000000000000, -1.000000000000000000, 0.000000000000000000 ) ) ;
#4087 = VECTOR ( 'NONE', #4047, 1000.000000000000000 ) ;
#4088 = CARTESIAN_POINT ( 'NONE',  ( -8.000000000000000000, 8.050000000000000711, 71.53553390593270933 ) ) ;
#4089 = CARTESIAN_POINT ( 'NONE',  ( 24.00000000000000000, -11.58553390593270116, 58.00000000000000000 ) ) ;
#4090 =( BOUNDED_CURVE ( )  B_SPLINE_CURVE ( 3, ( #5437, #4832, #1113, #731 ),
 .UNSPECIFIED., .F., .F. ) 
 B_SPLINE_CURVE_WITH_KNOTS ( ( 4, 4 ),
 ( 1.570796326794896558, 2.896613990462928889 ),
 .UNSPECIFIED. ) 
 CURVE ( )  GEOMETRIC_REPRESENTATION_ITEM ( )  RATIONAL_B_SPLINE_CURVE ( ( 1.000000000000000000, 0.8588036253440727297, 0.8588036253440727297, 1.000000000000000000 ) ) 
 REPRESENTATION_ITEM ( '' )  );
#4091 = AXIS2_PLACEMENT_3D ( 'NONE', #1595, #523, #2633 ) ;
#4092 = VECTOR ( 'NONE', #5018, 1000.000000000000000 ) ;
#4093 = CARTESIAN_POINT ( 'NONE',  ( 16.74896230895139837, -27.85000000000000142, -55.36440000000000339 ) ) ;
#4094 = ORIENTED_EDGE ( 'NONE', *, *, #842, .T. ) ;
#4095 = ORIENTED_EDGE ( 'NONE', *, *, #1631, .T. ) ;
#4096 = CARTESIAN_POINT ( 'NONE',  ( 3.000000000000000000, -4.400850234935600014, -12.20652135571679864 ) ) ;
#4097 = CIRCLE ( 'NONE', #5837, 2.000000000000001776 ) ;
#4098 = CYLINDRICAL_SURFACE ( 'NONE', #6148, 2.000000000000001776 ) ;
#4099 = EDGE_CURVE ( 'NONE', #3546, #5720, #558, .T. ) ;
#4100 = EDGE_CURVE ( 'NONE', #3546, #3306, #6287, .T. ) ;
#4101 = CARTESIAN_POINT ( 'NONE',  ( 24.00000000000000000, -18.66332092008489951, -3.865900235343620484 ) ) ;
#4102 = AXIS2_PLACEMENT_3D ( 'NONE', #2635, #43, #2221 ) ;
#4103 = VECTOR ( 'NONE', #5935, 1000.000000000000000 ) ;
#4104 = CARTESIAN_POINT ( 'NONE',  ( 24.00000000000000000, -8.050000000000000711, 54.46446609406730488 ) ) ;
#4105 = EDGE_LOOP ( 'NONE', ( #3057, #1442, #1785, #4969 ) ) ;
#4106 = ORIENTED_EDGE ( 'NONE', *, *, #2619, .F. ) ;
#4107 = DIRECTION ( 'NONE',  ( 0.000000000000000000, 0.7071067811865470176, -0.7071067811865480168 ) ) ;
#4108 = CARTESIAN_POINT ( 'NONE',  ( 8.292629157972513099, 33.53271654542641755, -61.82592331147394304 ) ) ;
#4109 = ORIENTED_EDGE ( 'NONE', *, *, #2453, .T. ) ;
#4110 = FACE_OUTER_BOUND ( 'NONE', #1044, .T. ) ;
#4111 = LINE ( 'NONE', #6200, #685 ) ;
#4112 = DIRECTION ( 'NONE',  ( 0.000000000000000000, 0.000000000000000000, -1.000000000000000000 ) ) ;
#4113 = ORIENTED_EDGE ( 'NONE', *, *, #4821, .T. ) ;
#4114 = AXIS2_PLACEMENT_3D ( 'NONE', #742, #3256, #1813 ) ;
#4115 = CARTESIAN_POINT ( 'NONE',  ( 8.812000000000001165, -16.00000000000000000, 78.00000000000000000 ) ) ;
#4116 = ORIENTED_EDGE ( 'NONE', *, *, #6065, .T. ) ;
#4117 = CARTESIAN_POINT ( 'NONE',  ( 9.375476944391783363, 33.66883429053457633, -61.84770297925135196 ) ) ;
#4118 = DIRECTION ( 'NONE',  ( 0.000000000000000000, 1.000000000000000000, 0.000000000000000000 ) ) ;
#4119 = DIRECTION ( 'NONE',  ( 0.8366600265340757847, -0.5477225575051659634, 0.000000000000000000 ) ) ;
#4120 = ADVANCED_FACE ( 'NONE', ( #2008 ), #39, .T. ) ;
#4121 = VECTOR ( 'NONE', #1551, 1000.000000000000000 ) ;
#4122 = CARTESIAN_POINT ( 'NONE',  ( 6.248962308951460543, 33.80314480719899706, -55.36440000000000339 ) ) ;
#4123 = VERTEX_POINT ( 'NONE', #1487 ) ;
#4124 = EDGE_CURVE ( 'NONE', #834, #3735, #3610, .T. ) ;
#4125 = FACE_OUTER_BOUND ( 'NONE', #3786, .T. ) ;
#4126 = DIRECTION ( 'NONE',  ( 0.000000000000000000, -1.000000000000000000, 0.000000000000000000 ) ) ;
#4127 = SHAPE_DEFINITION_REPRESENTATION ( #4918, #5673 ) ;
#4128 = DIRECTION ( 'NONE',  ( 0.000000000000000000, 0.7071067811865470176, -0.7071067811865480168 ) ) ;
#4129 = AXIS2_PLACEMENT_3D ( 'NONE', #596, #4246, #2222 ) ;
#4130 = LINE ( 'NONE', #451, #1828 ) ;
#4131 = ORIENTED_EDGE ( 'NONE', *, *, #3347, .F. ) ;
#4132 = ORIENTED_EDGE ( 'NONE', *, *, #5230, .F. ) ;
#4133 = DIRECTION ( 'NONE',  ( 0.000000000000000000, 0.5000000000000003331, 0.8660254037844384856 ) ) ;
#4134 = LINE ( 'NONE', #1629, #5062 ) ;
#4135 = LINE ( 'NONE', #2372, #3949 ) ;
#4136 = ADVANCED_FACE ( 'NONE', ( #2042 ), #3072, .T. ) ;
#4137 = EDGE_CURVE ( 'NONE', #4802, #462, #5414, .T. ) ;
#4138 = DIRECTION ( 'NONE',  ( 0.000000000000000000, 0.000000000000000000, 1.000000000000000000 ) ) ;
#4139 = EDGE_LOOP ( 'NONE', ( #4931, #1899, #78, #1951 ) ) ;
#4140 = ORIENTED_EDGE ( 'NONE', *, *, #4469, .F. ) ;
#4141 = VECTOR ( 'NONE', #235, 1000.000000000000000 ) ;
#4142 = CARTESIAN_POINT ( 'NONE',  ( 3.000000000000000000, -16.11538704883520268, -5.443130372780090376 ) ) ;
#4143 = CARTESIAN_POINT ( 'NONE',  ( 6.988596300939221351, 33.74450824005307936, -60.57843150816741229 ) ) ;
#4144 = ORIENTED_EDGE ( 'NONE', *, *, #904, .F. ) ;
#4145 = ORIENTED_EDGE ( 'NONE', *, *, #126, .T. ) ;
#4146 = CARTESIAN_POINT ( 'NONE',  ( 9.767834578682498048, -33.74463546666348179, -61.70017368362552901 ) ) ;
#4147 = CARTESIAN_POINT ( 'NONE',  ( 24.00000000000000000, -4.400850234935600014, -12.20652135571679864 ) ) ;
#4148 = FACE_BOUND ( 'NONE', #3702, .T. ) ;
#4149 = EDGE_CURVE ( 'NONE', #743, #5127, #4689, .T. ) ;
#4150 = ORIENTED_EDGE ( 'NONE', *, *, #6701, .T. ) ;
#4151 = FACE_OUTER_BOUND ( 'NONE', #1046, .T. ) ;
#4152 = ORIENTED_EDGE ( 'NONE', *, *, #6192, .F. ) ;
#4153 = LINE ( 'NONE', #2271, #6574 ) ;
#4154 = CYLINDRICAL_SURFACE ( 'NONE', #5482, 3.000000000000001776 ) ;
#4155 = DIRECTION ( 'NONE',  ( 0.000000000000000000, 0.000000000000000000, -1.000000000000000000 ) ) ;
#4156 = AXIS2_PLACEMENT_3D ( 'NONE', #2045, #4625, #2677 ) ;
#4157 = CARTESIAN_POINT ( 'NONE',  ( 8.873962308951458766, -33.85000000000000142, -48.81776663013170037 ) ) ;
#4158 = CC_DESIGN_APPROVAL ( #5014, ( #6564 ) ) ;
#4159 = ORIENTED_EDGE ( 'NONE', *, *, #341, .F. ) ;
#4160 = CARTESIAN_POINT ( 'NONE',  ( 32.00000000000000000, -10.00000000000000000, 27.00000000000000000 ) ) ;
#4161 = ADVANCED_FACE ( 'NONE', ( #2559 ), #1553, .F. ) ;
#4162 = DIRECTION ( 'NONE',  ( 0.000000000000000000, -1.000000000000000000, 0.000000000000000000 ) ) ;
#4163 = PERSON_AND_ORGANIZATION ( #2922, #6230 ) ;
#4164 = CARTESIAN_POINT ( 'NONE',  ( 12.00000000000000000, -21.66332092008489951, 26.93794734194980123 ) ) ;
#4165 = AXIS2_PLACEMENT_3D ( 'NONE', #1168, #722, #5392 ) ;
#4166 = CARTESIAN_POINT ( 'NONE',  ( 8.812000000000001165, -8.050000000000000711, 64.46446609406729067 ) ) ;
#4167 = VERTEX_POINT ( 'NONE', #2109 ) ;
#4168 = AXIS2_PLACEMENT_3D ( 'NONE', #6646, #1953, #1463 ) ;
#4169 = CARTESIAN_POINT ( 'NONE',  ( 8.812000000000001165, -39.79276695296634614, 39.79276695296638167 ) ) ;
#4170 = EDGE_CURVE ( 'NONE', #5035, #1889, #5176, .T. ) ;
#4171 = CARTESIAN_POINT ( 'NONE',  ( 24.00000000000000000, -11.58553390593270116, 68.00000000000000000 ) ) ;
#4172 = CARTESIAN_POINT ( 'NONE',  ( 24.00000000000000000, 1.040834085586079997E-14, 27.00000000000000000 ) ) ;
#4173 = DIRECTION ( 'NONE',  ( 0.000000000000000000, 0.000000000000000000, 1.000000000000000000 ) ) ;
#4174 = ORIENTED_EDGE ( 'NONE', *, *, #1436, .T. ) ;
#4175 = ORIENTED_EDGE ( 'NONE', *, *, #1429, .T. ) ;
#4176 = ORIENTED_EDGE ( 'NONE', *, *, #6653, .F. ) ;
#4177 = DIRECTION ( 'NONE',  ( 0.000000000000000000, -1.000000000000000000, 0.000000000000000000 ) ) ;
#4178 = AXIS2_PLACEMENT_3D ( 'NONE', #6772, #6736, #3112 ) ;
#4179 = DIRECTION ( 'NONE',  ( 0.000000000000000000, 0.000000000000000000, -1.000000000000000000 ) ) ;
#4180 = ORIENTED_EDGE ( 'NONE', *, *, #5990, .F. ) ;
#4181 = ORIENTED_EDGE ( 'NONE', *, *, #828, .F. ) ;
#4182 = CARTESIAN_POINT ( 'NONE',  ( 10.08138393765046814, -33.80267635132840098, -61.50559423029210393 ) ) ;
#4183 = EDGE_LOOP ( 'NONE', ( #1641, #1036, #3714, #1386 ) ) ;
#4184 = CARTESIAN_POINT ( 'NONE',  ( 8.873962308951458766, 26.34999999999999787, -49.81776663013170037 ) ) ;
#4185 = ORIENTED_EDGE ( 'NONE', *, *, #3699, .T. ) ;
#4186 = LINE ( 'NONE', #4637, #6615 ) ;
#4187 = VERTEX_POINT ( 'NONE', #5773 ) ;
#4188 = VERTEX_POINT ( 'NONE', #4242 ) ;
#4189 = CARTESIAN_POINT ( 'NONE',  ( 9.697614400166964188, 33.73083272320442916, -61.73376485244244094 ) ) ;
#4190 = DIRECTION ( 'NONE',  ( 0.000000000000000000, 1.000000000000000000, 0.000000000000000000 ) ) ;
#4191 = ADVANCED_FACE ( 'NONE', ( #6324 ), #1764, .F. ) ;
#4192 = PLANE ( 'NONE',  #2460 ) ;
#4193 = CARTESIAN_POINT ( 'NONE',  ( 6.991366527936285991, -33.74306122642587269, -60.58620681774856820 ) ) ;
#4194 = ORIENTED_EDGE ( 'NONE', *, *, #4313, .T. ) ;
#4195 = LINE ( 'NONE', #3103, #5097 ) ;
#4196 = CARTESIAN_POINT ( 'NONE',  ( 21.00000000000000000, 4.400850234935600014, -12.20652135571679864 ) ) ;
#4197 = AXIS2_PLACEMENT_3D ( 'NONE', #5566, #3410, #4444 ) ;
#4198 = APPLICATION_PROTOCOL_DEFINITION ( 'international standard', 'config_control_design', 1994, #74 ) ;
#4199 = CARTESIAN_POINT ( 'NONE',  ( 8.812000000000001165, 16.00000000000000000, 42.00000000000000000 ) ) ;
#4200 = AXIS2_PLACEMENT_3D ( 'NONE', #332, #3090, #1500 ) ;
#4201 = CYLINDRICAL_SURFACE ( 'NONE', #5218, 3.000000000000001776 ) ;
#4202 = ORIENTED_EDGE ( 'NONE', *, *, #6717, .T. ) ;
#4203 = CIRCLE ( 'NONE', #1904, 1.000000000000000888 ) ;
#4204 = CARTESIAN_POINT ( 'NONE',  ( 6.812000000000000277, 25.05000000000000071, 70.79999999999999716 ) ) ;
#4205 = CARTESIAN_POINT ( 'NONE',  ( 3.000000000000000000, -25.45192378864670246, 39.50000000000000000 ) ) ;
#4206 = CARTESIAN_POINT ( 'NONE',  ( 24.00000000000000000, 26.34999999999999787, -23.16999999999999815 ) ) ;
#4207 = ADVANCED_FACE ( 'NONE', ( #1731 ), #4897, .F. ) ;
#4208 = FACE_BOUND ( 'NONE', #5376, .T. ) ;
#4209 = VERTEX_POINT ( 'NONE', #1797 ) ;
#4210 = AXIS2_PLACEMENT_3D ( 'NONE', #2850, #1807, #2779 ) ;
#4211 = ORIENTED_EDGE ( 'NONE', *, *, #1062, .F. ) ;
#4212 = CIRCLE ( 'NONE', #6122, 3.000000000000002665 ) ;
#4213 = FACE_OUTER_BOUND ( 'NONE', #6289, .T. ) ;
#4214 = EDGE_CURVE ( 'NONE', #5791, #4655, #5298, .T. ) ;
#4215 = CARTESIAN_POINT ( 'NONE',  ( 6.992938886186780501, 33.74225921994499799, -60.59055967823888267 ) ) ;
#4216 = AXIS2_PLACEMENT_3D ( 'NONE', #2911, #3854, #4998 ) ;
#4217 = VECTOR ( 'NONE', #3300, 1000.000000000000000 ) ;
#4218 = ORIENTED_EDGE ( 'NONE', *, *, #4383, .F. ) ;
#4219 = VERTEX_POINT ( 'NONE', #138 ) ;
#4220 = DIRECTION ( 'NONE',  ( 0.000000000000000000, 0.000000000000000000, -1.000000000000000000 ) ) ;
#4221 = VERTEX_POINT ( 'NONE', #1699 ) ;
#4222 = PLANE ( 'NONE',  #6740 ) ;
#4223 = DIRECTION ( 'NONE',  ( 0.000000000000000000, 0.000000000000000000, -1.000000000000000000 ) ) ;
#4224 = ORIENTED_EDGE ( 'NONE', *, *, #2000, .F. ) ;
#4225 = EDGE_LOOP ( 'NONE', ( #4560, #2168 ) ) ;
#4226 = CARTESIAN_POINT ( 'NONE',  ( 16.74896230895139837, -33.85000000000000142, -55.36440000000000339 ) ) ;
#4227 = CYLINDRICAL_SURFACE ( 'NONE', #2592, 1.000000000000000888 ) ;
#4228 = CARTESIAN_POINT ( 'NONE',  ( 14.93309452030906570, -33.67422193424978616, -61.74386920283067326 ) ) ;
#4229 = ADVANCED_FACE ( 'NONE', ( #5977 ), #4375, .F. ) ;
#4230 = CARTESIAN_POINT ( 'NONE',  ( 7.337452423775108201, -33.61879859488577438, -61.19318015305227476 ) ) ;
#4231 = EDGE_CURVE ( 'NONE', #1155, #6340, #591, .T. ) ;
#4232 = EDGE_CURVE ( 'NONE', #2631, #1505, #640, .T. ) ;
#4233 = EDGE_LOOP ( 'NONE', ( #234, #4732 ) ) ;
#4234 = DIRECTION ( 'NONE',  ( 0.000000000000000000, 1.000000000000000000, 0.000000000000000000 ) ) ;
#4235 = DIRECTION ( 'NONE',  ( 0.000000000000000000, 1.000000000000000000, 0.000000000000000000 ) ) ;
#4236 = CALENDAR_DATE ( 2026, 22, 5 ) ;
#4237 = DIRECTION ( 'NONE',  ( 0.000000000000000000, -0.5000000000000003331, -0.8660254037844383745 ) ) ;
#4238 = AXIS2_PLACEMENT_3D ( 'NONE', #1170, #71, #36 ) ;
#4239 = AXIS2_PLACEMENT_3D ( 'NONE', #1536, #471, #6306 ) ;
#4240 = PLANE ( 'NONE',  #1486 ) ;
#4241 = EDGE_LOOP ( 'NONE', ( #429, #2959, #847, #4312 ) ) ;
#4242 = CARTESIAN_POINT ( 'NONE',  ( 24.00000000000000000, 18.66332092008489951, -3.865900235343620484 ) ) ;
#4243 = CARTESIAN_POINT ( 'NONE',  ( 6.248962308951460543, 27.85000000000000142, -55.36440000000000339 ) ) ;
#4244 = CYLINDRICAL_SURFACE ( 'NONE', #1701, 2.000000000000001776 ) ;
#4245 = AXIS2_PLACEMENT_3D ( 'NONE', #4311, #4278, #6327 ) ;
#4246 = DIRECTION ( 'NONE',  ( 0.000000000000000000, -1.000000000000000000, 0.000000000000000000 ) ) ;
#4247 = ORIENTED_EDGE ( 'NONE', *, *, #2754, .T. ) ;
#4248 = VERTEX_POINT ( 'NONE', #5908 ) ;
#4249 = EDGE_CURVE ( 'NONE', #4579, #2057, #1025, .T. ) ;
#4250 = CARTESIAN_POINT ( 'NONE',  ( 15.37200051133727108, 33.71312925604593147, -61.47503275689651758 ) ) ;
#4251 = CARTESIAN_POINT ( 'NONE',  ( 7.154365968169709156, 33.67381803033957510, -60.93253356846800983 ) ) ;
#4252 = ORIENTED_EDGE ( 'NONE', *, *, #6110, .T. ) ;
#4253 = CARTESIAN_POINT ( 'NONE',  ( 10.05465610072704408, -33.79809664339245501, -61.52537069577752504 ) ) ;
#4254 = ORIENTED_EDGE ( 'NONE', *, *, #341, .T. ) ;
#4255 = LINE ( 'NONE', #3732, #1377 ) ;
#4256 = ORIENTED_EDGE ( 'NONE', *, *, #6447, .T. ) ;
#4257 = VERTEX_POINT ( 'NONE', #3346 ) ;
#4258 = ORIENTED_EDGE ( 'NONE', *, *, #2637, .F. ) ;
#4259 = EDGE_CURVE ( 'NONE', #2428, #6618, #2184, .T. ) ;
#4260 = FACE_OUTER_BOUND ( 'NONE', #2611, .T. ) ;
#4261 = LINE ( 'NONE', #439, #5109 ) ;
#4262 = CARTESIAN_POINT ( 'NONE',  ( 15.94147833410168147, -33.81782425725184282, -60.74568256342579531 ) ) ;
#4263 = CARTESIAN_POINT ( 'NONE',  ( 8.751670003056847946, -33.57034731968725083, -61.90731369135858841 ) ) ;
#4264 = ORIENTED_EDGE ( 'NONE', *, *, #5296, .T. ) ;
#4265 = LINE ( 'NONE', #6348, #4773 ) ;
#4266 = CARTESIAN_POINT ( 'NONE',  ( 16.74896230895139837, 33.85000000000000142, -57.36440000000000339 ) ) ;
#4267 = CALENDAR_DATE ( 2026, 22, 5 ) ;
#4268 = DIRECTION ( 'NONE',  ( 0.000000000000000000, 1.000000000000000000, 0.000000000000000000 ) ) ;
#4269 = CARTESIAN_POINT ( 'NONE',  ( 12.73840023839265712, -33.84376129365730890, -61.36228042226740342 ) ) ;
#4270 = ORIENTED_EDGE ( 'NONE', *, *, #5277, .T. ) ;
#4271 = DIRECTION ( 'NONE',  ( 0.000000000000000000, 0.000000000000000000, -1.000000000000000000 ) ) ;
#4272 = CARTESIAN_POINT ( 'NONE',  ( 24.00000000000001421, 26.80735931288069906, 38.33296456859559953 ) ) ;
#4273 = CIRCLE ( 'NONE', #2867, 2.000000000000001776 ) ;
#4274 = DIRECTION ( 'NONE',  ( -1.000000000000000000, 0.000000000000000000, 0.000000000000000000 ) ) ;
#4275 = EDGE_CURVE ( 'NONE', #1708, #2369, #1664, .T. ) ;
#4276 =( BOUNDED_CURVE ( )  B_SPLINE_CURVE ( 3, ( #1229, #4293, #6412, #2829 ),
 .UNSPECIFIED., .F., .T. ) 
 B_SPLINE_CURVE_WITH_KNOTS ( ( 4, 4 ),
 ( 6.002150405676763611, 6.247129068803632279 ),
 .UNSPECIFIED. ) 
 CURVE ( )  GEOMETRIC_REPRESENTATION_ITEM ( )  RATIONAL_B_SPLINE_CURVE ( ( 1.000000000000000000, 0.9950050377886017205, 0.9950050377886017205, 1.000000000000000000 ) ) 
 REPRESENTATION_ITEM ( '' )  );
#4277 = CIRCLE ( 'NONE', #1206, 1.000000000000000888 ) ;
#4278 = DIRECTION ( 'NONE',  ( 0.000000000000000000, 0.000000000000000000, 1.000000000000000000 ) ) ;
#4279 = ORIENTED_EDGE ( 'NONE', *, *, #1673, .F. ) ;
#4280 = ORIENTED_EDGE ( 'NONE', *, *, #1346, .F. ) ;
#4281 = DIRECTION ( 'NONE',  ( 0.000000000000000000, -1.000000000000000000, 0.000000000000000000 ) ) ;
#4282 = DIRECTION ( 'NONE',  ( 0.000000000000000000, 0.000000000000000000, 1.000000000000000000 ) ) ;
#4283 = VECTOR ( 'NONE', #1127, 1000.000000000000000 ) ;
#4284 = CARTESIAN_POINT ( 'NONE',  ( 6.812000000000000277, 25.05000000000000071, 54.80000000000000426 ) ) ;
#4285 = ORIENTED_EDGE ( 'NONE', *, *, #254, .T. ) ;
#4286 = VECTOR ( 'NONE', #2098, 1000.000000000000000 ) ;
#4287 = CARTESIAN_POINT ( 'NONE',  ( 10.51974270350149787, -33.85000000000000142, -61.04743422032309752 ) ) ;
#4288 = VERTEX_POINT ( 'NONE', #2842 ) ;
#4289 = CARTESIAN_POINT ( 'NONE',  ( 0.000000000000000000, 26.34999999999999787, -23.16999999999999815 ) ) ;
#4290 = VECTOR ( 'NONE', #524, 1000.000000000000000 ) ;
#4291 = EDGE_LOOP ( 'NONE', ( #720, #5270, #4500, #2495 ) ) ;
#4292 = VERTEX_POINT ( 'NONE', #5843 ) ;
#4293 = CARTESIAN_POINT ( 'NONE',  ( 2.754406743573386329, 19.35192260597815306, 0.9414066585115185015 ) ) ;
#4294 = CARTESIAN_POINT ( 'NONE',  ( 21.00000000000000000, -21.66332092008489951, 26.93794734194980123 ) ) ;
#4295 = CYLINDRICAL_SURFACE ( 'NONE', #5182, 1.000000000000000888 ) ;
#4296 = ADVANCED_FACE ( 'NONE', ( #207 ), #2319, .F. ) ;
#4297 = EDGE_CURVE ( 'NONE', #5895, #4705, #623, .T. ) ;
#4298 = LINE ( 'NONE', #1686, #2732 ) ;
#4299 = ADVANCED_FACE ( 'NONE', ( #6631 ), #3984, .F. ) ;
#4300 = ORIENTED_EDGE ( 'NONE', *, *, #4402, .T. ) ;
#4301 = DIRECTION ( 'NONE',  ( -0.000000000000000000, 1.000000000000000000, 0.000000000000000000 ) ) ;
#4302 = LINE ( 'NONE', #2177, #317 ) ;
#4303 = DIRECTION ( 'NONE',  ( 0.000000000000000000, -1.000000000000000000, 1.387778780781450014E-15 ) ) ;
#4304 = DIRECTION ( 'NONE',  ( 0.000000000000000000, -1.000000000000000000, 0.000000000000000000 ) ) ;
#4305 = VERTEX_POINT ( 'NONE', #279 ) ;
#4306 = CARTESIAN_POINT ( 'NONE',  ( 13.87346565987293445, 33.71055505262665264, -61.89564001231385504 ) ) ;
#4307 = VERTEX_POINT ( 'NONE', #3952 ) ;
#4308 = CARTESIAN_POINT ( 'NONE',  ( 8.873962308951309552, -27.85000000000000142, -59.91103336986829930 ) ) ;
#4309 = DIRECTION ( 'NONE',  ( 0.000000000000000000, -1.000000000000000000, 0.000000000000000000 ) ) ;
#4310 = VECTOR ( 'NONE', #163, 1000.000000000000000 ) ;
#4311 = CARTESIAN_POINT ( 'NONE',  ( 3.000000000000000000, 30.84999999999999787, -14.74735342352009937 ) ) ;
#4312 = ORIENTED_EDGE ( 'NONE', *, *, #905, .F. ) ;
#4313 = EDGE_CURVE ( 'NONE', #3499, #2224, #5612, .T. ) ;
#4314 = ORIENTED_EDGE ( 'NONE', *, *, #1097, .F. ) ;
#4315 = EDGE_CURVE ( 'NONE', #2944, #5493, #830, .T. ) ;
#4316 = CARTESIAN_POINT ( 'NONE',  ( 3.000000000000000000, -28.94807621135329967, -27.67000000000000171 ) ) ;
#4317 = ADVANCED_FACE ( 'NONE', ( #5464 ), #891, .T. ) ;
#4318 = VERTEX_POINT ( 'NONE', #2351 ) ;
#4319 = VECTOR ( 'NONE', #5470, 1000.000000000000000 ) ;
#4320 = CARTESIAN_POINT ( 'NONE',  ( 15.20331095498513108, 33.69400214863227916, -61.59591496674926248 ) ) ;
#4321 = VERTEX_POINT ( 'NONE', #2974 ) ;
#4322 = CIRCLE ( 'NONE', #2228, 1.000000000000000888 ) ;
#4323 = CARTESIAN_POINT ( 'NONE',  ( 0.000000000000000000, 25.05000000000000071, 38.80384757729340350 ) ) ;
#4324 = ORIENTED_EDGE ( 'NONE', *, *, #5205, .F. ) ;
#4325 = DIRECTION ( 'NONE',  ( 0.000000000000000000, 1.000000000000000000, 0.000000000000000000 ) ) ;
#4326 = ORIENTED_EDGE ( 'NONE', *, *, #3304, .T. ) ;
#4327 = ORIENTED_EDGE ( 'NONE', *, *, #3488, .T. ) ;
#4328 = AXIS2_PLACEMENT_3D ( 'NONE', #5081, #238, #3498 ) ;
#4329 = CARTESIAN_POINT ( 'NONE',  ( 11.49896230895140015, -33.85000000000000142, -55.36440000000000339 ) ) ;
#4330 = CARTESIAN_POINT ( 'NONE',  ( 0.000000000000000000, 16.32099170087160189, 2.134099764656369747 ) ) ;
#4331 = CYLINDRICAL_SURFACE ( 'NONE', #4760, 1.000000000000000888 ) ;
#4332 = VERTEX_POINT ( 'NONE', #4546 ) ;
#4333 = CARTESIAN_POINT ( 'NONE',  ( 14.12396230895140192, 27.85000000000000142, -59.91103336986829930 ) ) ;
#4334 = VECTOR ( 'NONE', #6664, 1000.000000000000000 ) ;
#4335 = ORIENTED_EDGE ( 'NONE', *, *, #1739, .F. ) ;
#4336 = FACE_BOUND ( 'NONE', #5355, .T. ) ;
#4337 = CARTESIAN_POINT ( 'NONE',  ( 12.00000000000000000, 30.84999999999999787, -64.17000000000000171 ) ) ;
#4338 = EDGE_CURVE ( 'NONE', #1053, #2827, #5060, .T. ) ;
#4339 = CARTESIAN_POINT ( 'NONE',  ( 24.00000000000000000, -21.66332092008489951, 26.93794734194970175 ) ) ;
#4340 = EDGE_CURVE ( 'NONE', #6111, #2549, #5943, .T. ) ;
#4341 = CARTESIAN_POINT ( 'NONE',  ( 12.55615607551909996, 33.85000000000000142, -61.15279969829360596 ) ) ;
#4342 = EDGE_LOOP ( 'NONE', ( #1808, #5261, #2655, #6220 ) ) ;
#4343 = CARTESIAN_POINT ( 'NONE',  ( 13.42548417392445970, 33.76184285646994709, -61.78547570398589528 ) ) ;
#4344 = ORIENTED_EDGE ( 'NONE', *, *, #2537, .T. ) ;
#4345 = AXIS2_PLACEMENT_3D ( 'NONE', #1, #3684, #5771 ) ;
#4346 = AXIS2_PLACEMENT_3D ( 'NONE', #5213, #3096, #3633 ) ;
#4347 = CARTESIAN_POINT ( 'NONE',  ( 10.29717893565010023, -33.85000000000000142, -43.17000000000000171 ) ) ;
#4348 = LINE ( 'NONE', #5399, #5857 ) ;
#4349 = CARTESIAN_POINT ( 'NONE',  ( 24.00000000000000000, -25.05000000000000071, 75.00000000000000000 ) ) ;
#4350 = EDGE_LOOP ( 'NONE', ( #2678, #1919, #5000, #6354 ) ) ;
#4351 = FACE_OUTER_BOUND ( 'NONE', #3517, .T. ) ;
#4352 = DIRECTION ( 'NONE',  ( -1.000000000000000000, 0.000000000000000000, 0.000000000000000000 ) ) ;
#4353 = DIRECTION ( 'NONE',  ( 0.000000000000000000, -0.7071067811865480168, -0.7071067811865470176 ) ) ;
#4354 = ORIENTED_EDGE ( 'NONE', *, *, #2796, .F. ) ;
#4355 = CARTESIAN_POINT ( 'NONE',  ( 15.04417724013728197, 33.68037193286318853, -61.69105653298576897 ) ) ;
#4356 = EDGE_CURVE ( 'NONE', #5712, #3444, #4419, .T. ) ;
#4357 = CARTESIAN_POINT ( 'NONE',  ( 15.49896230895140015, -38.85000000000000142, -43.17000000000000171 ) ) ;
#4358 = ORIENTED_EDGE ( 'NONE', *, *, #1072, .F. ) ;
#4359 = LINE ( 'NONE', #5346, #6090 ) ;
#4360 = ORIENTED_EDGE ( 'NONE', *, *, #2074, .T. ) ;
#4361 = DIRECTION ( 'NONE',  ( 0.000000000000000000, 0.000000000000000000, 1.000000000000000000 ) ) ;
#4362 = CARTESIAN_POINT ( 'NONE',  ( 14.12396230895140192, -27.85000000000000142, -59.91103336986829930 ) ) ;
#4363 = CYLINDRICAL_SURFACE ( 'NONE', #6169, 1.000000000000000888 ) ;
#4364 = ORIENTED_EDGE ( 'NONE', *, *, #460, .T. ) ;
#4365 = ADVANCED_FACE ( 'NONE', ( #311 ), #4051, .F. ) ;
#4366 = DIRECTION ( 'NONE',  ( 0.000000000000000000, -0.7071067811865470176, -0.7071067811865480168 ) ) ;
#4367 = ADVANCED_FACE ( 'NONE', ( #6145 ), #2876, .T. ) ;
#4368 = VERTEX_POINT ( 'NONE', #3380 ) ;
#4369 = CARTESIAN_POINT ( 'NONE',  ( 0.000000000000000000, 16.00000000000000000, 52.85000000000000142 ) ) ;
#4370 = CARTESIAN_POINT ( 'NONE',  ( 6.812000000000000277, 47.09676282616089793, 54.80000000000000426 ) ) ;
#4371 = AXIS2_PLACEMENT_3D ( 'NONE', #570, #977, #2684 ) ;
#4372 = FACE_OUTER_BOUND ( 'NONE', #1216, .T. ) ;
#4373 = ORIENTED_EDGE ( 'NONE', *, *, #3265, .F. ) ;
#4374 = EDGE_CURVE ( 'NONE', #3897, #1746, #6047, .T. ) ;
#4375 = CYLINDRICAL_SURFACE ( 'NONE', #3982, 2.000000000000001776 ) ;
#4376 = EDGE_LOOP ( 'NONE', ( #396, #3155, #4258, #2758 ) ) ;
#4377 = CARTESIAN_POINT ( 'NONE',  ( 3.000000000000000000, 26.34999999999999787, -29.17000000000000171 ) ) ;
#4378 = LINE ( 'NONE', #730, #6292 ) ;
#4379 = CIRCLE ( 'NONE', #4037, 1.000000000000000888 ) ;
#4380 = B_SPLINE_CURVE_WITH_KNOTS ( 'NONE', 3,
 ( #6331, #565, #3187, #3284, #4735, #2715, #3725, #2747, #1635, #704, #669, #5408, #1117, #5271, #1150, #114, #5921, #4837, #2681, #4771, #1605, #6367, #3219, #1084, #4250, #48, #5309, #4320, #4355, #2160, #13, #4805, #2191, #1675, #3761, #3795, #5854, #3253, #634, #4873 ),
 .UNSPECIFIED., .F., .F.,
 ( 4, 2, 2, 2, 2, 1, 1, 2, 2, 2, 2, 1, 2, 2, 2, 2, 2, 2, 2, 1, 2, 4 ),
 ( 0.000000000000000000, 0.07678228265264892827, 0.1151734239789733855, 0.1247712093105533132, 0.1271706556434497037, 0.1295701019763460526, 0.1343689946421303683, 0.1535645653052746529, 0.2303468479578495709, 0.2495424186209951045, 0.2543413112867815018, 0.2591402039525678713, 0.2687379892841375018, 0.3071291306104183549, 0.3455202719366991526, 0.3839114132629800058, 0.4606936959155407130, 0.5374759785681014757, 0.5758671198943827729, 0.5950626905575228109, 0.6046604758890921083, 0.6142582612206612946 ),
 .UNSPECIFIED. ) ;
#4381 = CARTESIAN_POINT ( 'NONE',  ( 14.12396230895140192, -27.85000000000000142, -59.91103336986829930 ) ) ;
#4382 = EDGE_LOOP ( 'NONE', ( #4327, #1087, #6643, #961 ) ) ;
#4383 = EDGE_CURVE ( 'NONE', #3248, #4955, #2421, .T. ) ;
#4384 = DIRECTION ( 'NONE',  ( 0.000000000000000000, 0.000000000000000000, -1.000000000000000000 ) ) ;
#4385 = VECTOR ( 'NONE', #3139, 999.9999999999998863 ) ;
#4386 = ORIENTED_EDGE ( 'NONE', *, *, #2818, .F. ) ;
#4387 = CARTESIAN_POINT ( 'NONE',  ( 10.81200000000000117, -23.05000000000000071, 52.85000000000000142 ) ) ;
#4388 = VECTOR ( 'NONE', #3944, 1000.000000000000000 ) ;
#4389 = DIRECTION ( 'NONE',  ( 0.000000000000000000, 0.000000000000000000, 1.000000000000000000 ) ) ;
#4390 = ORIENTED_EDGE ( 'NONE', *, *, #5441, .F. ) ;
#4391 = LINE ( 'NONE', #3323, #5209 ) ;
#4392 = CIRCLE ( 'NONE', #323, 0.9999999999999991118 ) ;
#4393 = ORIENTED_EDGE ( 'NONE', *, *, #5055, .F. ) ;
#4394 = CARTESIAN_POINT ( 'NONE',  ( 8.873962308951309552, 27.85000000000000142, -59.91103336986829930 ) ) ;
#4395 = LINE ( 'NONE', #2756, #4616 ) ;
#4396 = AXIS2_PLACEMENT_3D ( 'NONE', #5320, #3772, #6378 ) ;
#4397 = PLANE ( 'NONE',  #3433 ) ;
#4398 = ORIENTED_EDGE ( 'NONE', *, *, #206, .F. ) ;
#4399 = LINE ( 'NONE', #5970, #1177 ) ;
#4400 = AXIS2_PLACEMENT_3D ( 'NONE', #1516, #6599, #2462 ) ;
#4401 = EDGE_LOOP ( 'NONE', ( #5204, #555, #5269, #4335 ) ) ;
#4402 = EDGE_CURVE ( 'NONE', #11, #2979, #3319, .T. ) ;
#4403 = DIRECTION ( 'NONE',  ( 0.000000000000000000, 1.000000000000000000, 0.000000000000000000 ) ) ;
#4404 = CARTESIAN_POINT ( 'NONE',  ( 3.000000000000000000, -6.938893903907229955E-15, 0.8610926779599008540 ) ) ;
#4405 = FACE_BOUND ( 'NONE', #3222, .T. ) ;
#4406 = VECTOR ( 'NONE', #244, 1000.000000000000000 ) ;
#4407 = VERTEX_POINT ( 'NONE', #3445 ) ;
#4408 = CARTESIAN_POINT ( 'NONE',  ( 16.74896230895139837, 33.85000000000000142, -55.36440000000000339 ) ) ;
#4409 = DIRECTION ( 'NONE',  ( 0.000000000000000000, -6.736790197968200114E-16, -1.000000000000000000 ) ) ;
#4410 = DIRECTION ( 'NONE',  ( 0.000000000000000000, -1.000000000000000000, 0.000000000000000000 ) ) ;
#4411 = DIRECTION ( 'NONE',  ( 1.000000000000000000, 0.000000000000000000, 0.000000000000000000 ) ) ;
#4412 = ORIENTED_EDGE ( 'NONE', *, *, #2112, .T. ) ;
#4413 = DIRECTION ( 'NONE',  ( 0.000000000000000000, 0.4999999999999998890, -0.8660254037844387076 ) ) ;
#4414 = CARTESIAN_POINT ( 'NONE',  ( 6.812000000000000277, 25.05000000000000071, 69.79999999999999716 ) ) ;
#4415 = ORIENTED_EDGE ( 'NONE', *, *, #2159, .F. ) ;
#4416 = B_SPLINE_CURVE_WITH_KNOTS ( 'NONE', 3,
 ( #4985, #1626, #4269, #3748, #5840, #1439, #3973, #6652, #4635, #3434, #6201, #6071, #1470, #6622, #1959, #6684, #333, #4534, #1927, #6715, #6103, #2992, #4077, #4040, #820, #3532, #4496, #5080 ),
 .UNSPECIFIED., .F., .F.,
 ( 4, 2, 2, 2, 1, 2, 2, 2, 2, 1, 2, 2, 2, 2, 4 ),
 ( 0.000000000000000000, 0.09631748584358491849, 0.1203968573044814361, 0.1264167001697049930, 0.1324365430349285500, 0.1444762287653757193, 0.1926349716871796069, 0.2407937146089835223, 0.2528334003394345220, 0.2648730860698854661, 0.2889524575307880205, 0.3371112004525935735, 0.3611905719134967385, 0.3732302576439475161, 0.3852699433743982937 ),
 .UNSPECIFIED. ) ;
#4417 = ADVANCED_FACE ( 'NONE', ( #1831 ), #1414, .F. ) ;
#4418 = DIRECTION ( 'NONE',  ( -0.000000000000000000, 0.8660254037844387076, 0.4999999999999998890 ) ) ;
#4419 = CIRCLE ( 'NONE', #4197, 1.000000000000000888 ) ;
#4420 = ORIENTED_EDGE ( 'NONE', *, *, #63, .T. ) ;
#4421 = DIRECTION ( 'NONE',  ( 0.000000000000000000, 1.000000000000000000, -6.736790197968200114E-16 ) ) ;
#4422 = ORIENTED_EDGE ( 'NONE', *, *, #6774, .F. ) ;
#4423 = DIRECTION ( 'NONE',  ( 0.000000000000000000, 1.000000000000000000, 0.000000000000000000 ) ) ;
#4424 = VECTOR ( 'NONE', #2485, 1000.000000000000000 ) ;
#4425 = VERTEX_POINT ( 'NONE', #791 ) ;
#4426 = ORIENTED_EDGE ( 'NONE', *, *, #6634, .F. ) ;
#4427 = LINE ( 'NONE', #5480, #6021 ) ;
#4428 = CYLINDRICAL_SURFACE ( 'NONE', #6139, 1.000000000000000888 ) ;
#4429 = DIRECTION ( 'NONE',  ( 0.000000000000000000, 1.000000000000000000, 0.000000000000000000 ) ) ;
#4430 = AXIS2_PLACEMENT_3D ( 'NONE', #2808, #3883, #4271 ) ;
#4431 = ORIENTED_EDGE ( 'NONE', *, *, #5639, .F. ) ;
#4432 = VECTOR ( 'NONE', #1435, 1000.000000000000000 ) ;
#4433 = CARTESIAN_POINT ( 'NONE',  ( 1.448808049807684739, -27.74144873692697999, 76.55119195019230460 ) ) ;
#4434 = ORIENTED_EDGE ( 'NONE', *, *, #2116, .F. ) ;
#4435 = AXIS2_PLACEMENT_3D ( 'NONE', #3386, #5471, #2292 ) ;
#4436 = CARTESIAN_POINT ( 'NONE',  ( 0.000000000000000000, -30.84999999999999787, -24.97384757729340166 ) ) ;
#4437 = FACE_BOUND ( 'NONE', #349, .T. ) ;
#4438 = EDGE_CURVE ( 'NONE', #1071, #4248, #860, .T. ) ;
#4439 = CYLINDRICAL_SURFACE ( 'NONE', #6125, 1.000000000000000888 ) ;
#4440 = EDGE_CURVE ( 'NONE', #5833, #3353, #5600, .T. ) ;
#4441 = VECTOR ( 'NONE', #4729, 1000.000000000000000 ) ;
#4442 = AXIS2_PLACEMENT_3D ( 'NONE', #3063, #5151, #2550 ) ;
#4443 = ORIENTED_EDGE ( 'NONE', *, *, #3324, .F. ) ;
#4444 = DIRECTION ( 'NONE',  ( 1.000000000000000000, 0.000000000000000000, 0.000000000000000000 ) ) ;
#4445 = CARTESIAN_POINT ( 'NONE',  ( 14.12396230895140192, 27.85000000000000142, -52.81776663013170747 ) ) ;
#4446 = DIRECTION ( 'NONE',  ( 0.000000000000000000, -6.736790197968200114E-16, 1.000000000000000000 ) ) ;
#4447 = EDGE_CURVE ( 'NONE', #6144, #1803, #4644, .T. ) ;
#4448 = CARTESIAN_POINT ( 'NONE',  ( 10.29717893565010023, -33.85000000000000142, -43.17000000000000171 ) ) ;
#4449 = ORIENTED_EDGE ( 'NONE', *, *, #3629, .T. ) ;
#4450 = CARTESIAN_POINT ( 'NONE',  ( 3.000000000000000000, -28.04999999999999716, 75.00000000000000000 ) ) ;
#4451 = DIRECTION ( 'NONE',  ( 0.000000000000000000, 0.000000000000000000, 1.000000000000000000 ) ) ;
#4452 = ORIENTED_EDGE ( 'NONE', *, *, #5502, .F. ) ;
#4453 = DIRECTION ( 'NONE',  ( 0.000000000000000000, 0.000000000000000000, -1.000000000000000000 ) ) ;
#4454 = AXIS2_PLACEMENT_3D ( 'NONE', #5359, #4824, #6037 ) ;
#4455 = FACE_OUTER_BOUND ( 'NONE', #6064, .T. ) ;
#4456 = ORIENTED_EDGE ( 'NONE', *, *, #145, .T. ) ;
#4457 = CARTESIAN_POINT ( 'NONE',  ( 8.873962308951309552, -27.85000000000000142, -60.91103336986829930 ) ) ;
#4458 = EDGE_CURVE ( 'NONE', #938, #2155, #4755, .T. ) ;
#4459 = ORIENTED_EDGE ( 'NONE', *, *, #635, .T. ) ;
#4460 = EDGE_LOOP ( 'NONE', ( #3130, #1163, #3691, #5134, #3933, #2820, #2361, #6567 ) ) ;
#4461 = FACE_OUTER_BOUND ( 'NONE', #1883, .T. ) ;
#4462 = DIRECTION ( 'NONE',  ( -0.000000000000000000, 0.7071067811865480168, 0.7071067811865470176 ) ) ;
#4463 = CARTESIAN_POINT ( 'NONE',  ( 21.00000000000000000, 21.66332092008489951, 26.93794734194980123 ) ) ;
#4464 = VECTOR ( 'NONE', #1770, 1000.000000000000000 ) ;
#4465 = ORIENTED_EDGE ( 'NONE', *, *, #1671, .T. ) ;
#4466 = CARTESIAN_POINT ( 'NONE',  ( 6.812000000000000277, 31.92502365627499472, 69.79999999999999716 ) ) ;
#4467 = DIRECTION ( 'NONE',  ( 0.000000000000000000, 1.000000000000000000, 1.734723475976809806E-16 ) ) ;
#4468 = EDGE_LOOP ( 'NONE', ( #5749, #3050, #3808, #3856, #4218, #2087 ) ) ;
#4469 = EDGE_CURVE ( 'NONE', #1188, #155, #2341, .T. ) ;
#4470 = DIRECTION ( 'NONE',  ( 0.000000000000000000, 1.156482317317870344E-15, -1.000000000000000000 ) ) ;
#4471 = CARTESIAN_POINT ( 'NONE',  ( -8.000000000000000000, 11.58553390593270116, 58.00000000000000000 ) ) ;
#4472 = DIRECTION ( 'NONE',  ( 0.000000000000000000, -1.000000000000000000, 0.000000000000000000 ) ) ;
#4473 = FACE_BOUND ( 'NONE', #5484, .T. ) ;
#4474 = ORIENTED_EDGE ( 'NONE', *, *, #80, .F. ) ;
#4475 = AXIS2_PLACEMENT_3D ( 'NONE', #129, #3843, #3370 ) ;
#4476 = DIRECTION ( 'NONE',  ( 0.000000000000000000, 0.000000000000000000, 1.000000000000000000 ) ) ;
#4477 = DIRECTION ( 'NONE',  ( 0.000000000000000000, 0.000000000000000000, -1.000000000000000000 ) ) ;
#4478 = DIRECTION ( 'NONE',  ( 0.000000000000000000, 1.000000000000000000, 0.000000000000000000 ) ) ;
#4479 = CARTESIAN_POINT ( 'NONE',  ( 24.00000000000000000, 28.04999999999999716, 38.00000000000000000 ) ) ;
#4480 = ORIENTED_EDGE ( 'NONE', *, *, #2453, .F. ) ;
#4481 = ORIENTED_EDGE ( 'NONE', *, *, #6177, .F. ) ;
#4482 = CARTESIAN_POINT ( 'NONE',  ( 6.812000000000000277, 28.04999999999999716, 68.79999999999999716 ) ) ;
#4483 = CARTESIAN_POINT ( 'NONE',  ( 24.00000000000000000, 16.11538704883520268, -5.443130372780090376 ) ) ;
#4484 = EDGE_CURVE ( 'NONE', #1224, #6442, #4084, .T. ) ;
#4485 = ORIENTED_EDGE ( 'NONE', *, *, #4028, .T. ) ;
#4486 = FACE_OUTER_BOUND ( 'NONE', #6472, .T. ) ;
#4487 = LINE ( 'NONE', #1358, #369 ) ;
#4488 = ORIENTED_EDGE ( 'NONE', *, *, #2181, .T. ) ;
#4489 = ORIENTED_EDGE ( 'NONE', *, *, #3699, .F. ) ;
#4490 = VERTEX_POINT ( 'NONE', #2662 ) ;
#4491 = DIRECTION ( 'NONE',  ( 0.000000000000000000, 0.000000000000000000, 1.000000000000000000 ) ) ;
#4492 = VECTOR ( 'NONE', #3779, 1000.000000000000000 ) ;
#4493 = CARTESIAN_POINT ( 'NONE',  ( 14.12396230895140192, 27.85000000000000142, -49.81776663013170037 ) ) ;
#4494 = VERTEX_POINT ( 'NONE', #2034 ) ;
#4495 = DIRECTION ( 'NONE',  ( 0.000000000000000000, -0.7071067811865515695, -0.7071067811865435759 ) ) ;
#4496 = CARTESIAN_POINT ( 'NONE',  ( 14.10459566483695149, -33.69038740887971528, -61.91103337021292674 ) ) ;
#4497 = AXIS2_PLACEMENT_3D ( 'NONE', #5747, #3085, #2604 ) ;
#4498 = ORIENTED_EDGE ( 'NONE', *, *, #6065, .F. ) ;
#4499 = CYLINDRICAL_SURFACE ( 'NONE', #3876, 1.000000000000000888 ) ;
#4500 = ORIENTED_EDGE ( 'NONE', *, *, #6358, .F. ) ;
#4501 = DIRECTION ( 'NONE',  ( 0.000000000000000000, 0.000000000000000000, -1.000000000000000000 ) ) ;
#4502 = CARTESIAN_POINT ( 'NONE',  ( 21.00000000000000000, -6.938893903907229955E-15, -14.74735342352009937 ) ) ;
#4503 = EDGE_CURVE ( 'NONE', #3925, #462, #992, .T. ) ;
#4504 = CARTESIAN_POINT ( 'NONE',  ( 0.000000000000000000, -16.00000000000000000, 52.85000000000000142 ) ) ;
#4505 = ADVANCED_FACE ( 'NONE', ( #4125 ), #4714, .F. ) ;
#4506 = ORIENTED_EDGE ( 'NONE', *, *, #4822, .F. ) ;
#4507 = VECTOR ( 'NONE', #1849, 1000.000000000000000 ) ;
#4508 = ORIENTED_EDGE ( 'NONE', *, *, #170, .F. ) ;
#4509 = DIRECTION ( 'NONE',  ( 0.000000000000000000, 2.312964634635739999E-16, 1.000000000000000000 ) ) ;
#4510 = CARTESIAN_POINT ( 'NONE',  ( 10.29717893565010023, -34.85000000000000142, -43.17000000000000171 ) ) ;
#4511 = VECTOR ( 'NONE', #1875, 1000.000000000000000 ) ;
#4512 = CARTESIAN_POINT ( 'NONE',  ( 14.12396230895140192, 26.34999999999999787, -58.91103336986829930 ) ) ;
#4513 = AXIS2_PLACEMENT_3D ( 'NONE', #2422, #892, #6663 ) ;
#4514 = CARTESIAN_POINT ( 'NONE',  ( -4.937061350682522164E-17, -25.85628330619406867, 75.80628330619406086 ) ) ;
#4515 = ORIENTED_EDGE ( 'NONE', *, *, #1179, .T. ) ;
#4516 = ORIENTED_EDGE ( 'NONE', *, *, #2143, .F. ) ;
#4517 = CARTESIAN_POINT ( 'NONE',  ( 12.00000000000000000, -33.85000000000000142, -52.17000000000000171 ) ) ;
#4518 = DIRECTION ( 'NONE',  ( 0.000000000000000000, 0.000000000000000000, 1.000000000000000000 ) ) ;
#4519 = ORIENTED_EDGE ( 'NONE', *, *, #4562, .F. ) ;
#4520 = EDGE_CURVE ( 'NONE', #991, #1662, #4195, .T. ) ;
#4521 = EDGE_CURVE ( 'NONE', #868, #953, #6180, .T. ) ;
#4522 = EDGE_CURVE ( 'NONE', #2768, #1546, #924, .T. ) ;
#4523 = CARTESIAN_POINT ( 'NONE',  ( 8.873962308951309552, 27.85000000000000142, -59.91103336986829930 ) ) ;
#4524 = ORIENTED_EDGE ( 'NONE', *, *, #3508, .T. ) ;
#4525 = AXIS2_PLACEMENT_3D ( 'NONE', #5885, #2327, #765 ) ;
#4526 = ORIENTED_EDGE ( 'NONE', *, *, #6680, .F. ) ;
#4527 = ORIENTED_EDGE ( 'NONE', *, *, #3747, .T. ) ;
#4528 = LINE ( 'NONE', #2474, #4831 ) ;
#4529 = CARTESIAN_POINT ( 'NONE',  ( 8.812000000000001165, -28.20723304703362899, 28.20723304703348688 ) ) ;
#4530 = ORIENTED_EDGE ( 'NONE', *, *, #6651, .F. ) ;
#4531 = DIRECTION ( 'NONE',  ( 0.000000000000000000, -2.312964634635739999E-16, -1.000000000000000000 ) ) ;
#4532 = CARTESIAN_POINT ( 'NONE',  ( 24.00000000000000000, -26.80735931288070972, 38.33296456859569901 ) ) ;
#4533 = AXIS2_PLACEMENT_3D ( 'NONE', #3842, #6379, #2757 ) ;
#4534 = CARTESIAN_POINT ( 'NONE',  ( 13.60126019519169738, -33.74046240875577496, -61.84237979738520607 ) ) ;
#4535 = ORIENTED_EDGE ( 'NONE', *, *, #2282, .T. ) ;
#4536 = FACE_OUTER_BOUND ( 'NONE', #6443, .T. ) ;
#4537 = ORIENTED_EDGE ( 'NONE', *, *, #6086, .F. ) ;
#4538 = DIRECTION ( 'NONE',  ( 0.000000000000000000, 1.000000000000000000, 0.000000000000000000 ) ) ;
#4539 = DIRECTION ( 'NONE',  ( 0.000000000000000000, -0.4999999999999998890, 0.8660254037844387076 ) ) ;
#4540 = CARTESIAN_POINT ( 'NONE',  ( 14.12396230895140192, -27.85000000000000142, -57.91103336986829930 ) ) ;
#4541 = CIRCLE ( 'NONE', #1572, 15.60844610148000022 ) ;
#4542 =( BOUNDED_CURVE ( )  B_SPLINE_CURVE ( 3, ( #5868, #4433, #749, #1298 ),
 .UNSPECIFIED., .F., .T. ) 
 B_SPLINE_CURVE_WITH_KNOTS ( ( 4, 4 ),
 ( 0.7853981633974423948, 1.570796326794896558 ),
 .UNSPECIFIED. ) 
 CURVE ( )  GEOMETRIC_REPRESENTATION_ITEM ( )  RATIONAL_B_SPLINE_CURVE ( ( 1.000000000000000000, 0.9492530216741903448, 0.9492530216741903448, 1.000000000000000000 ) ) 
 REPRESENTATION_ITEM ( '' )  );
#4543 = EDGE_LOOP ( 'NONE', ( #1700, #3461, #5286, #10 ) ) ;
#4544 = AXIS2_PLACEMENT_3D ( 'NONE', #5592, #4988, #883 ) ;
#4545 = ORIENTED_EDGE ( 'NONE', *, *, #3652, .F. ) ;
#4546 = CARTESIAN_POINT ( 'NONE',  ( 6.900565073486590428, -33.85000000000000142, -59.58591285212109767 ) ) ;
#4547 = EDGE_CURVE ( 'NONE', #5755, #6742, #5740, .T. ) ;
#4548 = AXIS2_PLACEMENT_3D ( 'NONE', #6060, #2923, #902 ) ;
#4549 = DIRECTION ( 'NONE',  ( 1.000000000000000000, 0.000000000000000000, 0.000000000000000000 ) ) ;
#4550 = CARTESIAN_POINT ( 'NONE',  ( 6.248962308951460543, -27.85000000000000142, -55.36440000000000339 ) ) ;
#4551 = CIRCLE ( 'NONE', #5965, 0.9999999999999991118 ) ;
#4552 = ADVANCED_FACE ( 'NONE', ( #1065 ), #516, .T. ) ;
#4553 = CARTESIAN_POINT ( 'NONE',  ( 24.00000000000000000, -28.04999999999999716, 38.00000000000000000 ) ) ;
#4554 = ORIENTED_EDGE ( 'NONE', *, *, #1709, .T. ) ;
#4555 = EDGE_LOOP ( 'NONE', ( #2594, #2290, #2096, #918 ) ) ;
#4556 = CARTESIAN_POINT ( 'NONE',  ( 8.255397018978689161, -36.18666002653410629, -33.16999999999999460 ) ) ;
#4557 = ADVANCED_FACE ( 'NONE', ( #2064 ), #548, .F. ) ;
#4558 = DIRECTION ( 'NONE',  ( 0.000000000000000000, 1.000000000000000000, 0.000000000000000000 ) ) ;
#4559 = DIRECTION ( 'NONE',  ( 0.000000000000000000, 0.000000000000000000, -1.000000000000000000 ) ) ;
#4560 = ORIENTED_EDGE ( 'NONE', *, *, #1795, .F. ) ;
#4561 = ORIENTED_EDGE ( 'NONE', *, *, #4591, .T. ) ;
#4562 = EDGE_CURVE ( 'NONE', #4123, #2565, #5312, .T. ) ;
#4563 = VECTOR ( 'NONE', #2039, 1000.000000000000000 ) ;
#4564 = DIRECTION ( 'NONE',  ( 1.000000000000000000, 0.000000000000000000, 0.000000000000000000 ) ) ;
#4565 = VECTOR ( 'NONE', #3768, 1000.000000000000000 ) ;
#4566 = PLANE ( 'NONE',  #28 ) ;
#4567 = ORIENTED_EDGE ( 'NONE', *, *, #6211, .T. ) ;
#4568 = CARTESIAN_POINT ( 'NONE',  ( 3.000000000000000000, -28.04999999999999716, 38.00000000000000000 ) ) ;
#4569 = CARTESIAN_POINT ( 'NONE',  ( 6.907427528915323300, -33.79468900408724608, -60.27758388059576333 ) ) ;
#4570 = LINE ( 'NONE', #6170, #494 ) ;
#4571 = CYLINDRICAL_SURFACE ( 'NONE', #2467, 12.00000000000000355 ) ;
#4572 = ORIENTED_EDGE ( 'NONE', *, *, #1280, .F. ) ;
#4573 = VECTOR ( 'NONE', #3887, 1000.000000000000000 ) ;
#4574 = CARTESIAN_POINT ( 'NONE',  ( 0.000000000000000000, -16.00000000000000000, 52.85000000000000142 ) ) ;
#4575 = CARTESIAN_POINT ( 'NONE',  ( 8.812000000000001165, -35.76776695296635467, 35.76776695296683073 ) ) ;
#4576 = FACE_BOUND ( 'NONE', #174, .T. ) ;
#4577 = EDGE_CURVE ( 'NONE', #5318, #6710, #3137, .T. ) ;
#4578 = EDGE_CURVE ( 'NONE', #79, #120, #5731, .T. ) ;
#4579 = VERTEX_POINT ( 'NONE', #1481 ) ;
#4580 = DIRECTION ( 'NONE',  ( 0.000000000000000000, -1.000000000000000000, 0.000000000000000000 ) ) ;
#4581 = CARTESIAN_POINT ( 'NONE',  ( 12.00000000000000000, 26.34999999999999787, -52.17000000000000171 ) ) ;
#4582 = FACE_OUTER_BOUND ( 'NONE', #2115, .T. ) ;
#4583 = EDGE_CURVE ( 'NONE', #3264, #3271, #2517, .T. ) ;
#4584 = CARTESIAN_POINT ( 'NONE',  ( 6.812000000000000277, 23.05000000000000071, 70.79999999999999716 ) ) ;
#4585 = VERTEX_POINT ( 'NONE', #6695 ) ;
#4586 = CARTESIAN_POINT ( 'NONE',  ( 21.00000000000000000, 30.84999999999999787, -52.17000000000000171 ) ) ;
#4587 = FACE_OUTER_BOUND ( 'NONE', #923, .T. ) ;
#4588 = CARTESIAN_POINT ( 'NONE',  ( 14.12396230895140192, -27.85000000000000142, -50.81776663013170747 ) ) ;
#4589 = AXIS2_PLACEMENT_3D ( 'NONE', #156, #5890, #4389 ) ;
#4590 = ADVANCED_FACE ( 'NONE', ( #3570 ), #5659, .F. ) ;
#4591 = EDGE_CURVE ( 'NONE', #144, #5013, #372, .T. ) ;
#4592 = EDGE_CURVE ( 'NONE', #3731, #1552, #5391, .T. ) ;
#4593 = CARTESIAN_POINT ( 'NONE',  ( 24.00000000000000000, -30.84999999999999787, -24.97384757729340166 ) ) ;
#4594 = EDGE_LOOP ( 'NONE', ( #2568, #3981 ) ) ;
#4595 = ORIENTED_EDGE ( 'NONE', *, *, #4996, .T. ) ;
#4596 = ORIENTED_EDGE ( 'NONE', *, *, #2557, .F. ) ;
#4597 = DIRECTION ( 'NONE',  ( 0.000000000000000000, 0.4999999999999998890, -0.8660254037844387076 ) ) ;
#4598 = LINE ( 'NONE', #4529, #2906 ) ;
#4599 = ORIENTED_EDGE ( 'NONE', *, *, #2151, .T. ) ;
#4600 = CARTESIAN_POINT ( 'NONE',  ( 14.12396230895140192, -27.85000000000000142, -50.81776663013170747 ) ) ;
#4601 = LINE ( 'NONE', #5048, #3644 ) ;
#4602 = DIRECTION ( 'NONE',  ( 0.000000000000000000, -1.000000000000000000, 0.000000000000000000 ) ) ;
#4603 = AXIS2_PLACEMENT_3D ( 'NONE', #1287, #2397, #221 ) ;
#4604 = CARTESIAN_POINT ( 'NONE',  ( 21.00000000000000000, 25.05000000000000071, 75.00000000000000000 ) ) ;
#4605 = ORIENTED_EDGE ( 'NONE', *, *, #5299, .F. ) ;
#4606 = LINE ( 'NONE', #4677, #2748 ) ;
#4607 = CIRCLE ( 'NONE', #5598, 18.60844610147999845 ) ;
#4608 = CARTESIAN_POINT ( 'NONE',  ( 9.998962308951451661, -38.85000000000000142, -43.17000000000000171 ) ) ;
#4609 = LINE ( 'NONE', #2997, #3648 ) ;
#4610 = EDGE_CURVE ( 'NONE', #4579, #1420, #721, .T. ) ;
#4611 = ORIENTED_EDGE ( 'NONE', *, *, #2116, .T. ) ;
#4612 = DIRECTION ( 'NONE',  ( 0.5735764363510458264, 0.8191520442889919096, 0.000000000000000000 ) ) ;
#4613 = CARTESIAN_POINT ( 'NONE',  ( 10.81200000000000117, -23.05000000000000071, 72.84999999999999432 ) ) ;
#4614 = AXIS2_PLACEMENT_3D ( 'NONE', #4002, #231, #4564 ) ;
#4615 = CARTESIAN_POINT ( 'NONE',  ( 0.000000000000000000, -16.32099170087160189, 23.68476170351259924 ) ) ;
#4616 = VECTOR ( 'NONE', #2202, 1000.000000000000000 ) ;
#4617 = LINE ( 'NONE', #6699, #1041 ) ;
#4618 = ORIENTED_EDGE ( 'NONE', *, *, #979, .T. ) ;
#4619 = ORIENTED_EDGE ( 'NONE', *, *, #1965, .T. ) ;
#4620 = CIRCLE ( 'NONE', #4045, 1.000000000000000888 ) ;
#4621 = AXIS2_PLACEMENT_3D ( 'NONE', #935, #3046, #4796 ) ;
#4622 = CARTESIAN_POINT ( 'NONE',  ( 0.000000000000000000, -30.84999999999999787, -24.97384757729340166 ) ) ;
#4623 = CARTESIAN_POINT ( 'NONE',  ( 24.00000000000000000, 8.050000000000000711, 71.53553390593270933 ) ) ;
#4624 = FACE_OUTER_BOUND ( 'NONE', #5450, .T. ) ;
#4625 = DIRECTION ( 'NONE',  ( -1.000000000000000000, 0.000000000000000000, 0.000000000000000000 ) ) ;
#4626 = ORIENTED_EDGE ( 'NONE', *, *, #5066, .F. ) ;
#4627 = EDGE_CURVE ( 'NONE', #949, #5268, #4551, .T. ) ;
#4628 = ORIENTED_EDGE ( 'NONE', *, *, #6024, .F. ) ;
#4629 = DIRECTION ( 'NONE',  ( 0.000000000000000000, 0.000000000000000000, 1.000000000000000000 ) ) ;
#4630 = LINE ( 'NONE', #1085, #1793 ) ;
#4631 = VERTEX_POINT ( 'NONE', #5326 ) ;
#4632 = ADVANCED_FACE ( 'NONE', ( #3846 ), #2801, .T. ) ;
#4633 = DIRECTION ( 'NONE',  ( 0.000000000000000000, -1.000000000000000000, 0.000000000000000000 ) ) ;
#4634 = DIRECTION ( 'NONE',  ( 0.000000000000000000, 1.000000000000000000, 0.000000000000000000 ) ) ;
#4635 = CARTESIAN_POINT ( 'NONE',  ( 13.00044028166157695, -33.81622944406603182, -61.56568875563397114 ) ) ;
#4636 = VERTEX_POINT ( 'NONE', #4854 ) ;
#4637 = CARTESIAN_POINT ( 'NONE',  ( 24.00000000000000000, 8.050000000000000711, 54.46446609406730488 ) ) ;
#4638 = VERTEX_POINT ( 'NONE', #686 ) ;
#4639 = CARTESIAN_POINT ( 'NONE',  ( 9.769510172455966313, 33.74495235044625474, -61.69933582854878296 ) ) ;
#4640 = CARTESIAN_POINT ( 'NONE',  ( 9.749456378144909507, -34.01333997346590365, -43.17000000000000171 ) ) ;
#4641 = LINE ( 'NONE', #2548, #4087 ) ;
#4642 = AXIS2_PLACEMENT_3D ( 'NONE', #887, #309, #6108 ) ;
#4643 = VERTEX_POINT ( 'NONE', #617 ) ;
#4644 = LINE ( 'NONE', #410, #1233 ) ;
#4645 = EDGE_CURVE ( 'NONE', #2326, #858, #3266, .T. ) ;
#4646 = VECTOR ( 'NONE', #1444, 1000.000000000000000 ) ;
#4647 = CARTESIAN_POINT ( 'NONE',  ( 8.812000000000001165, 31.74276695296639872, 31.74276695296677886 ) ) ;
#4648 = PERSON_AND_ORGANIZATION ( #2922, #6230 ) ;
#4649 = LINE ( 'NONE', #6729, #2308 ) ;
#4650 = EDGE_CURVE ( 'NONE', #6109, #949, #168, .T. ) ;
#4651 = AXIS2_PLACEMENT_3D ( 'NONE', #934, #1315, #2917 ) ;
#4652 = VECTOR ( 'NONE', #6036, 1000.000000000000114 ) ;
#4653 = LINE ( 'NONE', #2377, #5107 ) ;
#4654 = ORIENTED_EDGE ( 'NONE', *, *, #483, .F. ) ;
#4655 = VERTEX_POINT ( 'NONE', #6419 ) ;
#4656 = DIRECTION ( 'NONE',  ( 0.000000000000000000, 0.000000000000000000, -1.000000000000000000 ) ) ;
#4657 = CARTESIAN_POINT ( 'NONE',  ( 24.00000000000000000, 25.05000000000000071, 38.80384757729340350 ) ) ;
#4658 = CARTESIAN_POINT ( 'NONE',  ( 11.49896230895140015, 26.34999999999999787, -57.36440000000000339 ) ) ;
#4659 = EDGE_CURVE ( 'NONE', #5501, #2780, #1656, .T. ) ;
#4660 = CIRCLE ( 'NONE', #4992, 2.000000000000001776 ) ;
#4661 = DIRECTION ( 'NONE',  ( 0.000000000000000000, -1.000000000000000000, 0.000000000000000000 ) ) ;
#4662 = VERTEX_POINT ( 'NONE', #5356 ) ;
#4663 = VERTEX_POINT ( 'NONE', #3237 ) ;
#4664 = ORIENTED_EDGE ( 'NONE', *, *, #514, .F. ) ;
#4665 = DIRECTION ( 'NONE',  ( 1.000000000000000000, 0.000000000000000000, 0.000000000000000000 ) ) ;
#4666 = CARTESIAN_POINT ( 'NONE',  ( 7.420426460092501841, 33.59923438875172508, -61.28655648057779359 ) ) ;
#4667 = ORIENTED_EDGE ( 'NONE', *, *, #1247, .F. ) ;
#4668 = ORIENTED_EDGE ( 'NONE', *, *, #6285, .F. ) ;
#4669 = CARTESIAN_POINT ( 'NONE',  ( 9.675479457146723306, -33.72647992435102537, -61.74386451553882438 ) ) ;
#4670 = CARTESIAN_POINT ( 'NONE',  ( 24.00000000000000000, -26.34999999999999787, -23.16999999999999815 ) ) ;
#4671 = EDGE_CURVE ( 'NONE', #3471, #1080, #3744, .T. ) ;
#4672 = CARTESIAN_POINT ( 'NONE',  ( 6.812000000000000277, -25.05000000000000071, 70.79999999999999716 ) ) ;
#4673 = ORIENTED_EDGE ( 'NONE', *, *, #5640, .F. ) ;
#4674 = CIRCLE ( 'NONE', #3464, 9.000000000000001776 ) ;
#4675 = LINE ( 'NONE', #5682, #5306 ) ;
#4676 = EDGE_LOOP ( 'NONE', ( #2745, #608, #4628, #4004 ) ) ;
#4677 = CARTESIAN_POINT ( 'NONE',  ( 10.81200000000000117, -23.05000000000000071, 52.85000000000000142 ) ) ;
#4678 = CARTESIAN_POINT ( 'NONE',  ( 0.000000000000000000, -26.34999999999999787, -52.17000000000000171 ) ) ;
#4679 = FACE_OUTER_BOUND ( 'NONE', #1207, .T. ) ;
#4680 = CARTESIAN_POINT ( 'NONE',  ( 6.986233374609284397, -33.74572867820540267, -60.57177818303019023 ) ) ;
#4681 = ADVANCED_FACE ( 'NONE', ( #583, #4336, #2208, #1102, #3778, #1758 ), #2277, .T. ) ;
#4682 = ORIENTED_EDGE ( 'NONE', *, *, #2796, .T. ) ;
#4683 = CARTESIAN_POINT ( 'NONE',  ( 6.812000000000000277, 28.04999999999999716, 54.80000000000000426 ) ) ;
#4684 = DIRECTION ( 'NONE',  ( 0.000000000000000000, 1.000000000000000000, 0.000000000000000000 ) ) ;
#4685 = DATE_TIME_ROLE ( 'creation_date' ) ;
#4686 = DIRECTION ( 'NONE',  ( 0.000000000000000000, 0.4999999999999998890, 0.8660254037844387076 ) ) ;
#4687 = CARTESIAN_POINT ( 'NONE',  ( 2.272393124890999871, -19.23141920130759885, 0.9709796787580119437 ) ) ;
#4688 = ORIENTED_EDGE ( 'NONE', *, *, #675, .F. ) ;
#4689 = LINE ( 'NONE', #417, #251 ) ;
#4690 = CARTESIAN_POINT ( 'NONE',  ( 11.20074568225280132, -33.85000000000000142, -43.17000000000000171 ) ) ;
#4691 = CYLINDRICAL_SURFACE ( 'NONE', #5264, 2.000000000000001776 ) ;
#4692 = DIRECTION ( 'NONE',  ( 0.000000000000000000, 0.000000000000000000, -1.000000000000000000 ) ) ;
#4693 = VERTEX_POINT ( 'NONE', #2244 ) ;
#4694 = ORIENTED_EDGE ( 'NONE', *, *, #6641, .T. ) ;
#4695 = EDGE_CURVE ( 'NONE', #5013, #5430, #2139, .T. ) ;
#4696 = VECTOR ( 'NONE', #6486, 1000.000000000000000 ) ;
#4697 = DIRECTION ( 'NONE',  ( 0.000000000000000000, -1.000000000000000000, 0.000000000000000000 ) ) ;
#4698 = CARTESIAN_POINT ( 'NONE',  ( 7.561818059595073471, 33.57257339674552554, -61.42045943448945877 ) ) ;
#4699 = VERTEX_POINT ( 'NONE', #1236 ) ;
#4700 = ORIENTED_EDGE ( 'NONE', *, *, #1794, .T. ) ;
#4701 = DIRECTION ( 'NONE',  ( 0.000000000000000000, -1.000000000000000000, 0.000000000000000000 ) ) ;
#4702 = ORIENTED_EDGE ( 'NONE', *, *, #6656, .T. ) ;
#4703 = DIRECTION ( 'NONE',  ( 0.000000000000000000, 1.000000000000000000, 0.000000000000000000 ) ) ;
#4704 = LINE ( 'NONE', #5757, #5626 ) ;
#4705 = VERTEX_POINT ( 'NONE', #3203 ) ;
#4706 = ORIENTED_EDGE ( 'NONE', *, *, #6653, .T. ) ;
#4707 = LINE ( 'NONE', #3632, #646 ) ;
#4708 = DIRECTION ( 'NONE',  ( 0.000000000000000000, -1.000000000000000000, -6.736790197968200114E-16 ) ) ;
#4709 = CARTESIAN_POINT ( 'NONE',  ( 14.71148688273196825, -33.66810756181605768, -61.82644377008317349 ) ) ;
#4710 = AXIS2_PLACEMENT_3D ( 'NONE', #3115, #2639, #4173 ) ;
#4711 = DIRECTION ( 'NONE',  ( 1.000000000000000000, 0.000000000000000000, 0.000000000000000000 ) ) ;
#4712 = ORIENTED_EDGE ( 'NONE', *, *, #3740, .T. ) ;
#4713 = CLOSED_SHELL ( 'NONE', ( #965, #185, #3475, #4759, #6193, #2816, #5591, #5032, #5279, #4076, #3376, #4161, #3282, #5543, #1587, #4365, #4207, #598, #276, #2048, #3101, #4505, #2815, #2575, #3354, #3249, #1842, #3369, #3374, #5751, #2218, #4229, #3828, #5788, #889, #6005, #107, #5141, #3539, #4317, #6487, #2388, #5374, #5746, #1077, #6007, #1160, #4120, #4136, #6516, #5429, #6444, #1838, #2493, #6046, #994, #3922, #1411, #1034, #5839, #1921, #1521, #4191, #6301, #5143, #5033, #3802, #2805, #1178, #6671, #2693, #3425, #3931, #3853, #390, #2957, #2413, #1824, #5919, #6151, #1490, #4068, #5856, #1653, #3805, #5227, #3514, #3038, #1054, #1200, #5901, #6321, #5072, #5525, #6712, #2390, #1861, #3290, #1140, #3149, #5095, #444, #5321, #3124, #1283, #4947, #5704, #3946, #3355, #4011, #807, #4590, #3956, #1814, #2713, #4417, #5071, #4557, #1369, #2875, #5352, #779, #2389, #6788, #6762, #3061, #1791, #3005, #304, #1513, #2622, #5770, #5111, #2998, #5853, #632, #294, #4552, #756, #5031, #705, #1399, #2108, #1949, #6168, #6425, #5153, #5548, #3640, #4738, #4804, #4807, #148, #4296, #3283, #2088, #2463, #2729, #443, #1332, #413, #2085, #3906, #1542, #1208, #2323, #6284, #1566, #4074, #357, #3331, #4993, #6271, #5798, #6616, #2367, #3860, #4367, #3989, #4299, #1586, #6022, #2663, #3641, #6654, #6448, #925, #2066, #654, #1584, #6476, #4632, #5939, #6146, #4681, #6759, #556, #5460, #982, #3016, #3014, #3076, #1642, #3204, #1934 ) ) ;
#4714 = CYLINDRICAL_SURFACE ( 'NONE', #263, 2.000000000000001776 ) ;
#4715 = EDGE_CURVE ( 'NONE', #462, #1282, #1203, .T. ) ;
#4716 = EDGE_CURVE ( 'NONE', #4585, #4631, #3018, .T. ) ;
#4717 = CYLINDRICAL_SURFACE ( 'NONE', #1324, 2.000000000000001776 ) ;
#4718 = PERSON_AND_ORGANIZATION_ROLE ( 'classification_officer' ) ;
#4719 = DIRECTION ( 'NONE',  ( 0.000000000000000000, 0.000000000000000000, -1.000000000000000000 ) ) ;
#4720 = CIRCLE ( 'NONE', #1645, 3.000000000000001776 ) ;
#4721 = CARTESIAN_POINT ( 'NONE',  ( 8.812000000000001165, 16.00000000000000000, 72.84999999999999432 ) ) ;
#4722 = ORIENTED_EDGE ( 'NONE', *, *, #1965, .F. ) ;
#4723 = VERTEX_POINT ( 'NONE', #3709 ) ;
#4724 = EDGE_CURVE ( 'NONE', #1080, #6500, #2700, .T. ) ;
#4725 = VECTOR ( 'NONE', #3120, 1000.000000000000000 ) ;
#4726 = DIRECTION ( 'NONE',  ( 0.000000000000000000, 0.000000000000000000, -1.000000000000000000 ) ) ;
#4727 = CARTESIAN_POINT ( 'NONE',  ( 10.81200000000000117, -16.00000000000000000, 72.84999999999999432 ) ) ;
#4728 = AXIS2_PLACEMENT_3D ( 'NONE', #4588, #6739, #6223 ) ;
#4729 = DIRECTION ( 'NONE',  ( 0.000000000000000000, -1.000000000000000000, 0.000000000000000000 ) ) ;
#4730 = CIRCLE ( 'NONE', #2321, 3.000000000000000000 ) ;
#4731 = LINE ( 'NONE', #5670, #1413 ) ;
#4732 = ORIENTED_EDGE ( 'NONE', *, *, #1303, .T. ) ;
#4733 = ORIENTED_EDGE ( 'NONE', *, *, #4522, .F. ) ;
#4734 = EDGE_CURVE ( 'NONE', #3584, #6411, #4265, .T. ) ;
#4735 = CARTESIAN_POINT ( 'NONE',  ( 15.99097522903831425, 33.82918551787908257, -60.63122948834633519 ) ) ;
#4736 = CIRCLE ( 'NONE', #2100, 2.000000000000001776 ) ;
#4737 = CARTESIAN_POINT ( 'NONE',  ( 8.360352461101177468, 33.53580162645538820, -61.84529102578160575 ) ) ;
#4738 = ADVANCED_FACE ( 'NONE', ( #5457 ), #5053, .F. ) ;
#4739 = EDGE_CURVE ( 'NONE', #2269, #1839, #5633, .T. ) ;
#4740 = ORIENTED_EDGE ( 'NONE', *, *, #173, .F. ) ;
#4741 = EDGE_CURVE ( 'NONE', #2224, #3499, #3987, .T. ) ;
#4742 = VERTEX_POINT ( 'NONE', #6003 ) ;
#4743 = CARTESIAN_POINT ( 'NONE',  ( 9.167270445583637795, -33.63074365372364127, -61.89842661414954961 ) ) ;
#4744 = EDGE_LOOP ( 'NONE', ( #3743, #1756, #2458, #72, #2082 ) ) ;
#4745 = DIRECTION ( 'NONE',  ( 0.000000000000000000, -1.000000000000000000, 0.000000000000000000 ) ) ;
#4746 = CARTESIAN_POINT ( 'NONE',  ( 16.74896230895139837, -27.85000000000000142, -55.36440000000000339 ) ) ;
#4747 = ORIENTED_EDGE ( 'NONE', *, *, #5941, .F. ) ;
#4748 = CARTESIAN_POINT ( 'NONE',  ( 11.49896230895140015, -26.34999999999999787, -57.36440000000000339 ) ) ;
#4749 = CYLINDRICAL_SURFACE ( 'NONE', #3787, 1.000000000000000888 ) ;
#4750 = CARTESIAN_POINT ( 'NONE',  ( 15.80906148237351516, -33.78683400071662390, -61.00013016620984985 ) ) ;
#4751 = CARTESIAN_POINT ( 'NONE',  ( 8.694979551059105916, -33.56377903184611711, -61.90309761860481075 ) ) ;
#4752 = ORIENTED_EDGE ( 'NONE', *, *, #5972, .F. ) ;
#4753 = CARTESIAN_POINT ( 'NONE',  ( 0.000000000000000000, 0.000000000000000000, -33.16999999999999460 ) ) ;
#4754 = FACE_BOUND ( 'NONE', #3991, .T. ) ;
#4755 = CIRCLE ( 'NONE', #572, 2.000000000000001776 ) ;
#4756 = DIRECTION ( 'NONE',  ( -1.000000000000000000, 0.000000000000000000, 0.000000000000000000 ) ) ;
#4757 = CARTESIAN_POINT ( 'NONE',  ( 8.812000000000001165, 16.00000000000000000, 42.00000000000000000 ) ) ;
#4758 = ORIENTED_EDGE ( 'NONE', *, *, #5760, .F. ) ;
#4759 = ADVANCED_FACE ( 'NONE', ( #2967 ), #4499, .F. ) ;
#4760 = AXIS2_PLACEMENT_3D ( 'NONE', #680, #4429, #4887 ) ;
#4761 = DIRECTION ( 'NONE',  ( 0.000000000000000000, 1.000000000000000000, 0.000000000000000000 ) ) ;
#4762 = CARTESIAN_POINT ( 'NONE',  ( 6.812000000000000277, -28.04999999999999716, 56.80000000000000426 ) ) ;
#4763 = DIRECTION ( 'NONE',  ( 0.000000000000000000, -0.4999999999999998890, -0.8660254037844387076 ) ) ;
#4764 =( BOUNDED_CURVE ( )  B_SPLINE_CURVE ( 3, ( #3456, #838, #2821, #6020 ),
 .UNSPECIFIED., .F., .T. ) 
 B_SPLINE_CURVE_WITH_KNOTS ( ( 4, 4 ),
 ( 6.002150405676771605, 6.247129068803640273 ),
 .UNSPECIFIED. ) 
 CURVE ( )  GEOMETRIC_REPRESENTATION_ITEM ( )  RATIONAL_B_SPLINE_CURVE ( ( 1.000000000000000000, 0.9950050377886017205, 0.9950050377886017205, 1.000000000000000000 ) ) 
 REPRESENTATION_ITEM ( '' )  );
#4765 = CARTESIAN_POINT ( 'NONE',  ( 8.812000000000001165, 23.05000000000000071, 52.85000000000000142 ) ) ;
#4766 = ORIENTED_EDGE ( 'NONE', *, *, #6680, .T. ) ;
#4767 = VECTOR ( 'NONE', #3029, 1000.000000000000000 ) ;
#4768 = CARTESIAN_POINT ( 'NONE',  ( 21.00000000000000000, 26.34999999999999787, -29.17000000000000171 ) ) ;
#4769 = VERTEX_POINT ( 'NONE', #6588 ) ;
#4770 = VECTOR ( 'NONE', #2471, 1000.000000000000000 ) ;
#4771 = CARTESIAN_POINT ( 'NONE',  ( 15.60722906691595213, 33.74878542989757335, -61.25267372388343290 ) ) ;
#4772 = CARTESIAN_POINT ( 'NONE',  ( 7.211440785126979947, 33.65468527821018796, -61.02354049359426114 ) ) ;
#4773 = VECTOR ( 'NONE', #3910, 1000.000000000000000 ) ;
#4774 = ORIENTED_EDGE ( 'NONE', *, *, #2476, .F. ) ;
#4775 = CARTESIAN_POINT ( 'NONE',  ( 10.33828634629725407, -33.84111814218481840, -61.28358193352778471 ) ) ;
#4776 = ORIENTED_EDGE ( 'NONE', *, *, #1903, .F. ) ;
#4777 = PLANE ( 'NONE',  #5979 ) ;
#4778 = ORIENTED_EDGE ( 'NONE', *, *, #1502, .T. ) ;
#4779 = VERTEX_POINT ( 'NONE', #4012 ) ;
#4780 = VERTEX_POINT ( 'NONE', #6105 ) ;
#4781 = LINE ( 'NONE', #5792, #2752 ) ;
#4782 = CARTESIAN_POINT ( 'NONE',  ( 2.272393124890999871, -19.23141920130759885, 0.9709796787580119437 ) ) ;
#4783 = CARTESIAN_POINT ( 'NONE',  ( 15.15617270392610472, -33.68996166721370145, -61.62410132838824239 ) ) ;
#4784 = CARTESIAN_POINT ( 'NONE',  ( 7.535716551660918583, -33.57692835415732446, -61.39739635778822446 ) ) ;
#4785 = VERTEX_POINT ( 'NONE', #1301 ) ;
#4786 = CARTESIAN_POINT ( 'NONE',  ( 24.00000000000000000, -25.05000000000000071, 38.00000000000000000 ) ) ;
#4787 = CARTESIAN_POINT ( 'NONE',  ( 8.873962308951458766, 38.90328682624669909, -50.81776663013170747 ) ) ;
#4788 = EDGE_CURVE ( 'NONE', #1746, #321, #3404, .T. ) ;
#4789 = PERSON_AND_ORGANIZATION ( #2922, #6230 ) ;
#4790 = CARTESIAN_POINT ( 'NONE',  ( 14.12396230895140192, -27.85000000000000142, -51.81776663013170747 ) ) ;
#4791 = VECTOR ( 'NONE', #302, 999.9999999999998863 ) ;
#4792 = VECTOR ( 'NONE', #1507, 1000.000000000000000 ) ;
#4793 = CARTESIAN_POINT ( 'NONE',  ( 24.00000000000000000, -28.04999999999999716, 78.00000000000000000 ) ) ;
#4794 = VERTEX_POINT ( 'NONE', #787 ) ;
#4795 = CARTESIAN_POINT ( 'NONE',  ( 12.72639611846987862, 33.84454237301894608, -61.34955989066978788 ) ) ;
#4796 = DIRECTION ( 'NONE',  ( 0.000000000000000000, 0.000000000000000000, -1.000000000000000000 ) ) ;
#4797 = LINE ( 'NONE', #1078, #1471 ) ;
#4798 = AXIS2_PLACEMENT_3D ( 'NONE', #1945, #6602, #763 ) ;
#4799 = VECTOR ( 'NONE', #879, 1000.000000000000000 ) ;
#4800 = DIRECTION ( 'NONE',  ( 0.000000000000000000, 0.000000000000000000, -1.000000000000000000 ) ) ;
#4801 = ORIENTED_EDGE ( 'NONE', *, *, #3822, .T. ) ;
#4802 = VERTEX_POINT ( 'NONE', #4436 ) ;
#4803 = EDGE_CURVE ( 'NONE', #2107, #1365, #3656, .T. ) ;
#4804 = ADVANCED_FACE ( 'NONE', ( #4536 ), #2449, .F. ) ;
#4805 = CARTESIAN_POINT ( 'NONE',  ( 14.60188808091960944, 33.66804847380188903, -61.85671831820114619 ) ) ;
#4806 = CARTESIAN_POINT ( 'NONE',  ( 6.900565073486590428, 33.85000000000000142, -59.58591285212109767 ) ) ;
#4807 = ADVANCED_FACE ( 'NONE', ( #2344, #1929 ), #3975, .F. ) ;
#4808 = DIRECTION ( 'NONE',  ( 0.000000000000000000, -1.000000000000000000, 0.000000000000000000 ) ) ;
#4809 = ORIENTED_EDGE ( 'NONE', *, *, #2727, .F. ) ;
#4810 = CARTESIAN_POINT ( 'NONE',  ( 6.248962308951460543, 33.85000000000000142, -53.36439999999999628 ) ) ;
#4811 = VERTEX_POINT ( 'NONE', #2901 ) ;
#4812 = ORIENTED_EDGE ( 'NONE', *, *, #5288, .F. ) ;
#4813 = CARTESIAN_POINT ( 'NONE',  ( 14.12396230895140192, -27.85000000000000142, -61.91103336986829930 ) ) ;
#4814 = DIRECTION ( 'NONE',  ( 0.000000000000000000, 1.000000000000000000, 0.000000000000000000 ) ) ;
#4815 = DIRECTION ( 'NONE',  ( 0.000000000000000000, -1.000000000000000000, 0.000000000000000000 ) ) ;
#4816 = CYLINDRICAL_SURFACE ( 'NONE', #1840, 1.000000000000000888 ) ;
#4817 = ORIENTED_EDGE ( 'NONE', *, *, #1346, .T. ) ;
#4818 = CARTESIAN_POINT ( 'NONE',  ( 10.81200000000000117, 16.00000000000000000, 42.00000000000000000 ) ) ;
#4819 = CARTESIAN_POINT ( 'NONE',  ( 2.000000000000000000, -27.87842712474619944, 52.94999999999999574 ) ) ;
#4820 = CARTESIAN_POINT ( 'NONE',  ( 8.812000000000001165, -31.74276695296637740, 31.74276695296643425 ) ) ;
#4821 = EDGE_CURVE ( 'NONE', #1013, #1420, #5409, .T. ) ;
#4822 = EDGE_CURVE ( 'NONE', #515, #5870, #1022, .T. ) ;
#4823 = EDGE_CURVE ( 'NONE', #299, #690, #1357, .T. ) ;
#4824 = DIRECTION ( 'NONE',  ( 0.000000000000000000, -1.000000000000000000, 2.891205793294680298E-16 ) ) ;
#4825 = ORIENTED_EDGE ( 'NONE', *, *, #1775, .F. ) ;
#4826 = CARTESIAN_POINT ( 'NONE',  ( 13.69510936842462101, 33.72952232644850312, -61.86460358812618665 ) ) ;
#4827 = VERTEX_POINT ( 'NONE', #6489 ) ;
#4828 = DIRECTION ( 'NONE',  ( 0.000000000000000000, 1.000000000000000000, 0.000000000000000000 ) ) ;
#4829 = AXIS2_PLACEMENT_3D ( 'NONE', #1577, #3132, #3095 ) ;
#4830 = CARTESIAN_POINT ( 'NONE',  ( 8.873962308951458766, -33.85000000000000142, -50.81776663013170747 ) ) ;
#4831 = VECTOR ( 'NONE', #2960, 1000.000000000000000 ) ;
#4832 = CARTESIAN_POINT ( 'NONE',  ( 1.213285339761104214E-15, 17.75417663684826408, 0.5751537265862477488 ) ) ;
#4833 = ORIENTED_EDGE ( 'NONE', *, *, #4889, .F. ) ;
#4834 = LINE ( 'NONE', #3657, #1753 ) ;
#4835 = DIRECTION ( 'NONE',  ( 1.000000000000000000, 0.000000000000000000, 0.000000000000000000 ) ) ;
#4836 = ORIENTED_EDGE ( 'NONE', *, *, #5205, .T. ) ;
#4837 = CARTESIAN_POINT ( 'NONE',  ( 15.62403075661760710, 33.75175655363468508, -61.23387854810428621 ) ) ;
#4838 = AXIS2_PLACEMENT_3D ( 'NONE', #6437, #1744, #3831 ) ;
#4839 = CIRCLE ( 'NONE', #2317, 2.000000000000001776 ) ;
#4840 = CARTESIAN_POINT ( 'NONE',  ( 6.812000000000000277, -23.05000000000000071, 53.79999999999999716 ) ) ;
#4841 = VERTEX_POINT ( 'NONE', #751 ) ;
#4842 = EDGE_CURVE ( 'NONE', #6002, #6544, #1789, .T. ) ;
#4843 = CARTESIAN_POINT ( 'NONE',  ( 2.272393124890999871, 19.23141920130759885, 21.74179491924310170 ) ) ;
#4844 = AXIS2_PLACEMENT_3D ( 'NONE', #5980, #2877, #3751 ) ;
#4845 = VERTEX_POINT ( 'NONE', #5021 ) ;
#4846 = CARTESIAN_POINT ( 'NONE',  ( 8.873962308951458766, 27.85000000000000142, -48.81776663013170037 ) ) ;
#4847 = CARTESIAN_POINT ( 'NONE',  ( 16.74896230895139837, -33.85000000000000142, -53.36439999999999628 ) ) ;
#4848 = CARTESIAN_POINT ( 'NONE',  ( 12.00000000000000000, 33.85000000000000142, -64.17000000000000171 ) ) ;
#4849 = EDGE_CURVE ( 'NONE', #6153, #710, #305, .T. ) ;
#4850 = ORIENTED_EDGE ( 'NONE', *, *, #3590, .T. ) ;
#4851 = CIRCLE ( 'NONE', #3505, 1.000000000000000888 ) ;
#4852 = CARTESIAN_POINT ( 'NONE',  ( 0.000000000000000000, 10.00000000000000000, 42.00000000000000000 ) ) ;
#4853 = EDGE_LOOP ( 'NONE', ( #3998, #3326, #1255, #1568, #6226 ) ) ;
#4854 = CARTESIAN_POINT ( 'NONE',  ( 24.00000000000000000, -8.050000000000000711, 64.46446609406729067 ) ) ;
#4855 = DIRECTION ( 'NONE',  ( 1.000000000000000000, 0.000000000000000000, 0.000000000000000000 ) ) ;
#4856 = CARTESIAN_POINT ( 'NONE',  ( 24.00000000000000000, 0.000000000000000000, 78.00000000000000000 ) ) ;
#4857 = PLANE ( 'NONE',  #6530 ) ;
#4858 = ORIENTED_EDGE ( 'NONE', *, *, #865, .T. ) ;
#4859 = EDGE_CURVE ( 'NONE', #5755, #5841, #5558, .T. ) ;
#4860 = AXIS2_PLACEMENT_3D ( 'NONE', #835, #899, #2430 ) ;
#4861 = CARTESIAN_POINT ( 'NONE',  ( 13.71716994972397075, 33.72703749328338318, -61.86933142348591730 ) ) ;
#4862 = ORIENTED_EDGE ( 'NONE', *, *, #4741, .T. ) ;
#4863 = EDGE_CURVE ( 'NONE', #5505, #6427, #3372, .T. ) ;
#4864 = CARTESIAN_POINT ( 'NONE',  ( 8.873962308951458766, 26.34999999999999787, -50.81776663013170747 ) ) ;
#4865 = DIRECTION ( 'NONE',  ( 0.000000000000000000, -1.000000000000000000, 0.000000000000000000 ) ) ;
#4866 = VECTOR ( 'NONE', #3278, 1000.000000000000000 ) ;
#4867 = FACE_OUTER_BOUND ( 'NONE', #6264, .T. ) ;
#4868 = ORIENTED_EDGE ( 'NONE', *, *, #63, .F. ) ;
#4869 = LINE ( 'NONE', #4147, #6277 ) ;
#4870 = FACE_OUTER_BOUND ( 'NONE', #4936, .T. ) ;
#4871 = PLANE ( 'NONE',  #6073 ) ;
#4872 = VECTOR ( 'NONE', #3439, 1000.000000000000227 ) ;
#4873 = CARTESIAN_POINT ( 'NONE',  ( 14.12395955033525041, 33.68895221054084033, -61.91095756797347605 ) ) ;
#4874 = EDGE_CURVE ( 'NONE', #5894, #5159, #5145, .T. ) ;
#4875 = EDGE_CURVE ( 'NONE', #4321, #605, #4675, .T. ) ;
#4876 = ORIENTED_EDGE ( 'NONE', *, *, #87, .F. ) ;
#4877 = VECTOR ( 'NONE', #4079, 1000.000000000000000 ) ;
#4878 = CIRCLE ( 'NONE', #3764, 15.60844610148000022 ) ;
#4879 = CARTESIAN_POINT ( 'NONE',  ( 8.873962308951458766, 27.85000000000000142, -51.81776663013170747 ) ) ;
#4880 = ORIENTED_EDGE ( 'NONE', *, *, #5259, .F. ) ;
#4881 = DIRECTION ( 'NONE',  ( -1.000000000000000000, 0.000000000000000000, 0.000000000000000000 ) ) ;
#4882 = ORIENTED_EDGE ( 'NONE', *, *, #5581, .F. ) ;
#4883 = ORIENTED_EDGE ( 'NONE', *, *, #4964, .F. ) ;
#4884 = AXIS2_PLACEMENT_3D ( 'NONE', #5526, #4403, #1272 ) ;
#4885 = CARTESIAN_POINT ( 'NONE',  ( 16.74896230895139837, -27.85000000000000142, -55.36440000000000339 ) ) ;
#4886 = LINE ( 'NONE', #4847, #4055 ) ;
#4887 = DIRECTION ( 'NONE',  ( 0.000000000000000000, 0.000000000000000000, 1.000000000000000000 ) ) ;
#4888 = ORIENTED_EDGE ( 'NONE', *, *, #5011, .T. ) ;
#4889 = EDGE_CURVE ( 'NONE', #3471, #466, #480, .T. ) ;
#4890 = CARTESIAN_POINT ( 'NONE',  ( 14.12396230895140192, 27.85000000000000142, -59.91103336986829930 ) ) ;
#4891 = EDGE_LOOP ( 'NONE', ( #1190, #638, #4833, #6380 ) ) ;
#4892 = DIRECTION ( 'NONE',  ( 0.000000000000000000, 0.000000000000000000, 1.000000000000000000 ) ) ;
#4893 = DIRECTION ( 'NONE',  ( 0.000000000000000000, -1.734723475976809806E-16, 1.000000000000000000 ) ) ;
#4894 = CARTESIAN_POINT ( 'NONE',  ( 8.812000000000001165, -16.00000000000000000, 78.00000000000000000 ) ) ;
#4895 = EDGE_CURVE ( 'NONE', #4248, #3368, #4042, .T. ) ;
#4896 = EDGE_LOOP ( 'NONE', ( #2685, #3036 ) ) ;
#4897 = CYLINDRICAL_SURFACE ( 'NONE', #3118, 2.000000000000001776 ) ;
#4898 = ORIENTED_EDGE ( 'NONE', *, *, #5294, .F. ) ;
#4899 = AXIS2_PLACEMENT_3D ( 'NONE', #554, #1333, #1107 ) ;
#4900 = TOROIDAL_SURFACE ( 'NONE', #5002, 18.60844610147999845, 3.000000000000000000 ) ;
#4901 = DIRECTION ( 'NONE',  ( 0.000000000000000000, 0.000000000000000000, -1.000000000000000000 ) ) ;
#4902 = LINE ( 'NONE', #141, #2138 ) ;
#4903 = FACE_OUTER_BOUND ( 'NONE', #3845, .T. ) ;
#4904 = ORIENTED_EDGE ( 'NONE', *, *, #80, .T. ) ;
#4905 = DIRECTION ( 'NONE',  ( 0.000000000000000000, 0.000000000000000000, -1.000000000000000000 ) ) ;
#4906 = LINE ( 'NONE', #2653, #2020 ) ;
#4907 = ORIENTED_EDGE ( 'NONE', *, *, #2510, .F. ) ;
#4908 = EDGE_CURVE ( 'NONE', #5878, #1839, #5116, .T. ) ;
#4909 = DIRECTION ( 'NONE',  ( 0.5735764363510458264, 0.8191520442889919096, 0.000000000000000000 ) ) ;
#4910 = EDGE_LOOP ( 'NONE', ( #2556, #2987, #2465, #4946 ) ) ;
#4911 = CARTESIAN_POINT ( 'NONE',  ( 15.49896230895140015, -38.85000000000000142, -43.17000000000000171 ) ) ;
#4912 = VERTEX_POINT ( 'NONE', #5620 ) ;
#4913 = ORIENTED_EDGE ( 'NONE', *, *, #4908, .T. ) ;
#4914 = DIRECTION ( 'NONE',  ( 0.000000000000000000, 0.000000000000000000, -1.000000000000000000 ) ) ;
#4915 = LINE ( 'NONE', #232, #5811 ) ;
#4916 = CARTESIAN_POINT ( 'NONE',  ( 14.12396230895140192, 33.85000000000000142, -59.91103336986829930 ) ) ;
#4917 = EDGE_LOOP ( 'NONE', ( #910, #4595, #5305, #5924 ) ) ;
#4918 = PRODUCT_DEFINITION_SHAPE ( 'NONE', 'NONE',  #215 ) ;
#4919 = CARTESIAN_POINT ( 'NONE',  ( 8.873962308951458766, 33.85000000000000142, -52.81776663013170747 ) ) ;
#4920 = ORIENTED_EDGE ( 'NONE', *, *, #1455, .F. ) ;
#4921 = DIRECTION ( 'NONE',  ( 0.000000000000000000, 1.000000000000000000, 0.000000000000000000 ) ) ;
#4922 = DIRECTION ( 'NONE',  ( 0.000000000000000000, 1.000000000000000000, 0.000000000000000000 ) ) ;
#4923 = AXIS2_PLACEMENT_3D ( 'NONE', #1152, #637, #5447 ) ;
#4924 = FACE_OUTER_BOUND ( 'NONE', #3236, .T. ) ;
#4925 = ORIENTED_EDGE ( 'NONE', *, *, #274, .F. ) ;
#4926 = EDGE_CURVE ( 'NONE', #6785, #4288, #1576, .T. ) ;
#4927 = CARTESIAN_POINT ( 'NONE',  ( 13.53160265283930030, 33.74862101818931848, -61.82276899855305174 ) ) ;
#4928 = CARTESIAN_POINT ( 'NONE',  ( 1.242640687119285214, 26.34999999999999432, -29.16999999999999460 ) ) ;
#4929 = CARTESIAN_POINT ( 'NONE',  ( 0.000000000000000000, 16.00000000000000000, 72.84999999999999432 ) ) ;
#4930 = CARTESIAN_POINT ( 'NONE',  ( 8.873962308951458766, -27.85000000000000142, -50.81776663013170747 ) ) ;
#4931 = ORIENTED_EDGE ( 'NONE', *, *, #5215, .F. ) ;
#4932 =( GEOMETRIC_REPRESENTATION_CONTEXT ( 3 ) GLOBAL_UNCERTAINTY_ASSIGNED_CONTEXT ( ( #5463 ) ) GLOBAL_UNIT_ASSIGNED_CONTEXT ( ( #736, #322, #2852 ) ) REPRESENTATION_CONTEXT ( 'NONE', 'WORKASPACE' ) );
#4933 = DIRECTION ( 'NONE',  ( 0.000000000000000000, 0.000000000000000000, 1.000000000000000000 ) ) ;
#4934 = VECTOR ( 'NONE', #4237, 1000.000000000000114 ) ;
#4935 = DIRECTION ( 'NONE',  ( 0.000000000000000000, 0.000000000000000000, -1.000000000000000000 ) ) ;
#4936 = EDGE_LOOP ( 'NONE', ( #6088, #2934, #1081, #4080 ) ) ;
#4937 = DIRECTION ( 'NONE',  ( 1.000000000000000000, 0.000000000000000000, 0.000000000000000000 ) ) ;
#4938 = AXIS2_PLACEMENT_3D ( 'NONE', #6727, #5692, #6283 ) ;
#4939 = ORIENTED_EDGE ( 'NONE', *, *, #6533, .T. ) ;
#4940 = FACE_OUTER_BOUND ( 'NONE', #1300, .T. ) ;
#4941 = VERTEX_POINT ( 'NONE', #6137 ) ;
#4942 = CARTESIAN_POINT ( 'NONE',  ( 0.000000000000000000, -23.05000000000000071, 52.85000000000000142 ) ) ;
#4943 = EDGE_CURVE ( 'NONE', #5549, #843, #696, .T. ) ;
#4944 = AXIS2_PLACEMENT_3D ( 'NONE', #6708, #464, #4665 ) ;
#4945 = ORIENTED_EDGE ( 'NONE', *, *, #1775, .T. ) ;
#4946 = ORIENTED_EDGE ( 'NONE', *, *, #2024, .F. ) ;
#4947 = ADVANCED_FACE ( 'NONE', ( #6171 ), #2027, .T. ) ;
#4948 = CARTESIAN_POINT ( 'NONE',  ( 14.12396230895140192, -40.49878592396109411, -51.81776663013170747 ) ) ;
#4949 = CARTESIAN_POINT ( 'NONE',  ( 24.00000000000000000, -6.938893903907229955E-15, 0.8610926779599008540 ) ) ;
#4950 = EDGE_CURVE ( 'NONE', #6554, #3248, #4704, .T. ) ;
#4951 = DIRECTION ( 'NONE',  ( 0.000000000000000000, 0.000000000000000000, -1.000000000000000000 ) ) ;
#4952 = VERTEX_POINT ( 'NONE', #1473 ) ;
#4953 = FACE_BOUND ( 'NONE', #4225, .T. ) ;
#4954 = AXIS2_PLACEMENT_3D ( 'NONE', #240, #1169, #4991 ) ;
#4955 = VERTEX_POINT ( 'NONE', #1538 ) ;
#4956 = CARTESIAN_POINT ( 'NONE',  ( 6.812000000000000277, -33.34294385590089860, 70.79999999999999716 ) ) ;
#4957 = DIRECTION ( 'NONE',  ( 0.000000000000000000, -1.000000000000000000, 0.000000000000000000 ) ) ;
#4958 = DIRECTION ( 'NONE',  ( 0.000000000000000000, 0.4999999999999998890, -0.8660254037844387076 ) ) ;
#4959 = TOROIDAL_SURFACE ( 'NONE', #3415, 9.000000000000000000, 3.000000000000000000 ) ;
#4960 = ORIENTED_EDGE ( 'NONE', *, *, #2902, .F. ) ;
#4961 = CARTESIAN_POINT ( 'NONE',  ( 21.00000000000000000, 25.45192378864670246, 39.50000000000000000 ) ) ;
#4962 = CYLINDRICAL_SURFACE ( 'NONE', #1440, 2.000000000000001776 ) ;
#4963 = CARTESIAN_POINT ( 'NONE',  ( 8.873962308951309552, 33.85000000000000142, -57.91103336986829930 ) ) ;
#4964 = EDGE_CURVE ( 'NONE', #732, #3030, #3129, .T. ) ;
#4965 = DIRECTION ( 'NONE',  ( 0.000000000000000000, -1.000000000000000000, 0.000000000000000000 ) ) ;
#4966 = ORIENTED_EDGE ( 'NONE', *, *, #6714, .F. ) ;
#4967 = DIRECTION ( 'NONE',  ( -1.000000000000000000, 0.000000000000000000, 0.000000000000000000 ) ) ;
#4968 = PLANE ( 'NONE',  #146 ) ;
#4969 = ORIENTED_EDGE ( 'NONE', *, *, #5545, .F. ) ;
#4970 = DIRECTION ( 'NONE',  ( -1.000000000000000000, 0.000000000000000000, 0.000000000000000000 ) ) ;
#4971 = EDGE_CURVE ( 'NONE', #3081, #2884, #5178, .T. ) ;
#4972 = CARTESIAN_POINT ( 'NONE',  ( 16.74896230895139837, -27.85000000000000142, -56.36440000000000339 ) ) ;
#4973 = ORIENTED_EDGE ( 'NONE', *, *, #1862, .T. ) ;
#4974 = FACE_BOUND ( 'NONE', #4910, .T. ) ;
#4975 = VECTOR ( 'NONE', #3872, 1000.000000000000000 ) ;
#4976 = VERTEX_POINT ( 'NONE', #1019 ) ;
#4977 = ORIENTED_EDGE ( 'NONE', *, *, #4671, .F. ) ;
#4978 = CARTESIAN_POINT ( 'NONE',  ( 21.00000000000000000, 18.66332092008489951, 26.93794734194970175 ) ) ;
#4979 = CARTESIAN_POINT ( 'NONE',  ( 0.000000000000000000, 16.00000000000000000, 42.00000000000000000 ) ) ;
#4980 = CARTESIAN_POINT ( 'NONE',  ( 6.248962308951460543, 27.85000000000000142, -54.36440000000000339 ) ) ;
#4981 = AXIS2_PLACEMENT_3D ( 'NONE', #4517, #5067, #5574 ) ;
#4982 = ORIENTED_EDGE ( 'NONE', *, *, #3140, .T. ) ;
#4983 = AXIS2_PLACEMENT_3D ( 'NONE', #4073, #3493, #1890 ) ;
#4984 = PLANE ( 'NONE',  #848 ) ;
#4985 = CARTESIAN_POINT ( 'NONE',  ( 12.55615607551909996, -33.85000000000000142, -61.15279969829360596 ) ) ;
#4986 = ORIENTED_EDGE ( 'NONE', *, *, #5361, .T. ) ;
#4987 = AXIS2_PLACEMENT_3D ( 'NONE', #1219, #538, #4935 ) ;
#4988 = DIRECTION ( 'NONE',  ( 0.000000000000000000, -1.000000000000000000, 0.000000000000000000 ) ) ;
#4989 = DIRECTION ( 'NONE',  ( -0.000000000000000000, 0.7071067811865480168, 0.7071067811865470176 ) ) ;
#4990 = DIRECTION ( 'NONE',  ( 0.000000000000000000, -1.000000000000000000, 0.000000000000000000 ) ) ;
#4991 = DIRECTION ( 'NONE',  ( 0.000000000000000000, 0.000000000000000000, 1.000000000000000000 ) ) ;
#4992 = AXIS2_PLACEMENT_3D ( 'NONE', #1597, #3688, #2707 ) ;
#4993 = ADVANCED_FACE ( 'NONE', ( #2094 ), #3563, .T. ) ;
#4994 = ORIENTED_EDGE ( 'NONE', *, *, #569, .F. ) ;
#4995 = DIRECTION ( 'NONE',  ( 0.000000000000000000, 0.7071067811865480168, -0.7071067811865470176 ) ) ;
#4996 = EDGE_CURVE ( 'NONE', #5493, #6153, #4186, .T. ) ;
#4997 = DIRECTION ( 'NONE',  ( 0.000000000000000000, 0.000000000000000000, 1.000000000000000000 ) ) ;
#4998 = DIRECTION ( 'NONE',  ( -1.000000000000000000, 0.000000000000000000, 0.000000000000000000 ) ) ;
#4999 = DIRECTION ( 'NONE',  ( 0.000000000000000000, 0.000000000000000000, -1.000000000000000000 ) ) ;
#5000 = ORIENTED_EDGE ( 'NONE', *, *, #2902, .T. ) ;
#5001 = VERTEX_POINT ( 'NONE', #4115 ) ;
#5002 = AXIS2_PLACEMENT_3D ( 'NONE', #1323, #293, #3424 ) ;
#5003 = FACE_OUTER_BOUND ( 'NONE', #5239, .T. ) ;
#5004 = DIRECTION ( 'NONE',  ( 0.000000000000000000, -1.000000000000000000, 4.947517935049719886E-16 ) ) ;
#5005 = ORIENTED_EDGE ( 'NONE', *, *, #6717, .F. ) ;
#5006 = FACE_BOUND ( 'NONE', #5950, .T. ) ;
#5007 = CARTESIAN_POINT ( 'NONE',  ( 24.00000000000000000, -7.806255641895628769E-15, 64.46446609406729067 ) ) ;
#5008 = ORIENTED_EDGE ( 'NONE', *, *, #1211, .T. ) ;
#5009 = DIRECTION ( 'NONE',  ( 0.000000000000000000, 0.7071067811865474617, 0.7071067811865474617 ) ) ;
#5010 = EDGE_CURVE ( 'NONE', #2333, #897, #6202, .T. ) ;
#5011 = EDGE_CURVE ( 'NONE', #5369, #5244, #983, .T. ) ;
#5012 = EDGE_LOOP ( 'NONE', ( #2858, #1029, #6725, #5963, #2021 ) ) ;
#5013 = VERTEX_POINT ( 'NONE', #1960 ) ;
#5014 = APPROVAL ( #3603, '未指定' ) ;
#5015 = DIRECTION ( 'NONE',  ( 0.000000000000000000, 0.000000000000000000, 1.000000000000000000 ) ) ;
#5016 = DIRECTION ( 'NONE',  ( -1.000000000000000000, 0.000000000000000000, 0.000000000000000000 ) ) ;
#5017 = ORIENTED_EDGE ( 'NONE', *, *, #5259, .T. ) ;
#5018 = DIRECTION ( 'NONE',  ( 0.000000000000000000, 0.000000000000000000, 1.000000000000000000 ) ) ;
#5019 = LINE ( 'NONE', #5717, #387 ) ;
#5020 = EDGE_LOOP ( 'NONE', ( #4145, #1614, #3849, #3192, #5198, #3281, #190, #1186, #1706, #6661, #5861, #5571, #3777, #1057, #589, #5416, #5042, #522 ) ) ;
#5021 = CARTESIAN_POINT ( 'NONE',  ( 0.000000000000000000, 25.05000000000000071, 75.00000000000000000 ) ) ;
#5022 = ORIENTED_EDGE ( 'NONE', *, *, #3782, .F. ) ;
#5023 = LINE ( 'NONE', #2451, #6352 ) ;
#5024 = CARTESIAN_POINT ( 'NONE',  ( 8.873962308951309552, -26.34999999999999787, -60.91103336986829930 ) ) ;
#5025 = LINE ( 'NONE', #5597, #792 ) ;
#5026 = EDGE_LOOP ( 'NONE', ( #325, #2761, #6335, #4545, #86 ) ) ;
#5027 = VECTOR ( 'NONE', #3298, 1000.000000000000000 ) ;
#5028 = CARTESIAN_POINT ( 'NONE',  ( 24.00000000000000000, 3.535533905932729759, 68.00000000000000000 ) ) ;
#5029 = FACE_OUTER_BOUND ( 'NONE', #2835, .T. ) ;
#5030 = CARTESIAN_POINT ( 'NONE',  ( 1.213285339761104214E-15, -17.75417663684825698, 23.30074095731320938 ) ) ;
#5031 = ADVANCED_FACE ( 'NONE', ( #3093 ), #4571, .T. ) ;
#5032 = ADVANCED_FACE ( 'NONE', ( #4151 ), #250, .F. ) ;
#5033 = ADVANCED_FACE ( 'NONE', ( #1254 ), #3420, .T. ) ;
#5034 = CARTESIAN_POINT ( 'NONE',  ( 14.12396230895140192, -33.85000000000000142, -61.91103336986829930 ) ) ;
#5035 = VERTEX_POINT ( 'NONE', #4414 ) ;
#5036 = FACE_OUTER_BOUND ( 'NONE', #2807, .T. ) ;
#5037 = CARTESIAN_POINT ( 'NONE',  ( 8.873962308951458766, -40.45296000281730642, -49.81776663013170037 ) ) ;
#5038 = ORIENTED_EDGE ( 'NONE', *, *, #339, .T. ) ;
#5039 = CARTESIAN_POINT ( 'NONE',  ( 2.000000000000000000, -28.04999999999999716, 52.94999999999999574 ) ) ;
#5040 = VERTEX_POINT ( 'NONE', #2360 ) ;
#5041 = ORIENTED_EDGE ( 'NONE', *, *, #904, .T. ) ;
#5042 = ORIENTED_EDGE ( 'NONE', *, *, #6050, .T. ) ;
#5043 = DIRECTION ( 'NONE',  ( 0.000000000000000000, 0.000000000000000000, -1.000000000000000000 ) ) ;
#5044 = VECTOR ( 'NONE', #3535, 1000.000000000000000 ) ;
#5045 = CARTESIAN_POINT ( 'NONE',  ( 0.000000000000000000, 30.84999999999999787, -24.97384757729340166 ) ) ;
#5046 = ORIENTED_EDGE ( 'NONE', *, *, #958, .T. ) ;
#5047 = CARTESIAN_POINT ( 'NONE',  ( 21.00000000000000000, 28.04999999999999716, 78.00000000000000000 ) ) ;
#5048 = CARTESIAN_POINT ( 'NONE',  ( 10.81200000000000117, 23.05000000000000071, 52.85000000000000142 ) ) ;
#5049 = EDGE_CURVE ( 'NONE', #2333, #605, #3397, .T. ) ;
#5050 = DIRECTION ( 'NONE',  ( -0.000000000000000000, 1.000000000000000000, 0.000000000000000000 ) ) ;
#5051 = VECTOR ( 'NONE', #1565, 1000.000000000000000 ) ;
#5052 = ORIENTED_EDGE ( 'NONE', *, *, #3869, .T. ) ;
#5053 = CYLINDRICAL_SURFACE ( 'NONE', #2698, 1.000000000000000888 ) ;
#5054 = ORIENTED_EDGE ( 'NONE', *, *, #1421, .F. ) ;
#5055 = EDGE_CURVE ( 'NONE', #1420, #1013, #364, .T. ) ;
#5056 = DIRECTION ( 'NONE',  ( 0.000000000000000000, 1.000000000000000000, 0.000000000000000000 ) ) ;
#5057 = CARTESIAN_POINT ( 'NONE',  ( 0.000000000000000000, -16.00000000000000000, 72.84999999999999432 ) ) ;
#5058 = PLANE ( 'NONE',  #796 ) ;
#5059 = EDGE_LOOP ( 'NONE', ( #1627, #4812, #6408, #3837 ) ) ;
#5060 = LINE ( 'NONE', #4020, #6268 ) ;
#5061 = CARTESIAN_POINT ( 'NONE',  ( 8.873962308951458766, 33.85000000000000142, -50.81776663013170747 ) ) ;
#5062 = VECTOR ( 'NONE', #5300, 1000.000000000000000 ) ;
#5063 = CARTESIAN_POINT ( 'NONE',  ( 3.000000000000000000, 33.85000000000000142, -24.17000000000000171 ) ) ;
#5064 = DIRECTION ( 'NONE',  ( 0.000000000000000000, 0.000000000000000000, 1.000000000000000000 ) ) ;
#5065 = ORIENTED_EDGE ( 'NONE', *, *, #3303, .T. ) ;
#5066 = EDGE_CURVE ( 'NONE', #4368, #2827, #6308, .T. ) ;
#5067 = DIRECTION ( 'NONE',  ( 0.000000000000000000, -1.000000000000000000, 0.000000000000000000 ) ) ;
#5068 = LINE ( 'NONE', #4483, #1214 ) ;
#5069 = CARTESIAN_POINT ( 'NONE',  ( 6.812000000000000277, -25.05000000000000071, 71.79999999999999716 ) ) ;
#5070 = ORIENTED_EDGE ( 'NONE', *, *, #4056, .T. ) ;
#5071 = ADVANCED_FACE ( 'NONE', ( #3858 ), #4871, .F. ) ;
#5072 = ADVANCED_FACE ( 'NONE', ( #219, #6502 ), #5443, .F. ) ;
#5073 = VERTEX_POINT ( 'NONE', #6538 ) ;
#5074 = PLANE ( 'NONE',  #4614 ) ;
#5075 = CARTESIAN_POINT ( 'NONE',  ( 8.812000000000001165, 4.514466094067260293, 68.00000000000000000 ) ) ;
#5076 = ORIENTED_EDGE ( 'NONE', *, *, #4231, .F. ) ;
#5077 = DIRECTION ( 'NONE',  ( 0.000000000000000000, -1.000000000000000000, -4.947517935049719886E-16 ) ) ;
#5078 = CARTESIAN_POINT ( 'NONE',  ( 6.879406897870740778, -33.85000000000000853, -59.71433749156593507 ) ) ;
#5079 = AXIS2_PLACEMENT_3D ( 'NONE', #6583, #1923, #6679 ) ;
#5080 = CARTESIAN_POINT ( 'NONE',  ( 14.12396101251784586, -33.68896042676731639, -61.91095463950739486 ) ) ;
#5081 = CARTESIAN_POINT ( 'NONE',  ( 6.812000000000000277, 25.05000000000000071, 54.80000000000000426 ) ) ;
#5082 = ORIENTED_EDGE ( 'NONE', *, *, #2925, .F. ) ;
#5083 = LINE ( 'NONE', #1443, #3936 ) ;
#5084 = DIRECTION ( 'NONE',  ( 0.000000000000000000, 0.4999999999999998890, 0.8660254037844387076 ) ) ;
#5085 = EDGE_CURVE ( 'NONE', #1607, #5522, #6399, .T. ) ;
#5086 = PLANE ( 'NONE',  #4642 ) ;
#5087 = VECTOR ( 'NONE', #4352, 1000.000000000000000 ) ;
#5088 = ORIENTED_EDGE ( 'NONE', *, *, #5776, .F. ) ;
#5089 = ORIENTED_EDGE ( 'NONE', *, *, #694, .T. ) ;
#5090 = CARTESIAN_POINT ( 'NONE',  ( -8.000000000000000000, -8.437694987151189707E-15, 61.53553390593270223 ) ) ;
#5091 = CIRCLE ( 'NONE', #3660, 1.000000000000000888 ) ;
#5092 = EDGE_CURVE ( 'NONE', #4827, #3838, #2355, .T. ) ;
#5093 = DIRECTION ( 'NONE',  ( -0.000000000000000000, 0.7071067811865480168, 0.7071067811865470176 ) ) ;
#5094 = CARTESIAN_POINT ( 'NONE',  ( 2.272393124890999871, -19.23141920130759885, 22.90491500514150047 ) ) ;
#5095 = ADVANCED_FACE ( 'NONE', ( #151 ), #2261, .F. ) ;
#5096 = VECTOR ( 'NONE', #2519, 1000.000000000000000 ) ;
#5097 = VECTOR ( 'NONE', #1589, 1000.000000000000000 ) ;
#5098 = CARTESIAN_POINT ( 'NONE',  ( 3.000000000000000000, -33.85000000000000142, -52.17000000000000171 ) ) ;
#5099 = ORIENTED_EDGE ( 'NONE', *, *, #828, .T. ) ;
#5100 = ORIENTED_EDGE ( 'NONE', *, *, #3217, .T. ) ;
#5101 = FACE_OUTER_BOUND ( 'NONE', #4853, .T. ) ;
#5102 = DIRECTION ( 'NONE',  ( 1.000000000000000000, 0.000000000000000000, 0.000000000000000000 ) ) ;
#5103 = CARTESIAN_POINT ( 'NONE',  ( 6.248962308951460543, -27.85000000000000142, -55.36440000000000339 ) ) ;
#5104 = DIRECTION ( 'NONE',  ( 0.000000000000000000, -1.000000000000000000, 0.000000000000000000 ) ) ;
#5105 = ORIENTED_EDGE ( 'NONE', *, *, #2838, .F. ) ;
#5106 = EDGE_LOOP ( 'NONE', ( #703, #3481, #5112, #64 ) ) ;
#5107 = VECTOR ( 'NONE', #2250, 1000.000000000000000 ) ;
#5108 = FACE_OUTER_BOUND ( 'NONE', #125, .T. ) ;
#5109 = VECTOR ( 'NONE', #542, 1000.000000000000000 ) ;
#5110 = FACE_OUTER_BOUND ( 'NONE', #2258, .T. ) ;
#5111 = ADVANCED_FACE ( 'NONE', ( #5986 ), #4968, .T. ) ;
#5112 = ORIENTED_EDGE ( 'NONE', *, *, #1438, .F. ) ;
#5113 = DIRECTION ( 'NONE',  ( 0.000000000000000000, 0.000000000000000000, -1.000000000000000000 ) ) ;
#5114 = CARTESIAN_POINT ( 'NONE',  ( 6.887703798967895530, -33.81128230286106628, -60.15852155855915839 ) ) ;
#5115 = PLANE ( 'NONE',  #1822 ) ;
#5116 = LINE ( 'NONE', #6272, #4767 ) ;
#5117 = AXIS2_PLACEMENT_3D ( 'NONE', #895, #5467, #1834 ) ;
#5118 = FACE_OUTER_BOUND ( 'NONE', #2340, .T. ) ;
#5119 = CARTESIAN_POINT ( 'NONE',  ( 5.498962308951449884, -38.85000000000000142, -43.17000000000000171 ) ) ;
#5120 = LINE ( 'NONE', #1997, #2558 ) ;
#5121 = ORIENTED_EDGE ( 'NONE', *, *, #4659, .F. ) ;
#5122 = CARTESIAN_POINT ( 'NONE',  ( 24.00000000000000000, -8.050000000000000711, 61.53553390593270223 ) ) ;
#5123 = CARTESIAN_POINT ( 'NONE',  ( 12.00000000000000000, 30.84999999999999787, -52.17000000000000171 ) ) ;
#5124 = CYLINDRICAL_SURFACE ( 'NONE', #4400, 1.000000000000000888 ) ;
#5125 = EDGE_CURVE ( 'NONE', #120, #991, #3280, .T. ) ;
#5126 = CARTESIAN_POINT ( 'NONE',  ( 6.812000000000000277, -28.04999999999999716, 56.80000000000000426 ) ) ;
#5127 = VERTEX_POINT ( 'NONE', #2328 ) ;
#5128 = ORIENTED_EDGE ( 'NONE', *, *, #3508, .F. ) ;
#5129 = PLANE ( 'NONE',  #1689 ) ;
#5130 = DIRECTION ( 'NONE',  ( 0.000000000000000000, 1.000000000000000000, 0.000000000000000000 ) ) ;
#5131 = DIRECTION ( 'NONE',  ( 1.000000000000000000, 0.000000000000000000, 0.000000000000000000 ) ) ;
#5132 = EDGE_CURVE ( 'NONE', #1153, #6427, #4906, .T. ) ;
#5133 = CARTESIAN_POINT ( 'NONE',  ( 11.49896230895140015, -26.34999999999999787, -55.36440000000000339 ) ) ;
#5134 = ORIENTED_EDGE ( 'NONE', *, *, #3555, .T. ) ;
#5135 = VERTEX_POINT ( 'NONE', #1837 ) ;
#5136 = DIRECTION ( 'NONE',  ( 0.000000000000000000, 0.000000000000000000, 1.000000000000000000 ) ) ;
#5137 = CARTESIAN_POINT ( 'NONE',  ( 0.000000000000000000, -25.05000000000000071, 75.00000000000000000 ) ) ;
#5138 = VERTEX_POINT ( 'NONE', #1742 ) ;
#5139 = DIRECTION ( 'NONE',  ( 0.000000000000000000, 0.000000000000000000, -1.000000000000000000 ) ) ;
#5140 = DIRECTION ( 'NONE',  ( 0.000000000000000000, -0.7071067811865480168, 0.7071067811865470176 ) ) ;
#5141 = ADVANCED_FACE ( 'NONE', ( #3316 ), #1773, .T. ) ;
#5142 = DIRECTION ( 'NONE',  ( 0.000000000000000000, 1.000000000000000000, 0.000000000000000000 ) ) ;
#5143 = ADVANCED_FACE ( 'NONE', ( #6471 ), #2009, .T. ) ;
#5144 = AXIS2_PLACEMENT_3D ( 'NONE', #5936, #4922, #5458 ) ;
#5145 = LINE ( 'NONE', #5210, #2572 ) ;
#5146 = ORIENTED_EDGE ( 'NONE', *, *, #6177, .T. ) ;
#5147 = CARTESIAN_POINT ( 'NONE',  ( 9.794482922708349193, 33.74979691896997025, -61.68663558646706946 ) ) ;
#5148 = CARTESIAN_POINT ( 'NONE',  ( 16.74896230895139837, -35.36073841047059574, -55.36440000000000339 ) ) ;
#5149 = CARTESIAN_POINT ( 'NONE',  ( 12.00000000000000000, 21.66332092008489951, -3.062052658050260057 ) ) ;
#5150 = ORIENTED_EDGE ( 'NONE', *, *, #3663, .T. ) ;
#5151 = DIRECTION ( 'NONE',  ( 0.000000000000000000, -0.7071067811865480168, 0.7071067811865470176 ) ) ;
#5152 = CARTESIAN_POINT ( 'NONE',  ( 24.00000000000000000, 30.84999999999999787, -52.17000000000000171 ) ) ;
#5153 = ADVANCED_FACE ( 'NONE', ( #6571 ), #418, .T. ) ;
#5154 = CIRCLE ( 'NONE', #2861, 1.000000000000000888 ) ;
#5155 = APPROVAL_STATUS ( 'not_yet_approved' ) ;
#5156 = CARTESIAN_POINT ( 'NONE',  ( -8.000000000000000000, 8.050000000000000711, 64.46446609406729067 ) ) ;
#5157 = CIRCLE ( 'NONE', #2207, 2.000000000000001776 ) ;
#5158 = DIRECTION ( 'NONE',  ( 0.000000000000000000, -1.000000000000000000, 0.000000000000000000 ) ) ;
#5159 = VERTEX_POINT ( 'NONE', #1914 ) ;
#5160 = VECTOR ( 'NONE', #3579, 1000.000000000000000 ) ;
#5161 = DIRECTION ( 'NONE',  ( 0.000000000000000000, 0.000000000000000000, 1.000000000000000000 ) ) ;
#5162 = DIRECTION ( 'NONE',  ( 0.000000000000000000, -1.000000000000000000, 0.000000000000000000 ) ) ;
#5163 = CARTESIAN_POINT ( 'NONE',  ( 11.49896230895140015, -38.85000000000000142, -33.16999999999999460 ) ) ;
#5164 = EDGE_CURVE ( 'NONE', #949, #5709, #871, .T. ) ;
#5165 = CIRCLE ( 'NONE', #3092, 15.60844610148000022 ) ;
#5166 = CARTESIAN_POINT ( 'NONE',  ( 13.24252759892419995, -36.18666002653410629, -43.17000000000000171 ) ) ;
#5167 = ORIENTED_EDGE ( 'NONE', *, *, #880, .F. ) ;
#5168 = ORIENTED_EDGE ( 'NONE', *, *, #2197, .F. ) ;
#5169 = EDGE_LOOP ( 'NONE', ( #5621, #2095, #3796, #4415 ) ) ;
#5170 = DIRECTION ( 'NONE',  ( 0.000000000000000000, -1.000000000000000000, 0.000000000000000000 ) ) ;
#5171 = CARTESIAN_POINT ( 'NONE',  ( 6.996795186846606285, 33.74027200378034053, -60.60119677645666769 ) ) ;
#5172 = EDGE_CURVE ( 'NONE', #5197, #4307, #4097, .T. ) ;
#5173 = ORIENTED_EDGE ( 'NONE', *, *, #2301, .F. ) ;
#5174 = CARTESIAN_POINT ( 'NONE',  ( 9.432563303163320256, -33.67957455831283653, -61.83148003041792151 ) ) ;
#5175 = CARTESIAN_POINT ( 'NONE',  ( 0.000000000000000000, -28.04999999999999716, 52.94999999999999574 ) ) ;
#5176 = CIRCLE ( 'NONE', #5517, 1.000000000000000888 ) ;
#5177 = FACE_OUTER_BOUND ( 'NONE', #5737, .T. ) ;
#5178 = LINE ( 'NONE', #2612, #3548 ) ;
#5179 = FACE_OUTER_BOUND ( 'NONE', #875, .T. ) ;
#5180 = CARTESIAN_POINT ( 'NONE',  ( -8.000000000000000000, 4.514466094067260293, 58.00000000000000000 ) ) ;
#5181 = CARTESIAN_POINT ( 'NONE',  ( 21.00000000000000000, -26.34999999999999787, -29.17000000000000171 ) ) ;
#5182 = AXIS2_PLACEMENT_3D ( 'NONE', #1162, #5932, #1819 ) ;
#5183 = CARTESIAN_POINT ( 'NONE',  ( 24.00000000000000000, -13.51731083748190088, -6.943130372780090376 ) ) ;
#5184 = ORIENTED_EDGE ( 'NONE', *, *, #4610, .T. ) ;
#5185 = DIRECTION ( 'NONE',  ( 0.000000000000000000, 1.000000000000000000, 0.000000000000000000 ) ) ;
#5186 = CIRCLE ( 'NONE', #2241, 1.000000000000000888 ) ;
#5187 = DIRECTION ( 'NONE',  ( -1.000000000000000000, 0.000000000000000000, 0.000000000000000000 ) ) ;
#5188 = CARTESIAN_POINT ( 'NONE',  ( 0.000000000000000000, -18.70929813558960220, -3.945535108588449802 ) ) ;
#5189 = EDGE_CURVE ( 'NONE', #1552, #4368, #1389, .T. ) ;
#5190 = VECTOR ( 'NONE', #2466, 1000.000000000000114 ) ;
#5191 = ORIENTED_EDGE ( 'NONE', *, *, #4842, .T. ) ;
#5192 = CARTESIAN_POINT ( 'NONE',  ( 3.000000000000000000, 25.05000000000000071, -14.74735342352009937 ) ) ;
#5193 = AXIS2_PLACEMENT_3D ( 'NONE', #6238, #3671, #2481 ) ;
#5194 = DIRECTION ( 'NONE',  ( 0.000000000000000000, -1.000000000000000000, 0.000000000000000000 ) ) ;
#5195 = VECTOR ( 'NONE', #2077, 1000.000000000000000 ) ;
#5196 = CARTESIAN_POINT ( 'NONE',  ( 8.812000000000001165, -7.806259602565858481E-15, 61.53553390593270223 ) ) ;
#5197 = VERTEX_POINT ( 'NONE', #1948 ) ;
#5198 = ORIENTED_EDGE ( 'NONE', *, *, #1691, .T. ) ;
#5199 = CARTESIAN_POINT ( 'NONE',  ( 8.812000000000001165, -4.514466094067303814, 58.00000000000000711 ) ) ;
#5200 = CARTESIAN_POINT ( 'NONE',  ( 8.840194445842270099, 33.58153290978749084, -61.91078887288779953 ) ) ;
#5201 = ORIENTED_EDGE ( 'NONE', *, *, #1311, .T. ) ;
#5202 = CARTESIAN_POINT ( 'NONE',  ( 9.553599114979734352, -33.70270897408953914, -61.79286479176915492 ) ) ;
#5203 = EDGE_CURVE ( 'NONE', #827, #3241, #3994, .T. ) ;
#5204 = ORIENTED_EDGE ( 'NONE', *, *, #2280, .T. ) ;
#5205 = EDGE_CURVE ( 'NONE', #4321, #462, #5608, .T. ) ;
#5206 = CARTESIAN_POINT ( 'NONE',  ( 16.74896230895139837, 27.85000000000000142, -53.36439999999999628 ) ) ;
#5207 = EDGE_LOOP ( 'NONE', ( #1749, #4144 ) ) ;
#5208 = CIRCLE ( 'NONE', #3246, 2.000000000000001776 ) ;
#5209 = VECTOR ( 'NONE', #6409, 1000.000000000000000 ) ;
#5210 = CARTESIAN_POINT ( 'NONE',  ( 11.49896230895140015, 33.85000000000000142, -53.36439999999999628 ) ) ;
#5211 = ORIENTED_EDGE ( 'NONE', *, *, #5563, .T. ) ;
#5212 = DIRECTION ( 'NONE',  ( -1.000000000000000000, 0.000000000000000000, 0.000000000000000000 ) ) ;
#5213 = CARTESIAN_POINT ( 'NONE',  ( 8.873962308951458766, 27.85000000000000142, -50.81776663013170747 ) ) ;
#5214 = CARTESIAN_POINT ( 'NONE',  ( 15.61900863289293717, -33.75087262571361890, -61.23953493399372405 ) ) ;
#5215 = EDGE_CURVE ( 'NONE', #299, #1774, #1975, .T. ) ;
#5216 = CARTESIAN_POINT ( 'NONE',  ( 0.000000000000000000, 0.000000000000000000, -33.16999999999999460 ) ) ;
#5217 = VERTEX_POINT ( 'NONE', #1424 ) ;
#5218 = AXIS2_PLACEMENT_3D ( 'NONE', #959, #384, #5223 ) ;
#5219 = DIRECTION ( 'NONE',  ( 0.000000000000000000, 1.000000000000000000, 0.000000000000000000 ) ) ;
#5220 = CARTESIAN_POINT ( 'NONE',  ( 21.00000000000000000, -28.04999999999999716, 38.00000000000000000 ) ) ;
#5221 = PERSON_AND_ORGANIZATION_ROLE ( 'design_supplier' ) ;
#5222 = LINE ( 'NONE', #2069, #1639 ) ;
#5223 = DIRECTION ( 'NONE',  ( 0.000000000000000000, -0.8660254037844389297, 0.4999999999999997224 ) ) ;
#5224 = EDGE_LOOP ( 'NONE', ( #4876, #4809, #6623, #4611 ) ) ;
#5225 = ORIENTED_EDGE ( 'NONE', *, *, #4659, .T. ) ;
#5226 = CARTESIAN_POINT ( 'NONE',  ( 16.74896230895139837, -35.36073841047059574, -55.36440000000000339 ) ) ;
#5227 = ADVANCED_FACE ( 'NONE', ( #6092 ), #4098, .F. ) ;
#5228 = LINE ( 'NONE', #1522, #4290 ) ;
#5229 = EDGE_CURVE ( 'NONE', #4841, #4036, #1986, .T. ) ;
#5230 = EDGE_CURVE ( 'NONE', #3800, #5387, #3954, .T. ) ;
#5231 = CARTESIAN_POINT ( 'NONE',  ( 5.498962308951449884, -33.85000000000000142, -33.16999999999999460 ) ) ;
#5232 =( BOUNDED_CURVE ( )  B_SPLINE_CURVE ( 3, ( #1294, #780, #3395, #264 ),
 .UNSPECIFIED., .F., .T. ) 
 B_SPLINE_CURVE_WITH_KNOTS ( ( 4, 4 ),
 ( 4.712388980384689674, 6.283185307179586232 ),
 .UNSPECIFIED. ) 
 CURVE ( )  GEOMETRIC_REPRESENTATION_ITEM ( )  RATIONAL_B_SPLINE_CURVE ( ( 1.000000000000000000, 0.8047378541243649375, 0.8047378541243649375, 1.000000000000000000 ) ) 
 REPRESENTATION_ITEM ( '' )  );
#5233 = CARTESIAN_POINT ( 'NONE',  ( 8.812000000000001165, 3.535533905932704890, 68.00000000000000000 ) ) ;
#5234 = ORIENTED_EDGE ( 'NONE', *, *, #283, .F. ) ;
#5235 = ORIENTED_EDGE ( 'NONE', *, *, #1649, .F. ) ;
#5236 = AXIS2_PLACEMENT_3D ( 'NONE', #1745, #83, #5858 ) ;
#5237 = CARTESIAN_POINT ( 'NONE',  ( 19.00000000000000000, -33.85000000000000142, -43.17000000000000171 ) ) ;
#5238 = CARTESIAN_POINT ( 'NONE',  ( 7.528313405838703787, 33.57824055762297633, -61.39070120746109183 ) ) ;
#5239 = EDGE_LOOP ( 'NONE', ( #453, #6100, #3888, #528 ) ) ;
#5240 = CARTESIAN_POINT ( 'NONE',  ( 9.599266705115672593, -33.71157878340599723, -61.77533840936580845 ) ) ;
#5241 = EDGE_LOOP ( 'NONE', ( #5325, #2124, #2502, #4925, #4619 ) ) ;
#5242 = DIRECTION ( 'NONE',  ( 0.000000000000000000, -1.000000000000000000, 0.000000000000000000 ) ) ;
#5243 = CARTESIAN_POINT ( 'NONE',  ( 6.812000000000000277, 28.04999999999999716, 70.79999999999999716 ) ) ;
#5244 = VERTEX_POINT ( 'NONE', #4026 ) ;
#5245 = ORIENTED_EDGE ( 'NONE', *, *, #1502, .F. ) ;
#5246 = CARTESIAN_POINT ( 'NONE',  ( 10.14576570673945533, 33.81365962792723678, -61.45690449048902337 ) ) ;
#5247 = CYLINDRICAL_SURFACE ( 'NONE', #277, 2.000000000000001776 ) ;
#5248 = CARTESIAN_POINT ( 'NONE',  ( 16.74896230895139837, 27.85000000000000142, -55.36440000000000339 ) ) ;
#5249 = EDGE_CURVE ( 'NONE', #1114, #6061, #5068, .T. ) ;
#5250 = CARTESIAN_POINT ( 'NONE',  ( 8.178344749811090608, -33.52823328670186243, -61.79134210659185555 ) ) ;
#5251 = ORIENTED_EDGE ( 'NONE', *, *, #2181, .F. ) ;
#5252 = EDGE_CURVE ( 'NONE', #890, #2274, #5814, .T. ) ;
#5253 = AXIS2_PLACEMENT_3D ( 'NONE', #1827, #1727, #3913 ) ;
#5254 = DIRECTION ( 'NONE',  ( 0.000000000000000000, -1.000000000000000000, 0.000000000000000000 ) ) ;
#5255 = DIRECTION ( 'NONE',  ( 0.000000000000000000, 0.7071067811865517916, -0.7071067811865432429 ) ) ;
#5256 = APPROVAL_ROLE ( '' ) ;
#5257 = LINE ( 'NONE', #6351, #1432 ) ;
#5258 = VECTOR ( 'NONE', #885, 1000.000000000000000 ) ;
#5259 = EDGE_CURVE ( 'NONE', #3363, #4779, #108, .T. ) ;
#5260 = CARTESIAN_POINT ( 'NONE',  ( -1.463026523523509027E-14, 26.80735931288069906, 38.33296456859559953 ) ) ;
#5261 = ORIENTED_EDGE ( 'NONE', *, *, #616, .F. ) ;
#5262 = FACE_OUTER_BOUND ( 'NONE', #6706, .T. ) ;
#5263 = LINE ( 'NONE', #4171, #223 ) ;
#5264 = AXIS2_PLACEMENT_3D ( 'NONE', #3580, #3902, #1003 ) ;
#5265 = CARTESIAN_POINT ( 'NONE',  ( 12.00000000000000000, -33.85000000000000142, -52.17000000000000171 ) ) ;
#5266 = AXIS2_PLACEMENT_3D ( 'NONE', #5838, #2179, #4303 ) ;
#5267 = DIRECTION ( 'NONE',  ( 0.000000000000000000, 0.000000000000000000, -1.000000000000000000 ) ) ;
#5268 = VERTEX_POINT ( 'NONE', #6605 ) ;
#5269 = ORIENTED_EDGE ( 'NONE', *, *, #5049, .F. ) ;
#5270 = ORIENTED_EDGE ( 'NONE', *, *, #4650, .F. ) ;
#5271 = CARTESIAN_POINT ( 'NONE',  ( 15.86960850360416941, 33.80089821170838604, -60.89097414158573685 ) ) ;
#5272 = CARTESIAN_POINT ( 'NONE',  ( 7.465211897692263676, 33.58986105555840851, -61.33186367515401827 ) ) ;
#5273 = EDGE_LOOP ( 'NONE', ( #6612, #1379, #2047, #4882, #4515 ) ) ;
#5274 = CARTESIAN_POINT ( 'NONE',  ( 9.892144370534238007, -33.76863142499837522, -61.63460128416133443 ) ) ;
#5275 = ORIENTED_EDGE ( 'NONE', *, *, #106, .T. ) ;
#5276 = PLANE ( 'NONE',  #2264 ) ;
#5277 = EDGE_CURVE ( 'NONE', #1427, #4663, #2324, .T. ) ;
#5278 = ORIENTED_EDGE ( 'NONE', *, *, #2508, .F. ) ;
#5279 = ADVANCED_FACE ( 'NONE', ( #4587 ), #6669, .F. ) ;
#5280 = ORIENTED_EDGE ( 'NONE', *, *, #1228, .T. ) ;
#5281 = ORIENTED_EDGE ( 'NONE', *, *, #6212, .F. ) ;
#5282 = LINE ( 'NONE', #5829, #4283 ) ;
#5283 = CARTESIAN_POINT ( 'NONE',  ( 0.000000000000000000, -16.32099170087160189, 0.1911329803868619948 ) ) ;
#5284 = CARTESIAN_POINT ( 'NONE',  ( 15.93899776161046589, -33.81724795125266070, -60.75107766289796274 ) ) ;
#5285 = CARTESIAN_POINT ( 'NONE',  ( 8.843835503084278571, -33.58206067063034794, -61.91103336749254282 ) ) ;
#5286 = ORIENTED_EDGE ( 'NONE', *, *, #4788, .F. ) ;
#5287 = DIRECTION ( 'NONE',  ( 0.000000000000000000, 0.000000000000000000, -1.000000000000000000 ) ) ;
#5288 = EDGE_CURVE ( 'NONE', #1708, #5894, #557, .T. ) ;
#5289 = LINE ( 'NONE', #1135, #2193 ) ;
#5290 = VECTOR ( 'NONE', #4995, 1000.000000000000000 ) ;
#5291 = DATE_AND_TIME ( #6728, #2410 ) ;
#5292 = CARTESIAN_POINT ( 'NONE',  ( 21.00000000000000000, 28.04999999999999716, 38.00000000000000000 ) ) ;
#5293 = CARTESIAN_POINT ( 'NONE',  ( 0.000000000000000000, 25.05000000000000071, 38.80384757729340350 ) ) ;
#5294 = EDGE_CURVE ( 'NONE', #4643, #5983, #4, .T. ) ;
#5295 = ORIENTED_EDGE ( 'NONE', *, *, #2086, .T. ) ;
#5296 = EDGE_CURVE ( 'NONE', #3126, #144, #5228, .T. ) ;
#5297 = AXIS2_PLACEMENT_3D ( 'NONE', #1606, #4179, #5711 ) ;
#5298 = LINE ( 'NONE', #1141, #2566 ) ;
#5299 = EDGE_CURVE ( 'NONE', #1427, #1815, #6294, .T. ) ;
#5300 = DIRECTION ( 'NONE',  ( 0.000000000000000000, 0.000000000000000000, 1.000000000000000000 ) ) ;
#5301 = DIRECTION ( 'NONE',  ( 0.000000000000000000, 0.8660254037844388186, -0.4999999999999997780 ) ) ;
#5302 = AXIS2_PLACEMENT_3D ( 'NONE', #3923, #1912, #3993 ) ;
#5303 = AXIS2_PLACEMENT_3D ( 'NONE', #1925, #1852, #5113 ) ;
#5304 = CARTESIAN_POINT ( 'NONE',  ( 6.812000000000000277, 28.04999999999999716, 70.79999999999999716 ) ) ;
#5305 = ORIENTED_EDGE ( 'NONE', *, *, #1370, .T. ) ;
#5306 = VECTOR ( 'NONE', #6686, 1000.000000000000000 ) ;
#5307 = DIRECTION ( 'NONE',  ( 0.000000000000000000, -0.7071067811865470176, -0.7071067811865480168 ) ) ;
#5308 = ORIENTED_EDGE ( 'NONE', *, *, #4863, .T. ) ;
#5309 = CARTESIAN_POINT ( 'NONE',  ( 15.24004112012423917, 33.69778533847370738, -61.57151542848085768 ) ) ;
#5310 = CARTESIAN_POINT ( 'NONE',  ( 6.879619722310306607, 33.85000000000000142, -59.71304570240543086 ) ) ;
#5311 = AXIS2_PLACEMENT_3D ( 'NONE', #5265, #4865, #1630 ) ;
#5312 = CIRCLE ( 'NONE', #2806, 1.000000000000000888 ) ;
#5313 = ORIENTED_EDGE ( 'NONE', *, *, #3866, .T. ) ;
#5314 = CARTESIAN_POINT ( 'NONE',  ( 21.00000000000000000, 28.94807621135329967, -27.67000000000000171 ) ) ;
#5315 = ORIENTED_EDGE ( 'NONE', *, *, #2948, .T. ) ;
#5316 = CARTESIAN_POINT ( 'NONE',  ( 24.00000000000000000, -6.938893903907229955E-15, 42.00000000000000000 ) ) ;
#5317 = ORIENTED_EDGE ( 'NONE', *, *, #6470, .F. ) ;
#5318 = VERTEX_POINT ( 'NONE', #2076 ) ;
#5319 = DIRECTION ( 'NONE',  ( 0.000000000000000000, 1.000000000000000000, 0.000000000000000000 ) ) ;
#5320 = CARTESIAN_POINT ( 'NONE',  ( 6.248962308951460543, -26.34999999999999787, -55.36440000000000339 ) ) ;
#5321 = ADVANCED_FACE ( 'NONE', ( #2674 ), #2634, .F. ) ;
#5322 = EDGE_CURVE ( 'NONE', #5138, #6259, #1596, .T. ) ;
#5323 = FACE_BOUND ( 'NONE', #2924, .T. ) ;
#5324 = DIRECTION ( 'NONE',  ( -1.000000000000000000, 0.000000000000000000, 0.000000000000000000 ) ) ;
#5325 = ORIENTED_EDGE ( 'NONE', *, *, #1267, .T. ) ;
#5326 = CARTESIAN_POINT ( 'NONE',  ( 8.873962308951458766, -27.85000000000000142, -49.81776663013170037 ) ) ;
#5327 = DIRECTION ( 'NONE',  ( 0.000000000000000000, 0.000000000000000000, 1.000000000000000000 ) ) ;
#5328 = DIRECTION ( 'NONE',  ( -1.000000000000000000, 0.000000000000000000, 0.000000000000000000 ) ) ;
#5329 = CIRCLE ( 'NONE', #2376, 10.00000000000000000 ) ;
#5330 = ORIENTED_EDGE ( 'NONE', *, *, #898, .T. ) ;
#5331 = DIRECTION ( 'NONE',  ( 0.000000000000000000, 0.000000000000000000, -1.000000000000000000 ) ) ;
#5332 = CARTESIAN_POINT ( 'NONE',  ( 6.812000000000000277, 28.04999999999999716, 68.79999999999999716 ) ) ;
#5333 = CARTESIAN_POINT ( 'NONE',  ( 2.000000000000000000, -23.05000000000000071, 52.94999999999999574 ) ) ;
#5334 = CIRCLE ( 'NONE', #4798, 2.000000000000001776 ) ;
#5335 = EDGE_CURVE ( 'NONE', #2631, #1901, #75, .T. ) ;
#5336 = DIRECTION ( 'NONE',  ( 0.000000000000000000, 0.000000000000000000, -1.000000000000000000 ) ) ;
#5337 = ORIENTED_EDGE ( 'NONE', *, *, #775, .T. ) ;
#5338 = ORIENTED_EDGE ( 'NONE', *, *, #4521, .T. ) ;
#5339 = FACE_OUTER_BOUND ( 'NONE', #5518, .T. ) ;
#5340 = EDGE_CURVE ( 'NONE', #509, #622, #490, .T. ) ;
#5341 = DIRECTION ( 'NONE',  ( 0.000000000000000000, 0.000000000000000000, -1.000000000000000000 ) ) ;
#5342 = ORIENTED_EDGE ( 'NONE', *, *, #2214, .F. ) ;
#5343 = DIRECTION ( 'NONE',  ( 1.000000000000000000, 0.000000000000000000, 0.000000000000000000 ) ) ;
#5344 = ORIENTED_EDGE ( 'NONE', *, *, #633, .T. ) ;
#5345 = CIRCLE ( 'NONE', #3267, 1.000000000000000888 ) ;
#5346 = CARTESIAN_POINT ( 'NONE',  ( 11.49896230895140015, -33.85000000000000142, -57.36440000000000339 ) ) ;
#5347 = ORIENTED_EDGE ( 'NONE', *, *, #5835, .F. ) ;
#5348 = DIRECTION ( 'NONE',  ( 1.000000000000000000, 0.000000000000000000, 0.000000000000000000 ) ) ;
#5349 = CARTESIAN_POINT ( 'NONE',  ( 0.000000000000000000, -30.84999999999999787, -52.17000000000000171 ) ) ;
#5350 = CARTESIAN_POINT ( 'NONE',  ( 6.812000000000000277, -23.05000000000000071, 70.79999999999999716 ) ) ;
#5351 = EDGE_LOOP ( 'NONE', ( #2864, #3554, #5105, #4868 ) ) ;
#5352 = ADVANCED_FACE ( 'NONE', ( #42 ), #6325, .T. ) ;
#5353 = CARTESIAN_POINT ( 'NONE',  ( 8.812000000000001165, -6.938893903907228378E-15, 71.53553390593270933 ) ) ;
#5354 = EDGE_CURVE ( 'NONE', #5268, #6432, #2706, .T. ) ;
#5355 = EDGE_LOOP ( 'NONE', ( #1717, #2609 ) ) ;
#5356 = CARTESIAN_POINT ( 'NONE',  ( 14.12396230895140192, -33.85000000000000142, -57.91103336986829930 ) ) ;
#5357 = CARTESIAN_POINT ( 'NONE',  ( 16.74896230895139837, 33.85000000000000142, -53.36439999999999628 ) ) ;
#5358 = PLANE ( 'NONE',  #534 ) ;
#5359 = CARTESIAN_POINT ( 'NONE',  ( 12.00000000000000000, 26.34999999999999787, -52.17000000000000171 ) ) ;
#5360 = ORIENTED_EDGE ( 'NONE', *, *, #775, .F. ) ;
#5361 = EDGE_CURVE ( 'NONE', #6411, #4636, #5263, .T. ) ;
#5362 = CARTESIAN_POINT ( 'NONE',  ( 13.26323237265782673, 33.78314406948224047, -61.71637731035119145 ) ) ;
#5363 = EDGE_LOOP ( 'NONE', ( #3476, #3299, #3088, #2614 ) ) ;
#5364 = CARTESIAN_POINT ( 'NONE',  ( 12.00000000000000000, -21.66332092008489951, -3.062052658050260057 ) ) ;
#5365 = CIRCLE ( 'NONE', #2419, 2.000000000000001776 ) ;
#5366 = CARTESIAN_POINT ( 'NONE',  ( 0.000000000000000000, -16.32099170087160189, 23.68476170351259924 ) ) ;
#5367 = CIRCLE ( 'NONE', #5688, 2.000000000000001776 ) ;
#5368 = CARTESIAN_POINT ( 'NONE',  ( 2.000000000000000000, -23.05000000000000071, 72.84999999999999432 ) ) ;
#5369 = VERTEX_POINT ( 'NONE', #2597 ) ;
#5370 = DIRECTION ( 'NONE',  ( 0.000000000000000000, 0.000000000000000000, -1.000000000000000000 ) ) ;
#5371 = CARTESIAN_POINT ( 'NONE',  ( 14.12396230895140192, 38.94836669955660113, -50.81776663013170747 ) ) ;
#5372 = CARTESIAN_POINT ( 'NONE',  ( -8.000000000000000000, 11.58553390593270116, 68.00000000000000000 ) ) ;
#5373 = EDGE_LOOP ( 'NONE', ( #4776, #3556 ) ) ;
#5374 = ADVANCED_FACE ( 'NONE', ( #2149 ), #2185, .T. ) ;
#5375 = CARTESIAN_POINT ( 'NONE',  ( 6.248962308951460543, -33.85000000000000142, -55.36440000000000339 ) ) ;
#5376 = EDGE_LOOP ( 'NONE', ( #4185, #1829 ) ) ;
#5377 = DIRECTION ( 'NONE',  ( 0.000000000000000000, 1.000000000000000000, 0.000000000000000000 ) ) ;
#5378 = ORIENTED_EDGE ( 'NONE', *, *, #958, .F. ) ;
#5379 = CARTESIAN_POINT ( 'NONE',  ( -8.000000000000000000, -8.050000000000000711, 71.53553390593270933 ) ) ;
#5380 = VECTOR ( 'NONE', #1075, 1000.000000000000000 ) ;
#5381 = ORIENTED_EDGE ( 'NONE', *, *, #3495, .T. ) ;
#5382 = EDGE_LOOP ( 'NONE', ( #4498, #3286 ) ) ;
#5383 = EDGE_CURVE ( 'NONE', #261, #187, #6693, .T. ) ;
#5384 = CARTESIAN_POINT ( 'NONE',  ( 11.49896230895140015, -38.85000000000000142, -33.16999999999999460 ) ) ;
#5385 = CARTESIAN_POINT ( 'NONE',  ( 6.812000000000000277, 47.09676282616089793, 54.80000000000000426 ) ) ;
#5386 = LINE ( 'NONE', #2203, #4975 ) ;
#5387 = VERTEX_POINT ( 'NONE', #4690 ) ;
#5388 = AXIS2_PLACEMENT_3D ( 'NONE', #3004, #5093, #927 ) ;
#5389 = CARTESIAN_POINT ( 'NONE',  ( 14.12396230895140192, 26.34999999999999787, -50.81776663013170747 ) ) ;
#5390 = VERTEX_POINT ( 'NONE', #1111 ) ;
#5391 = LINE ( 'NONE', #2763, #4217 ) ;
#5392 = DIRECTION ( 'NONE',  ( 0.000000000000000000, 0.000000000000000000, 1.000000000000000000 ) ) ;
#5393 = CARTESIAN_POINT ( 'NONE',  ( 22.75735931288067349, 21.66332092008479648, -3.062052658050231191 ) ) ;
#5394 = EDGE_LOOP ( 'NONE', ( #2409, #4485, #5344, #5996, #3909, #6752 ) ) ;
#5395 = AXIS2_PLACEMENT_3D ( 'NONE', #4408, #3243, #5331 ) ;
#5396 = CARTESIAN_POINT ( 'NONE',  ( 21.00000000000000000, 0.000000000000000000, 78.00000000000000000 ) ) ;
#5397 = ORIENTED_EDGE ( 'NONE', *, *, #5777, .F. ) ;
#5398 = DIRECTION ( 'NONE',  ( 0.000000000000000000, 0.000000000000000000, 1.000000000000000000 ) ) ;
#5399 = CARTESIAN_POINT ( 'NONE',  ( 8.873962308951458766, 38.90328682624669909, -49.81776663013170037 ) ) ;
#5400 = AXIS2_PLACEMENT_3D ( 'NONE', #6683, #5715, #2023 ) ;
#5401 = EDGE_CURVE ( 'NONE', #5390, #2742, #1018, .T. ) ;
#5402 = FACE_OUTER_BOUND ( 'NONE', #576, .T. ) ;
#5403 = EDGE_LOOP ( 'NONE', ( #3314, #6240, #2833, #1854 ) ) ;
#5404 = CYLINDRICAL_SURFACE ( 'NONE', #2782, 2.000000000000001776 ) ;
#5405 = CARTESIAN_POINT ( 'NONE',  ( 14.12396230895140192, -29.60289267374360023, -59.91103336986829930 ) ) ;
#5406 = EDGE_LOOP ( 'NONE', ( #2621, #1527, #740, #4465 ) ) ;
#5407 = VECTOR ( 'NONE', #5623, 1000.000000000000000 ) ;
#5408 = CARTESIAN_POINT ( 'NONE',  ( 15.92923545454106460, 33.81496993995905598, -60.77205424163907566 ) ) ;
#5409 = CIRCLE ( 'NONE', #4544, 2.000000000000001776 ) ;
#5410 = DIRECTION ( 'NONE',  ( 0.000000000000000000, -1.000000000000000000, 0.000000000000000000 ) ) ;
#5411 = EDGE_LOOP ( 'NONE', ( #1961, #4254, #2391, #5082 ) ) ;
#5412 = PLANE ( 'NONE',  #2823 ) ;
#5413 = CIRCLE ( 'NONE', #3551, 1.000000000000000888 ) ;
#5414 =( BOUNDED_CURVE ( )  B_SPLINE_CURVE ( 3, ( #4622, #3578, #1038, #2595 ),
 .UNSPECIFIED., .F., .T. ) 
 B_SPLINE_CURVE_WITH_KNOTS ( ( 4, 4 ),
 ( 1.570796326794896558, 3.141592653589793116 ),
 .UNSPECIFIED. ) 
 CURVE ( )  GEOMETRIC_REPRESENTATION_ITEM ( )  RATIONAL_B_SPLINE_CURVE ( ( 1.000000000000000000, 0.8047378541243649375, 0.8047378541243649375, 1.000000000000000000 ) ) 
 REPRESENTATION_ITEM ( '' )  );
#5415 = ORIENTED_EDGE ( 'NONE', *, *, #1076, .F. ) ;
#5416 = ORIENTED_EDGE ( 'NONE', *, *, #4214, .T. ) ;
#5417 = VECTOR ( 'NONE', #2176, 1000.000000000000000 ) ;
#5418 = CARTESIAN_POINT ( 'NONE',  ( 12.40586757239010041, -35.63893746902890314, -33.16999999999999460 ) ) ;
#5419 = DIRECTION ( 'NONE',  ( 0.000000000000000000, 0.000000000000000000, -1.000000000000000000 ) ) ;
#5420 = FACE_OUTER_BOUND ( 'NONE', #1165, .T. ) ;
#5421 = ORIENTED_EDGE ( 'NONE', *, *, #2774, .T. ) ;
#5422 = EDGE_CURVE ( 'NONE', #6072, #743, #4134, .T. ) ;
#5423 = LINE ( 'NONE', #1787, #4141 ) ;
#5424 = CC_DESIGN_DATE_AND_TIME_ASSIGNMENT ( #5291, #5803, ( #1637 ) ) ;
#5425 = ORIENTED_EDGE ( 'NONE', *, *, #2151, .F. ) ;
#5426 = CARTESIAN_POINT ( 'NONE',  ( 3.000000000000000000, -33.85000000000000142, -24.17000000000000171 ) ) ;
#5427 = PLANE ( 'NONE',  #4049 ) ;
#5428 = LINE ( 'NONE', #723, #1985 ) ;
#5429 = ADVANCED_FACE ( 'NONE', ( #3073 ), #6254, .T. ) ;
#5430 = VERTEX_POINT ( 'NONE', #5741 ) ;
#5431 = CARTESIAN_POINT ( 'NONE',  ( 11.49896230895140015, 33.85000000000000142, -57.36440000000000339 ) ) ;
#5432 = VECTOR ( 'NONE', #881, 1000.000000000000000 ) ;
#5433 = VECTOR ( 'NONE', #2721, 1000.000000000000000 ) ;
#5434 = CARTESIAN_POINT ( 'NONE',  ( 6.812000000000000277, -48.76507672015620187, 54.80000000000000426 ) ) ;
#5435 = FACE_OUTER_BOUND ( 'NONE', #2213, .T. ) ;
#5436 = EDGE_CURVE ( 'NONE', #2369, #5159, #4736, .T. ) ;
#5437 = CARTESIAN_POINT ( 'NONE',  ( 0.000000000000000000, 16.32099170087160189, 0.1911329803868480059 ) ) ;
#5438 = ORIENTED_EDGE ( 'NONE', *, *, #2407, .T. ) ;
#5439 = EDGE_CURVE ( 'NONE', #605, #4693, #1212, .T. ) ;
#5440 = CARTESIAN_POINT ( 'NONE',  ( 6.248962308951460543, 33.85000000000000142, -53.36439999999999628 ) ) ;
#5441 = EDGE_CURVE ( 'NONE', #4655, #1276, #3312, .T. ) ;
#5442 = AXIS2_PLACEMENT_3D ( 'NONE', #1909, #6534, #6087 ) ;
#5443 = PLANE ( 'NONE',  #5524 ) ;
#5444 = EDGE_LOOP ( 'NONE', ( #502, #3009, #4664, #4982 ) ) ;
#5445 = FACE_BOUND ( 'NONE', #3875, .T. ) ;
#5446 = ORIENTED_EDGE ( 'NONE', *, *, #6024, .T. ) ;
#5447 = DIRECTION ( 'NONE',  ( 1.000000000000000000, 0.000000000000000000, 0.000000000000000000 ) ) ;
#5448 = EDGE_LOOP ( 'NONE', ( #113, #5184, #1668, #5168 ) ) ;
#5449 = CARTESIAN_POINT ( 'NONE',  ( 9.749456378144909507, -34.01333997346590365, -33.16999999999999460 ) ) ;
#5450 = EDGE_LOOP ( 'NONE', ( #46, #2825, #2420, #5280 ) ) ;
#5451 = EDGE_LOOP ( 'NONE', ( #6246, #3920, #1982, #5889 ) ) ;
#5452 = DIRECTION ( 'NONE',  ( 0.000000000000000000, 1.000000000000000000, 0.000000000000000000 ) ) ;
#5453 = CARTESIAN_POINT ( 'NONE',  ( 14.12396230895140192, 27.85000000000000142, -51.81776663013170747 ) ) ;
#5454 = LINE ( 'NONE', #1197, #463 ) ;
#5455 = FACE_OUTER_BOUND ( 'NONE', #296, .T. ) ;
#5456 = ORIENTED_EDGE ( 'NONE', *, *, #2651, .F. ) ;
#5457 = FACE_OUTER_BOUND ( 'NONE', #6539, .T. ) ;
#5458 = DIRECTION ( 'NONE',  ( 0.000000000000000000, 0.000000000000000000, -1.000000000000000000 ) ) ;
#5459 = VECTOR ( 'NONE', #739, 1000.000000000000000 ) ;
#5460 = ADVANCED_FACE ( 'NONE', ( #1278 ), #1175, .T. ) ;
#5461 = DIRECTION ( 'NONE',  ( 0.000000000000000000, -0.8660254037844387076, -0.4999999999999998890 ) ) ;
#5462 = EDGE_LOOP ( 'NONE', ( #6630, #829 ) ) ;
#5463 = UNCERTAINTY_MEASURE_WITH_UNIT (LENGTH_MEASURE( 1.000000000000000082E-05 ), #736, 'distance_accuracy_value', 'NONE');
#5464 = FACE_OUTER_BOUND ( 'NONE', #4382, .T. ) ;
#5465 = LINE ( 'NONE', #3788, #1769 ) ;
#5466 = FACE_OUTER_BOUND ( 'NONE', #6159, .T. ) ;
#5467 = DIRECTION ( 'NONE',  ( 0.000000000000000000, 1.000000000000000000, 0.000000000000000000 ) ) ;
#5468 = ORIENTED_EDGE ( 'NONE', *, *, #2599, .T. ) ;
#5469 = CIRCLE ( 'NONE', #4603, 2.000000000000001776 ) ;
#5470 = DIRECTION ( 'NONE',  ( -1.000000000000000000, 0.000000000000000000, 0.000000000000000000 ) ) ;
#5471 = DIRECTION ( 'NONE',  ( 0.000000000000000000, 0.4999999999999998890, 0.8660254037844387076 ) ) ;
#5472 = ORIENTED_EDGE ( 'NONE', *, *, #61, .T. ) ;
#5473 = LINE ( 'NONE', #5544, #6578 ) ;
#5474 = CIRCLE ( 'NONE', #5584, 1.000000000000000888 ) ;
#5475 = LINE ( 'NONE', #5039, #4770 ) ;
#5476 = ORIENTED_EDGE ( 'NONE', *, *, #1161, .T. ) ;
#5477 = CARTESIAN_POINT ( 'NONE',  ( 8.812000000000001165, 0.000000000000000000, 0.000000000000000000 ) ) ;
#5478 = ORIENTED_EDGE ( 'NONE', *, *, #483, .T. ) ;
#5479 = ORIENTED_EDGE ( 'NONE', *, *, #6256, .T. ) ;
#5480 = CARTESIAN_POINT ( 'NONE',  ( 6.812000000000000277, 47.09676282616089793, 53.79999999999999716 ) ) ;
#5481 = DIRECTION ( 'NONE',  ( -1.000000000000000000, 0.000000000000000000, 0.000000000000000000 ) ) ;
#5482 = AXIS2_PLACEMENT_3D ( 'NONE', #6312, #6242, #2172 ) ;
#5483 = CARTESIAN_POINT ( 'NONE',  ( -8.000000000000000000, -8.050000000000000711, 61.53553390593270223 ) ) ;
#5484 = EDGE_LOOP ( 'NONE', ( #2645, #5887 ) ) ;
#5485 = CARTESIAN_POINT ( 'NONE',  ( 0.000000000000000000, -10.00000000000000000, 27.00000000000000000 ) ) ;
#5486 = EDGE_CURVE ( 'NONE', #1774, #4407, #228, .T. ) ;
#5487 = PLANE ( 'NONE',  #2152 ) ;
#5488 = ORIENTED_EDGE ( 'NONE', *, *, #2012, .F. ) ;
#5489 = CARTESIAN_POINT ( 'NONE',  ( 3.000000000000000000, 16.00000000000000000, 75.00000000000000000 ) ) ;
#5490 = DIRECTION ( 'NONE',  ( 0.000000000000000000, 1.000000000000000000, 0.000000000000000000 ) ) ;
#5491 = DIRECTION ( 'NONE',  ( 0.000000000000000000, 0.5000000000000003331, -0.8660254037844383745 ) ) ;
#5492 = AXIS2_PLACEMENT_3D ( 'NONE', #5061, #3916, #1941 ) ;
#5493 = VERTEX_POINT ( 'NONE', #177 ) ;
#5494 = DIRECTION ( 'NONE',  ( 0.000000000000000000, 1.000000000000000000, 0.000000000000000000 ) ) ;
#5495 = CARTESIAN_POINT ( 'NONE',  ( 16.74896230895139837, -33.85000000000000142, -55.36440000000000339 ) ) ;
#5496 = DIRECTION ( 'NONE',  ( 1.000000000000000000, 0.000000000000000000, 0.000000000000000000 ) ) ;
#5497 = EDGE_CURVE ( 'NONE', #6488, #1988, #441, .T. ) ;
#5498 = EDGE_CURVE ( 'NONE', #1365, #4845, #3884, .T. ) ;
#5499 = FACE_OUTER_BOUND ( 'NONE', #399, .T. ) ;
#5500 = ORIENTED_EDGE ( 'NONE', *, *, #5436, .F. ) ;
#5501 = VERTEX_POINT ( 'NONE', #1766 ) ;
#5502 = EDGE_CURVE ( 'NONE', #3471, #6618, #989, .T. ) ;
#5503 = LINE ( 'NONE', #1974, #5190 ) ;
#5504 = DIRECTION ( 'NONE',  ( 0.000000000000000000, 1.000000000000000000, 0.000000000000000000 ) ) ;
#5505 = VERTEX_POINT ( 'NONE', #3348 ) ;
#5506 = DIRECTION ( 'NONE',  ( 0.000000000000000000, 0.000000000000000000, 1.000000000000000000 ) ) ;
#5507 = AXIS2_PLACEMENT_3D ( 'NONE', #6278, #4119, #4155 ) ;
#5508 = DIRECTION ( 'NONE',  ( 0.000000000000000000, -1.000000000000000000, 0.000000000000000000 ) ) ;
#5509 = ORIENTED_EDGE ( 'NONE', *, *, #1417, .F. ) ;
#5510 = CARTESIAN_POINT ( 'NONE',  ( 21.00000000000000000, -28.04999999999999716, 38.00000000000000000 ) ) ;
#5511 = VECTOR ( 'NONE', #4835, 1000.000000000000000 ) ;
#5512 = EDGE_LOOP ( 'NONE', ( #5708, #3733, #4567, #6000, #6509 ) ) ;
#5513 = VERTEX_POINT ( 'NONE', #2810 ) ;
#5514 = CARTESIAN_POINT ( 'NONE',  ( 11.20074568225280132, -33.85000000000000142, -33.16999999999999460 ) ) ;
#5515 = DIRECTION ( 'NONE',  ( 1.000000000000000000, 0.000000000000000000, 0.000000000000000000 ) ) ;
#5516 = CARTESIAN_POINT ( 'NONE',  ( 2.272393124890999871, 19.23141920130759885, 22.90491500514150047 ) ) ;
#5517 = AXIS2_PLACEMENT_3D ( 'NONE', #4204, #3686, #4656 ) ;
#5518 = EDGE_LOOP ( 'NONE', ( #603, #5478, #5866, #6119 ) ) ;
#5519 = VECTOR ( 'NONE', #5139, 1000.000000000000000 ) ;
#5520 = CARTESIAN_POINT ( 'NONE',  ( 8.812000000000001165, -23.05000000000000071, 52.85000000000000142 ) ) ;
#5521 = DIRECTION ( 'NONE',  ( 1.000000000000000000, 0.000000000000000000, 0.000000000000000000 ) ) ;
#5522 = VERTEX_POINT ( 'NONE', #4445 ) ;
#5523 = EDGE_CURVE ( 'NONE', #2555, #3696, #3310, .T. ) ;
#5524 = AXIS2_PLACEMENT_3D ( 'NONE', #734, #22, #2130 ) ;
#5525 = ADVANCED_FACE ( 'NONE', ( #2219 ), #2843, .F. ) ;
#5526 = CARTESIAN_POINT ( 'NONE',  ( 8.873962308951458766, 27.85000000000000142, -50.81776663013170747 ) ) ;
#5527 = EDGE_CURVE ( 'NONE', #3794, #1743, #1694, .T. ) ;
#5528 = ORIENTED_EDGE ( 'NONE', *, *, #6494, .T. ) ;
#5529 = CARTESIAN_POINT ( 'NONE',  ( 8.873968445256231519, 33.58609540502356339, -61.91105568792249869 ) ) ;
#5530 = DIRECTION ( 'NONE',  ( 0.000000000000000000, -1.000000000000000000, 0.000000000000000000 ) ) ;
#5531 = DIRECTION ( 'NONE',  ( 1.000000000000000000, 0.000000000000000000, 0.000000000000000000 ) ) ;
#5532 = VECTOR ( 'NONE', #2002, 1000.000000000000000 ) ;
#5533 = ORIENTED_EDGE ( 'NONE', *, *, #1138, .F. ) ;
#5534 = ORIENTED_EDGE ( 'NONE', *, *, #150, .F. ) ;
#5535 = DIRECTION ( 'NONE',  ( 0.000000000000000000, 0.7071067811865507924, -0.7071067811865441310 ) ) ;
#5536 = LINE ( 'NONE', #6562, #2433 ) ;
#5537 = LINE ( 'NONE', #4929, #488 ) ;
#5538 = DIRECTION ( 'NONE',  ( 0.000000000000000000, -1.000000000000000000, 0.000000000000000000 ) ) ;
#5539 = EDGE_LOOP ( 'NONE', ( #1007, #3010, #2999, #2477 ) ) ;
#5540 = CYLINDRICAL_SURFACE ( 'NONE', #4860, 2.999999999999999112 ) ;
#5541 = DIRECTION ( 'NONE',  ( -1.000000000000000000, 0.000000000000000000, 0.000000000000000000 ) ) ;
#5542 = VERTEX_POINT ( 'NONE', #4347 ) ;
#5543 = ADVANCED_FACE ( 'NONE', ( #1144 ), #5844, .F. ) ;
#5544 = CARTESIAN_POINT ( 'NONE',  ( 21.60000000000000142, -24.06332092008489809, -7.218974596215559814 ) ) ;
#5545 = EDGE_CURVE ( 'NONE', #5759, #3724, #5465, .T. ) ;
#5546 = FACE_OUTER_BOUND ( 'NONE', #6716, .T. ) ;
#5547 = ORIENTED_EDGE ( 'NONE', *, *, #2920, .T. ) ;
#5548 = ADVANCED_FACE ( 'NONE', ( #659 ), #4962, .F. ) ;
#5549 = VERTEX_POINT ( 'NONE', #5332 ) ;
#5550 = VERTEX_POINT ( 'NONE', #624 ) ;
#5551 = DIRECTION ( 'NONE',  ( 0.000000000000000000, -1.000000000000000000, 0.000000000000000000 ) ) ;
#5552 = CARTESIAN_POINT ( 'NONE',  ( 14.12396230895140192, 26.34999999999999787, -50.81776663013170747 ) ) ;
#5553 = ORIENTED_EDGE ( 'NONE', *, *, #1370, .F. ) ;
#5554 = B_SPLINE_CURVE_WITH_KNOTS ( 'NONE', 3,
 ( #543, #60, #579, #3166, #4709, #4228, #2694, #4783, #1580, #6757, #3675, #3634, #1061, #3598, #1096, #6207, #2173, #1508, #3134, #1618, #3705, #5214, #2658, #1543, #2585, #4750, #1648, #478, #2099, #5687, #5284, #4262, #6343, #5724, #988, #2135, #612, #6795, #3739, #27 ),
 .UNSPECIFIED., .F., .F.,
 ( 4, 2, 2, 2, 2, 2, 1, 2, 2, 2, 1, 2, 2, 2, 2, 2, 1, 2, 2, 1, 2, 4 ),
 ( 0.3852699433743982937, 0.4621112004526273243, 0.5389524575308562993, 0.6157937146090852742, 0.6205962931764730239, 0.6253988717438606626, 0.6350040288786360509, 0.6542143431481862725, 0.6926349716872872708, 0.7310556002263882691, 0.7406607573611634354, 0.7454633359285500749, 0.7502659144959367143, 0.7694762287654819399, 0.8463174858436552928, 0.8655278001131971877, 0.8703303786805800524, 0.8727316679642711517, 0.8751329572479621399, 0.8847381143827337535, 0.9231587429218210961, 1.000000000000000000 ),
 .UNSPECIFIED. ) ;
#5555 = DIRECTION ( 'NONE',  ( 0.000000000000000000, 1.000000000000000000, 0.000000000000000000 ) ) ;
#5556 = FACE_BOUND ( 'NONE', #6645, .T. ) ;
#5557 = ORIENTED_EDGE ( 'NONE', *, *, #5294, .T. ) ;
#5558 = LINE ( 'NONE', #3877, #1800 ) ;
#5559 = VERTEX_POINT ( 'NONE', #5879 ) ;
#5560 = FACE_OUTER_BOUND ( 'NONE', #2496, .T. ) ;
#5561 = CARTESIAN_POINT ( 'NONE',  ( 3.000000000000000000, 30.84999999999999787, -52.17000000000000171 ) ) ;
#5562 = FACE_BOUND ( 'NONE', #5799, .T. ) ;
#5563 = EDGE_CURVE ( 'NONE', #2884, #4693, #3274, .T. ) ;
#5564 = ORIENTED_EDGE ( 'NONE', *, *, #2439, .F. ) ;
#5565 = AXIS2_PLACEMENT_3D ( 'NONE', #5314, #225, #6438 ) ;
#5566 = CARTESIAN_POINT ( 'NONE',  ( 10.29717893565010023, -34.85000000000000142, -33.16999999999999460 ) ) ;
#5567 = FACE_OUTER_BOUND ( 'NONE', #5448, .T. ) ;
#5568 = PLANE ( 'NONE',  #6081 ) ;
#5569 = EDGE_CURVE ( 'NONE', #4585, #4288, #3819, .T. ) ;
#5570 = CYLINDRICAL_SURFACE ( 'NONE', #5985, 2.000000000000001776 ) ;
#5571 = ORIENTED_EDGE ( 'NONE', *, *, #2885, .T. ) ;
#5572 = VERTEX_POINT ( 'NONE', #281 ) ;
#5573 = EDGE_CURVE ( 'NONE', #6607, #3126, #3734, .T. ) ;
#5574 = DIRECTION ( 'NONE',  ( 0.000000000000000000, 0.000000000000000000, 1.000000000000000000 ) ) ;
#5575 = CARTESIAN_POINT ( 'NONE',  ( 14.12396230895140192, -33.85000000000000142, -59.91103336986829930 ) ) ;
#5576 = LINE ( 'NONE', #3995, #6672 ) ;
#5577 = AXIS2_PLACEMENT_3D ( 'NONE', #496, #1560, #3654 ) ;
#5578 = DIRECTION ( 'NONE',  ( 0.000000000000000000, 0.000000000000000000, -1.000000000000000000 ) ) ;
#5579 = ORIENTED_EDGE ( 'NONE', *, *, #1062, .T. ) ;
#5580 = VECTOR ( 'NONE', #4686, 1000.000000000000000 ) ;
#5581 = EDGE_CURVE ( 'NONE', #4794, #5605, #5536, .T. ) ;
#5582 = ORIENTED_EDGE ( 'NONE', *, *, #5288, .T. ) ;
#5583 = CYLINDRICAL_SURFACE ( 'NONE', #2872, 2.999999999999999112 ) ;
#5584 = AXIS2_PLACEMENT_3D ( 'NONE', #1790, #1826, #4501 ) ;
#5585 = CARTESIAN_POINT ( 'NONE',  ( 8.812000000000001165, -34.79276695296635324, 34.79276695296631772 ) ) ;
#5586 = ORIENTED_EDGE ( 'NONE', *, *, #5961, .F. ) ;
#5587 = LINE ( 'NONE', #1468, #4092 ) ;
#5588 = CARTESIAN_POINT ( 'NONE',  ( 16.74896230895139837, 26.34999999999999787, -56.36440000000000339 ) ) ;
#5589 = CARTESIAN_POINT ( 'NONE',  ( 24.00000000000000000, -11.58553390593270116, 58.00000000000000000 ) ) ;
#5590 = AXIS2_PLACEMENT_3D ( 'NONE', #2988, #5551, #5015 ) ;
#5591 = ADVANCED_FACE ( 'NONE', ( #5029 ), #2910, .F. ) ;
#5592 = CARTESIAN_POINT ( 'NONE',  ( 16.74896230895139837, -27.85000000000000142, -55.36440000000000339 ) ) ;
#5593 = ORIENTED_EDGE ( 'NONE', *, *, #5920, .T. ) ;
#5594 = CIRCLE ( 'NONE', #104, 1.000000000000000888 ) ;
#5595 = CARTESIAN_POINT ( 'NONE',  ( 13.24252759892419995, -36.18666002653410629, -33.16999999999999460 ) ) ;
#5596 = LINE ( 'NONE', #920, #137 ) ;
#5597 = CARTESIAN_POINT ( 'NONE',  ( 10.81200000000000117, -16.00000000000000000, 42.00000000000000000 ) ) ;
#5598 = AXIS2_PLACEMENT_3D ( 'NONE', #5769, #587, #6766 ) ;
#5599 = ORIENTED_EDGE ( 'NONE', *, *, #4520, .F. ) ;
#5600 = LINE ( 'NONE', #379, #3538 ) ;
#5601 = DIRECTION ( 'NONE',  ( 0.000000000000000000, -2.891205793294677833E-16, -1.000000000000000000 ) ) ;
#5602 = AXIS2_PLACEMENT_3D ( 'NONE', #5434, #208, #729 ) ;
#5603 = CARTESIAN_POINT ( 'NONE',  ( 10.29717893565010023, -34.85000000000000142, -24.17000000000000171 ) ) ;
#5604 = PLANE ( 'NONE',  #5442 ) ;
#5605 = VERTEX_POINT ( 'NONE', #4021 ) ;
#5606 = ORIENTED_EDGE ( 'NONE', *, *, #725, .T. ) ;
#5607 = CARTESIAN_POINT ( 'NONE',  ( -8.000000000000000000, 3.535533905932729759, 68.00000000000000000 ) ) ;
#5608 = LINE ( 'NONE', #1353, #6038 ) ;
#5609 = EDGE_CURVE ( 'NONE', #4209, #1326, #2215, .T. ) ;
#5610 = CARTESIAN_POINT ( 'NONE',  ( 8.812000000000001165, -11.58553390593270116, 68.00000000000000000 ) ) ;
#5611 = ORIENTED_EDGE ( 'NONE', *, *, #4438, .T. ) ;
#5612 = CIRCLE ( 'NONE', #1450, 1.000000000000000888 ) ;
#5613 = ORIENTED_EDGE ( 'NONE', *, *, #2288, .T. ) ;
#5614 = PLANE ( 'NONE',  #3188 ) ;
#5615 = DIRECTION ( 'NONE',  ( 0.000000000000000000, -1.000000000000000000, 0.000000000000000000 ) ) ;
#5616 = ORIENTED_EDGE ( 'NONE', *, *, #1012, .T. ) ;
#5617 = PLANE ( 'NONE',  #4983 ) ;
#5618 = CARTESIAN_POINT ( 'NONE',  ( 6.944378246014586864, -33.76901913411252565, -60.44095787516940277 ) ) ;
#5619 = CARTESIAN_POINT ( 'NONE',  ( 24.00000000000000000, 8.050000000000000711, 64.46446609406729067 ) ) ;
#5620 = CARTESIAN_POINT ( 'NONE',  ( 6.812000000000000277, -25.05000000000000071, 69.79999999999999716 ) ) ;
#5621 = ORIENTED_EDGE ( 'NONE', *, *, #6062, .F. ) ;
#5622 = CARTESIAN_POINT ( 'NONE',  ( 9.665039612783257184, 33.72440485581244474, -61.74845899122519199 ) ) ;
#5623 = DIRECTION ( 'NONE',  ( 0.000000000000000000, -1.000000000000000000, 0.000000000000000000 ) ) ;
#5624 = CARTESIAN_POINT ( 'NONE',  ( 24.00000000000000000, 8.050000000000000711, 61.53553390593270223 ) ) ;
#5625 = EDGE_CURVE ( 'NONE', #6589, #3466, #2386, .T. ) ;
#5626 = VECTOR ( 'NONE', #508, 1000.000000000000000 ) ;
#5627 = ORIENTED_EDGE ( 'NONE', *, *, #6494, .F. ) ;
#5628 = DIRECTION ( 'NONE',  ( 0.000000000000000000, 0.7071067811865470176, -0.7071067811865480168 ) ) ;
#5629 = CIRCLE ( 'NONE', #3015, 3.000000000000002665 ) ;
#5630 = CARTESIAN_POINT ( 'NONE',  ( 6.812000000000000277, 25.05000000000000071, 68.79999999999999716 ) ) ;
#5631 = DIRECTION ( 'NONE',  ( 0.000000000000000000, -1.000000000000000000, 0.000000000000000000 ) ) ;
#5632 = CIRCLE ( 'NONE', #3552, 1.000000000000000888 ) ;
#5633 = CIRCLE ( 'NONE', #6518, 2.000000000000001776 ) ;
#5634 = CARTESIAN_POINT ( 'NONE',  ( 0.000000000000000000, -16.00000000000000000, 42.00000000000000000 ) ) ;
#5635 = EDGE_LOOP ( 'NONE', ( #5121, #6069, #658, #2789 ) ) ;
#5636 = LINE ( 'NONE', #4556, #1005 ) ;
#5637 = DIRECTION ( 'NONE',  ( 0.000000000000000000, -1.000000000000000000, 0.000000000000000000 ) ) ;
#5638 = LINE ( 'NONE', #3047, #1428 ) ;
#5639 = EDGE_CURVE ( 'NONE', #2780, #622, #2543, .T. ) ;
#5640 = EDGE_CURVE ( 'NONE', #744, #3859, #2437, .T. ) ;
#5641 = CYLINDRICAL_SURFACE ( 'NONE', #4156, 15.60844610148000022 ) ;
#5642 = ORIENTED_EDGE ( 'NONE', *, *, #150, .T. ) ;
#5643 = ORIENTED_EDGE ( 'NONE', *, *, #6023, .T. ) ;
#5644 = AXIS2_PLACEMENT_3D ( 'NONE', #507, #2578, #2610 ) ;
#5645 = CARTESIAN_POINT ( 'NONE',  ( 8.812000000000001165, 30.76776695296634756, 30.76776695296669573 ) ) ;
#5646 = CARTESIAN_POINT ( 'NONE',  ( 24.00000000000000000, -30.84999999999999787, -52.17000000000000171 ) ) ;
#5647 = ORIENTED_EDGE ( 'NONE', *, *, #3740, .F. ) ;
#5648 = LINE ( 'NONE', #6070, #253 ) ;
#5649 = LINE ( 'NONE', #5175, #4799 ) ;
#5650 = DIRECTION ( 'NONE',  ( 0.000000000000000000, -0.7071067811865503483, -0.7071067811865445751 ) ) ;
#5651 = DIRECTION ( 'NONE',  ( 0.000000000000000000, 0.000000000000000000, -1.000000000000000000 ) ) ;
#5652 = ORIENTED_EDGE ( 'NONE', *, *, #863, .T. ) ;
#5653 = TOROIDAL_SURFACE ( 'NONE', #3575, 18.60844610147999845, 3.000000000000000000 ) ;
#5654 = CARTESIAN_POINT ( 'NONE',  ( 10.51974270350149787, 33.85000000000000142, -61.04743422032309752 ) ) ;
#5655 = PLANE ( 'NONE',  #3007 ) ;
#5656 = DIRECTION ( 'NONE',  ( 0.000000000000000000, 0.000000000000000000, 1.000000000000000000 ) ) ;
#5657 = CIRCLE ( 'NONE', #2720, 2.000000000000001776 ) ;
#5658 = ORIENTED_EDGE ( 'NONE', *, *, #5867, .T. ) ;
#5659 = PLANE ( 'NONE',  #4442 ) ;
#5660 = EDGE_CURVE ( 'NONE', #2057, #4579, #3628, .T. ) ;
#5661 = CARTESIAN_POINT ( 'NONE',  ( 6.812000000000000277, 28.04999999999999716, 56.80000000000000426 ) ) ;
#5662 = CARTESIAN_POINT ( 'NONE',  ( 8.873962308951458766, 38.90328682624669909, -50.81776663013170747 ) ) ;
#5663 = AXIS2_PLACEMENT_3D ( 'NONE', #3168, #1268, #1754 ) ;
#5664 = PLANE ( 'NONE',  #6307 ) ;
#5665 = ORIENTED_EDGE ( 'NONE', *, *, #1394, .T. ) ;
#5666 = DIRECTION ( 'NONE',  ( 1.000000000000000000, 0.000000000000000000, 0.000000000000000000 ) ) ;
#5667 = EDGE_CURVE ( 'NONE', #5542, #2055, #6697, .T. ) ;
#5668 = DIRECTION ( 'NONE',  ( 0.000000000000000000, 0.8660254037844385966, 0.5000000000000000000 ) ) ;
#5669 = LINE ( 'NONE', #4979, #2532 ) ;
#5670 = CARTESIAN_POINT ( 'NONE',  ( -8.000000000000000000, 8.050000000000000711, 54.46446609406730488 ) ) ;
#5671 = ORIENTED_EDGE ( 'NONE', *, *, #3414, .T. ) ;
#5672 = ORIENTED_EDGE ( 'NONE', *, *, #5609, .T. ) ;
#5673 = ADVANCED_BREP_SHAPE_REPRESENTATION ( 'Upper_arm.stp', ( #2629, #4041 ), #4932 ) ;
#5674 = VERTEX_POINT ( 'NONE', #5630 ) ;
#5675 = CARTESIAN_POINT ( 'NONE',  ( 12.00000000000000000, 30.84999999999999787, -52.17000000000000171 ) ) ;
#5676 = CARTESIAN_POINT ( 'NONE',  ( 7.188341131437391951, 33.66210418688391570, -60.98833470644574817 ) ) ;
#5677 = EDGE_LOOP ( 'NONE', ( #1892, #4858, #6754, #5827 ) ) ;
#5678 = DIRECTION ( 'NONE',  ( 0.000000000000000000, -1.000000000000000000, 0.000000000000000000 ) ) ;
#5679 = CARTESIAN_POINT ( 'NONE',  ( 21.00000000000000000, -28.04999999999999716, 38.00000000000000000 ) ) ;
#5680 = DIRECTION ( 'NONE',  ( -0.000000000000000000, 1.000000000000000000, 0.000000000000000000 ) ) ;
#5681 = AXIS2_PLACEMENT_3D ( 'NONE', #2414, #5056, #1408 ) ;
#5682 = CARTESIAN_POINT ( 'NONE',  ( 21.00000000000000000, -21.66332092008489951, -3.062052658050260057 ) ) ;
#5683 = ORIENTED_EDGE ( 'NONE', *, *, #6406, .F. ) ;
#5684 = DIRECTION ( 'NONE',  ( 0.000000000000000000, 1.000000000000000000, 0.000000000000000000 ) ) ;
#5685 = CARTESIAN_POINT ( 'NONE',  ( 8.873962308951309552, -33.85000000000000142, -57.91103336986829930 ) ) ;
#5686 = EDGE_CURVE ( 'NONE', #3271, #6513, #6598, .T. ) ;
#5687 = CARTESIAN_POINT ( 'NONE',  ( 15.93635788346708537, -33.81662980154058573, -60.75675253225338679 ) ) ;
#5688 = AXIS2_PLACEMENT_3D ( 'NONE', #2302, #6483, #6341 ) ;
#5689 = FACE_OUTER_BOUND ( 'NONE', #1286, .T. ) ;
#5690 = ORIENTED_EDGE ( 'NONE', *, *, #2162, .T. ) ;
#5691 = CARTESIAN_POINT ( 'NONE',  ( 16.74896230895139837, 33.90188994426890190, -56.36440000000000339 ) ) ;
#5692 = DIRECTION ( 'NONE',  ( 0.000000000000000000, 0.000000000000000000, 1.000000000000000000 ) ) ;
#5693 = VECTOR ( 'NONE', #5783, 1000.000000000000000 ) ;
#5694 = APPROVAL_ROLE ( '' ) ;
#5695 = CYLINDRICAL_SURFACE ( 'NONE', #553, 1.000000000000000888 ) ;
#5696 = VECTOR ( 'NONE', #2010, 1000.000000000000000 ) ;
#5697 = LINE ( 'NONE', #4721, #3568 ) ;
#5698 = ORIENTED_EDGE ( 'NONE', *, *, #4458, .F. ) ;
#5699 = ORIENTED_EDGE ( 'NONE', *, *, #2158, .T. ) ;
#5700 = AXIS2_PLACEMENT_3D ( 'NONE', #2285, #5910, #5398 ) ;
#5701 = DIRECTION ( 'NONE',  ( 0.000000000000000000, -1.000000000000000000, 0.000000000000000000 ) ) ;
#5702 = CARTESIAN_POINT ( 'NONE',  ( 8.873962308951309552, 27.85000000000000142, -59.91103336986829930 ) ) ;
#5703 = DIRECTION ( 'NONE',  ( 0.000000000000000000, 0.000000000000000000, 1.000000000000000000 ) ) ;
#5704 = ADVANCED_FACE ( 'NONE', ( #1905 ), #3446, .T. ) ;
#5705 = AXIS2_PLACEMENT_3D ( 'NONE', #344, #3039, #4477 ) ;
#5706 = CC_DESIGN_PERSON_AND_ORGANIZATION_ASSIGNMENT ( #551, #2552, ( #215 ) ) ;
#5707 = CYLINDRICAL_SURFACE ( 'NONE', #1748, 2.000000000000001776 ) ;
#5708 = ORIENTED_EDGE ( 'NONE', *, *, #1347, .F. ) ;
#5709 = VERTEX_POINT ( 'NONE', #861 ) ;
#5710 = ORIENTED_EDGE ( 'NONE', *, *, #1859, .F. ) ;
#5711 = DIRECTION ( 'NONE',  ( 0.000000000000000000, 1.000000000000000000, 0.000000000000000000 ) ) ;
#5712 = VERTEX_POINT ( 'NONE', #4052 ) ;
#5713 = ORIENTED_EDGE ( 'NONE', *, *, #5215, .T. ) ;
#5714 = CARTESIAN_POINT ( 'NONE',  ( 9.806894634013955780, -33.75220569669632908, -61.68014405210526263 ) ) ;
#5715 = DIRECTION ( 'NONE',  ( 0.000000000000000000, -1.000000000000000000, 0.000000000000000000 ) ) ;
#5716 = CIRCLE ( 'NONE', #803, 3.000000000000001776 ) ;
#5717 = CARTESIAN_POINT ( 'NONE',  ( 24.00000000000000000, -19.06524470873160126, 28.43794734194980123 ) ) ;
#5718 = CARTESIAN_POINT ( 'NONE',  ( 6.812000000000000277, -28.04999999999999716, 68.79999999999999716 ) ) ;
#5719 = ORIENTED_EDGE ( 'NONE', *, *, #467, .F. ) ;
#5720 = VERTEX_POINT ( 'NONE', #3985 ) ;
#5721 = CARTESIAN_POINT ( 'NONE',  ( 9.418943357056138055, 33.67695234568979856, -61.83630323295725617 ) ) ;
#5722 = LINE ( 'NONE', #3165, #4792 ) ;
#5723 = VECTOR ( 'NONE', #1740, 1000.000000000000000 ) ;
#5724 = CARTESIAN_POINT ( 'NONE',  ( 15.94307573568703340, -33.81819479717423604, -60.74220377742096844 ) ) ;
#5725 = VECTOR ( 'NONE', #3903, 1000.000000000000000 ) ;
#5726 = LINE ( 'NONE', #6796, #5892 ) ;
#5727 = EDGE_CURVE ( 'NONE', #4723, #6544, #1884, .T. ) ;
#5728 = EDGE_CURVE ( 'NONE', #5513, #1419, #2769, .T. ) ;
#5729 = EDGE_CURVE ( 'NONE', #4036, #2107, #6084, .T. ) ;
#5730 = ORIENTED_EDGE ( 'NONE', *, *, #1556, .T. ) ;
#5731 = LINE ( 'NONE', #5122, #1472 ) ;
#5732 = CIRCLE ( 'NONE', #2797, 2.000000000000001776 ) ;
#5733 = DIRECTION ( 'NONE',  ( 0.000000000000000000, 1.734723475976809806E-16, -1.000000000000000000 ) ) ;
#5734 = APPROVAL_DATE_TIME ( #6350, #5014 ) ;
#5735 = CARTESIAN_POINT ( 'NONE',  ( 2.272393124890999871, 19.23141920130759885, 0.9709796787580109445 ) ) ;
#5736 = CARTESIAN_POINT ( 'NONE',  ( 21.00000000000000000, -6.938893903907229955E-15, -14.74735342352009937 ) ) ;
#5737 = EDGE_LOOP ( 'NONE', ( #3427, #4106, #3595, #4422, #2928, #2790, #4668, #4506, #5586 ) ) ;
#5738 = ORIENTED_EDGE ( 'NONE', *, *, #6110, .F. ) ;
#5739 = CARTESIAN_POINT ( 'NONE',  ( 6.248962308951460543, 33.85000000000000142, -55.36440000000000339 ) ) ;
#5740 = CIRCLE ( 'NONE', #593, 2.000000000000001776 ) ;
#5741 = CARTESIAN_POINT ( 'NONE',  ( 8.255397018978689161, -36.18666002653410629, -43.17000000000000171 ) ) ;
#5742 = CARTESIAN_POINT ( 'NONE',  ( 21.00000000000000000, 26.34999999999999787, -29.17000000000000171 ) ) ;
#5743 = CARTESIAN_POINT ( 'NONE',  ( 12.00000000000000000, -30.84999999999999787, -52.17000000000000171 ) ) ;
#5744 = ORIENTED_EDGE ( 'NONE', *, *, #880, .T. ) ;
#5745 = DIRECTION ( 'NONE',  ( 0.000000000000000000, 2.973811673103100130E-16, 1.000000000000000000 ) ) ;
#5746 = ADVANCED_FACE ( 'NONE', ( #1448 ), #4959, .T. ) ;
#5747 = CARTESIAN_POINT ( 'NONE',  ( 3.000000000000000000, 25.05000000000000071, 75.00000000000000000 ) ) ;
#5748 = CARTESIAN_POINT ( 'NONE',  ( 7.907532649116377321, 33.53386422083796958, -61.66768590482821111 ) ) ;
#5749 = ORIENTED_EDGE ( 'NONE', *, *, #6296, .T. ) ;
#5750 = ORIENTED_EDGE ( 'NONE', *, *, #4458, .T. ) ;
#5751 = ADVANCED_FACE ( 'NONE', ( #5567 ), #3478, .F. ) ;
#5752 = LINE ( 'NONE', #1610, #1956 ) ;
#5753 = EDGE_LOOP ( 'NONE', ( #2450, #5070, #6666, #1058 ) ) ;
#5754 = DIRECTION ( 'NONE',  ( 0.000000000000000000, -1.000000000000000000, 0.000000000000000000 ) ) ;
#5755 = VERTEX_POINT ( 'NONE', #5661 ) ;
#5756 = AXIS2_PLACEMENT_3D ( 'NONE', #2182, #3270, #6353 ) ;
#5757 = CARTESIAN_POINT ( 'NONE',  ( 24.00000000000000000, 21.66332092008489951, -3.062052658050260057 ) ) ;
#5758 = ORIENTED_EDGE ( 'NONE', *, *, #1609, .F. ) ;
#5759 = VERTEX_POINT ( 'NONE', #3679 ) ;
#5760 = EDGE_CURVE ( 'NONE', #2089, #938, #5802, .T. ) ;
#5761 = CARTESIAN_POINT ( 'NONE',  ( 3.000000000000000000, 33.85000000000000142, -24.17000000000000171 ) ) ;
#5762 = DIRECTION ( 'NONE',  ( -1.000000000000000000, 0.000000000000000000, 0.000000000000000000 ) ) ;
#5763 = CYLINDRICAL_SURFACE ( 'NONE', #580, 2.000000000000001776 ) ;
#5764 = CARTESIAN_POINT ( 'NONE',  ( 7.149249704235002945, -33.67563773290103057, -60.92389385333594021 ) ) ;
#5765 = ORIENTED_EDGE ( 'NONE', *, *, #1455, .T. ) ;
#5766 = AXIS2_PLACEMENT_3D ( 'NONE', #1632, #5881, #1249 ) ;
#5767 = CARTESIAN_POINT ( 'NONE',  ( 8.873962308951309552, -27.85000000000000142, -59.91103336986829930 ) ) ;
#5768 = DIRECTION ( 'NONE',  ( 0.000000000000000000, 0.000000000000000000, 1.000000000000000000 ) ) ;
#5769 = CARTESIAN_POINT ( 'NONE',  ( 24.00000000000000000, -6.938893903907229955E-15, -14.74735342352009937 ) ) ;
#5770 = ADVANCED_FACE ( 'NONE', ( #3638, #6181, #4754 ), #1590, .T. ) ;
#5771 = DIRECTION ( 'NONE',  ( 0.000000000000000000, 0.000000000000000000, -1.000000000000000000 ) ) ;
#5772 = ORIENTED_EDGE ( 'NONE', *, *, #5686, .F. ) ;
#5773 = CARTESIAN_POINT ( 'NONE',  ( 8.812000000000001165, -16.00000000000000000, 72.84999999999999432 ) ) ;
#5774 = CARTESIAN_POINT ( 'NONE',  ( 14.12396230895140192, 33.85000000000000142, -61.91103336986829930 ) ) ;
#5775 = CARTESIAN_POINT ( 'NONE',  ( 6.900565073486590428, 33.85000000000000142, -59.58591285212109767 ) ) ;
#5776 = EDGE_CURVE ( 'NONE', #5894, #1708, #448, .T. ) ;
#5777 = EDGE_CURVE ( 'NONE', #2156, #1928, #995, .T. ) ;
#5778 = DIRECTION ( 'NONE',  ( 0.000000000000000000, 0.000000000000000000, 1.000000000000000000 ) ) ;
#5779 = ORIENTED_EDGE ( 'NONE', *, *, #4522, .T. ) ;
#5780 = DIRECTION ( 'NONE',  ( 0.000000000000000000, 1.000000000000000000, 9.251858538542973800E-15 ) ) ;
#5781 = VECTOR ( 'NONE', #3765, 1000.000000000000000 ) ;
#5782 = EDGE_LOOP ( 'NONE', ( #2293, #6128, #3186, #310 ) ) ;
#5783 = DIRECTION ( 'NONE',  ( -1.000000000000000000, 0.000000000000000000, 0.000000000000000000 ) ) ;
#5784 = CARTESIAN_POINT ( 'NONE',  ( 6.248962308951460543, 27.85000000000000142, -56.36440000000000339 ) ) ;
#5785 = EDGE_LOOP ( 'NONE', ( #3117, #2448, #3379, #6304 ) ) ;
#5786 = CARTESIAN_POINT ( 'NONE',  ( 9.958853933224206756, -33.78113825347413268, -61.59272834323438417 ) ) ;
#5787 = ORIENTED_EDGE ( 'NONE', *, *, #5573, .T. ) ;
#5788 = ADVANCED_FACE ( 'NONE', ( #484 ), #4717, .F. ) ;
#5789 = CARTESIAN_POINT ( 'NONE',  ( 24.00000000000000000, -21.66332092008489951, -3.062052658050260057 ) ) ;
#5790 = ORIENTED_EDGE ( 'NONE', *, *, #2197, .T. ) ;
#5791 = VERTEX_POINT ( 'NONE', #5152 ) ;
#5792 = CARTESIAN_POINT ( 'NONE',  ( 0.000000000000000000, -25.05000000000000071, 73.92500000000001137 ) ) ;
#5793 = DIRECTION ( 'NONE',  ( 0.000000000000000000, 6.736790197968200114E-16, -1.000000000000000000 ) ) ;
#5794 = FACE_OUTER_BOUND ( 'NONE', #1083, .T. ) ;
#5795 = EDGE_CURVE ( 'NONE', #1611, #4941, #5165, .T. ) ;
#5796 = EDGE_CURVE ( 'NONE', #3735, #3974, #1548, .T. ) ;
#5797 = CARTESIAN_POINT ( 'NONE',  ( 7.555588451269011685, -33.57359027631127191, -61.41505032793221375 ) ) ;
#5798 = ADVANCED_FACE ( 'NONE', ( #447 ), #3710, .T. ) ;
#5799 = EDGE_LOOP ( 'NONE', ( #2613, #4247, #6265, #6681 ) ) ;
#5800 = VECTOR ( 'NONE', #2553, 1000.000000000000000 ) ;
#5801 = CARTESIAN_POINT ( 'NONE',  ( 24.00000000000000000, 3.746377016470389724E-14, 75.00000000000000000 ) ) ;
#5802 = LINE ( 'NONE', #586, #3307 ) ;
#5803 = DATE_TIME_ROLE ( 'classification_date' ) ;
#5804 = LINE ( 'NONE', #4820, #4385 ) ;
#5805 = AXIS2_PLACEMENT_3D ( 'NONE', #2733, #5836, #67 ) ;
#5806 = CARTESIAN_POINT ( 'NONE',  ( 10.81200000000000117, 23.05000000000000071, 52.85000000000000142 ) ) ;
#5807 = ORIENTED_EDGE ( 'NONE', *, *, #3513, .F. ) ;
#5808 = AXIS2_PLACEMENT_3D ( 'NONE', #2083, #4177, #3661 ) ;
#5809 = CYLINDRICAL_SURFACE ( 'NONE', #682, 2.000000000000001776 ) ;
#5810 = DIRECTION ( 'NONE',  ( 0.000000000000000000, 0.000000000000000000, -1.000000000000000000 ) ) ;
#5811 = VECTOR ( 'NONE', #2237, 1000.000000000000000 ) ;
#5812 = CARTESIAN_POINT ( 'NONE',  ( 6.812000000000000277, -25.05000000000000071, 54.80000000000000426 ) ) ;
#5813 = CIRCLE ( 'NONE', #4525, 2.999999999999999112 ) ;
#5814 = CIRCLE ( 'NONE', #3522, 12.00000000000000355 ) ;
#5815 = DIRECTION ( 'NONE',  ( 0.000000000000000000, 1.000000000000000000, 0.000000000000000000 ) ) ;
#5816 = VERTEX_POINT ( 'NONE', #550 ) ;
#5817 = LINE ( 'NONE', #1115, #5723 ) ;
#5818 = EDGE_CURVE ( 'NONE', #3731, #3534, #6213, .T. ) ;
#5819 = ORIENTED_EDGE ( 'NONE', *, *, #3886, .F. ) ;
#5820 = CYLINDRICAL_SURFACE ( 'NONE', #3077, 1.000000000000000888 ) ;
#5821 = AXIS2_PLACEMENT_3D ( 'NONE', #1832, #1867, #1382 ) ;
#5822 = CARTESIAN_POINT ( 'NONE',  ( 8.500273206085248390, 33.54499368402252912, -61.87712192577491521 ) ) ;
#5823 = ORIENTED_EDGE ( 'NONE', *, *, #3159, .T. ) ;
#5824 = CARTESIAN_POINT ( 'NONE',  ( 12.00000000000000000, 33.85000000000000142, -52.17000000000000171 ) ) ;
#5825 = ORIENTED_EDGE ( 'NONE', *, *, #3099, .T. ) ;
#5826 = CARTESIAN_POINT ( 'NONE',  ( 24.00000000000000000, -18.66332092008489951, -3.062052658050260057 ) ) ;
#5827 = ORIENTED_EDGE ( 'NONE', *, *, #5229, .T. ) ;
#5828 = EDGE_LOOP ( 'NONE', ( #2828, #1474, #17, #6694 ) ) ;
#5829 = CARTESIAN_POINT ( 'NONE',  ( -8.000000000000000000, -11.58553390593270116, 68.00000000000000000 ) ) ;
#5830 = DIRECTION ( 'NONE',  ( -1.000000000000000000, 0.000000000000000000, 0.000000000000000000 ) ) ;
#5831 = CARTESIAN_POINT ( 'NONE',  ( 16.74896230895139837, 33.85000000000000142, -55.36440000000000339 ) ) ;
#5832 = CARTESIAN_POINT ( 'NONE',  ( 7.126605840599368413, -33.68391252314246032, -60.88430892198406497 ) ) ;
#5833 = VERTEX_POINT ( 'NONE', #5220 ) ;
#5834 = DIRECTION ( 'NONE',  ( 0.000000000000000000, 0.000000000000000000, 1.000000000000000000 ) ) ;
#5835 = EDGE_CURVE ( 'NONE', #5995, #1459, #4851, .T. ) ;
#5836 = DIRECTION ( 'NONE',  ( 0.000000000000000000, -1.000000000000000000, 0.000000000000000000 ) ) ;
#5837 = AXIS2_PLACEMENT_3D ( 'NONE', #2431, #5504, #1454 ) ;
#5838 = CARTESIAN_POINT ( 'NONE',  ( 2.000000000000000000, -28.04999999999999716, 52.94999999999999574 ) ) ;
#5839 = ADVANCED_FACE ( 'NONE', ( #2664 ), #6764, .T. ) ;
#5840 = CARTESIAN_POINT ( 'NONE',  ( 12.92730410066854674, -33.82465525548273177, -61.51408726543886019 ) ) ;
#5841 = VERTEX_POINT ( 'NONE', #1514 ) ;
#5842 = CIRCLE ( 'NONE', #354, 1.000000000000000888 ) ;
#5843 = CARTESIAN_POINT ( 'NONE',  ( 24.00000000000000000, -26.34999999999999787, -52.17000000000000171 ) ) ;
#5844 = CYLINDRICAL_SURFACE ( 'NONE', #5602, 1.000000000000000888 ) ;
#5845 = DIRECTION ( 'NONE',  ( 0.000000000000000000, 0.000000000000000000, 1.000000000000000000 ) ) ;
#5846 = VECTOR ( 'NONE', #454, 1000.000000000000000 ) ;
#5847 = CIRCLE ( 'NONE', #805, 2.000000000000001776 ) ;
#5848 = DIRECTION ( 'NONE',  ( 0.000000000000000000, 0.000000000000000000, 1.000000000000000000 ) ) ;
#5849 = EDGE_LOOP ( 'NONE', ( #1561, #2919, #4850, #4095 ) ) ;
#5850 = AXIS2_PLACEMENT_3D ( 'NONE', #3056, #435, #6790 ) ;
#5851 = ORIENTED_EDGE ( 'NONE', *, *, #6758, .T. ) ;
#5852 = CARTESIAN_POINT ( 'NONE',  ( 8.092057045512770941, -35.63893746902890314, -33.16999999999999460 ) ) ;
#5853 = ADVANCED_FACE ( 'NONE', ( #3104 ), #2589, .F. ) ;
#5854 = CARTESIAN_POINT ( 'NONE',  ( 14.18543420646683018, 33.68469238670520127, -61.91014733317557983 ) ) ;
#5855 = CARTESIAN_POINT ( 'NONE',  ( -8.000000000000000000, 3.535533905932729759, 68.00000000000000000 ) ) ;
#5856 = ADVANCED_FACE ( 'NONE', ( #2142 ), #33, .F. ) ;
#5857 = VECTOR ( 'NONE', #4478, 1000.000000000000000 ) ;
#5858 = DIRECTION ( 'NONE',  ( 0.000000000000000000, 0.000000000000000000, 1.000000000000000000 ) ) ;
#5859 = ORIENTED_EDGE ( 'NONE', *, *, #2301, .T. ) ;
#5860 = LINE ( 'NONE', #1679, #4565 ) ;
#5861 = ORIENTED_EDGE ( 'NONE', *, *, #3763, .T. ) ;
#5862 = ORIENTED_EDGE ( 'NONE', *, *, #6344, .F. ) ;
#5863 = DIRECTION ( 'NONE',  ( 0.000000000000000000, 0.000000000000000000, -1.000000000000000000 ) ) ;
#5864 = CARTESIAN_POINT ( 'NONE',  ( 14.12396230895140192, -33.85000000000000142, -59.91103336986829930 ) ) ;
#5865 = CARTESIAN_POINT ( 'NONE',  ( 3.000000000000000000, -16.00000000000000000, 78.00000000000000000 ) ) ;
#5866 = ORIENTED_EDGE ( 'NONE', *, *, #4469, .T. ) ;
#5867 = EDGE_CURVE ( 'NONE', #2472, #3540, #2035, .T. ) ;
#5868 = CARTESIAN_POINT ( 'NONE',  ( 0.8786796564403600573, -27.17132034355960002, 77.12132034355960286 ) ) ;
#5869 = AXIS2_PLACEMENT_3D ( 'NONE', #2584, #4708, #5793 ) ;
#5870 = VERTEX_POINT ( 'NONE', #1622 ) ;
#5871 = CARTESIAN_POINT ( 'NONE',  ( 12.40586757239010041, -35.63893746902890314, -43.17000000000000171 ) ) ;
#5872 = CARTESIAN_POINT ( 'NONE',  ( 14.12396230895140192, -33.85000000000000142, -52.81776663013170747 ) ) ;
#5873 = FACE_OUTER_BOUND ( 'NONE', #2670, .T. ) ;
#5874 = FACE_BOUND ( 'NONE', #1318, .T. ) ;
#5875 = ORIENTED_EDGE ( 'NONE', *, *, #4402, .F. ) ;
#5876 = EDGE_CURVE ( 'NONE', #79, #4494, #5289, .T. ) ;
#5877 = DIRECTION ( 'NONE',  ( 0.000000000000000000, 0.000000000000000000, 1.000000000000000000 ) ) ;
#5878 = VERTEX_POINT ( 'NONE', #5357 ) ;
#5879 = CARTESIAN_POINT ( 'NONE',  ( 8.812000000000001165, 3.599551212651874721E-14, 54.46446609406730488 ) ) ;
#5880 = CARTESIAN_POINT ( 'NONE',  ( 22.75735931288071257, 26.34999999999999432, -29.16999999999999460 ) ) ;
#5881 = DIRECTION ( 'NONE',  ( 0.000000000000000000, 0.000000000000000000, 1.000000000000000000 ) ) ;
#5882 = VERTEX_POINT ( 'NONE', #3847 ) ;
#5883 = EDGE_CURVE ( 'NONE', #6576, #2269, #1237, .T. ) ;
#5884 = CARTESIAN_POINT ( 'NONE',  ( 6.248962308951460543, 26.34999999999999787, -55.36440000000000339 ) ) ;
#5885 = CARTESIAN_POINT ( 'NONE',  ( 21.00000000000000000, -30.84999999999999787, -52.17000000000000171 ) ) ;
#5886 = CARTESIAN_POINT ( 'NONE',  ( -8.000000000000000000, -3.535533905932739973, 68.00000000000000000 ) ) ;
#5887 = ORIENTED_EDGE ( 'NONE', *, *, #4249, .T. ) ;
#5888 = DIRECTION ( 'NONE',  ( 0.000000000000000000, 0.000000000000000000, -1.000000000000000000 ) ) ;
#5889 = ORIENTED_EDGE ( 'NONE', *, *, #2943, .F. ) ;
#5890 = DIRECTION ( 'NONE',  ( 0.000000000000000000, -1.000000000000000000, 0.000000000000000000 ) ) ;
#5891 = ORIENTED_EDGE ( 'NONE', *, *, #675, .T. ) ;
#5892 = VECTOR ( 'NONE', #5324, 1000.000000000000000 ) ;
#5893 = LINE ( 'NONE', #2365, #1270 ) ;
#5894 = VERTEX_POINT ( 'NONE', #132 ) ;
#5895 = VERTEX_POINT ( 'NONE', #1759 ) ;
#5896 = LINE ( 'NONE', #2201, #1312 ) ;
#5897 = CARTESIAN_POINT ( 'NONE',  ( 22.75735931288071257, -21.66332092008489596, 26.93794734194973373 ) ) ;
#5898 = FACE_OUTER_BOUND ( 'NONE', #6524, .T. ) ;
#5899 = LINE ( 'NONE', #1199, #5027 ) ;
#5900 = ORIENTED_EDGE ( 'NONE', *, *, #5760, .T. ) ;
#5901 = ADVANCED_FACE ( 'NONE', ( #3268 ), #2701, .F. ) ;
#5902 = CARTESIAN_POINT ( 'NONE',  ( 14.12396230895140192, -29.60289267374360023, -58.91103336986829930 ) ) ;
#5903 = CARTESIAN_POINT ( 'NONE',  ( 8.873962308951309552, 26.34999999999999787, -58.91103336986829930 ) ) ;
#5904 = VECTOR ( 'NONE', #3581, 1000.000000000000000 ) ;
#5905 = LINE ( 'NONE', #5938, #4060 ) ;
#5906 = CARTESIAN_POINT ( 'NONE',  ( 3.000000000000000000, 28.04999999999999716, 38.00000000000000000 ) ) ;
#5907 = ORIENTED_EDGE ( 'NONE', *, *, #3390, .F. ) ;
#5908 = CARTESIAN_POINT ( 'NONE',  ( 24.00000000000000000, -7.806255641895628769E-15, 61.53553390593270223 ) ) ;
#5909 = ORIENTED_EDGE ( 'NONE', *, *, #4231, .T. ) ;
#5910 = DIRECTION ( 'NONE',  ( 0.000000000000000000, 1.000000000000000000, 0.000000000000000000 ) ) ;
#5911 = DIRECTION ( 'NONE',  ( 0.000000000000000000, 0.7071067811865479058, -0.7071067811865472397 ) ) ;
#5912 = AXIS2_PLACEMENT_3D ( 'NONE', #5375, #2781, #4282 ) ;
#5913 = DIRECTION ( 'NONE',  ( 0.000000000000000000, -1.000000000000000000, 0.000000000000000000 ) ) ;
#5914 = ORIENTED_EDGE ( 'NONE', *, *, #5527, .T. ) ;
#5915 = CARTESIAN_POINT ( 'NONE',  ( 11.49896230895140015, 33.85000000000000142, -55.36440000000000339 ) ) ;
#5916 = DIRECTION ( 'NONE',  ( 0.000000000000000000, -0.4999999999999998890, -0.8660254037844387076 ) ) ;
#5917 = CARTESIAN_POINT ( 'NONE',  ( 21.00000000000000000, -21.66332092008489951, -3.062052658050260057 ) ) ;
#5918 = ORIENTED_EDGE ( 'NONE', *, *, #2599, .F. ) ;
#5919 = ADVANCED_FACE ( 'NONE', ( #3340 ), #2764, .F. ) ;
#5920 = EDGE_CURVE ( 'NONE', #1181, #6595, #6349, .T. ) ;
#5921 = CARTESIAN_POINT ( 'NONE',  ( 15.66072797928259597, 33.75837792094107215, -61.19179356863554631 ) ) ;
#5922 = ORIENTED_EDGE ( 'NONE', *, *, #3449, .F. ) ;
#5923 = CARTESIAN_POINT ( 'NONE',  ( 10.81200000000000117, 16.00000000000000000, 72.84999999999999432 ) ) ;
#5924 = ORIENTED_EDGE ( 'NONE', *, *, #549, .T. ) ;
#5925 = FACE_BOUND ( 'NONE', #4376, .T. ) ;
#5926 = EDGE_CURVE ( 'NONE', #4425, #4952, #4720, .T. ) ;
#5927 = AXIS2_PLACEMENT_3D ( 'NONE', #4308, #140, #1244 ) ;
#5928 = EDGE_LOOP ( 'NONE', ( #4527, #3659, #2401, #6792 ) ) ;
#5929 = ORIENTED_EDGE ( 'NONE', *, *, #681, .T. ) ;
#5930 = CYLINDRICAL_SURFACE ( 'NONE', #6465, 2.000000000000001776 ) ;
#5931 = LINE ( 'NONE', #746, #3407 ) ;
#5932 = DIRECTION ( 'NONE',  ( 0.000000000000000000, -1.000000000000000000, 0.000000000000000000 ) ) ;
#5933 = CARTESIAN_POINT ( 'NONE',  ( -8.000000000000000000, 3.535533905932729759, 58.00000000000000000 ) ) ;
#5934 = ORIENTED_EDGE ( 'NONE', *, *, #4849, .F. ) ;
#5935 = DIRECTION ( 'NONE',  ( 0.000000000000000000, 1.000000000000000000, 0.000000000000000000 ) ) ;
#5936 = CARTESIAN_POINT ( 'NONE',  ( 14.12396230895140192, 27.85000000000000142, -50.81776663013170747 ) ) ;
#5937 = EDGE_CURVE ( 'NONE', #5522, #1607, #3285, .T. ) ;
#5938 = CARTESIAN_POINT ( 'NONE',  ( 3.000000000000000000, -28.04999999999999716, 38.00000000000000000 ) ) ;
#5939 = ADVANCED_FACE ( 'NONE', ( #6453 ), #5427, .T. ) ;
#5940 = EDGE_CURVE ( 'NONE', #4407, #1774, #759, .T. ) ;
#5941 = EDGE_CURVE ( 'NONE', #4941, #3293, #3878, .T. ) ;
#5942 = ORIENTED_EDGE ( 'NONE', *, *, #442, .F. ) ;
#5943 = CIRCLE ( 'NONE', #2113, 1.000000000000000888 ) ;
#5944 = CARTESIAN_POINT ( 'NONE',  ( 13.27016333044211827, 33.78220322359852190, -61.71965581937546119 ) ) ;
#5945 = ORIENTED_EDGE ( 'NONE', *, *, #850, .F. ) ;
#5946 = CARTESIAN_POINT ( 'NONE',  ( 24.00000000000000000, 32.60735931288071754, -24.50296456859569716 ) ) ;
#5947 = CIRCLE ( 'NONE', #4200, 1.000000000000000888 ) ;
#5948 = VECTOR ( 'NONE', #2933, 1000.000000000000000 ) ;
#5949 = DIRECTION ( 'NONE',  ( 0.000000000000000000, 1.000000000000000000, 0.000000000000000000 ) ) ;
#5950 = EDGE_LOOP ( 'NONE', ( #6674, #750 ) ) ;
#5951 = DIRECTION ( 'NONE',  ( 0.000000000000000000, 0.000000000000000000, -1.000000000000000000 ) ) ;
#5952 = CARTESIAN_POINT ( 'NONE',  ( 22.75735931288071257, -21.66332092008489596, -3.062052658050250731 ) ) ;
#5953 = EDGE_LOOP ( 'NONE', ( #4702, #5579 ) ) ;
#5954 = VECTOR ( 'NONE', #82, 1000.000000000000000 ) ;
#5955 = LINE ( 'NONE', #2889, #6346 ) ;
#5956 = EDGE_LOOP ( 'NONE', ( #4706, #306, #4626, #2206 ) ) ;
#5957 = AXIS2_PLACEMENT_3D ( 'NONE', #3454, #5130, #3961 ) ;
#5958 = PLANE ( 'NONE',  #4923 ) ;
#5959 = ORIENTED_EDGE ( 'NONE', *, *, #1650, .T. ) ;
#5960 = DIRECTION ( 'NONE',  ( 0.000000000000000000, 0.000000000000000000, 1.000000000000000000 ) ) ;
#5961 = EDGE_CURVE ( 'NONE', #6687, #515, #2803, .T. ) ;
#5962 = AXIS2_PLACEMENT_3D ( 'NONE', #3997, #5508, #2398 ) ;
#5963 = ORIENTED_EDGE ( 'NONE', *, *, #5926, .F. ) ;
#5964 = ORIENTED_EDGE ( 'NONE', *, *, #1004, .T. ) ;
#5965 = AXIS2_PLACEMENT_3D ( 'NONE', #5871, #5834, #1167 ) ;
#5966 = LINE ( 'NONE', #5514, #3291 ) ;
#5967 = CARTESIAN_POINT ( 'NONE',  ( 0.000000000000000000, -16.00000000000000000, 72.84999999999999432 ) ) ;
#5968 = DIRECTION ( 'NONE',  ( 0.000000000000000000, 0.000000000000000000, -1.000000000000000000 ) ) ;
#5969 = ORIENTED_EDGE ( 'NONE', *, *, #206, .T. ) ;
#5970 = CARTESIAN_POINT ( 'NONE',  ( 19.00000000000000000, -33.85000000000000142, -33.16999999999999460 ) ) ;
#5971 = ORIENTED_EDGE ( 'NONE', *, *, #2352, .F. ) ;
#5972 = EDGE_CURVE ( 'NONE', #6710, #970, #649, .T. ) ;
#5973 = DIRECTION ( 'NONE',  ( 0.000000000000000000, -1.000000000000000000, 0.000000000000000000 ) ) ;
#5974 = CARTESIAN_POINT ( 'NONE',  ( 21.00000000000000000, -26.34999999999999787, -29.17000000000000171 ) ) ;
#5975 = FACE_BOUND ( 'NONE', #3487, .T. ) ;
#5976 = ORIENTED_EDGE ( 'NONE', *, *, #283, .T. ) ;
#5977 = FACE_OUTER_BOUND ( 'NONE', #3749, .T. ) ;
#5978 = VECTOR ( 'NONE', #6135, 1000.000000000000000 ) ;
#5979 = AXIS2_PLACEMENT_3D ( 'NONE', #6269, #5680, #85 ) ;
#5980 = CARTESIAN_POINT ( 'NONE',  ( 21.00000000000000000, 25.05000000000000071, 75.00000000000000000 ) ) ;
#5981 = CARTESIAN_POINT ( 'NONE',  ( 6.812000000000000277, 25.05000000000000071, 70.79999999999999716 ) ) ;
#5982 = DIRECTION ( 'NONE',  ( 0.000000000000000000, 1.000000000000000000, 0.000000000000000000 ) ) ;
#5983 = VERTEX_POINT ( 'NONE', #169 ) ;
#5984 = DIRECTION ( 'NONE',  ( 0.000000000000000000, 0.8660254037844389297, 0.4999999999999995559 ) ) ;
#5985 = AXIS2_PLACEMENT_3D ( 'NONE', #797, #2913, #4999 ) ;
#5986 = FACE_OUTER_BOUND ( 'NONE', #3774, .T. ) ;
#5987 = ORIENTED_EDGE ( 'NONE', *, *, #6423, .T. ) ;
#5988 = FACE_BOUND ( 'NONE', #303, .T. ) ;
#5989 = AXIS2_PLACEMENT_3D ( 'NONE', #6235, #978, #6750 ) ;
#5990 = EDGE_CURVE ( 'NONE', #3569, #2555, #4302, .T. ) ;
#5991 = VERTEX_POINT ( 'NONE', #4404 ) ;
#5992 = LINE ( 'NONE', #5923, #2287 ) ;
#5993 = VERTEX_POINT ( 'NONE', #4337 ) ;
#5994 = CARTESIAN_POINT ( 'NONE',  ( 11.74846823975799914, -34.01333997346590365, -33.16999999999999460 ) ) ;
#5995 = VERTEX_POINT ( 'NONE', #5903 ) ;
#5996 = ORIENTED_EDGE ( 'NONE', *, *, #1429, .F. ) ;
#5997 = DIRECTION ( 'NONE',  ( 0.000000000000000000, 1.000000000000000000, 0.000000000000000000 ) ) ;
#5998 = DIRECTION ( 'NONE',  ( 0.000000000000000000, 1.000000000000000000, 0.000000000000000000 ) ) ;
#5999 = FACE_OUTER_BOUND ( 'NONE', #2072, .T. ) ;
#6000 = ORIENTED_EDGE ( 'NONE', *, *, #1881, .T. ) ;
#6001 = CARTESIAN_POINT ( 'NONE',  ( 6.812000000000000277, -25.05000000000000071, 70.79999999999999716 ) ) ;
#6002 = VERTEX_POINT ( 'NONE', #5872 ) ;
#6003 = CARTESIAN_POINT ( 'NONE',  ( 6.248962308951460543, 26.34999999999999787, -54.36440000000000339 ) ) ;
#6004 = FACE_BOUND ( 'NONE', #6542, .T. ) ;
#6005 = ADVANCED_FACE ( 'NONE', ( #2278 ), #6385, .F. ) ;
#6006 = FACE_OUTER_BOUND ( 'NONE', #3362, .T. ) ;
#6007 = ADVANCED_FACE ( 'NONE', ( #6420 ), #6490, .T. ) ;
#6008 = EDGE_CURVE ( 'NONE', #1459, #5995, #5474, .T. ) ;
#6009 = VERTEX_POINT ( 'NONE', #4574 ) ;
#6010 = DIRECTION ( 'NONE',  ( 0.000000000000000000, -1.000000000000000000, 0.000000000000000000 ) ) ;
#6011 = CARTESIAN_POINT ( 'NONE',  ( 14.12396230895140192, -27.85000000000000142, -50.81776663013170747 ) ) ;
#6012 = LINE ( 'NONE', #6463, #3234 ) ;
#6013 = LOCAL_TIME ( 9, 57, 39.00000000000000000, #2625 ) ;
#6014 = CARTESIAN_POINT ( 'NONE',  ( 14.12396230895140192, -26.34999999999999787, -60.91103336986829930 ) ) ;
#6015 = EDGE_LOOP ( 'NONE', ( #4202, #5381, #647, #6347 ) ) ;
#6016 = VECTOR ( 'NONE', #4893, 1000.000000000000000 ) ;
#6017 = DIRECTION ( 'NONE',  ( 0.000000000000000000, 0.000000000000000000, 1.000000000000000000 ) ) ;
#6018 = CARTESIAN_POINT ( 'NONE',  ( 24.00000000000000000, -20.42068023296561563, -3.395017226645919095 ) ) ;
#6019 = ORIENTED_EDGE ( 'NONE', *, *, #4013, .T. ) ;
#6020 = CARTESIAN_POINT ( 'NONE',  ( 2.272393124890999871, -19.23141920130759885, 22.90491500514150047 ) ) ;
#6021 = VECTOR ( 'NONE', #3490, 1000.000000000000000 ) ;
#6022 = ADVANCED_FACE ( 'NONE', ( #3977 ), #1302, .F. ) ;
#6023 = EDGE_CURVE ( 'NONE', #4662, #3144, #272, .T. ) ;
#6024 = EDGE_CURVE ( 'NONE', #386, #1153, #1962, .T. ) ;
#6025 = DIRECTION ( 'NONE',  ( -0.000000000000000000, 0.7071067811865480168, 0.7071067811865470176 ) ) ;
#6026 = ORIENTED_EDGE ( 'NONE', *, *, #6447, .F. ) ;
#6027 = CARTESIAN_POINT ( 'NONE',  ( 8.873962308951309552, -29.54632342534900147, -58.91103336986829930 ) ) ;
#6028 = CIRCLE ( 'NONE', #3948, 1.000000000000000888 ) ;
#6029 = ORIENTED_EDGE ( 'NONE', *, *, #4577, .F. ) ;
#6030 = ORIENTED_EDGE ( 'NONE', *, *, #106, .F. ) ;
#6031 = DIRECTION ( 'NONE',  ( -1.000000000000000000, 0.000000000000000000, 0.000000000000000000 ) ) ;
#6032 = CARTESIAN_POINT ( 'NONE',  ( 8.873962308951309552, -27.85000000000000142, -59.91103336986829930 ) ) ;
#6033 = CIRCLE ( 'NONE', #3082, 2.000000000000001776 ) ;
#6034 = CARTESIAN_POINT ( 'NONE',  ( 6.248962308951460543, 33.85000000000000142, -55.36440000000000339 ) ) ;
#6035 = EDGE_LOOP ( 'NONE', ( #1290, #1994, #5593, #4480 ) ) ;
#6036 = DIRECTION ( 'NONE',  ( 0.8366600265340761178, 0.5477225575051651862, 0.000000000000000000 ) ) ;
#6037 = DIRECTION ( 'NONE',  ( 0.000000000000000000, -2.891205793294677833E-16, -1.000000000000000000 ) ) ;
#6038 = VECTOR ( 'NONE', #5541, 1000.000000000000000 ) ;
#6039 = ORIENTED_EDGE ( 'NONE', *, *, #2024, .T. ) ;
#6040 = DIRECTION ( 'NONE',  ( 0.000000000000000000, -1.000000000000000000, 0.000000000000000000 ) ) ;
#6041 = DIRECTION ( 'NONE',  ( 0.000000000000000000, 0.000000000000000000, 1.000000000000000000 ) ) ;
#6042 = DIRECTION ( 'NONE',  ( -1.000000000000000000, 0.000000000000000000, 0.000000000000000000 ) ) ;
#6043 = FACE_OUTER_BOUND ( 'NONE', #5020, .T. ) ;
#6044 = VECTOR ( 'NONE', #5255, 1000.000000000000000 ) ;
#6045 = ORIENTED_EDGE ( 'NONE', *, *, #4356, .T. ) ;
#6046 = ADVANCED_FACE ( 'NONE', ( #1374 ), #6106, .T. ) ;
#6047 = LINE ( 'NONE', #5028, #6160 ) ;
#6048 = CARTESIAN_POINT ( 'NONE',  ( 8.873962308951458766, 38.90328682624669909, -51.81776663013170747 ) ) ;
#6049 = CARTESIAN_POINT ( 'NONE',  ( 16.74896230895139837, 26.34999999999999787, -55.36440000000000339 ) ) ;
#6050 = EDGE_CURVE ( 'NONE', #4655, #4188, #1857, .T. ) ;
#6051 = VECTOR ( 'NONE', #3111, 1000.000000000000000 ) ;
#6052 = FACE_OUTER_BOUND ( 'NONE', #23, .T. ) ;
#6053 = ORIENTED_EDGE ( 'NONE', *, *, #2508, .T. ) ;
#6054 = ORIENTED_EDGE ( 'NONE', *, *, #4059, .T. ) ;
#6055 = PLANE ( 'NONE',  #5302 ) ;
#6056 = DIRECTION ( 'NONE',  ( -0.5477225575051658524, -0.8366600265340756737, 0.000000000000000000 ) ) ;
#6057 = ORIENTED_EDGE ( 'NONE', *, *, #420, .F. ) ;
#6058 = PLANE ( 'NONE',  #314 ) ;
#6059 = CIRCLE ( 'NONE', #689, 1.000000000000000888 ) ;
#6060 = CARTESIAN_POINT ( 'NONE',  ( 14.12396230895140192, -33.85000000000000142, -50.81776663013170747 ) ) ;
#6061 = VERTEX_POINT ( 'NONE', #1336 ) ;
#6062 = EDGE_CURVE ( 'NONE', #843, #1687, #4015, .T. ) ;
#6063 = ORIENTED_EDGE ( 'NONE', *, *, #738, .F. ) ;
#6064 = EDGE_LOOP ( 'NONE', ( #6481, #2093, #2368, #3564 ) ) ;
#6065 = EDGE_CURVE ( 'NONE', #690, #299, #1864, .T. ) ;
#6066 = CARTESIAN_POINT ( 'NONE',  ( 12.95359012989530001, -34.80227744249479827, -33.16999999999999460 ) ) ;
#6067 = DIRECTION ( 'NONE',  ( 0.000000000000000000, -0.7071067811865457964, -0.7071067811865492381 ) ) ;
#6068 = AXIS2_PLACEMENT_3D ( 'NONE', #5607, #4025, #3045 ) ;
#6069 = ORIENTED_EDGE ( 'NONE', *, *, #442, .T. ) ;
#6070 = CARTESIAN_POINT ( 'NONE',  ( 0.000000000000000000, -16.00000000000000000, 42.00000000000000000 ) ) ;
#6071 = CARTESIAN_POINT ( 'NONE',  ( 13.11992921758991848, -33.80116738855428338, -61.64250564840924795 ) ) ;
#6072 = VERTEX_POINT ( 'NONE', #239 ) ;
#6073 = AXIS2_PLACEMENT_3D ( 'NONE', #5886, #3352, #182 ) ;
#6074 = CARTESIAN_POINT ( 'NONE',  ( 24.00000000000000000, 11.58553390593270116, 58.00000000000000000 ) ) ;
#6075 = EDGE_LOOP ( 'NONE', ( #4694, #2647, #1452, #1400 ) ) ;
#6076 = FACE_BOUND ( 'NONE', #2794, .T. ) ;
#6077 = DIRECTION ( 'NONE',  ( 0.000000000000000000, 0.7071067811865522357, 0.7071067811865426878 ) ) ;
#6078 = DIRECTION ( 'NONE',  ( 0.000000000000000000, 1.000000000000000000, 0.000000000000000000 ) ) ;
#6079 = EDGE_CURVE ( 'NONE', #187, #261, #4273, .T. ) ;
#6080 = EDGE_CURVE ( 'NONE', #5709, #1955, #3912, .T. ) ;
#6081 = AXIS2_PLACEMENT_3D ( 'NONE', #382, #3040, #862 ) ;
#6082 = EDGE_LOOP ( 'NONE', ( #1288, #3942, #4456, #4535, #546, #292, #5665, #5964, #5150, #5823, #4888, #4009, #252, #6198, #6225, #3426, #5658, #3435, #2857, #1569, #4778, #6636, #6579, #4825, #4279, #1405, #5446, #3830, #1226, #30, #533, #711 ) ) ;
#6083 = CARTESIAN_POINT ( 'NONE',  ( -8.000000000000000000, -7.806255641895628769E-15, 61.53553390593270223 ) ) ;
#6084 = LINE ( 'NONE', #6147, #670 ) ;
#6085 = DIRECTION ( 'NONE',  ( 0.000000000000000000, 0.000000000000000000, 1.000000000000000000 ) ) ;
#6086 = EDGE_CURVE ( 'NONE', #3144, #6400, #3181, .T. ) ;
#6087 = DIRECTION ( 'NONE',  ( -0.9701425001453318764, 0.2425356250363329691, 0.000000000000000000 ) ) ;
#6088 = ORIENTED_EDGE ( 'NONE', *, *, #5322, .F. ) ;
#6089 = AXIS2_PLACEMENT_3D ( 'NONE', #2630, #6731, #1517 ) ;
#6090 = VECTOR ( 'NONE', #4325, 1000.000000000000000 ) ;
#6091 = CARTESIAN_POINT ( 'NONE',  ( 14.12396230895140192, -26.34999999999999787, -50.81776663013170747 ) ) ;
#6092 = FACE_OUTER_BOUND ( 'NONE', #1174, .T. ) ;
#6093 = APPLICATION_PROTOCOL_DEFINITION ( 'international standard', 'config_control_design', 1994, #6127 ) ;
#6094 = PLANE ( 'NONE',  #1192 ) ;
#6095 = VERTEX_POINT ( 'NONE', #5529 ) ;
#6096 = AXIS2_PLACEMENT_3D ( 'NONE', #663, #3313, #5913 ) ;
#6097 = ORIENTED_EDGE ( 'NONE', *, *, #4950, .F. ) ;
#6098 = CARTESIAN_POINT ( 'NONE',  ( 6.812000000000000277, 23.05000000000000071, 54.80000000000000426 ) ) ;
#6099 = DIRECTION ( 'NONE',  ( 0.000000000000000000, -1.000000000000000000, 0.000000000000000000 ) ) ;
#6100 = ORIENTED_EDGE ( 'NONE', *, *, #210, .T. ) ;
#6101 = DIRECTION ( 'NONE',  ( 0.000000000000000000, 0.000000000000000000, 1.000000000000000000 ) ) ;
#6102 = CYLINDRICAL_SURFACE ( 'NONE', #5400, 1.000000000000000888 ) ;
#6103 = CARTESIAN_POINT ( 'NONE',  ( 13.85466716863846592, -33.71247230275464801, -61.89401566294654344 ) ) ;
#6104 = ORIENTED_EDGE ( 'NONE', *, *, #5441, .T. ) ;
#6105 = CARTESIAN_POINT ( 'NONE',  ( 0.000000000000000000, 26.34999999999999787, -52.17000000000000171 ) ) ;
#6106 = CYLINDRICAL_SURFACE ( 'NONE', #93, 3.000000000000000000 ) ;
#6107 = CARTESIAN_POINT ( 'NONE',  ( 16.74896230895139837, 26.34999999999999787, -54.36440000000000339 ) ) ;
#6108 = DIRECTION ( 'NONE',  ( 0.000000000000000000, 0.000000000000000000, 1.000000000000000000 ) ) ;
#6109 = VERTEX_POINT ( 'NONE', #5595 ) ;
#6110 = EDGE_CURVE ( 'NONE', #6109, #6328, #5023, .T. ) ;
#6111 = VERTEX_POINT ( 'NONE', #6626 ) ;
#6112 = CIRCLE ( 'NONE', #4371, 1.000000000000000888 ) ;
#6113 = CARTESIAN_POINT ( 'NONE',  ( 6.812000000000000277, 25.05000000000000071, 54.80000000000000426 ) ) ;
#6114 = CARTESIAN_POINT ( 'NONE',  ( 8.812000000000001165, -31.25723304703365812, 31.25723304703362260 ) ) ;
#6115 =( BOUNDED_CURVE ( )  B_SPLINE_CURVE ( 3, ( #3416, #4514, #315, #3990 ),
 .UNSPECIFIED., .F., .T. ) 
 B_SPLINE_CURVE_WITH_KNOTS ( ( 4, 4 ),
 ( 1.570796326794896558, 2.356194490192336843 ),
 .UNSPECIFIED. ) 
 CURVE ( )  GEOMETRIC_REPRESENTATION_ITEM ( )  RATIONAL_B_SPLINE_CURVE ( ( 1.000000000000000000, 0.9492530216741921212, 0.9492530216741921212, 1.000000000000000000 ) ) 
 REPRESENTATION_ITEM ( '' )  );
#6116 = CARTESIAN_POINT ( 'NONE',  ( 19.00000000000000000, -33.85000000000000142, -43.17000000000000171 ) ) ;
#6117 = CARTESIAN_POINT ( 'NONE',  ( 8.873962308951458766, -40.45296000281730642, -50.81776663013170747 ) ) ;
#6118 = ORIENTED_EDGE ( 'NONE', *, *, #1709, .F. ) ;
#6119 = ORIENTED_EDGE ( 'NONE', *, *, #2598, .F. ) ;
#6120 = LINE ( 'NONE', #4482, #3639 ) ;
#6121 = DIRECTION ( 'NONE',  ( 0.000000000000000000, 0.000000000000000000, 1.000000000000000000 ) ) ;
#6122 = AXIS2_PLACEMENT_3D ( 'NONE', #1882, #3964, #3458 ) ;
#6123 = PLANE ( 'NONE',  #913 ) ;
#6124 = ORIENTED_EDGE ( 'NONE', *, *, #2144, .F. ) ;
#6125 = AXIS2_PLACEMENT_3D ( 'NONE', #6455, #203, #1304 ) ;
#6126 = EDGE_CURVE ( 'NONE', #2418, #4067, #5083, .T. ) ;
#6127 = APPLICATION_CONTEXT ( 'configuration controlled 3d designs of mechanical parts and assemblies' ) ;
#6128 = ORIENTED_EDGE ( 'NONE', *, *, #4875, .F. ) ;
#6129 = LINE ( 'NONE', #5645, #3510 ) ;
#6130 = CARTESIAN_POINT ( 'NONE',  ( 0.8819995079319722375, 18.88382079706783756, 22.99805371684783140 ) ) ;
#6131 = VERTEX_POINT ( 'NONE', #1895 ) ;
#6132 = DIRECTION ( 'NONE',  ( 0.000000000000000000, 0.000000000000000000, -1.000000000000000000 ) ) ;
#6133 = CARTESIAN_POINT ( 'NONE',  ( 6.912948842425116425, -33.79050458462547368, -60.30547313069430970 ) ) ;
#6134 = EDGE_CURVE ( 'NONE', #5040, #6131, #5365, .T. ) ;
#6135 = DIRECTION ( 'NONE',  ( 0.000000000000000000, -0.7071067811865470176, 0.7071067811865480168 ) ) ;
#6136 = VECTOR ( 'NONE', #3051, 1000.000000000000000 ) ;
#6137 = CARTESIAN_POINT ( 'NONE',  ( 21.00000000000000000, -13.51731083748190088, -6.943130372780090376 ) ) ;
#6138 = ORIENTED_EDGE ( 'NONE', *, *, #4859, .F. ) ;
#6139 = AXIS2_PLACEMENT_3D ( 'NONE', #5385, #3230, #2303 ) ;
#6140 = DIRECTION ( 'NONE',  ( 0.000000000000000000, -0.4999999999999998890, 0.8660254037844387076 ) ) ;
#6141 = LINE ( 'NONE', #6174, #4872 ) ;
#6142 = CARTESIAN_POINT ( 'NONE',  ( 8.873962308951309552, 28.21471715809610359, -59.91103336986829930 ) ) ;
#6143 = CIRCLE ( 'NONE', #204, 2.000000000000001776 ) ;
#6144 = VERTEX_POINT ( 'NONE', #2345 ) ;
#6145 = FACE_OUTER_BOUND ( 'NONE', #837, .T. ) ;
#6146 = ADVANCED_FACE ( 'NONE', ( #5560, #375, #6076, #4437, #6004, #2483, #6658, #6526 ), #3405, .T. ) ;
#6147 = CARTESIAN_POINT ( 'NONE',  ( 3.000000000000000000, 16.00000000000000000, 78.00000000000000000 ) ) ;
#6148 = AXIS2_PLACEMENT_3D ( 'NONE', #5575, #6188, #900 ) ;
#6149 = CYLINDRICAL_SURFACE ( 'NONE', #1088, 1.000000000000000888 ) ;
#6150 = EDGE_CURVE ( 'NONE', #2979, #4490, #1540, .T. ) ;
#6151 = ADVANCED_FACE ( 'NONE', ( #5179 ), #6689, .F. ) ;
#6152 = CARTESIAN_POINT ( 'NONE',  ( 2.510653580699583109, -19.29098431525970270, 0.9869401029385553858 ) ) ;
#6153 = VERTEX_POINT ( 'NONE', #2097 ) ;
#6154 =( BOUNDED_CURVE ( )  B_SPLINE_CURVE ( 3, ( #4687, #6152, #1035, #6768 ),
 .UNSPECIFIED., .F., .F. ) 
 B_SPLINE_CURVE_WITH_KNOTS ( ( 4, 4 ),
 ( 3.177648891965746625, 3.422627555092615292 ),
 .UNSPECIFIED. ) 
 CURVE ( )  GEOMETRIC_REPRESENTATION_ITEM ( )  RATIONAL_B_SPLINE_CURVE ( ( 1.000000000000000000, 0.9950050377886017205, 0.9950050377886017205, 1.000000000000000000 ) ) 
 REPRESENTATION_ITEM ( '' )  );
#6155 = LINE ( 'NONE', #2525, #5846 ) ;
#6156 = DIRECTION ( 'NONE',  ( 0.000000000000000000, 0.000000000000000000, -1.000000000000000000 ) ) ;
#6157 = CARTESIAN_POINT ( 'NONE',  ( 11.49896230895140015, -33.85000000000000142, -53.36439999999999628 ) ) ;
#6158 = DIRECTION ( 'NONE',  ( 0.000000000000000000, 0.000000000000000000, 1.000000000000000000 ) ) ;
#6159 = EDGE_LOOP ( 'NONE', ( #5234, #818, #4175, #5909 ) ) ;
#6160 = VECTOR ( 'NONE', #1342, 1000.000000000000114 ) ;
#6161 = ORIENTED_EDGE ( 'NONE', *, *, #4859, .T. ) ;
#6162 = ORIENTED_EDGE ( 'NONE', *, *, #274, .T. ) ;
#6163 = CARTESIAN_POINT ( 'NONE',  ( 12.00000000000000000, 33.85000000000000142, -52.17000000000000171 ) ) ;
#6164 = CARTESIAN_POINT ( 'NONE',  ( 9.782209383619316874E-16, 32.60735931288071754, -24.50296456859569716 ) ) ;
#6165 = ORIENTED_EDGE ( 'NONE', *, *, #6774, .T. ) ;
#6166 = CARTESIAN_POINT ( 'NONE',  ( 21.00000000000000000, 28.04999999999999716, 75.00000000000000000 ) ) ;
#6167 = CARTESIAN_POINT ( 'NONE',  ( 14.12396230895140192, -26.34999999999999787, -51.81776663013170747 ) ) ;
#6168 = ADVANCED_FACE ( 'NONE', ( #5118 ), #3031, .T. ) ;
#6169 = AXIS2_PLACEMENT_3D ( 'NONE', #643, #1752, #1720 ) ;
#6170 = CARTESIAN_POINT ( 'NONE',  ( 8.812000000000001165, -36.25723304703361549, 36.25723304703390681 ) ) ;
#6171 = FACE_OUTER_BOUND ( 'NONE', #812, .T. ) ;
#6172 = ORIENTED_EDGE ( 'NONE', *, *, #3782, .T. ) ;
#6173 = CARTESIAN_POINT ( 'NONE',  ( 9.882277798659417911, 33.76675456208894843, -61.64050482598028680 ) ) ;
#6174 = CARTESIAN_POINT ( 'NONE',  ( 5.847906925503449926, 20.12529765146069849, -0.3981182135700930269 ) ) ;
#6175 = AXIS2_PLACEMENT_3D ( 'NONE', #5824, #4701, #4220 ) ;
#6176 = CARTESIAN_POINT ( 'NONE',  ( 8.812000000000001165, -23.05000000000000071, 52.85000000000000142 ) ) ;
#6177 = EDGE_CURVE ( 'NONE', #2994, #4425, #4707, .T. ) ;
#6178 = VECTOR ( 'NONE', #6056, 1000.000000000000114 ) ;
#6179 = EDGE_LOOP ( 'NONE', ( #3736, #896 ) ) ;
#6180 = LINE ( 'NONE', #5691, #41 ) ;
#6181 = FACE_BOUND ( 'NONE', #1360, .T. ) ;
#6182 = DIRECTION ( 'NONE',  ( 0.000000000000000000, -1.000000000000000000, 0.000000000000000000 ) ) ;
#6183 = CIRCLE ( 'NONE', #6404, 1.000000000000000888 ) ;
#6184 = AXIS2_PLACEMENT_3D ( 'NONE', #3338, #4892, #6317 ) ;
#6185 = FACE_BOUND ( 'NONE', #2200, .T. ) ;
#6186 = ORIENTED_EDGE ( 'NONE', *, *, #5252, .F. ) ;
#6187 = DIRECTION ( 'NONE',  ( 0.000000000000000000, -0.8660254037844385966, 0.5000000000000002220 ) ) ;
#6188 = DIRECTION ( 'NONE',  ( 0.000000000000000000, 1.000000000000000000, 0.000000000000000000 ) ) ;
#6189 = CARTESIAN_POINT ( 'NONE',  ( 0.000000000000000000, 16.00000000000000000, 52.85000000000000142 ) ) ;
#6190 = FACE_OUTER_BOUND ( 'NONE', #1646, .T. ) ;
#6191 = EDGE_LOOP ( 'NONE', ( #2243, #4747, #2091, #844 ) ) ;
#6192 = EDGE_CURVE ( 'NONE', #5135, #6095, #1579, .T. ) ;
#6193 = ADVANCED_FACE ( 'NONE', ( #2133 ), #541, .F. ) ;
#6194 = ORIENTED_EDGE ( 'NONE', *, *, #6735, .T. ) ;
#6195 = VECTOR ( 'NONE', #4304, 1000.000000000000000 ) ;
#6196 = DIRECTION ( 'NONE',  ( 0.000000000000000000, 0.8660254037844387076, -0.4999999999999997780 ) ) ;
#6197 = CARTESIAN_POINT ( 'NONE',  ( 7.281252941842960347, 33.63359951307919715, -61.12341802087890130 ) ) ;
#6198 = ORIENTED_EDGE ( 'NONE', *, *, #6592, .T. ) ;
#6199 = DIRECTION ( 'NONE',  ( 0.000000000000000000, 0.000000000000000000, -1.000000000000000000 ) ) ;
#6200 = CARTESIAN_POINT ( 'NONE',  ( 0.000000000000000000, 16.06524470873159771, 23.24179491924310170 ) ) ;
#6201 = CARTESIAN_POINT ( 'NONE',  ( 13.06588291205107133, -33.80813588578961770, -61.60893774629084874 ) ) ;
#6202 = LINE ( 'NONE', #1504, #3448 ) ;
#6203 = ORIENTED_EDGE ( 'NONE', *, *, #2162, .F. ) ;
#6204 = AXIS2_PLACEMENT_3D ( 'NONE', #2775, #143, #2847 ) ;
#6205 = CARTESIAN_POINT ( 'NONE',  ( 8.992634877920057335, 33.60242218741717579, -61.91103308188736065 ) ) ;
#6206 = LINE ( 'NONE', #5180, #1937 ) ;
#6207 = CARTESIAN_POINT ( 'NONE',  ( 15.37112842637207777, -33.71301256870498975, -61.47573063122790415 ) ) ;
#6208 = CARTESIAN_POINT ( 'NONE',  ( 7.797769665320145371, -33.54147444289154834, -61.60353187718840218 ) ) ;
#6209 = ORIENTED_EDGE ( 'NONE', *, *, #4214, .F. ) ;
#6210 = DIRECTION ( 'NONE',  ( 0.000000000000000000, 0.000000000000000000, 1.000000000000000000 ) ) ;
#6211 = EDGE_CURVE ( 'NONE', #2438, #4955, #474, .T. ) ;
#6212 = EDGE_CURVE ( 'NONE', #3353, #2428, #966, .T. ) ;
#6213 = LINE ( 'NONE', #3138, #6594 ) ;
#6214 = DIRECTION ( 'NONE',  ( 0.000000000000000000, 0.000000000000000000, 1.000000000000000000 ) ) ;
#6215 = CARTESIAN_POINT ( 'NONE',  ( 11.49896230895140015, -33.85000000000000142, -33.16999999999999460 ) ) ;
#6216 = CC_DESIGN_PERSON_AND_ORGANIZATION_ASSIGNMENT ( #4789, #3711, ( #1171 ) ) ;
#6217 = VECTOR ( 'NONE', #1723, 1000.000000000000000 ) ;
#6218 = FACE_OUTER_BOUND ( 'NONE', #5782, .T. ) ;
#6219 = VERTEX_POINT ( 'NONE', #2656 ) ;
#6220 = ORIENTED_EDGE ( 'NONE', *, *, #6079, .F. ) ;
#6221 = LINE ( 'NONE', #3209, #6051 ) ;
#6222 = DIRECTION ( 'NONE',  ( 0.000000000000000000, -1.000000000000000000, 0.000000000000000000 ) ) ;
#6223 = DIRECTION ( 'NONE',  ( 0.000000000000000000, 0.000000000000000000, 1.000000000000000000 ) ) ;
#6224 = CARTESIAN_POINT ( 'NONE',  ( 8.812000000000001165, 8.049999999999963407, 71.53553390593270933 ) ) ;
#6225 = ORIENTED_EDGE ( 'NONE', *, *, #2966, .T. ) ;
#6226 = ORIENTED_EDGE ( 'NONE', *, *, #3555, .F. ) ;
#6227 = CARTESIAN_POINT ( 'NONE',  ( 0.000000000000000000, -30.84999999999999787, -14.74735342352009937 ) ) ;
#6228 = CARTESIAN_POINT ( 'NONE',  ( 6.983600684741071873, 33.74712644107028581, -60.56420560320612623 ) ) ;
#6229 = EDGE_CURVE ( 'NONE', #4024, #2771, #2583, .T. ) ;
#6230 = ORGANIZATION ( '未指定', '未指定', '' ) ;
#6231 = EDGE_CURVE ( 'NONE', #1924, #3241, #4606, .T. ) ;
#6232 = EDGE_LOOP ( 'NONE', ( #4920, #5046, #5100, #2157 ) ) ;
#6233 = EDGE_CURVE ( 'NONE', #1546, #6280, #24, .T. ) ;
#6234 = CARTESIAN_POINT ( 'NONE',  ( 9.792474448392713526, -33.74941900143210916, -61.68770062803453413 ) ) ;
#6235 = CARTESIAN_POINT ( 'NONE',  ( 6.248962308951460543, -35.26002323096300017, -55.36440000000000339 ) ) ;
#6236 = CARTESIAN_POINT ( 'NONE',  ( 11.49896230895140015, 33.85000000000000142, -57.36440000000000339 ) ) ;
#6237 = ORIENTED_EDGE ( 'NONE', *, *, #5361, .F. ) ;
#6238 = CARTESIAN_POINT ( 'NONE',  ( -8.000000000000000000, -3.535533905932739973, 58.00000000000000000 ) ) ;
#6239 = VERTEX_POINT ( 'NONE', #4748 ) ;
#6240 = ORIENTED_EDGE ( 'NONE', *, *, #863, .F. ) ;
#6241 = CARTESIAN_POINT ( 'NONE',  ( 21.00000000000000000, -1.484255380514919910E-15, 75.00000000000000000 ) ) ;
#6242 = DIRECTION ( 'NONE',  ( 0.000000000000000000, 0.4999999999999998890, -0.8660254037844387076 ) ) ;
#6243 = DIRECTION ( 'NONE',  ( 0.000000000000000000, -1.000000000000000000, 0.000000000000000000 ) ) ;
#6244 = VECTOR ( 'NONE', #942, 1000.000000000000000 ) ;
#6245 = CARTESIAN_POINT ( 'NONE',  ( 7.001601717355486088, -33.73780553259572201, -60.61418369935863382 ) ) ;
#6246 = ORIENTED_EDGE ( 'NONE', *, *, #3996, .F. ) ;
#6247 = CARTESIAN_POINT ( 'NONE',  ( 16.74896230895139837, 27.85000000000000142, -55.36440000000000339 ) ) ;
#6248 = CARTESIAN_POINT ( 'NONE',  ( 21.00000000000000000, -6.938893903907229955E-15, -14.74735342352009937 ) ) ;
#6249 = DIRECTION ( 'NONE',  ( 0.000000000000000000, -1.000000000000000000, 0.000000000000000000 ) ) ;
#6250 = DIRECTION ( 'NONE',  ( 1.000000000000000000, 0.000000000000000000, 0.000000000000000000 ) ) ;
#6251 = ORIENTED_EDGE ( 'NONE', *, *, #5545, .T. ) ;
#6252 = EDGE_CURVE ( 'NONE', #3696, #4187, #4153, .T. ) ;
#6253 = DIRECTION ( 'NONE',  ( 0.000000000000000000, -1.000000000000000000, 0.000000000000000000 ) ) ;
#6254 = CYLINDRICAL_SURFACE ( 'NONE', #882, 3.000000000000002665 ) ;
#6255 = DIRECTION ( 'NONE',  ( 0.000000000000000000, -1.000000000000000000, 0.000000000000000000 ) ) ;
#6256 = EDGE_CURVE ( 'NONE', #3131, #4841, #5896, .T. ) ;
#6257 = AXIS2_PLACEMENT_3D ( 'NONE', #6011, #1308, #2975 ) ;
#6258 = CARTESIAN_POINT ( 'NONE',  ( 32.00000000000000000, -10.00000000000000000, 27.00000000000000000 ) ) ;
#6259 = VERTEX_POINT ( 'NONE', #4846 ) ;
#6260 = CARTESIAN_POINT ( 'NONE',  ( 6.248962308951460543, 33.85000000000000142, -57.36440000000000339 ) ) ;
#6261 = ORIENTED_EDGE ( 'NONE', *, *, #1863, .F. ) ;
#6262 = CARTESIAN_POINT ( 'NONE',  ( -8.000000000000000000, 8.050000000000000711, 71.53553390593270933 ) ) ;
#6263 = CARTESIAN_POINT ( 'NONE',  ( 6.967461331211365128, 33.75571938211604106, -60.51710141531823695 ) ) ;
#6264 = EDGE_LOOP ( 'NONE', ( #5397, #5317, #4132, #2440 ) ) ;
#6265 = ORIENTED_EDGE ( 'NONE', *, *, #4578, .T. ) ;
#6266 = CARTESIAN_POINT ( 'NONE',  ( 9.486486059728541420, -33.68984766388904717, -61.81498042408722426 ) ) ;
#6267 = EDGE_LOOP ( 'NONE', ( #4904, #2017, #4740, #1132 ) ) ;
#6268 = VECTOR ( 'NONE', #5535, 1000.000000000000114 ) ;
#6269 = CARTESIAN_POINT ( 'NONE',  ( 6.812000000000000277, -25.05000000000000071, 54.80000000000000426 ) ) ;
#6270 = ORIENTED_EDGE ( 'NONE', *, *, #2265, .F. ) ;
#6271 = ADVANCED_FACE ( 'NONE', ( #6377 ), #88, .T. ) ;
#6272 = CARTESIAN_POINT ( 'NONE',  ( 16.74896230895139837, 33.85000000000000142, -53.36439999999999628 ) ) ;
#6273 = ORIENTED_EDGE ( 'NONE', *, *, #2214, .T. ) ;
#6274 = ORIENTED_EDGE ( 'NONE', *, *, #4521, .F. ) ;
#6275 = CARTESIAN_POINT ( 'NONE',  ( 8.873962308951309552, 33.85000000000000142, -59.91103336986829930 ) ) ;
#6276 = CARTESIAN_POINT ( 'NONE',  ( 1.531516322654548459E-15, -17.75417663684826408, 0.5751537265862568526 ) ) ;
#6277 = VECTOR ( 'NONE', #2446, 1000.000000000000114 ) ;
#6278 = CARTESIAN_POINT ( 'NONE',  ( 13.79025015642940133, -35.35000000000000142, -33.16999999999999460 ) ) ;
#6279 = CARTESIAN_POINT ( 'NONE',  ( 8.312745758981813893, -33.53211089447089677, -61.83626503486762260 ) ) ;
#6280 = VERTEX_POINT ( 'NONE', #1682 ) ;
#6281 = CARTESIAN_POINT ( 'NONE',  ( 3.000000000000000000, -21.66332092008489951, -3.062052658050260057 ) ) ;
#6282 = AXIS2_PLACEMENT_3D ( 'NONE', #4284, #2192, #3762 ) ;
#6283 = DIRECTION ( 'NONE',  ( 1.000000000000000000, 0.000000000000000000, 0.000000000000000000 ) ) ;
#6284 = ADVANCED_FACE ( 'NONE', ( #4260, #122 ), #2236, .F. ) ;
#6285 = EDGE_CURVE ( 'NONE', #5870, #3569, #4781, .T. ) ;
#6286 = DIRECTION ( 'NONE',  ( 0.000000000000000000, 1.000000000000000000, 0.000000000000000000 ) ) ;
#6287 = CIRCLE ( 'NONE', #3339, 1.000000000000000888 ) ;
#6288 = CARTESIAN_POINT ( 'NONE',  ( 8.873962308951458766, -33.85000000000000142, -52.81776663013170747 ) ) ;
#6289 = EDGE_LOOP ( 'NONE', ( #6769, #118, #2776, #3524 ) ) ;
#6290 = AXIS2_PLACEMENT_3D ( 'NONE', #3020, #2500, #3928 ) ;
#6291 = DIRECTION ( 'NONE',  ( 0.000000000000000000, 0.000000000000000000, 1.000000000000000000 ) ) ;
#6292 = VECTOR ( 'NONE', #6429, 1000.000000000000000 ) ;
#6293 = VECTOR ( 'NONE', #4612, 1000.000000000000114 ) ;
#6294 = LINE ( 'NONE', #4762, #3200 ) ;
#6295 = DIRECTION ( 'NONE',  ( 0.000000000000000000, -1.000000000000000000, 0.000000000000000000 ) ) ;
#6296 = EDGE_CURVE ( 'NONE', #1261, #2891, #4276, .T. ) ;
#6297 = FACE_OUTER_BOUND ( 'NONE', #4018, .T. ) ;
#6298 = ORIENTED_EDGE ( 'NONE', *, *, #6556, .F. ) ;
#6299 = LINE ( 'NONE', #111, #352 ) ;
#6300 = ORIENTED_EDGE ( 'NONE', *, *, #619, .T. ) ;
#6301 = ADVANCED_FACE ( 'NONE', ( #3803 ), #641, .F. ) ;
#6302 = LINE ( 'NONE', #3694, #5693 ) ;
#6303 = CARTESIAN_POINT ( 'NONE',  ( 7.782225787388732385, 33.54283676358839728, -61.59337696295663989 ) ) ;
#6304 = ORIENTED_EDGE ( 'NONE', *, *, #460, .F. ) ;
#6305 = VERTEX_POINT ( 'NONE', #1195 ) ;
#6306 = DIRECTION ( 'NONE',  ( 0.000000000000000000, 1.000000000000000000, 0.000000000000000000 ) ) ;
#6307 = AXIS2_PLACEMENT_3D ( 'NONE', #4093, #1484, #4057 ) ;
#6308 = LINE ( 'NONE', #5372, #2249 ) ;
#6309 = ORIENTED_EDGE ( 'NONE', *, *, #345, .F. ) ;
#6310 = ORIENTED_EDGE ( 'NONE', *, *, #1604, .T. ) ;
#6311 = CARTESIAN_POINT ( 'NONE',  ( 9.950954101318329137, 33.77968222901075990, -61.59787849922730629 ) ) ;
#6312 = CARTESIAN_POINT ( 'NONE',  ( 3.000000000000000000, 16.11538704883520268, -5.443130372780090376 ) ) ;
#6313 = CARTESIAN_POINT ( 'NONE',  ( 8.812000000000001165, -7.806255641895628769E-15, 64.46446609406729067 ) ) ;
#6314 = CARTESIAN_POINT ( 'NONE',  ( 7.023817681774242594, -33.72670949192096401, -60.67224161450506870 ) ) ;
#6315 = ORIENTED_EDGE ( 'NONE', *, *, #6800, .F. ) ;
#6316 = VECTOR ( 'NONE', #5982, 1000.000000000000000 ) ;
#6317 = DIRECTION ( 'NONE',  ( 1.000000000000000000, 0.000000000000000000, 0.000000000000000000 ) ) ;
#6318 = DIRECTION ( 'NONE',  ( 0.000000000000000000, -0.5000000000000003331, 0.8660254037844383745 ) ) ;
#6319 = DATE_AND_TIME ( #1515, #3178 ) ;
#6320 = FACE_OUTER_BOUND ( 'NONE', #3069, .T. ) ;
#6321 = ADVANCED_FACE ( 'NONE', ( #3259 ), #5930, .F. ) ;
#6322 = DIRECTION ( 'NONE',  ( 0.000000000000000000, 0.000000000000000000, -1.000000000000000000 ) ) ;
#6323 = ORIENTED_EDGE ( 'NONE', *, *, #706, .F. ) ;
#6324 = FACE_OUTER_BOUND ( 'NONE', #5059, .T. ) ;
#6325 = PLANE ( 'NONE',  #1660 ) ;
#6326 = CARTESIAN_POINT ( 'NONE',  ( 0.000000000000000000, -16.00000000000000000, 75.00000000000000000 ) ) ;
#6327 = DIRECTION ( 'NONE',  ( 1.000000000000000000, 0.000000000000000000, 0.000000000000000000 ) ) ;
#6328 = VERTEX_POINT ( 'NONE', #5384 ) ;
#6329 = ORIENTED_EDGE ( 'NONE', *, *, #2436, .T. ) ;
#6330 = ORIENTED_EDGE ( 'NONE', *, *, #3075, .F. ) ;
#6331 = CARTESIAN_POINT ( 'NONE',  ( 16.10595430660429983, 33.85000000000000142, -60.17881634400980317 ) ) ;
#6332 = CARTESIAN_POINT ( 'NONE',  ( 7.119109857157814858, 33.68677791564017099, -60.87054694619245510 ) ) ;
#6333 = VERTEX_POINT ( 'NONE', #610 ) ;
#6334 = CARTESIAN_POINT ( 'NONE',  ( 8.812000000000001165, 23.20723304703365031, 23.20723304703367162 ) ) ;
#6335 = ORIENTED_EDGE ( 'NONE', *, *, #5795, .F. ) ;
#6336 = EDGE_CURVE ( 'NONE', #868, #100, #3071, .T. ) ;
#6337 = DIRECTION ( 'NONE',  ( 0.000000000000000000, 0.000000000000000000, 1.000000000000000000 ) ) ;
#6338 = PRODUCT_RELATED_PRODUCT_CATEGORY ( 'detail', '', ( #1171 ) ) ;
#6339 = ORIENTED_EDGE ( 'NONE', *, *, #5249, .F. ) ;
#6340 = VERTEX_POINT ( 'NONE', #58 ) ;
#6341 = DIRECTION ( 'NONE',  ( 0.000000000000000000, 0.000000000000000000, 1.000000000000000000 ) ) ;
#6342 = FACE_OUTER_BOUND ( 'NONE', #5635, .T. ) ;
#6343 = CARTESIAN_POINT ( 'NONE',  ( 15.94309721006644587, -33.81819916264843329, -60.74214827740480160 ) ) ;
#6344 = EDGE_CURVE ( 'NONE', #2555, #3387, #544, .T. ) ;
#6345 = DIRECTION ( 'NONE',  ( 0.000000000000000000, -1.000000000000000000, 0.000000000000000000 ) ) ;
#6346 = VECTOR ( 'NONE', #4970, 1000.000000000000000 ) ;
#6347 = ORIENTED_EDGE ( 'NONE', *, *, #2754, .F. ) ;
#6348 = CARTESIAN_POINT ( 'NONE',  ( 24.00000000000000000, -8.050000000000000711, 71.53553390593270933 ) ) ;
#6349 = LINE ( 'NONE', #618, #3721 ) ;
#6350 = DATE_AND_TIME ( #449, #2190 ) ;
#6351 = CARTESIAN_POINT ( 'NONE',  ( -8.000000000000000000, -4.514466094067260293, 68.00000000000000000 ) ) ;
#6352 = VECTOR ( 'NONE', #6590, 1000.000000000000114 ) ;
#6353 = DIRECTION ( 'NONE',  ( -1.000000000000000000, 0.000000000000000000, 0.000000000000000000 ) ) ;
#6354 = ORIENTED_EDGE ( 'NONE', *, *, #506, .F. ) ;
#6355 = EDGE_CURVE ( 'NONE', #5878, #6576, #3941, .T. ) ;
#6356 = AXIS2_PLACEMENT_3D ( 'NONE', #4978, #2441, #5997 ) ;
#6357 = CARTESIAN_POINT ( 'NONE',  ( 13.98555732344654068, 33.69989094464111901, -61.90765362563602991 ) ) ;
#6358 = EDGE_CURVE ( 'NONE', #6432, #6109, #4392, .T. ) ;
#6359 = DIRECTION ( 'NONE',  ( 0.000000000000000000, 1.000000000000000000, 0.000000000000000000 ) ) ;
#6360 = VECTOR ( 'NONE', #1196, 1000.000000000000000 ) ;
#6361 = CARTESIAN_POINT ( 'NONE',  ( 16.74896230895139837, 27.85000000000000142, -54.36440000000000339 ) ) ;
#6362 = AXIS2_PLACEMENT_3D ( 'NONE', #2498, #3521, #4518 ) ;
#6363 = DIRECTION ( 'NONE',  ( 0.000000000000000000, -1.000000000000000000, 0.000000000000000000 ) ) ;
#6364 = ORIENTED_EDGE ( 'NONE', *, *, #3488, .F. ) ;
#6365 = ORIENTED_EDGE ( 'NONE', *, *, #6381, .F. ) ;
#6366 = CYLINDRICAL_SURFACE ( 'NONE', #3441, 3.000000000000002665 ) ;
#6367 = CARTESIAN_POINT ( 'NONE',  ( 15.57155397223445625, 33.74267760912531600, -61.29116747504846074 ) ) ;
#6368 = EDGE_CURVE ( 'NONE', #6376, #5882, #5367, .T. ) ;
#6369 = VECTOR ( 'NONE', #3509, 1000.000000000000000 ) ;
#6370 = CARTESIAN_POINT ( 'NONE',  ( 6.869201036837799812, 33.84270273742618684, -59.85279161975187634 ) ) ;
#6371 = ORIENTED_EDGE ( 'NONE', *, *, #1074, .F. ) ;
#6372 = CARTESIAN_POINT ( 'NONE',  ( 16.74896230895139837, 33.90188994426890190, -54.36440000000000339 ) ) ;
#6373 = ORIENTED_EDGE ( 'NONE', *, *, #4926, .F. ) ;
#6374 = DIRECTION ( 'NONE',  ( 0.000000000000000000, -0.7071067811865505703, 0.7071067811865444641 ) ) ;
#6375 = EDGE_LOOP ( 'NONE', ( #5022, #2119, #6309, #2169 ) ) ;
#6376 = VERTEX_POINT ( 'NONE', #577 ) ;
#6377 = FACE_OUTER_BOUND ( 'NONE', #5351, .T. ) ;
#6378 = DIRECTION ( 'NONE',  ( 0.000000000000000000, 0.000000000000000000, -1.000000000000000000 ) ) ;
#6379 = DIRECTION ( 'NONE',  ( 0.000000000000000000, 1.000000000000000000, 0.000000000000000000 ) ) ;
#6380 = ORIENTED_EDGE ( 'NONE', *, *, #3409, .F. ) ;
#6381 = EDGE_CURVE ( 'NONE', #1430, #834, #3703, .T. ) ;
#6382 = LINE ( 'NONE', #5933, #1509 ) ;
#6383 = ORIENTED_EDGE ( 'NONE', *, *, #6533, .F. ) ;
#6384 = CARTESIAN_POINT ( 'NONE',  ( 13.24252759892419995, -36.18666002653410629, -43.17000000000000171 ) ) ;
#6385 = CYLINDRICAL_SURFACE ( 'NONE', #4165, 2.000000000000001776 ) ;
#6386 = CARTESIAN_POINT ( 'NONE',  ( 24.00000000000000000, 4.514466094067260293, 58.00000000000000000 ) ) ;
#6387 = VECTOR ( 'NONE', #1231, 1000.000000000000000 ) ;
#6388 = EDGE_CURVE ( 'NONE', #6411, #834, #5282, .T. ) ;
#6389 = CARTESIAN_POINT ( 'NONE',  ( 8.873962308951309552, -29.54632342534900147, -59.91103336986829930 ) ) ;
#6390 = ORIENTED_EDGE ( 'NONE', *, *, #145, .F. ) ;
#6391 = CIRCLE ( 'NONE', #6282, 2.000000000000001776 ) ;
#6392 = CARTESIAN_POINT ( 'NONE',  ( 16.74896230895139837, -33.85000000000000142, -55.36440000000000339 ) ) ;
#6393 = VERTEX_POINT ( 'NONE', #3229 ) ;
#6394 = CARTESIAN_POINT ( 'NONE',  ( 0.000000000000000000, 28.04999999999999716, 75.00000000000000000 ) ) ;
#6395 = CARTESIAN_POINT ( 'NONE',  ( 9.998962308951451661, -38.85000000000000142, -33.16999999999999460 ) ) ;
#6396 = AXIS2_PLACEMENT_3D ( 'NONE', #3089, #4633, #2574 ) ;
#6397 = CARTESIAN_POINT ( 'NONE',  ( 11.49896230895140015, -33.85000000000000142, -33.16999999999999460 ) ) ;
#6398 = ORIENTED_EDGE ( 'NONE', *, *, #3414, .F. ) ;
#6399 = CIRCLE ( 'NONE', #4987, 2.000000000000001776 ) ;
#6400 = VERTEX_POINT ( 'NONE', #4813 ) ;
#6401 = DIRECTION ( 'NONE',  ( 0.000000000000000000, 0.000000000000000000, 1.000000000000000000 ) ) ;
#6402 = ORIENTED_EDGE ( 'NONE', *, *, #4100, .F. ) ;
#6403 = CARTESIAN_POINT ( 'NONE',  ( 14.12396230895140192, -26.34999999999999787, -50.81776663013170747 ) ) ;
#6404 = AXIS2_PLACEMENT_3D ( 'NONE', #6049, #4410, #3447 ) ;
#6405 = ORIENTED_EDGE ( 'NONE', *, *, #3019, .F. ) ;
#6406 = EDGE_CURVE ( 'NONE', #4663, #1119, #4528, .T. ) ;
#6407 = CARTESIAN_POINT ( 'NONE',  ( 10.81200000000000117, -16.00000000000000000, 78.00000000000000000 ) ) ;
#6408 = ORIENTED_EDGE ( 'NONE', *, *, #4275, .T. ) ;
#6409 = DIRECTION ( 'NONE',  ( 0.000000000000000000, 0.7071067811865517916, 0.7071067811865432429 ) ) ;
#6410 = ORIENTED_EDGE ( 'NONE', *, *, #2880, .F. ) ;
#6411 = VERTEX_POINT ( 'NONE', #2894 ) ;
#6412 = CARTESIAN_POINT ( 'NONE',  ( 2.510653580699585330, 19.29098431525970270, 0.9869401029385541646 ) ) ;
#6413 = DIRECTION ( 'NONE',  ( 0.000000000000000000, 0.000000000000000000, -1.000000000000000000 ) ) ;
#6414 = CARTESIAN_POINT ( 'NONE',  ( 0.000000000000000000, -33.85000000000000142, -52.17000000000000171 ) ) ;
#6415 = ORIENTED_EDGE ( 'NONE', *, *, #4100, .T. ) ;
#6416 = DIRECTION ( 'NONE',  ( 0.000000000000000000, -1.000000000000000000, 0.000000000000000000 ) ) ;
#6417 = CIRCLE ( 'NONE', #4345, 2.000000000000001776 ) ;
#6418 = VERTEX_POINT ( 'NONE', #6519 ) ;
#6419 = CARTESIAN_POINT ( 'NONE',  ( 24.00000000000000000, 30.84999999999999787, -24.97384757729340166 ) ) ;
#6420 = FACE_OUTER_BOUND ( 'NONE', #5273, .T. ) ;
#6421 = FACE_OUTER_BOUND ( 'NONE', #121, .T. ) ;
#6422 = DIRECTION ( 'NONE',  ( 0.000000000000000000, 1.734723475976809806E-16, -1.000000000000000000 ) ) ;
#6423 = EDGE_CURVE ( 'NONE', #4912, #799, #212, .T. ) ;
#6424 = ORIENTED_EDGE ( 'NONE', *, *, #5092, .T. ) ;
#6425 = ADVANCED_FACE ( 'NONE', ( #362 ), #1263, .T. ) ;
#6426 = DIRECTION ( 'NONE',  ( 0.000000000000000000, 0.4999999999999998890, 0.8660254037844387076 ) ) ;
#6427 = VERTEX_POINT ( 'NONE', #1887 ) ;
#6428 = DIRECTION ( 'NONE',  ( -1.000000000000000000, 0.000000000000000000, 0.000000000000000000 ) ) ;
#6429 = DIRECTION ( 'NONE',  ( 0.000000000000000000, 0.7071067811865470176, 0.7071067811865480168 ) ) ;
#6430 = EDGE_CURVE ( 'NONE', #374, #5138, #2643, .T. ) ;
#6431 = CARTESIAN_POINT ( 'NONE',  ( 3.000000000000000000, -26.34999999999999787, -29.17000000000000171 ) ) ;
#6432 = VERTEX_POINT ( 'NONE', #6066 ) ;
#6433 = CARTESIAN_POINT ( 'NONE',  ( 16.74896230895139837, -27.85000000000000142, -54.36440000000000339 ) ) ;
#6434 = DIRECTION ( 'NONE',  ( 0.000000000000000000, -1.000000000000000000, 0.000000000000000000 ) ) ;
#6435 = DIRECTION ( 'NONE',  ( 1.000000000000000000, 0.000000000000000000, 0.000000000000000000 ) ) ;
#6436 = ORIENTED_EDGE ( 'NONE', *, *, #5569, .T. ) ;
#6437 = CARTESIAN_POINT ( 'NONE',  ( 6.248962308951460543, -33.85000000000000142, -55.36440000000000339 ) ) ;
#6438 = DIRECTION ( 'NONE',  ( 0.000000000000000000, -0.8660254037844385966, -0.5000000000000000000 ) ) ;
#6439 = VERTEX_POINT ( 'NONE', #2402 ) ;
#6440 = CIRCLE ( 'NONE', #4589, 12.00000000000000355 ) ;
#6441 = CARTESIAN_POINT ( 'NONE',  ( 6.812000000000000277, 23.05000000000000071, 69.79999999999999716 ) ) ;
#6442 = VERTEX_POINT ( 'NONE', #1396 ) ;
#6443 = EDGE_LOOP ( 'NONE', ( #6138, #4489, #1355, #1713 ) ) ;
#6444 = ADVANCED_FACE ( 'NONE', ( #3969 ), #5583, .T. ) ;
#6445 = DIRECTION ( 'NONE',  ( 0.000000000000000000, 1.156482317317870344E-15, 1.000000000000000000 ) ) ;
#6446 = CARTESIAN_POINT ( 'NONE',  ( 16.74896230895139837, 27.85000000000000142, -57.36440000000000339 ) ) ;
#6447 = EDGE_CURVE ( 'NONE', #2565, #4123, #4277, .T. ) ;
#6448 = ADVANCED_FACE ( 'NONE', ( #1327 ), #2859, .F. ) ;
#6449 = CARTESIAN_POINT ( 'NONE',  ( 16.10595430660429983, -33.85000000000000142, -60.17881634400980317 ) ) ;
#6450 = DIRECTION ( 'NONE',  ( -1.000000000000000000, 0.000000000000000000, 0.000000000000000000 ) ) ;
#6451 = EDGE_LOOP ( 'NONE', ( #6030, #2223, #4285, #12 ) ) ;
#6452 = DIRECTION ( 'NONE',  ( 0.000000000000000000, 0.000000000000000000, 1.000000000000000000 ) ) ;
#6453 = FACE_OUTER_BOUND ( 'NONE', #4676, .T. ) ;
#6454 = CIRCLE ( 'NONE', #3492, 1.000000000000000888 ) ;
#6455 = CARTESIAN_POINT ( 'NONE',  ( 14.12396230895140192, 28.26990063580600321, -59.91103336986829930 ) ) ;
#6456 = B_SPLINE_CURVE_WITH_KNOTS ( 'NONE', 3,
 ( #1052, #3697, #4743, #3157, #6711, #5174, #468, #2165, #6266, #5202, #5240, #4669, #1570, #1640, #6749, #2052, #4146, #3125, #6234, #5714, #5274, #5786, #2090, #1014, #504, #4253, #4182, #1089, #3191, #4775, #3321, #4287 ),
 .UNSPECIFIED., .F., .F.,
 ( 4, 2, 2, 2, 2, 2, 2, 2, 2, 1, 2, 2, 2, 2, 1, 2, 4 ),
 ( 0.6461953449258203142, 0.7346465086944120593, 0.7457029041654854584, 0.7512311019010220470, 0.7567592996365586355, 0.7788720905787053228, 0.8009848815208520101, 0.8120412769919236329, 0.8148053758596913720, 0.8175694747274588892, 0.8230976724629928132, 0.8673232543472569889, 0.8728514520827882484, 0.8783796498183196189, 0.8894360452893808056, 0.9115488362315027349, 1.000000000000000000 ),
 .UNSPECIFIED. ) ;
#6457 = LOCAL_TIME ( 9, 57, 39.00000000000000000, #1591 ) ;
#6458 = ORIENTED_EDGE ( 'NONE', *, *, #6738, .F. ) ;
#6459 = CARTESIAN_POINT ( 'NONE',  ( 13.31272205686058996, 33.77647456002667781, -61.73928508378773472 ) ) ;
#6460 = EDGE_LOOP ( 'NONE', ( #2712, #3559, #366, #6365 ) ) ;
#6461 = CARTESIAN_POINT ( 'NONE',  ( 1.076072228735579641E-16, 26.34999999999999432, -26.68471862576141973 ) ) ;
#6462 = VECTOR ( 'NONE', #2314, 1000.000000000000000 ) ;
#6463 = CARTESIAN_POINT ( 'NONE',  ( 0.000000000000000000, -25.05000000000000071, -14.74735342352009937 ) ) ;
#6464 = EDGE_CURVE ( 'NONE', #2224, #4699, #297, .T. ) ;
#6465 = AXIS2_PLACEMENT_3D ( 'NONE', #1718, #3771, #4361 ) ;
#6466 = CARTESIAN_POINT ( 'NONE',  ( 24.00000000000000000, 16.11538704883520268, -5.443130372780090376 ) ) ;
#6467 = EDGE_LOOP ( 'NONE', ( #3577, #1125, #4280, #5900, #2189 ) ) ;
#6468 = DIRECTION ( 'NONE',  ( 0.000000000000000000, 1.000000000000000000, 0.000000000000000000 ) ) ;
#6469 = AXIS2_PLACEMENT_3D ( 'NONE', #1783, #193, #2338 ) ;
#6470 = EDGE_CURVE ( 'NONE', #5387, #2156, #5966, .T. ) ;
#6471 = FACE_OUTER_BOUND ( 'NONE', #2573, .T. ) ;
#6472 = EDGE_LOOP ( 'NONE', ( #3647, #6747, #5245, #6522 ) ) ;
#6473 = CARTESIAN_POINT ( 'NONE',  ( 6.248962308951460543, -27.85000000000000142, -55.36440000000000339 ) ) ;
#6474 = AXIS2_PLACEMENT_3D ( 'NONE', #4856, #3406, #3814 ) ;
#6475 = ORIENTED_EDGE ( 'NONE', *, *, #2651, .T. ) ;
#6476 = ADVANCED_FACE ( 'NONE', ( #4461 ), #5074, .T. ) ;
#6477 = PLANE ( 'NONE',  #1069 ) ;
#6478 = ORIENTED_EDGE ( 'NONE', *, *, #6368, .T. ) ;
#6479 = CARTESIAN_POINT ( 'NONE',  ( 6.812000000000000277, 25.05000000000000071, 71.79999999999999716 ) ) ;
#6480 = AXIS2_PLACEMENT_3D ( 'NONE', #802, #2982, #6640 ) ;
#6481 = ORIENTED_EDGE ( 'NONE', *, *, #5573, .F. ) ;
#6482 = ORIENTED_EDGE ( 'NONE', *, *, #1124, .T. ) ;
#6483 = DIRECTION ( 'NONE',  ( 0.000000000000000000, -1.000000000000000000, 0.000000000000000000 ) ) ;
#6484 = DIRECTION ( 'NONE',  ( 0.000000000000000000, 0.7071067811865470176, -0.7071067811865480168 ) ) ;
#6485 = VERTEX_POINT ( 'NONE', #1363 ) ;
#6486 = DIRECTION ( 'NONE',  ( 0.000000000000000000, -1.000000000000000000, 0.000000000000000000 ) ) ;
#6487 = ADVANCED_FACE ( 'NONE', ( #6546 ), #1782, .T. ) ;
#6488 = VERTEX_POINT ( 'NONE', #3870 ) ;
#6489 = CARTESIAN_POINT ( 'NONE',  ( 6.248962308951460543, -26.34999999999999787, -54.36440000000000339 ) ) ;
#6490 = CYLINDRICAL_SURFACE ( 'NONE', #1755, 3.000000000000002220 ) ;
#6491 = PLANE ( 'NONE',  #6474 ) ;
#6492 = ORIENTED_EDGE ( 'NONE', *, *, #3587, .F. ) ;
#6493 = VECTOR ( 'NONE', #4580, 1000.000000000000000 ) ;
#6494 = EDGE_CURVE ( 'NONE', #4490, #2284, #6685, .T. ) ;
#6495 = CARTESIAN_POINT ( 'NONE',  ( 6.812000000000000277, -28.04999999999999716, 54.80000000000000426 ) ) ;
#6496 = CARTESIAN_POINT ( 'NONE',  ( 24.00000000000000000, -21.66332092008489951, -3.062052658050260057 ) ) ;
#6497 = LINE ( 'NONE', #1799, #3452 ) ;
#6498 = AXIS2_PLACEMENT_3D ( 'NONE', #6709, #49, #1531 ) ;
#6499 = CARTESIAN_POINT ( 'NONE',  ( 2.272393124890999871, -19.23141920130759885, 22.90491500514150047 ) ) ;
#6500 = VERTEX_POINT ( 'NONE', #2337 ) ;
#6501 = LINE ( 'NONE', #1183, #3105 ) ;
#6502 = FACE_BOUND ( 'NONE', #2063, .T. ) ;
#6503 = ORIENTED_EDGE ( 'NONE', *, *, #5172, .F. ) ;
#6504 = EDGE_CURVE ( 'NONE', #4811, #744, #4427, .T. ) ;
#6505 = FACE_BOUND ( 'NONE', #6797, .T. ) ;
#6506 = EDGE_LOOP ( 'NONE', ( #3818, #903, #5934, #2399 ) ) ;
#6507 = VECTOR ( 'NONE', #1406, 1000.000000000000000 ) ;
#6508 = CARTESIAN_POINT ( 'NONE',  ( 21.00000000000000000, -16.11538704883520268, -5.443130372780090376 ) ) ;
#6509 = ORIENTED_EDGE ( 'NONE', *, *, #1557, .T. ) ;
#6510 = CARTESIAN_POINT ( 'NONE',  ( 14.12396230895140192, 27.85000000000000142, -61.91103336986829930 ) ) ;
#6511 = EDGE_CURVE ( 'NONE', #897, #4321, #5232, .T. ) ;
#6512 = EDGE_CURVE ( 'NONE', #5318, #6776, #3901, .T. ) ;
#6513 = VERTEX_POINT ( 'NONE', #5237 ) ;
#6514 = ORIENTED_EDGE ( 'NONE', *, *, #4926, .T. ) ;
#6515 = CC_DESIGN_DATE_AND_TIME_ASSIGNMENT ( #6319, #4685, ( #215 ) ) ;
#6516 = ADVANCED_FACE ( 'NONE', ( #5108 ), #6745, .T. ) ;
#6517 = VECTOR ( 'NONE', #5911, 1000.000000000000000 ) ;
#6518 = AXIS2_PLACEMENT_3D ( 'NONE', #6525, #373, #3943 ) ;
#6519 = CARTESIAN_POINT ( 'NONE',  ( 9.998962308951451661, -38.85000000000000142, -43.17000000000000171 ) ) ;
#6520 = DIRECTION ( 'NONE',  ( 0.000000000000000000, 1.000000000000000000, 0.000000000000000000 ) ) ;
#6521 = CARTESIAN_POINT ( 'NONE',  ( 21.00000000000000000, -28.04999999999999716, 75.00000000000000000 ) ) ;
#6522 = ORIENTED_EDGE ( 'NONE', *, *, #6231, .T. ) ;
#6523 = CARTESIAN_POINT ( 'NONE',  ( 6.248962308951460543, 27.85000000000000142, -55.36440000000000339 ) ) ;
#6524 = EDGE_LOOP ( 'NONE', ( #2081, #1314, #1865, #3976 ) ) ;
#6525 = CARTESIAN_POINT ( 'NONE',  ( 16.74896230895139837, 27.85000000000000142, -55.36440000000000339 ) ) ;
#6526 = FACE_BOUND ( 'NONE', #1911, .T. ) ;
#6527 = FACE_OUTER_BOUND ( 'NONE', #2687, .T. ) ;
#6528 = ORIENTED_EDGE ( 'NONE', *, *, #4943, .T. ) ;
#6529 = DIRECTION ( 'NONE',  ( 0.000000000000000000, 1.000000000000000000, 0.000000000000000000 ) ) ;
#6530 = AXIS2_PLACEMENT_3D ( 'NONE', #3713, #3815, #6322 ) ;
#6531 = CARTESIAN_POINT ( 'NONE',  ( 19.00000000000000000, -33.85000000000000142, -33.16999999999999460 ) ) ;
#6532 = CARTESIAN_POINT ( 'NONE',  ( 19.00000000000000000, -33.85000000000000142, -33.16999999999999460 ) ) ;
#6533 = EDGE_CURVE ( 'NONE', #1071, #3497, #6129, .T. ) ;
#6534 = DIRECTION ( 'NONE',  ( -0.2425356250363329691, -0.9701425001453318764, -2.243905293393249854E-16 ) ) ;
#6535 = ORIENTED_EDGE ( 'NONE', *, *, #5486, .T. ) ;
#6536 = ORIENTED_EDGE ( 'NONE', *, *, #492, .F. ) ;
#6537 = PLANE ( 'NONE',  #6068 ) ;
#6538 = CARTESIAN_POINT ( 'NONE',  ( 6.812000000000000277, 25.05000000000000071, 52.79999999999999716 ) ) ;
#6539 = EDGE_LOOP ( 'NONE', ( #4159, #1350, #1885, #727 ) ) ;
#6540 = VECTOR ( 'NONE', #2576, 999.9999999999998863 ) ;
#6541 = CYLINDRICAL_SURFACE ( 'NONE', #6290, 1.000000000000000888 ) ;
#6542 = EDGE_LOOP ( 'NONE', ( #2131, #4431 ) ) ;
#6543 = LINE ( 'NONE', #1845, #3142 ) ;
#6544 = VERTEX_POINT ( 'NONE', #1431 ) ;
#6545 = ORIENTED_EDGE ( 'NONE', *, *, #5498, .F. ) ;
#6546 = FACE_OUTER_BOUND ( 'NONE', #2809, .T. ) ;
#6547 = DIRECTION ( 'NONE',  ( 0.000000000000000000, 1.000000000000000000, 0.000000000000000000 ) ) ;
#6548 = DIRECTION ( 'NONE',  ( 1.000000000000000000, 0.000000000000000000, 0.000000000000000000 ) ) ;
#6549 = ORIENTED_EDGE ( 'NONE', *, *, #4650, .T. ) ;
#6550 = AXIS2_PLACEMENT_3D ( 'NONE', #6523, #2865, #3401 ) ;
#6551 = EDGE_CURVE ( 'NONE', #5369, #6340, #1651, .T. ) ;
#6552 = DIRECTION ( 'NONE',  ( 0.000000000000000000, -1.000000000000000000, 0.000000000000000000 ) ) ;
#6553 = SPHERICAL_SURFACE ( 'NONE', #4899, 3.000000000000000000 ) ;
#6554 = VERTEX_POINT ( 'NONE', #1496 ) ;
#6555 = CARTESIAN_POINT ( 'NONE',  ( 3.000000000000000000, -25.05000000000000071, 72.84999999999999432 ) ) ;
#6556 = EDGE_CURVE ( 'NONE', #326, #1746, #2642, .T. ) ;
#6557 = DIRECTION ( 'NONE',  ( -1.000000000000000000, 0.000000000000000000, 0.000000000000000000 ) ) ;
#6558 = DIRECTION ( 'NONE',  ( 0.000000000000000000, -0.4999999999999998890, 0.8660254037844387076 ) ) ;
#6559 = CARTESIAN_POINT ( 'NONE',  ( 14.12396230895140192, 33.85000000000000142, -50.81776663013170747 ) ) ;
#6560 = ORIENTED_EDGE ( 'NONE', *, *, #706, .T. ) ;
#6561 = CARTESIAN_POINT ( 'NONE',  ( 14.12396230895140192, 27.85000000000000142, -50.81776663013170747 ) ) ;
#6562 = CARTESIAN_POINT ( 'NONE',  ( 0.000000000000000000, 31.25192378864670317, -25.66999999999999815 ) ) ;
#6563 = CARTESIAN_POINT ( 'NONE',  ( 2.272393124890999871, 19.23141920130759885, 22.90491500514150047 ) ) ;
#6564 = PRODUCT_DEFINITION_FORMATION_WITH_SPECIFIED_SOURCE ( '任何', '', #1171, .NOT_KNOWN. ) ;
#6565 = EDGE_CURVE ( 'NONE', #6554, #1276, #1047, .T. ) ;
#6566 = DIRECTION ( 'NONE',  ( -1.000000000000000000, 0.000000000000000000, 0.000000000000000000 ) ) ;
#6567 = ORIENTED_EDGE ( 'NONE', *, *, #2299, .F. ) ;
#6568 = EDGE_CURVE ( 'NONE', #2606, #4305, #2932, .T. ) ;
#6569 = VECTOR ( 'NONE', #2058, 1000.000000000000000 ) ;
#6570 = CARTESIAN_POINT ( 'NONE',  ( 21.00000000000000000, -21.66332092008489951, 26.93794734194980123 ) ) ;
#6571 = FACE_OUTER_BOUND ( 'NONE', #2538, .T. ) ;
#6572 = ORIENTED_EDGE ( 'NONE', *, *, #3988, .F. ) ;
#6573 = PLANE ( 'NONE',  #1855 ) ;
#6574 = VECTOR ( 'NONE', #5348, 1000.000000000000000 ) ;
#6575 = DIRECTION ( 'NONE',  ( 0.000000000000000000, 1.000000000000000000, 0.000000000000000000 ) ) ;
#6576 = VERTEX_POINT ( 'NONE', #1010 ) ;
#6577 = EDGE_CURVE ( 'NONE', #5993, #5791, #651, .T. ) ;
#6578 = VECTOR ( 'NONE', #3892, 1000.000000000000227 ) ;
#6579 = ORIENTED_EDGE ( 'NONE', *, *, #514, .T. ) ;
#6580 = ORIENTED_EDGE ( 'NONE', *, *, #4583, .F. ) ;
#6581 = DIRECTION ( 'NONE',  ( 0.000000000000000000, 0.000000000000000000, 1.000000000000000000 ) ) ;
#6582 = AXIS2_PLACEMENT_3D ( 'NONE', #1751, #5830, #5419 ) ;
#6583 = CARTESIAN_POINT ( 'NONE',  ( 3.000000000000000000, 1.484255380514919910E-15, 75.00000000000000000 ) ) ;
#6584 = ORIENTED_EDGE ( 'NONE', *, *, #6735, .F. ) ;
#6585 = CARTESIAN_POINT ( 'NONE',  ( 8.812000000000001165, -16.00000000000000000, 42.00000000000000000 ) ) ;
#6586 = CARTESIAN_POINT ( 'NONE',  ( 14.12396230895140192, 27.85000000000000142, -48.81776663013170037 ) ) ;
#6587 = ORIENTED_EDGE ( 'NONE', *, *, #4438, .F. ) ;
#6588 = CARTESIAN_POINT ( 'NONE',  ( 12.55615607551909996, -33.85000000000000142, -61.15279969829360596 ) ) ;
#6589 = VERTEX_POINT ( 'NONE', #5199 ) ;
#6590 = DIRECTION ( 'NONE',  ( -0.5477225575051658524, -0.8366600265340756737, 0.000000000000000000 ) ) ;
#6591 = CARTESIAN_POINT ( 'NONE',  ( 6.812000000000000277, 28.04999999999999716, 54.80000000000000426 ) ) ;
#6592 = EDGE_CURVE ( 'NONE', #2274, #4802, #1529, .T. ) ;
#6593 = FACE_OUTER_BOUND ( 'NONE', #3971, .T. ) ;
#6594 = VECTOR ( 'NONE', #5187, 1000.000000000000000 ) ;
#6595 = VERTEX_POINT ( 'NONE', #3619 ) ;
#6596 = EDGE_LOOP ( 'NONE', ( #1998, #2914, #5647, #3528 ) ) ;
#6597 = CARTESIAN_POINT ( 'NONE',  ( 14.12396230895140192, 33.85000000000000142, -57.91103336986829930 ) ) ;
#6598 = LINE ( 'NONE', #6531, #6369 ) ;
#6599 = DIRECTION ( 'NONE',  ( 0.000000000000000000, -1.000000000000000000, 0.000000000000000000 ) ) ;
#6600 = EDGE_CURVE ( 'NONE', #3905, #2418, #531, .T. ) ;
#6601 = AXIS2_PLACEMENT_3D ( 'NONE', #1741, #3315, #4384 ) ;
#6602 = DIRECTION ( 'NONE',  ( 0.000000000000000000, 1.000000000000000000, 0.000000000000000000 ) ) ;
#6603 = ORIENTED_EDGE ( 'NONE', *, *, #3613, .T. ) ;
#6604 = DIRECTION ( 'NONE',  ( 0.000000000000000000, -0.7071067811865503483, 0.7071067811865445751 ) ) ;
#6605 = CARTESIAN_POINT ( 'NONE',  ( 12.95359012989530001, -34.80227744249479827, -43.17000000000000171 ) ) ;
#6606 = AXIS2_PLACEMENT_3D ( 'NONE', #5915, #1217, #5370 ) ;
#6607 = VERTEX_POINT ( 'NONE', #6677 ) ;
#6608 = DIRECTION ( 'NONE',  ( 0.000000000000000000, 0.000000000000000000, -1.000000000000000000 ) ) ;
#6609 = EDGE_LOOP ( 'NONE', ( #3723, #786, #4973, #5547 ) ) ;
#6610 = AXIS2_PLACEMENT_3D ( 'NONE', #1476, #4990, #825 ) ;
#6611 = EDGE_LOOP ( 'NONE', ( #2318, #1729, #4360, #6629 ) ) ;
#6612 = ORIENTED_EDGE ( 'NONE', *, *, #6296, .F. ) ;
#6613 = DIRECTION ( 'NONE',  ( 0.000000000000000000, -1.000000000000000000, 0.000000000000000000 ) ) ;
#6614 = CYLINDRICAL_SURFACE ( 'NONE', #5079, 3.000000000000002665 ) ;
#6615 = VECTOR ( 'NONE', #6718, 1000.000000000000000 ) ;
#6616 = ADVANCED_FACE ( 'NONE', ( #2018 ), #5614, .T. ) ;
#6617 = AXIS2_PLACEMENT_3D ( 'NONE', #1874, #2951, #2393 ) ;
#6618 = VERTEX_POINT ( 'NONE', #500 ) ;
#6619 = CARTESIAN_POINT ( 'NONE',  ( 3.000000000000000000, -28.04999999999999716, 78.00000000000000000 ) ) ;
#6620 = CARTESIAN_POINT ( 'NONE',  ( 6.248962308951460543, 27.85000000000000142, -53.36439999999999628 ) ) ;
#6621 = AXIS2_PLACEMENT_3D ( 'NONE', #2434, #6673, #4559 ) ;
#6622 = CARTESIAN_POINT ( 'NONE',  ( 13.34163071444857529, -33.77274422474708615, -61.75477124004389395 ) ) ;
#6623 = ORIENTED_EDGE ( 'NONE', *, *, #1329, .F. ) ;
#6624 = AXIS2_PLACEMENT_3D ( 'NONE', #1688, #6452, #1725 ) ;
#6625 = DIRECTION ( 'NONE',  ( 0.000000000000000000, 1.000000000000000000, 0.000000000000000000 ) ) ;
#6626 = CARTESIAN_POINT ( 'NONE',  ( 6.248962308951460543, -27.85000000000000142, -54.36440000000000339 ) ) ;
#6627 = CARTESIAN_POINT ( 'NONE',  ( 0.000000000000000000, 16.11538704883520268, -5.443130372780090376 ) ) ;
#6628 = FACE_BOUND ( 'NONE', #2505, .T. ) ;
#6629 = ORIENTED_EDGE ( 'NONE', *, *, #1879, .T. ) ;
#6630 = ORIENTED_EDGE ( 'NONE', *, *, #5383, .T. ) ;
#6631 = FACE_OUTER_BOUND ( 'NONE', #5849, .T. ) ;
#6632 = DIRECTION ( 'NONE',  ( 0.000000000000000000, 1.000000000000000000, 0.000000000000000000 ) ) ;
#6633 = CARTESIAN_POINT ( 'NONE',  ( 21.00000000000000000, 28.04999999999999716, 38.00000000000000000 ) ) ;
#6634 = EDGE_CURVE ( 'NONE', #1505, #5135, #1868, .T. ) ;
#6635 = DIRECTION ( 'NONE',  ( 0.000000000000000000, 1.000000000000000000, 0.000000000000000000 ) ) ;
#6636 = ORIENTED_EDGE ( 'NONE', *, *, #3221, .T. ) ;
#6637 = AXIS2_PLACEMENT_3D ( 'NONE', #2198, #5754, #1016 ) ;
#6638 = CIRCLE ( 'NONE', #3682, 1.000000000000000888 ) ;
#6639 = CARTESIAN_POINT ( 'NONE',  ( 3.000000000000000000, -19.41332092008490307, 0.8350616589797159595 ) ) ;
#6640 = DIRECTION ( 'NONE',  ( 0.000000000000000000, 0.000000000000000000, 1.000000000000000000 ) ) ;
#6641 = EDGE_CURVE ( 'NONE', #4845, #4841, #98, .T. ) ;
#6642 = DIRECTION ( 'NONE',  ( 0.000000000000000000, 0.000000000000000000, -1.000000000000000000 ) ) ;
#6643 = ORIENTED_EDGE ( 'NONE', *, *, #5401, .F. ) ;
#6644 = VECTOR ( 'NONE', #4411, 1000.000000000000000 ) ;
#6645 = EDGE_LOOP ( 'NONE', ( #436, #5167 ) ) ;
#6646 = CARTESIAN_POINT ( 'NONE',  ( 32.00000000000000000, 1.040834085586079997E-14, 27.00000000000000000 ) ) ;
#6647 = DIRECTION ( 'NONE',  ( 0.000000000000000000, 0.000000000000000000, -1.000000000000000000 ) ) ;
#6648 = ORIENTED_EDGE ( 'NONE', *, *, #4232, .T. ) ;
#6649 = LINE ( 'NONE', #3529, #5519 ) ;
#6650 = CARTESIAN_POINT ( 'NONE',  ( 21.00000000000000000, 26.34999999999999787, -29.17000000000000171 ) ) ;
#6651 = EDGE_CURVE ( 'NONE', #1910, #6439, #1098, .T. ) ;
#6652 = CARTESIAN_POINT ( 'NONE',  ( 12.98805895768204621, -33.81769736017011496, -61.55716412865060505 ) ) ;
#6653 = EDGE_CURVE ( 'NONE', #1552, #1053, #3023, .T. ) ;
#6654 = ADVANCED_FACE ( 'NONE', ( #3153 ), #4070, .F. ) ;
#6655 = DIRECTION ( 'NONE',  ( 0.000000000000000000, 1.000000000000000000, 0.000000000000000000 ) ) ;
#6656 = EDGE_CURVE ( 'NONE', #6485, #6333, #2529, .T. ) ;
#6657 = ORIENTED_EDGE ( 'NONE', *, *, #4232, .F. ) ;
#6658 = FACE_BOUND ( 'NONE', #4896, .T. ) ;
#6659 = CARTESIAN_POINT ( 'NONE',  ( -8.000000000000000000, -7.993605777301130246E-15, 54.46446609406730488 ) ) ;
#6660 = FACE_BOUND ( 'NONE', #5539, .T. ) ;
#6661 = ORIENTED_EDGE ( 'NONE', *, *, #355, .T. ) ;
#6662 = DIRECTION ( 'NONE',  ( 0.000000000000000000, 0.7071067811865475727, -0.7071067811865475727 ) ) ;
#6663 = DIRECTION ( 'NONE',  ( 0.000000000000000000, 0.000000000000000000, 1.000000000000000000 ) ) ;
#6664 = DIRECTION ( 'NONE',  ( 0.000000000000000000, 0.7071067811865470176, 0.7071067811865480168 ) ) ;
#6665 = DIRECTION ( 'NONE',  ( 0.000000000000000000, -1.000000000000000000, 0.000000000000000000 ) ) ;
#6666 = ORIENTED_EDGE ( 'NONE', *, *, #420, .T. ) ;
#6667 = ORIENTED_EDGE ( 'NONE', *, *, #4889, .T. ) ;
#6668 = DIRECTION ( 'NONE',  ( 1.000000000000000000, 0.000000000000000000, 0.000000000000000000 ) ) ;
#6669 = CYLINDRICAL_SURFACE ( 'NONE', #771, 2.000000000000001776 ) ;
#6670 = DIRECTION ( 'NONE',  ( 0.000000000000000000, 0.4999999999999998890, -0.8660254037844387076 ) ) ;
#6671 = ADVANCED_FACE ( 'NONE', ( #4213 ), #5820, .F. ) ;
#6672 = VECTOR ( 'NONE', #1319, 1000.000000000000000 ) ;
#6673 = DIRECTION ( 'NONE',  ( 0.000000000000000000, -1.000000000000000000, 0.000000000000000000 ) ) ;
#6674 = ORIENTED_EDGE ( 'NONE', *, *, #652, .T. ) ;
#6675 = AXIS2_PLACEMENT_3D ( 'NONE', #4339, #753, #3879 ) ;
#6676 = ORIENTED_EDGE ( 'NONE', *, *, #2405, .T. ) ;
#6677 = CARTESIAN_POINT ( 'NONE',  ( 8.092057045512770941, -35.63893746902890314, -33.16999999999999460 ) ) ;
#6678 = VECTOR ( 'NONE', #1273, 1000.000000000000000 ) ;
#6679 = DIRECTION ( 'NONE',  ( 0.000000000000000000, -4.947517935049715941E-16, 1.000000000000000000 ) ) ;
#6680 = EDGE_CURVE ( 'NONE', #3156, #2631, #4380, .T. ) ;
#6681 = ORIENTED_EDGE ( 'NONE', *, *, #5125, .T. ) ;
#6682 = DIRECTION ( 'NONE',  ( 0.000000000000000000, 0.000000000000000000, -1.000000000000000000 ) ) ;
#6683 = CARTESIAN_POINT ( 'NONE',  ( 6.812000000000000277, -48.76507672015620187, 54.80000000000000426 ) ) ;
#6684 = CARTESIAN_POINT ( 'NONE',  ( 13.49522803924184977, -33.75346686987295897, -61.80976856769361660 ) ) ;
#6685 = CIRCLE ( 'NONE', #2199, 1.000000000000000888 ) ;
#6686 = DIRECTION ( 'NONE',  ( 0.000000000000000000, 0.4999999999999998890, 0.8660254037844387076 ) ) ;
#6687 = VERTEX_POINT ( 'NONE', #2227 ) ;
#6688 = AXIS2_PLACEMENT_3D ( 'NONE', #5864, #1128, #3871 ) ;
#6689 = CYLINDRICAL_SURFACE ( 'NONE', #3398, 2.000000000000001776 ) ;
#6690 = LINE ( 'NONE', #6659, #5511 ) ;
#6691 = FACE_OUTER_BOUND ( 'NONE', #6744, .T. ) ;
#6692 = AXIS2_PLACEMENT_3D ( 'NONE', #4550, #6182, #6085 ) ;
#6693 = CIRCLE ( 'NONE', #4061, 2.000000000000001776 ) ;
#6694 = ORIENTED_EDGE ( 'NONE', *, *, #2229, .F. ) ;
#6695 = CARTESIAN_POINT ( 'NONE',  ( 8.873962308951458766, -27.85000000000000142, -51.81776663013170747 ) ) ;
#6696 = DIRECTION ( 'NONE',  ( 0.000000000000000000, 1.000000000000000000, 1.734723475976809806E-16 ) ) ;
#6697 = CIRCLE ( 'NONE', #3741, 1.000000000000000888 ) ;
#6698 = FACE_BOUND ( 'NONE', #4043, .T. ) ;
#6699 = CARTESIAN_POINT ( 'NONE',  ( 6.812000000000000277, -48.76507672015620187, 53.79999999999999716 ) ) ;
#6700 = ORIENTED_EDGE ( 'NONE', *, *, #944, .T. ) ;
#6701 = EDGE_CURVE ( 'NONE', #183, #1803, #6028, .T. ) ;
#6702 = DIRECTION ( 'NONE',  ( 0.000000000000000000, 0.000000000000000000, -1.000000000000000000 ) ) ;
#6703 = DIRECTION ( 'NONE',  ( 0.000000000000000000, -4.947517935049711997E-16, -1.000000000000000000 ) ) ;
#6704 = DIRECTION ( 'NONE',  ( 0.000000000000000000, 1.000000000000000000, 0.000000000000000000 ) ) ;
#6705 = FACE_BOUND ( 'NONE', #2980, .T. ) ;
#6706 = EDGE_LOOP ( 'NONE', ( #4862, #5468, #2524, #3116 ) ) ;
#6707 = ORIENTED_EDGE ( 'NONE', *, *, #850, .T. ) ;
#6708 = CARTESIAN_POINT ( 'NONE',  ( 3.000000000000000000, 25.05000000000000071, 75.00000000000000000 ) ) ;
#6709 = CARTESIAN_POINT ( 'NONE',  ( 3.000000000000000000, -25.05000000000000071, 52.94999999999999574 ) ) ;
#6710 = VERTEX_POINT ( 'NONE', #1187 ) ;
#6711 = CARTESIAN_POINT ( 'NONE',  ( 9.397168246556148574, -33.67291096804494543, -61.84154038458195402 ) ) ;
#6712 = ADVANCED_FACE ( 'NONE', ( #153 ), #2263, .F. ) ;
#6713 = FACE_OUTER_BOUND ( 'NONE', #1844, .T. ) ;
#6714 = EDGE_CURVE ( 'NONE', #3617, #1071, #1222, .T. ) ;
#6715 = CARTESIAN_POINT ( 'NONE',  ( 13.78058343122756391, -33.72014659317989782, -61.88298844593447967 ) ) ;
#6716 = EDGE_LOOP ( 'NONE', ( #6315, #4700, #4733, #4516 ) ) ;
#6717 = EDGE_CURVE ( 'NONE', #1662, #737, #6302, .T. ) ;
#6718 = DIRECTION ( 'NONE',  ( 0.000000000000000000, 0.7071067811865470176, 0.7071067811865480168 ) ) ;
#6719 = EDGE_LOOP ( 'NONE', ( #1519, #3891, #5295, #5671, #6707, #2123, #3152, #2968, #6053, #248 ) ) ;
#6720 = CARTESIAN_POINT ( 'NONE',  ( 9.534446078026675764, 33.69899598437142885, -61.79979740470695759 ) ) ;
#6721 = LINE ( 'NONE', #3738, #2038 ) ;
#6722 = VECTOR ( 'NONE', #268, 1000.000000000000000 ) ;
#6723 = LINE ( 'NONE', #340, #901 ) ;
#6724 = AXIS2_PLACEMENT_3D ( 'NONE', #3890, #1613, #3793 ) ;
#6725 = ORIENTED_EDGE ( 'NONE', *, *, #3159, .F. ) ;
#6726 = CARTESIAN_POINT ( 'NONE',  ( 14.12396230895140192, -26.34999999999999787, -59.91103336986829930 ) ) ;
#6727 = CARTESIAN_POINT ( 'NONE',  ( 0.000000000000000000, 0.000000000000000000, -43.17000000000000171 ) ) ;
#6728 = CALENDAR_DATE ( 2026, 22, 5 ) ;
#6729 = CARTESIAN_POINT ( 'NONE',  ( 0.000000000000000000, 30.84999999999999787, -52.17000000000000171 ) ) ;
#6730 = AXIS2_PLACEMENT_3D ( 'NONE', #2322, #1906, #4128 ) ;
#6731 = DIRECTION ( 'NONE',  ( 0.000000000000000000, -1.000000000000000000, 0.000000000000000000 ) ) ;
#6732 = ORIENTED_EDGE ( 'NONE', *, *, #3784, .T. ) ;
#6733 = ORIENTED_EDGE ( 'NONE', *, *, #170, .T. ) ;
#6734 = DIRECTION ( 'NONE',  ( 0.000000000000000000, 0.7071067811865479058, 0.7071067811865472397 ) ) ;
#6735 = EDGE_CURVE ( 'NONE', #4693, #3925, #5473, .T. ) ;
#6736 = DIRECTION ( 'NONE',  ( -0.000000000000000000, 1.000000000000000000, 0.000000000000000000 ) ) ;
#6737 = EDGE_CURVE ( 'NONE', #3081, #1297, #4764, .T. ) ;
#6738 = EDGE_CURVE ( 'NONE', #2549, #6111, #1870, .T. ) ;
#6739 = DIRECTION ( 'NONE',  ( 0.000000000000000000, -1.000000000000000000, 0.000000000000000000 ) ) ;
#6740 = AXIS2_PLACEMENT_3D ( 'NONE', #5789, #3226, #3091 ) ;
#6741 = CARTESIAN_POINT ( 'NONE',  ( 24.00000000000000000, 28.04999999999999716, 78.00000000000000000 ) ) ;
#6742 = VERTEX_POINT ( 'NONE', #2362 ) ;
#6743 = ORIENTED_EDGE ( 'NONE', *, *, #127, .T. ) ;
#6744 = EDGE_LOOP ( 'NONE', ( #1571, #3921, #2166, #4264 ) ) ;
#6745 = SPHERICAL_SURFACE ( 'NONE', #4944, 3.000000000000000000 ) ;
#6746 = CARTESIAN_POINT ( 'NONE',  ( 6.992204706574290718, 33.74263844387842681, -60.58852329317157626 ) ) ;
#6747 = ORIENTED_EDGE ( 'NONE', *, *, #1228, .F. ) ;
#6748 = ORIENTED_EDGE ( 'NONE', *, *, #3629, .F. ) ;
#6749 = CARTESIAN_POINT ( 'NONE',  ( 9.751121171602264326, -33.74138063183779224, -61.70844145309173712 ) ) ;
#6750 = DIRECTION ( 'NONE',  ( 0.000000000000000000, 0.000000000000000000, -1.000000000000000000 ) ) ;
#6751 = CARTESIAN_POINT ( 'NONE',  ( -8.000000000000000000, -8.050000000000000711, 64.46446609406729067 ) ) ;
#6752 = ORIENTED_EDGE ( 'NONE', *, *, #355, .F. ) ;
#6753 = DIRECTION ( 'NONE',  ( 0.000000000000000000, -1.000000000000000000, 0.000000000000000000 ) ) ;
#6754 = ORIENTED_EDGE ( 'NONE', *, *, #2900, .F. ) ;
#6755 = CARTESIAN_POINT ( 'NONE',  ( 24.00000000000000000, -10.00000000000000000, -14.74735342352009937 ) ) ;
#6756 = CARTESIAN_POINT ( 'NONE',  ( 3.000000000000000000, 16.00000000000000000, 78.00000000000000000 ) ) ;
#6757 = CARTESIAN_POINT ( 'NONE',  ( 15.17607644581759807, -33.69172596828632038, -61.61194968948112916 ) ) ;
#6758 = EDGE_CURVE ( 'NONE', #3306, #3546, #5154, .T. ) ;
#6759 = ADVANCED_FACE ( 'NONE', ( #3926 ), #1877, .T. ) ;
#6760 = CARTESIAN_POINT ( 'NONE',  ( 8.601260431908601234, -33.55367364294498600, -61.89378662373678708 ) ) ;
#6761 = ORIENTED_EDGE ( 'NONE', *, *, #5883, .F. ) ;
#6762 = ADVANCED_FACE ( 'NONE', ( #3484, #769, #5445, #1390, #6505, #5988, #5006, #1841 ), #6058, .F. ) ;
#6763 = DIRECTION ( 'NONE',  ( 1.000000000000000000, 0.000000000000000000, 0.000000000000000000 ) ) ;
#6764 = CYLINDRICAL_SURFACE ( 'NONE', #1422, 2.999999999999997780 ) ;
#6765 = PERSON_AND_ORGANIZATION ( #2922, #6230 ) ;
#6766 = DIRECTION ( 'NONE',  ( 0.000000000000000000, 0.000000000000000000, -1.000000000000000000 ) ) ;
#6767 = CIRCLE ( 'NONE', #4475, 2.000000000000001776 ) ;
#6768 = CARTESIAN_POINT ( 'NONE',  ( 3.000000000000000000, -19.41332092008490307, 0.8350616589797159595 ) ) ;
#6769 = ORIENTED_EDGE ( 'NONE', *, *, #3844, .F. ) ;
#6770 = VERTEX_POINT ( 'NONE', #1809 ) ;
#6771 = FACE_OUTER_BOUND ( 'NONE', #4342, .T. ) ;
#6772 = CARTESIAN_POINT ( 'NONE',  ( 5.498962308951449884, -38.85000000000000142, -33.16999999999999460 ) ) ;
#6773 = CARTESIAN_POINT ( 'NONE',  ( 21.00000000000000000, 19.06524470873150179, -4.562052658050260057 ) ) ;
#6774 = EDGE_CURVE ( 'NONE', #3999, #1851, #5576, .T. ) ;
#6775 = DIRECTION ( 'NONE',  ( 0.000000000000000000, 1.000000000000000000, 0.000000000000000000 ) ) ;
#6776 = VERTEX_POINT ( 'NONE', #1776 ) ;
#6777 = ORIENTED_EDGE ( 'NONE', *, *, #6551, .T. ) ;
#6778 = AXIS2_PLACEMENT_3D ( 'NONE', #2563, #4138, #4661 ) ;
#6779 = ORIENTED_EDGE ( 'NONE', *, *, #3531, .F. ) ;
#6780 = CARTESIAN_POINT ( 'NONE',  ( 5.498962308951449884, -38.85000000000000142, -33.16999999999999460 ) ) ;
#6781 = CARTESIAN_POINT ( 'NONE',  ( 7.328448759228796128, 33.62110361751209808, -61.18233906073799488 ) ) ;
#6782 = EDGE_LOOP ( 'NONE', ( #5875, #3025 ) ) ;
#6783 = ORIENTED_EDGE ( 'NONE', *, *, #5502, .T. ) ;
#6784 = CARTESIAN_POINT ( 'NONE',  ( 21.00000000000000000, -21.66332092008489951, -3.062052658050260057 ) ) ;
#6785 = VERTEX_POINT ( 'NONE', #3388 ) ;
#6786 = CARTESIAN_POINT ( 'NONE',  ( 14.12396230895140192, -26.34999999999999787, -49.81776663013170037 ) ) ;
#6787 = EDGE_CURVE ( 'NONE', #4307, #5197, #5469, .T. ) ;
#6788 = ADVANCED_FACE ( 'NONE', ( #4486 ), #6573, .T. ) ;
#6789 = VECTOR ( 'NONE', #405, 1000.000000000000000 ) ;
#6790 = DIRECTION ( 'NONE',  ( -9.251858538542950134E-16, 0.000000000000000000, 1.000000000000000000 ) ) ;
#6791 = EDGE_LOOP ( 'NONE', ( #4270, #4488 ) ) ;
#6792 = ORIENTED_EDGE ( 'NONE', *, *, #3100, .T. ) ;
#6793 = CARTESIAN_POINT ( 'NONE',  ( 9.761984644741451334, 33.74348859262079969, -61.70307714496235718 ) ) ;
#6794 = FACE_OUTER_BOUND ( 'NONE', #160, .T. ) ;
#6795 = CARTESIAN_POINT ( 'NONE',  ( 16.06866653594999050, -33.84603596303632145, -60.39411321405545152 ) ) ;
#6796 = CARTESIAN_POINT ( 'NONE',  ( 24.00000000000000000, -21.66332092008489951, 26.93794734194980123 ) ) ;
#6797 = EDGE_LOOP ( 'NONE', ( #5642, #3672 ) ) ;
#6798 = CIRCLE ( 'NONE', #218, 2.000000000000001776 ) ;
#6799 = DIRECTION ( 'NONE',  ( 0.000000000000000000, 1.000000000000000000, 0.000000000000000000 ) ) ;
#6800 = EDGE_CURVE ( 'NONE', #1181, #2704, #5955, .T. ) ;
#6801 = DIRECTION ( 'NONE',  ( 0.000000000000000000, 1.000000000000000000, 0.000000000000000000 ) ) ;
#6802 = APPROVAL_STATUS ( 'not_yet_approved' ) ;
#6803 = CARTESIAN_POINT ( 'NONE',  ( 6.812000000000000277, 25.05000000000000071, 55.80000000000000426 ) ) ;
ENDSEC;
END-ISO-10303-21;
