ISO-10303-21;
HEADER;
FILE_DESCRIPTION (( 'STEP AP203' ),
    '1' );
FILE_NAME ('Wrist_roll_pitch.STEP',
    '2026-05-22T01:51:00',
    ( '' ),
    ( '' ),
    'SwSTEP 2.0',
    'SolidWorks 2022',
    '' );
FILE_SCHEMA (( 'CONFIG_CONTROL_DESIGN' ));
ENDSEC;

DATA;
#1 = VECTOR ( 'NONE', #4565, 1000.000000000000000 ) ;
#2 = EDGE_CURVE ( 'NONE', #5403, #4220, #6720, .T. ) ;
#3 = CARTESIAN_POINT ( 'NONE',  ( -13.47306822741668952, 14.94738778168254889, -7.627888829833330497 ) ) ;
#4 = CARTESIAN_POINT ( 'NONE',  ( -26.31097857827700182, 9.522030299408392295, 0.7194711789105496802 ) ) ;
#5 = CARTESIAN_POINT ( 'NONE',  ( 17.30925196253689791, 12.14706707742394443, -26.90606291730236066 ) ) ;
#6 = CIRCLE ( 'NONE', #2206, 2.000000000000001776 ) ;
#7 = LINE ( 'NONE', #8325, #8317 ) ;
#8 = CARTESIAN_POINT ( 'NONE',  ( -14.97250688638160021, -14.97178922324052053, -37.01108062670855503 ) ) ;
#9 = DIRECTION ( 'NONE',  ( 0.000000000000000000, -1.000000000000000000, 0.000000000000000000 ) ) ;
#10 = DIRECTION ( 'NONE',  ( 1.000000000000000000, 0.000000000000000000, 0.000000000000000000 ) ) ;
#11 = ORIENTED_EDGE ( 'NONE', *, *, #6874, .F. ) ;
#12 = CARTESIAN_POINT ( 'NONE',  ( 26.62500000000000355, 8.318093454017322586, 0.8409540644064938952 ) ) ;
#13 = VECTOR ( 'NONE', #3533, 1000.000000000000000 ) ;
#14 = ORIENTED_EDGE ( 'NONE', *, *, #5782, .T. ) ;
#15 = ORIENTED_EDGE ( 'NONE', *, *, #9662, .T. ) ;
#16 = ORIENTED_EDGE ( 'NONE', *, *, #3676, .F. ) ;
#17 = EDGE_CURVE ( 'NONE', #6767, #4591, #8669, .T. ) ;
#18 = EDGE_CURVE ( 'NONE', #7043, #7500, #8011, .T. ) ;
#19 = ORIENTED_EDGE ( 'NONE', *, *, #3516, .F. ) ;
#20 = CARTESIAN_POINT ( 'NONE',  ( 1.931653716761159156, -13.36882138770631911, -34.22276149223407060 ) ) ;
#21 = CARTESIAN_POINT ( 'NONE',  ( -0.5589925772222237299, 14.66199851127854004, -14.55621615612593800 ) ) ;
#22 = LINE ( 'NONE', #8929, #125 ) ;
#23 = ADVANCED_FACE ( 'NONE', ( #4887 ), #2514, .F. ) ;
#24 = CARTESIAN_POINT ( 'NONE',  ( -20.86429499722575187, -10.09999999999999964, -8.433895038112629194 ) ) ;
#25 = CARTESIAN_POINT ( 'NONE',  ( 3.024999999999999911, 10.09999999999999964, -10.00000000000000000 ) ) ;
#26 = EDGE_LOOP ( 'NONE', ( #4206, #7056, #3895, #7220 ) ) ;
#27 = VERTEX_POINT ( 'NONE', #5513 ) ;
#28 = ORIENTED_EDGE ( 'NONE', *, *, #3666, .F. ) ;
#29 = VERTEX_POINT ( 'NONE', #362 ) ;
#30 = ADVANCED_FACE ( 'NONE', ( #5563 ), #6999, .F. ) ;
#31 = EDGE_CURVE ( 'NONE', #8599, #8487, #306, .T. ) ;
#32 = DIRECTION ( 'NONE',  ( 0.000000000000000000, 0.000000000000000000, 1.000000000000000000 ) ) ;
#33 = CARTESIAN_POINT ( 'NONE',  ( -23.02445639404654898, -2.625000000000000000, 16.55336663013170195 ) ) ;
#34 = CARTESIAN_POINT ( 'NONE',  ( 26.62500000000000000, -5.250000000000000000, 21.10000000000000142 ) ) ;
#35 = CARTESIAN_POINT ( 'NONE',  ( 24.52995705857099296, 11.51766297436389941, 0.9829084968754087104 ) ) ;
#36 = CARTESIAN_POINT ( 'NONE',  ( -26.62500000000000000, 5.250000000000000000, 22.05000000000000071 ) ) ;
#37 = APPROVAL_DATE_TIME ( #1422, #1698 ) ;
#38 = PLANE ( 'NONE',  #7314 ) ;
#39 = ORIENTED_EDGE ( 'NONE', *, *, #1172, .F. ) ;
#40 = DIRECTION ( 'NONE',  ( 0.000000000000000000, 0.000000000000000000, -1.000000000000000000 ) ) ;
#41 = CARTESIAN_POINT ( 'NONE',  ( 22.56627866080044953, 12.50566558229490077, 0.000000000000000000 ) ) ;
#42 = CARTESIAN_POINT ( 'NONE',  ( -24.62500000000000000, 8.000000000000000000, -33.09999999999999432 ) ) ;
#43 = PLANE ( 'NONE',  #1274 ) ;
#44 = DIRECTION ( 'NONE',  ( -1.000000000000000000, 0.000000000000000000, -1.765621858500564986E-16 ) ) ;
#45 = CARTESIAN_POINT ( 'NONE',  ( -25.16583269131960066, -7.100000000000000533, -33.09999999999999432 ) ) ;
#46 = CARTESIAN_POINT ( 'NONE',  ( 3.486771986980423677, 14.26187129167564471, -33.72724101192198987 ) ) ;
#47 = CARTESIAN_POINT ( 'NONE',  ( -23.00195389262484014, 3.421125710236144535, 16.71858861530964901 ) ) ;
#48 = DIRECTION ( 'NONE',  ( -2.881657216719180031E-16, 0.000000000000000000, 1.000000000000000000 ) ) ;
#49 = CARTESIAN_POINT ( 'NONE',  ( -13.39993915504746091, 7.100000000000000533, -36.29999999999999716 ) ) ;
#50 = PLANE ( 'NONE',  #1872 ) ;
#51 = LINE ( 'NONE', #7676, #1271 ) ;
#52 = LINE ( 'NONE', #3051, #7183 ) ;
#53 = VERTEX_POINT ( 'NONE', #7790 ) ;
#54 = CARTESIAN_POINT ( 'NONE',  ( 26.62500000000000000, 8.000000000000000000, 1.000000000000000000 ) ) ;
#55 = ORIENTED_EDGE ( 'NONE', *, *, #4099, .F. ) ;
#56 = ORIENTED_EDGE ( 'NONE', *, *, #4342, .T. ) ;
#57 = ADVANCED_FACE ( 'NONE', ( #1047 ), #7894, .F. ) ;
#58 = AXIS2_PLACEMENT_3D ( 'NONE', #1599, #9034, #2983 ) ;
#59 = ADVANCED_FACE ( 'NONE', ( #4036 ), #3304, .F. ) ;
#60 = VERTEX_POINT ( 'NONE', #1149 ) ;
#61 = CARTESIAN_POINT ( 'NONE',  ( 20.34938323147810735, -11.83035068614394802, -24.47939505323120812 ) ) ;
#62 = LINE ( 'NONE', #3943, #7675 ) ;
#63 = CARTESIAN_POINT ( 'NONE',  ( -20.86429499722575187, 10.09999999999999964, -8.433895038112629194 ) ) ;
#64 = CARTESIAN_POINT ( 'NONE',  ( 9.674999999999998934, 10.09999999999999964, -29.30000000000000071 ) ) ;
#65 = AXIS2_PLACEMENT_3D ( 'NONE', #9295, #2531, #4648 ) ;
#66 = ORIENTED_EDGE ( 'NONE', *, *, #2354, .T. ) ;
#67 = ORIENTED_EDGE ( 'NONE', *, *, #6028, .T. ) ;
#68 = VERTEX_POINT ( 'NONE', #3402 ) ;
#69 = B_SPLINE_CURVE_WITH_KNOTS ( 'NONE', 3,
 ( #226, #3219, #2337, #2431, #127, #1748, #8400, #8356, #7612, #869, #1015, #5429 ),
 .UNSPECIFIED., .F., .F.,
 ( 4, 2, 2, 2, 2, 4 ),
 ( 0.000000000000000000, 0.2499999999999742428, 0.3749999999999619749, 0.4374999999999602540, 0.4999999999999585887, 1.000000000000000000 ),
 .UNSPECIFIED. ) ;
#70 = EDGE_CURVE ( 'NONE', #2327, #8485, #2671, .T. ) ;
#71 = ORIENTED_EDGE ( 'NONE', *, *, #8767, .F. ) ;
#72 = CARTESIAN_POINT ( 'NONE',  ( 23.29296153360744626, -11.94505594904075529, 0.8509253822190323557 ) ) ;
#73 = CARTESIAN_POINT ( 'NONE',  ( -19.62500000000000000, -15.00000000000000000, -20.00000000000000000 ) ) ;
#74 = CARTESIAN_POINT ( 'NONE',  ( 12.22901478587320057, 14.49486514259852044, -25.00407478481145063 ) ) ;
#75 = CARTESIAN_POINT ( 'NONE',  ( -22.64565371430855478, 2.083300584433495306, 20.49641151018592566 ) ) ;
#76 = EDGE_CURVE ( 'NONE', #4220, #518, #2564, .T. ) ;
#77 = CARTESIAN_POINT ( 'NONE',  ( -19.62500000000000000, 15.00000000000000000, -39.30000000000000426 ) ) ;
#78 = DIRECTION ( 'NONE',  ( 0.000000000000000000, -1.000000000000000000, 0.000000000000000000 ) ) ;
#79 = CARTESIAN_POINT ( 'NONE',  ( 2.523597582109694759, 14.32039303763193949, -26.00000000000000000 ) ) ;
#80 = PRODUCT_RELATED_PRODUCT_CATEGORY ( 'detail', '', ( #7892 ) ) ;
#81 = EDGE_CURVE ( 'NONE', #7418, #6905, #1831, .T. ) ;
#82 = B_SPLINE_CURVE_WITH_KNOTS ( 'NONE', 3,
 ( #6650, #5954, #5906, #561, #2026, #2221 ),
 .UNSPECIFIED., .F., .F.,
 ( 4, 2, 4 ),
 ( 0.1240572820425830114, 0.5041822430629669949, 0.9052616718502549675 ),
 .UNSPECIFIED. ) ;
#83 = ORIENTED_EDGE ( 'NONE', *, *, #5009, .F. ) ;
#84 = DIRECTION ( 'NONE',  ( 1.000000000000000000, 0.000000000000000000, 0.000000000000000000 ) ) ;
#85 = DIRECTION ( 'NONE',  ( 1.000000000000000000, 0.000000000000000000, 2.881657216719184962E-16 ) ) ;
#86 =( BOUNDED_SURFACE ( )  B_SPLINE_SURFACE ( 3, 2, ( 
 ( #3330, #2642, #8660 ),
 ( #9353, #4758, #340 ),
 ( #7127, #4118, #9245 ),
 ( #235, #3964, #7023 ),
 ( #1024, #2593, #3378 ),
 ( #2699, #7920, #8559 ),
 ( #7814, #3276, #5538 ),
 ( #5588, #2487, #2542 ),
 ( #8605, #1857, #4808 ),
 ( #7762, #1075, #6974 ),
 ( #4063, #7080, #4710 ),
 ( #4011, #1807, #7871 ) ),
 .UNSPECIFIED., .F., .F., .T. ) 
 B_SPLINE_SURFACE_WITH_KNOTS ( ( 4, 2, 2, 2, 2, 4 ),
 ( 3, 3 ),
 ( 0.04419281345311905362, 0.04827988698478039714, 0.05032342375061110012, 0.05134519213352650019, 0.05236696051644179617, 0.06054110757976460117 ),
 ( 0.000000000000000000, 1.000000000000000000 ),
 .UNSPECIFIED. ) 
 GEOMETRIC_REPRESENTATION_ITEM ( )  RATIONAL_B_SPLINE_SURFACE ( (
 ( 1.000000000000000000, 0.7071067811865480168, 1.000000000000000000),
 ( 1.000000000000000000, 0.7071067811865480168, 1.000000000000000000),
 ( 1.000000000000000000, 0.7071067811865480168, 1.000000000000000000),
 ( 1.000000000000000000, 0.7071067811865480168, 1.000000000000000000),
 ( 1.000000000000000000, 0.7071067811865480168, 1.000000000000000000),
 ( 1.000000000000000000, 0.7071067811865480168, 1.000000000000000000),
 ( 1.000000000000000000, 0.7071067811865480168, 1.000000000000000000),
 ( 1.000000000000000000, 0.7071067811865480168, 1.000000000000000000),
 ( 1.000000000000000000, 0.7071067811865480168, 1.000000000000000000),
 ( 1.000000000000000000, 0.7071067811865480168, 1.000000000000000000),
 ( 1.000000000000000000, 0.7071067811865480168, 1.000000000000000000),
 ( 1.000000000000000000, 0.7071067811865480168, 1.000000000000000000) ) ) 
 REPRESENTATION_ITEM ( '' )  SURFACE ( )  );
#87 = DIRECTION ( 'NONE',  ( 0.000000000000000000, 0.000000000000000000, -1.000000000000000000 ) ) ;
#88 = CARTESIAN_POINT ( 'NONE',  ( 22.56627866080124889, -12.50566558229479952, 0.000000000000000000 ) ) ;
#89 = DIRECTION ( 'NONE',  ( 0.000000000000000000, 1.000000000000000000, 0.000000000000000000 ) ) ;
#90 = DIRECTION ( 'NONE',  ( -1.000000000000000000, 0.000000000000000000, 0.000000000000000000 ) ) ;
#91 = CARTESIAN_POINT ( 'NONE',  ( -13.68554732785197636, 14.95288936794005963, -37.85571456527063106 ) ) ;
#92 = CARTESIAN_POINT ( 'NONE',  ( -22.86824504207833542, 4.480896884223146692, 17.80765761216102661 ) ) ;
#93 = CARTESIAN_POINT ( 'NONE',  ( 20.62500000000000000, -2.625000000000000000, 27.64663336986835063 ) ) ;
#94 = CARTESIAN_POINT ( 'NONE',  ( 14.62661158302712394, 12.40320980988849442, -28.61125581457236322 ) ) ;
#95 = CARTESIAN_POINT ( 'NONE',  ( -19.62500000000000000, 15.00000000000000000, -38.29999999999999716 ) ) ;
#96 = CARTESIAN_POINT ( 'NONE',  ( -10.20392200761120094, -13.88824220876266047, -37.33602832717024711 ) ) ;
#97 = EDGE_CURVE ( 'NONE', #4591, #4895, #7836, .T. ) ;
#98 = CARTESIAN_POINT ( 'NONE',  ( 9.674999999999998934, -10.09999999999999964, -9.849999999999999645 ) ) ;
#99 = CARTESIAN_POINT ( 'NONE',  ( 22.62500000000000000, 0.000000000000000000, 23.09999999999999787 ) ) ;
#100 = ORIENTED_EDGE ( 'NONE', *, *, #8330, .F. ) ;
#101 = DIRECTION ( 'NONE',  ( -1.000000000000000000, 0.000000000000000000, -1.765621858500564986E-16 ) ) ;
#102 = AXIS2_PLACEMENT_3D ( 'NONE', #2042, #4398, #5925 ) ;
#103 = VERTEX_POINT ( 'NONE', #5614 ) ;
#104 = CYLINDRICAL_SURFACE ( 'NONE', #5818, 1.049999999999998934 ) ;
#105 = CIRCLE ( 'NONE', #6865, 6.999999999999999112 ) ;
#106 = EDGE_LOOP ( 'NONE', ( #2464, #7545, #1774, #8116 ) ) ;
#107 = CARTESIAN_POINT ( 'NONE',  ( 19.14577835782905169, -11.95966403594567495, -25.52885613880138038 ) ) ;
#108 = CARTESIAN_POINT ( 'NONE',  ( -16.69104138680519966, -14.98810283509637920, -37.16794227671004336 ) ) ;
#109 = DIRECTION ( 'NONE',  ( 0.000000000000000000, 0.000000000000000000, 1.000000000000000000 ) ) ;
#110 = CARTESIAN_POINT ( 'NONE',  ( -10.43261184457519875, -14.88244887111398107, -16.19238815542514942 ) ) ;
#111 = ORIENTED_EDGE ( 'NONE', *, *, #520, .F. ) ;
#112 = ORIENTED_EDGE ( 'NONE', *, *, #5284, .T. ) ;
#113 = EDGE_CURVE ( 'NONE', #4250, #6254, #1200, .T. ) ;
#114 = AXIS2_PLACEMENT_3D ( 'NONE', #7373, #4357, #8794 ) ;
#115 = ORIENTED_EDGE ( 'NONE', *, *, #6028, .F. ) ;
#116 = B_SPLINE_SURFACE_WITH_KNOTS ( 'NONE', 2, 1, ( 
 ( #735, #4468 ),
 ( #5018, #1290 ),
 ( #8033, #551 ) ),
 .UNSPECIFIED., .F., .F., .F.,
 ( 3, 3 ),
 ( 2, 2 ),
 ( 0.000000000000000000, 0.9810268393951430133 ),
 ( 0.000000000000000000, 1.000000000000000000 ),
 .UNSPECIFIED. ) ;
#117 = EDGE_CURVE ( 'NONE', #8776, #5329, #9238, .T. ) ;
#118 = FACE_OUTER_BOUND ( 'NONE', #4006, .T. ) ;
#119 = CARTESIAN_POINT ( 'NONE',  ( -13.80665597104009379, -5.921887777403672892, -37.86193463961244277 ) ) ;
#120 = AXIS2_PLACEMENT_3D ( 'NONE', #262, #8688, #3308 ) ;
#121 = DIRECTION ( 'NONE',  ( 0.000000000000000000, 0.000000000000000000, -1.000000000000000000 ) ) ;
#122 = ADVANCED_FACE ( 'NONE', ( #9620 ), #3424, .F. ) ;
#123 = CARTESIAN_POINT ( 'NONE',  ( -23.00264567111792857, -1.840782162150160550, 16.71345182005197927 ) ) ;
#124 = CARTESIAN_POINT ( 'NONE',  ( -22.74221251049227277, 0.6828928365158674074, 19.09808804373240321 ) ) ;
#125 = VECTOR ( 'NONE', #5134, 1000.000000000000114 ) ;
#126 = CARTESIAN_POINT ( 'NONE',  ( 3.649014785873204936, 16.14421494571415039, -25.00000000000000000 ) ) ;
#127 = CARTESIAN_POINT ( 'NONE',  ( 7.965550359972866090, 14.79491002298185798, -14.98997948157083293 ) ) ;
#128 = VERTEX_POINT ( 'NONE', #7344 ) ;
#129 = PERSON_AND_ORGANIZATION ( #2905, #8251 ) ;
#130 = CARTESIAN_POINT ( 'NONE',  ( 9.082886557391480764, -10.76448286337178040, -31.46959042530454553 ) ) ;
#131 = ORIENTED_EDGE ( 'NONE', *, *, #6916, .T. ) ;
#132 = AXIS2_PLACEMENT_3D ( 'NONE', #5972, #2277, #4488 ) ;
#133 = EDGE_CURVE ( 'NONE', #6621, #7756, #1965, .T. ) ;
#134 = CARTESIAN_POINT ( 'NONE',  ( -25.76923561222967152, -9.156489611401536166, 5.166644882602994038 ) ) ;
#135 = ADVANCED_FACE ( 'NONE', ( #5395 ), #1616, .T. ) ;
#136 = CARTESIAN_POINT ( 'NONE',  ( 16.62500000000000000, -8.500000000000000000, 15.00000000000000000 ) ) ;
#137 = DIRECTION ( 'NONE',  ( 0.000000000000000000, 7.509625437129029427E-17, -1.000000000000000000 ) ) ;
#138 = DIRECTION ( 'NONE',  ( 0.000000000000000000, 0.000000000000000000, 1.000000000000000000 ) ) ;
#139 = CARTESIAN_POINT ( 'NONE',  ( -1.122604028082863969, 14.52279140376062117, -26.00000000000000000 ) ) ;
#140 = CARTESIAN_POINT ( 'NONE',  ( 21.25527962384049019, 12.65921193763432306, -22.32965641707128057 ) ) ;
#141 = CARTESIAN_POINT ( 'NONE',  ( 9.642903682131409582, 13.80956119448032027, -30.19237218016514745 ) ) ;
#142 = AXIS2_PLACEMENT_3D ( 'NONE', #6586, #6726, #8757 ) ;
#143 = VECTOR ( 'NONE', #3048, 1000.000000000000000 ) ;
#144 = CARTESIAN_POINT ( 'NONE',  ( -22.66689632113529740, 3.852117261000124859, 20.13393520121644542 ) ) ;
#145 = AXIS2_PLACEMENT_3D ( 'NONE', #8458, #3225, #282 ) ;
#146 = CARTESIAN_POINT ( 'NONE',  ( 12.22901478587320057, 19.28421494571415096, -25.00000000000000000 ) ) ;
#147 = CARTESIAN_POINT ( 'NONE',  ( 14.61857817209549815, 12.40395630680839822, -28.61602140624509971 ) ) ;
#148 = DIRECTION ( 'NONE',  ( -1.000000000000000000, 0.000000000000000000, -1.765621858500564986E-16 ) ) ;
#149 = CARTESIAN_POINT ( 'NONE',  ( -19.01854507177350229, -13.99999999999899991, -38.29999999999999716 ) ) ;
#150 = DIRECTION ( 'NONE',  ( 0.000000000000000000, 0.000000000000000000, -1.000000000000000000 ) ) ;
#151 = CARTESIAN_POINT ( 'NONE',  ( -24.53842111708060258, -7.828831890043671748, 9.525894801641605625 ) ) ;
#152 = ORIENTED_EDGE ( 'NONE', *, *, #4034, .F. ) ;
#153 = CARTESIAN_POINT ( 'NONE',  ( -16.57499999999999929, 2.625000000000000000, 26.59663336986829663 ) ) ;
#154 = ORIENTED_EDGE ( 'NONE', *, *, #2395, .T. ) ;
#155 = CIRCLE ( 'NONE', #5023, 1.000000000000000888 ) ;
#156 = VECTOR ( 'NONE', #3443, 1000.000000000000000 ) ;
#157 = CARTESIAN_POINT ( 'NONE',  ( -20.15915026357944484, -14.32379000772480282, -1.774596669241594427 ) ) ;
#158 = CARTESIAN_POINT ( 'NONE',  ( 3.890073172362972898, 14.90627910221151353, -25.05377416591151984 ) ) ;
#159 = CARTESIAN_POINT ( 'NONE',  ( 10.49000209175514797, -12.76513377345447431, -30.81695865232313380 ) ) ;
#160 = CARTESIAN_POINT ( 'NONE',  ( -24.62500000000000000, -8.000000000000000000, -37.79999999999999716 ) ) ;
#161 = AXIS2_PLACEMENT_3D ( 'NONE', #6832, #9148, #5348 ) ;
#162 = FACE_OUTER_BOUND ( 'NONE', #7796, .T. ) ;
#163 = LINE ( 'NONE', #9027, #7810 ) ;
#164 = ORIENTED_EDGE ( 'NONE', *, *, #8243, .T. ) ;
#165 = ORIENTED_EDGE ( 'NONE', *, *, #6916, .F. ) ;
#166 = ORIENTED_EDGE ( 'NONE', *, *, #4089, .F. ) ;
#167 = AXIS2_PLACEMENT_3D ( 'NONE', #1168, #2632, #428 ) ;
#168 = ORIENTED_EDGE ( 'NONE', *, *, #7699, .F. ) ;
#169 = EDGE_CURVE ( 'NONE', #3665, #9198, #836, .T. ) ;
#170 = CARTESIAN_POINT ( 'NONE',  ( -16.57499999999999929, -5.250000000000000000, 25.10000000000000142 ) ) ;
#171 = CARTESIAN_POINT ( 'NONE',  ( -13.48848809723645026, -6.883046211091468081, -37.81977362082688643 ) ) ;
#172 = LINE ( 'NONE', #6165, #5198 ) ;
#173 = LINE ( 'NONE', #7514, #7660 ) ;
#174 = FACE_OUTER_BOUND ( 'NONE', #3232, .T. ) ;
#175 = LINE ( 'NONE', #4055, #1790 ) ;
#176 = CARTESIAN_POINT ( 'NONE',  ( -23.01812051288954919, 12.68377223398315934, -1.227924077994377861 ) ) ;
#177 = EDGE_LOOP ( 'NONE', ( #574, #9185, #2179, #973, #6857, #3210, #5865, #1348, #8552, #2465, #6970, #9251, #6159, #3186 ) ) ;
#178 = EDGE_LOOP ( 'NONE', ( #5877, #9173, #9131, #6424 ) ) ;
#179 = ORIENTED_EDGE ( 'NONE', *, *, #6463, .F. ) ;
#180 = DATE_AND_TIME ( #3862, #8888 ) ;
#181 = EDGE_CURVE ( 'NONE', #7132, #524, #2165, .T. ) ;
#182 = CARTESIAN_POINT ( 'NONE',  ( -25.72689617126893680, -9.255305604075660497, 5.208653491131766344 ) ) ;
#183 = LINE ( 'NONE', #8405, #3573 ) ;
#184 = FACE_OUTER_BOUND ( 'NONE', #5407, .T. ) ;
#185 = DIRECTION ( 'NONE',  ( -1.000000000000000000, 0.000000000000000000, 0.000000000000000000 ) ) ;
#186 = CARTESIAN_POINT ( 'NONE',  ( -22.58025236136945324, -3.379958937482494097, 22.39044970522664002 ) ) ;
#187 = CARTESIAN_POINT ( 'NONE',  ( 20.27091169401405324, 12.77094587576221940, -23.30052809799701663 ) ) ;
#188 = CARTESIAN_POINT ( 'NONE',  ( -10.35709542523571969, 14.88793001249372061, -36.35166141953084917 ) ) ;
#189 = ADVANCED_FACE ( 'NONE', ( #6046, #1575 ), #4570, .T. ) ;
#190 = ORIENTED_EDGE ( 'NONE', *, *, #9076, .F. ) ;
#191 = ADVANCED_FACE ( 'NONE', ( #6000, #9008 ), #3829, .T. ) ;
#192 = CARTESIAN_POINT ( 'NONE',  ( -22.77525482000045187, 4.617924806727756959, 18.72490711868789859 ) ) ;
#193 = FACE_OUTER_BOUND ( 'NONE', #1006, .T. ) ;
#194 = DIRECTION ( 'NONE',  ( 0.000000000000000000, 1.000000000000000000, 0.000000000000000000 ) ) ;
#195 = CARTESIAN_POINT ( 'NONE',  ( -0.4777351008643560548, 14.71643296495100550, -14.63469566747066963 ) ) ;
#196 = DIRECTION ( 'NONE',  ( 0.000000000000000000, 0.000000000000000000, -1.000000000000000000 ) ) ;
#197 = CARTESIAN_POINT ( 'NONE',  ( -17.22329836870478204, -14.99248877335611674, -38.21409733315778823 ) ) ;
#198 = PLANE ( 'NONE',  #6550 ) ;
#199 = LINE ( 'NONE', #2404, #9605 ) ;
#200 = EDGE_CURVE ( 'NONE', #6255, #7500, #7204, .T. ) ;
#201 = EDGE_LOOP ( 'NONE', ( #8598, #9579, #3326, #3163 ) ) ;
#202 = PLANE ( 'NONE',  #2588 ) ;
#203 = EDGE_LOOP ( 'NONE', ( #8154, #7951, #263, #2434, #1549, #3910 ) ) ;
#204 = ADVANCED_FACE ( 'NONE', ( #193 ), #400, .T. ) ;
#205 = ADVANCED_FACE ( 'NONE', ( #291 ), #1816, .T. ) ;
#206 = CARTESIAN_POINT ( 'NONE',  ( 7.892821782178219614, -12.09999999999999964, -29.30000000000000071 ) ) ;
#207 = ORIENTED_EDGE ( 'NONE', *, *, #9227, .T. ) ;
#208 = CARTESIAN_POINT ( 'NONE',  ( -10.18038933856306549, -13.88053131007639962, -37.29750043752940769 ) ) ;
#209 = FACE_BOUND ( 'NONE', #8906, .T. ) ;
#210 = CYLINDRICAL_SURFACE ( 'NONE', #8329, 1.049999999999998934 ) ;
#211 = FACE_OUTER_BOUND ( 'NONE', #394, .T. ) ;
#212 = VERTEX_POINT ( 'NONE', #4127 ) ;
#213 = B_SPLINE_CURVE_WITH_KNOTS ( 'NONE', 3,
 ( #2406, #2315, #7585, #9116, #1623, #2367, #6894, #5361, #8424, #1667 ),
 .UNSPECIFIED., .F., .F.,
 ( 4, 2, 2, 2, 4 ),
 ( 0.000000000000000000, 0.2500000000000072164, 0.3750000000000077716, 0.5000000000000083267, 1.000000000000000000 ),
 .UNSPECIFIED. ) ;
#214 = ORIENTED_EDGE ( 'NONE', *, *, #1055, .F. ) ;
#215 = ORIENTED_EDGE ( 'NONE', *, *, #4323, .T. ) ;
#216 = ORIENTED_EDGE ( 'NONE', *, *, #6082, .F. ) ;
#217 = B_SPLINE_CURVE_WITH_KNOTS ( 'NONE', 3,
 ( #4992, #5775, #1361, #5188 ),
 .UNSPECIFIED., .F., .F.,
 ( 4, 4 ),
 ( 2.737179118189564895E-07, 0.0001415635232443915943 ),
 .UNSPECIFIED. ) ;
#218 = ORIENTED_EDGE ( 'NONE', *, *, #6390, .F. ) ;
#220 = DIRECTION ( 'NONE',  ( 1.000000000000000000, 0.000000000000000000, 0.000000000000000000 ) ) ;
#219 = CIRCLE ( 'NONE', #7139, 21.00000000000000000 ) ;
#221 = CARTESIAN_POINT ( 'NONE',  ( -11.29403134491446536, -11.22229790845366004, -37.49101008418752201 ) ) ;
#222 = CARTESIAN_POINT ( 'NONE',  ( -22.61676944294264757, 5.059807506212989914, 21.10000000000000497 ) ) ;
#223 = CARTESIAN_POINT ( 'NONE',  ( -22.92176567203749471, -1.029781746346506210, 17.34525307138950723 ) ) ;
#224 = DIRECTION ( 'NONE',  ( -1.000000000000000000, 0.000000000000000000, -3.469446951953614189E-16 ) ) ;
#225 = CARTESIAN_POINT ( 'NONE',  ( -26.84991221830399866, -7.400000000000000355, 8.471193762254690895 ) ) ;
#226 = CARTESIAN_POINT ( 'NONE',  ( 7.829014785873200211, 14.78421494571413852, -14.98620650402077992 ) ) ;
#227 = EDGE_LOOP ( 'NONE', ( #3199, #207 ) ) ;
#228 = EDGE_LOOP ( 'NONE', ( #6853, #9017 ) ) ;
#229 = VERTEX_POINT ( 'NONE', #6340 ) ;
#230 = EDGE_CURVE ( 'NONE', #1070, #7157, #5598, .T. ) ;
#231 = AXIS2_PLACEMENT_3D ( 'NONE', #2788, #2884, #1179 ) ;
#232 = CARTESIAN_POINT ( 'NONE',  ( 4.041388039644938424, 14.81287529550057513, -14.91815206781392256 ) ) ;
#233 = DIRECTION ( 'NONE',  ( -1.000000000000000000, 0.000000000000000000, -1.765621858500564986E-16 ) ) ;
#234 = AXIS2_PLACEMENT_3D ( 'NONE', #5440, #6285, #1182 ) ;
#235 = CARTESIAN_POINT ( 'NONE',  ( -21.85674754639504869, 11.00000000000000000, 2.602085213965209853E-15 ) ) ;
#236 = DIRECTION ( 'NONE',  ( 1.000000000000000000, 0.000000000000000000, 0.000000000000000000 ) ) ;
#237 = CARTESIAN_POINT ( 'NONE',  ( -12.78957441343229995, -14.93697127157749982, -31.54935072428249754 ) ) ;
#238 = CARTESIAN_POINT ( 'NONE',  ( 23.97039927647247026, 12.33605684758058629, -18.72684493909781267 ) ) ;
#239 = FACE_OUTER_BOUND ( 'NONE', #8520, .T. ) ;
#240 = VERTEX_POINT ( 'NONE', #4817 ) ;
#241 = ADVANCED_FACE ( 'NONE', ( #3391 ), #7454, .F. ) ;
#242 = VERTEX_POINT ( 'NONE', #1917 ) ;
#243 = CARTESIAN_POINT ( 'NONE',  ( -22.67198172622465080, 3.949692635326814028, 20.05310100729861844 ) ) ;
#244 = LINE ( 'NONE', #7135, #2478 ) ;
#245 = CARTESIAN_POINT ( 'NONE',  ( -22.97556235028040916, -3.777608861422798281, 16.91758762809820738 ) ) ;
#246 = DIRECTION ( 'NONE',  ( 1.000000000000000000, 0.000000000000000000, 0.000000000000000000 ) ) ;
#247 = FACE_OUTER_BOUND ( 'NONE', #4207, .T. ) ;
#248 = FACE_OUTER_BOUND ( 'NONE', #6364, .T. ) ;
#249 = EDGE_CURVE ( 'NONE', #1649, #6724, #4374, .T. ) ;
#250 = CARTESIAN_POINT ( 'NONE',  ( 22.56627866080130218, -12.50566558229484038, 5.160802341030999213E-14 ) ) ;
#251 = CARTESIAN_POINT ( 'NONE',  ( -26.62500000000000000, -2.625000000000000000, 18.55336663013169840 ) ) ;
#252 = ORIENTED_EDGE ( 'NONE', *, *, #8988, .F. ) ;
#253 = CARTESIAN_POINT ( 'NONE',  ( 18.90741076758699890, 12.92197132995269904, 7.288444848489380744E-15 ) ) ;
#254 = ORIENTED_EDGE ( 'NONE', *, *, #5974, .F. ) ;
#255 = DIRECTION ( 'NONE',  ( 0.000000000000000000, 0.000000000000000000, -1.000000000000000000 ) ) ;
#256 = ADVANCED_FACE ( 'NONE', ( #7090, #9255, #9366 ), #4020, .F. ) ;
#257 = CARTESIAN_POINT ( 'NONE',  ( 3.709087383766601853, 15.05266604408475395, -25.01808450718859689 ) ) ;
#258 = CARTESIAN_POINT ( 'NONE',  ( -13.65913988566199144, -13.95446408419910256, -37.85239163424097342 ) ) ;
#259 = CARTESIAN_POINT ( 'NONE',  ( -19.11180069575440399, -14.99999999999999822, -37.29999939343697690 ) ) ;
#260 = CARTESIAN_POINT ( 'NONE',  ( -19.62500000000000000, -15.00000000000000000, -4.000000000000000000 ) ) ;
#261 = EDGE_CURVE ( 'NONE', #817, #7877, #1260, .T. ) ;
#262 = CARTESIAN_POINT ( 'NONE',  ( 20.62500000000000000, 2.625000000000000000, 18.55336663013169840 ) ) ;
#263 = ORIENTED_EDGE ( 'NONE', *, *, #1881, .F. ) ;
#264 = ORIENTED_EDGE ( 'NONE', *, *, #5351, .T. ) ;
#265 = ORIENTED_EDGE ( 'NONE', *, *, #2906, .F. ) ;
#266 = VERTEX_POINT ( 'NONE', #2445 ) ;
#267 = AXIS2_PLACEMENT_3D ( 'NONE', #6552, #1204, #9484 ) ;
#268 = DIRECTION ( 'NONE',  ( 1.000000000000000000, 0.000000000000000000, 2.881657216719184962E-16 ) ) ;
#269 = DIRECTION ( 'NONE',  ( 1.000000000000000000, 0.000000000000000000, 0.000000000000000000 ) ) ;
#270 = CARTESIAN_POINT ( 'NONE',  ( -16.57499999999999929, 2.625000000000000000, 19.60336663013169911 ) ) ;
#271 = CARTESIAN_POINT ( 'NONE',  ( 7.829014785873201987, 13.96792708722290932, -14.23356354135479052 ) ) ;
#272 = CARTESIAN_POINT ( 'NONE',  ( -26.61113236107161839, 8.643727857379369439, 0.7450720712600878981 ) ) ;
#273 = CARTESIAN_POINT ( 'NONE',  ( -13.57500000000000107, 12.00000000000000000, 23.09999999999999787 ) ) ;
#274 = CARTESIAN_POINT ( 'NONE',  ( -26.62500000000000000, 2.625000000000000000, 18.55336663013169840 ) ) ;
#275 = CIRCLE ( 'NONE', #3419, 47.90277777777829726 ) ;
#276 = ORIENTED_EDGE ( 'NONE', *, *, #4502, .T. ) ;
#277 = VERTEX_POINT ( 'NONE', #5445 ) ;
#278 = ORIENTED_EDGE ( 'NONE', *, *, #5351, .F. ) ;
#279 = VECTOR ( 'NONE', #7597, 1000.000000000000000 ) ;
#280 = PLANE ( 'NONE',  #6664 ) ;
#281 = CARTESIAN_POINT ( 'NONE',  ( -26.84991221830399866, -8.768250222726480914, 9.023281615182138893 ) ) ;
#282 = DIRECTION ( 'NONE',  ( 0.000000000000000000, 0.000000000000000000, 1.000000000000000000 ) ) ;
#283 = LINE ( 'NONE', #9247, #3302 ) ;
#284 = CARTESIAN_POINT ( 'NONE',  ( 22.80952370847614930, 12.47677082109104063, 1.729174642622364858E-12 ) ) ;
#285 = CARTESIAN_POINT ( 'NONE',  ( -13.26649064953105928, 14.94430557270297832, -36.78450992858252278 ) ) ;
#286 = CARTESIAN_POINT ( 'NONE',  ( 26.62500000000000000, -11.12083830918276028, 5.204170427930419706E-15 ) ) ;
#287 = ORIENTED_EDGE ( 'NONE', *, *, #1939, .T. ) ;
#288 = AXIS2_PLACEMENT_3D ( 'NONE', #9024, #4395, #3708 ) ;
#289 = VERTEX_POINT ( 'NONE', #6984 ) ;
#290 = CARTESIAN_POINT ( 'NONE',  ( -5.609770168984700156, -12.09999999999999964, -34.36516802601585141 ) ) ;
#291 = FACE_OUTER_BOUND ( 'NONE', #2575, .T. ) ;
#292 = PLANE ( 'NONE',  #6925 ) ;
#293 = LINE ( 'NONE', #8618, #8015 ) ;
#294 = CARTESIAN_POINT ( 'NONE',  ( -22.59947188050720968, 6.542642833526120860, 21.56414330342019881 ) ) ;
#295 = AXIS2_PLACEMENT_3D ( 'NONE', #897, #2414, #5409 ) ;
#296 = CARTESIAN_POINT ( 'NONE',  ( -23.16053390593259920, -7.900000000000000355, -10.53553390593270045 ) ) ;
#297 = CARTESIAN_POINT ( 'NONE',  ( 22.58570401745246059, -11.99999999999998046, 0.2869032494205092099 ) ) ;
#298 = FACE_OUTER_BOUND ( 'NONE', #3436, .T. ) ;
#299 = DIRECTION ( 'NONE',  ( 1.000000000000000000, 0.000000000000000000, 2.881657216719184962E-16 ) ) ;
#300 = ORIENTED_EDGE ( 'NONE', *, *, #982, .T. ) ;
#301 = CARTESIAN_POINT ( 'NONE',  ( -11.96499999999999986, 10.09999999999999964, -35.57131279429335535 ) ) ;
#302 = EDGE_LOOP ( 'NONE', ( #3838, #2745, #1636, #9726 ) ) ;
#303 = EDGE_CURVE ( 'NONE', #8308, #7558, #244, .T. ) ;
#304 = AXIS2_PLACEMENT_3D ( 'NONE', #5578, #3172, #224 ) ;
#305 = CARTESIAN_POINT ( 'NONE',  ( -22.89548157963169928, -12.00000000000000000, -0.2780502700012350559 ) ) ;
#306 = LINE ( 'NONE', #8533, #9728 ) ;
#307 = CARTESIAN_POINT ( 'NONE',  ( 9.036860885200994176, -12.85482410225821326, 0.008915059942176476945 ) ) ;
#308 = AXIS2_PLACEMENT_3D ( 'NONE', #365, #4891, #415 ) ;
#309 = CIRCLE ( 'NONE', #9598, 8.000000000000000000 ) ;
#310 = CARTESIAN_POINT ( 'NONE',  ( 18.39315584380113933, -12.97661880918532873, -24.91001103325512389 ) ) ;
#311 = DIRECTION ( 'NONE',  ( 0.000000000000000000, 0.000000000000000000, 1.000000000000000000 ) ) ;
#312 = DIRECTION ( 'NONE',  ( 0.000000000000000000, 0.000000000000000000, 1.000000000000000000 ) ) ;
#313 = ORIENTED_EDGE ( 'NONE', *, *, #7716, .F. ) ;
#314 = AXIS2_PLACEMENT_3D ( 'NONE', #4383, #7303, #8825 ) ;
#315 = ORIENTED_EDGE ( 'NONE', *, *, #5585, .F. ) ;
#316 = ORIENTED_EDGE ( 'NONE', *, *, #9216, .F. ) ;
#317 = EDGE_CURVE ( 'NONE', #5416, #429, #9498, .T. ) ;
#318 = VERTEX_POINT ( 'NONE', #9314 ) ;
#319 = VECTOR ( 'NONE', #8459, 1000.000000000000000 ) ;
#320 = EDGE_CURVE ( 'NONE', #3015, #6255, #3582, .T. ) ;
#321 = CIRCLE ( 'NONE', #4711, 20.00000000000000000 ) ;
#322 = EDGE_CURVE ( 'NONE', #1865, #8781, #7668, .T. ) ;
#323 = ORIENTED_EDGE ( 'NONE', *, *, #1828, .T. ) ;
#324 = CARTESIAN_POINT ( 'NONE',  ( -24.62500000000000000, 8.000000000000000000, -33.09999999999999432 ) ) ;
#325 = DIRECTION ( 'NONE',  ( 0.000000000000000000, 0.000000000000000000, -1.000000000000000000 ) ) ;
#326 = CARTESIAN_POINT ( 'NONE',  ( -25.08760318657174437, -11.16312535618347823, 0.06742349534478986328 ) ) ;
#327 = CARTESIAN_POINT ( 'NONE',  ( -0.9264795480351819545, 14.53155804947622265, -25.80433244145186578 ) ) ;
#328 = AXIS2_PLACEMENT_3D ( 'NONE', #7082, #2643, #7763 ) ;
#329 = CARTESIAN_POINT ( 'NONE',  ( -22.79000000000000270, -8.000000000000000000, -39.30000000000000426 ) ) ;
#330 = CARTESIAN_POINT ( 'NONE',  ( -4.980154683765340096, -12.09999999999999964, -36.38894121232224421 ) ) ;
#331 = LINE ( 'NONE', #7071, #2665 ) ;
#332 = VERTEX_POINT ( 'NONE', #3636 ) ;
#333 = ORIENTED_EDGE ( 'NONE', *, *, #6309, .F. ) ;
#334 = ORIENTED_EDGE ( 'NONE', *, *, #4017, .T. ) ;
#335 = EDGE_CURVE ( 'NONE', #3552, #1947, #4965, .T. ) ;
#336 = EDGE_CURVE ( 'NONE', #5416, #1490, #1392, .T. ) ;
#337 = AXIS2_PLACEMENT_3D ( 'NONE', #6130, #1563, #3133 ) ;
#338 = CARTESIAN_POINT ( 'NONE',  ( -19.81532436575340128, -15.00011440415869934, -4.000000000000000000 ) ) ;
#339 = CARTESIAN_POINT ( 'NONE',  ( 23.53655509980365323, -12.38914736421526008, -7.619939797788240845E-13 ) ) ;
#340 = CARTESIAN_POINT ( 'NONE',  ( -25.26264215611285024, 15.00000000000000000, -4.000000000000000000 ) ) ;
#341 = DIRECTION ( 'NONE',  ( 1.000000000000000000, 0.000000000000000000, 0.000000000000000000 ) ) ;
#342 = CARTESIAN_POINT ( 'NONE',  ( 24.26100398758280008, 12.30033339551345861, -5.805418875344990934E-13 ) ) ;
#343 = CARTESIAN_POINT ( 'NONE',  ( 19.44610100423722088, 12.86242036742270400, -24.03915922994430687 ) ) ;
#344 = CARTESIAN_POINT ( 'NONE',  ( 19.65802983197199794, 12.00000000000000000, 0.9909439493390821418 ) ) ;
#345 = VERTEX_POINT ( 'NONE', #5011 ) ;
#346 = ORIENTED_EDGE ( 'NONE', *, *, #9044, .T. ) ;
#347 = CARTESIAN_POINT ( 'NONE',  ( -13.57500000000000107, -8.103426060940028819, 9.770281504007400031 ) ) ;
#348 = CARTESIAN_POINT ( 'NONE',  ( 0.6843457781378420313, 14.42956196941575264, -15.00000000000477840 ) ) ;
#349 = DIRECTION ( 'NONE',  ( 1.000000000000000000, 0.000000000000000000, 2.881657216719180031E-16 ) ) ;
#350 = CARTESIAN_POINT ( 'NONE',  ( -13.41016881819383677, -14.94631225029716859, -7.834960587793156073 ) ) ;
#351 = DIRECTION ( 'NONE',  ( 0.000000000000000000, 0.000000000000000000, -1.000000000000000000 ) ) ;
#352 = FACE_OUTER_BOUND ( 'NONE', #3938, .T. ) ;
#353 = CARTESIAN_POINT ( 'NONE',  ( -13.57500000000000107, -13.00000000000000000, -0.2792407799438634819 ) ) ;
#354 = DIRECTION ( 'NONE',  ( 0.000000000000000000, 1.000000000000000000, 8.587739980083199972E-17 ) ) ;
#355 = LINE ( 'NONE', #2661, #9042 ) ;
#356 = ORIENTED_EDGE ( 'NONE', *, *, #5296, .F. ) ;
#357 = DIRECTION ( 'NONE',  ( 0.000000000000000000, -1.000000000000000000, 0.000000000000000000 ) ) ;
#358 = ORIENTED_EDGE ( 'NONE', *, *, #6201, .F. ) ;
#359 =( BOUNDED_CURVE ( )  B_SPLINE_CURVE ( 3, ( #2158, #2898, #9703, #2945 ),
 .UNSPECIFIED., .F., .T. ) 
 B_SPLINE_CURVE_WITH_KNOTS ( ( 4, 4 ),
 ( 4.996378567430189932, 4.998261032169920348 ),
 .UNSPECIFIED. ) 
 CURVE ( )  GEOMETRIC_REPRESENTATION_ITEM ( )  RATIONAL_B_SPLINE_CURVE ( ( 1.000000000000000000, 0.9999997046938970957, 0.9999997046938970957, 1.000000000000000000 ) ) 
 REPRESENTATION_ITEM ( '' )  );
#360 = EDGE_CURVE ( 'NONE', #443, #4249, #8712, .T. ) ;
#361 = FACE_BOUND ( 'NONE', #2879, .T. ) ;
#362 = CARTESIAN_POINT ( 'NONE',  ( 18.17312819401014679, -13.00000000567215963, 0.000000000000000000 ) ) ;
#363 = CARTESIAN_POINT ( 'NONE',  ( -2.607817494864932861, -13.60806628085923009, -35.58643892240156248 ) ) ;
#364 = CARTESIAN_POINT ( 'NONE',  ( 19.42714971135200841, -12.86450241895300550, -24.05554208775735958 ) ) ;
#365 = CARTESIAN_POINT ( 'NONE',  ( -16.57499999999999929, 5.250000000000000000, 23.09999999999999787 ) ) ;
#366 = FACE_OUTER_BOUND ( 'NONE', #6401, .T. ) ;
#367 = ORIENTED_EDGE ( 'NONE', *, *, #3620, .F. ) ;
#368 = ORIENTED_EDGE ( 'NONE', *, *, #8507, .F. ) ;
#369 = ORIENTED_EDGE ( 'NONE', *, *, #9662, .F. ) ;
#370 = ADVANCED_FACE ( 'NONE', ( #3679 ), #1968, .F. ) ;
#371 = ORIENTED_EDGE ( 'NONE', *, *, #8620, .F. ) ;
#372 = ORIENTED_EDGE ( 'NONE', *, *, #3898, .F. ) ;
#373 = CARTESIAN_POINT ( 'NONE',  ( 3.024999999999999911, -10.09999999999999964, -10.00000000000000000 ) ) ;
#374 = FACE_OUTER_BOUND ( 'NONE', #845, .T. ) ;
#375 = CARTESIAN_POINT ( 'NONE',  ( -24.48074477473913646, -11.54393527001784747, -0.08691911001893490307 ) ) ;
#376 = CARTESIAN_POINT ( 'NONE',  ( -0.8003447549508896364, 14.55878125290591640, -25.67951081961365389 ) ) ;
#377 = CARTESIAN_POINT ( 'NONE',  ( -3.665181435659079945, -14.70810892306106155, -10.00000000000000000 ) ) ;
#378 = DIRECTION ( 'NONE',  ( 0.000000000000000000, 1.000000000000000000, 0.000000000000000000 ) ) ;
#379 = VERTEX_POINT ( 'NONE', #2108 ) ;
#380 = ORIENTED_EDGE ( 'NONE', *, *, #3714, .T. ) ;
#381 = EDGE_CURVE ( 'NONE', #6158, #7274, #6096, .T. ) ;
#382 = EDGE_LOOP ( 'NONE', ( #8551, #3580, #252, #1117, #7528, #8734 ) ) ;
#383 = AXIS2_PLACEMENT_3D ( 'NONE', #1505, #6163, #8351 ) ;
#384 = VECTOR ( 'NONE', #9003, 1000.000000000000000 ) ;
#385 = DIRECTION ( 'NONE',  ( 1.000000000000000000, 9.366785582234729207E-17, 0.000000000000000000 ) ) ;
#386 = EDGE_CURVE ( 'NONE', #68, #2029, #7839, .T. ) ;
#387 = CARTESIAN_POINT ( 'NONE',  ( 22.80952370847580113, -12.47677082109074043, 1.935507488301945003E-12 ) ) ;
#388 = CARTESIAN_POINT ( 'NONE',  ( -16.57499999999999929, 2.625000000000000000, 17.50336663013170124 ) ) ;
#389 = CARTESIAN_POINT ( 'NONE',  ( 0.9290147858732039632, 19.28421494571415096, -25.00000000000000000 ) ) ;
#390 = EDGE_CURVE ( 'NONE', #4440, #4830, #8201, .T. ) ;
#391 = CARTESIAN_POINT ( 'NONE',  ( 22.82263458254880106, 12.00000000000000000, 0.8505596004203059834 ) ) ;
#392 = CARTESIAN_POINT ( 'NONE',  ( 19.54636427194825998, 12.85139032885408916, -23.95206118025554431 ) ) ;
#393 = CARTESIAN_POINT ( 'NONE',  ( -22.57500000000000284, -12.00000000000000000, -9.974788118697169455E-15 ) ) ;
#394 = EDGE_LOOP ( 'NONE', ( #4351, #1985, #5829, #3556 ) ) ;
#395 = ADVANCED_FACE ( 'NONE', ( #4224 ), #5795, .T. ) ;
#396 = EDGE_CURVE ( 'NONE', #9562, #8451, #4192, .T. ) ;
#397 = VERTEX_POINT ( 'NONE', #4318 ) ;
#398 = AXIS2_PLACEMENT_3D ( 'NONE', #8578, #1096, #4086 ) ;
#399 = CARTESIAN_POINT ( 'NONE',  ( -26.62500000000000000, -2.625000000000000000, 18.55336663013169840 ) ) ;
#400 = CYLINDRICAL_SURFACE ( 'NONE', #5454, 1.000000000000000888 ) ;
#401 = CARTESIAN_POINT ( 'NONE',  ( -23.01141759658647246, -3.235270497557192204, 16.64845870430187347 ) ) ;
#402 = CARTESIAN_POINT ( 'NONE',  ( -11.27302304641961506, 11.21261307480832237, -37.48522122696806491 ) ) ;
#403 = DIRECTION ( 'NONE',  ( 2.478176394252581634E-16, 0.000000000000000000, -1.000000000000000000 ) ) ;
#404 = CARTESIAN_POINT ( 'NONE',  ( 22.62500000000000000, 13.00000000000000000, 0.8672861625754190174 ) ) ;
#405 = LINE ( 'NONE', #4026, #2934 ) ;
#406 = DIRECTION ( 'NONE',  ( -1.000000000000000000, 0.000000000000000000, 0.000000000000000000 ) ) ;
#407 = CARTESIAN_POINT ( 'NONE',  ( -26.62500000000000000, -5.250000000000000000, 23.09999999999999787 ) ) ;
#408 = ORIENTED_EDGE ( 'NONE', *, *, #4453, .T. ) ;
#409 = DIRECTION ( 'NONE',  ( 0.000000000000000000, 0.000000000000000000, 1.000000000000000000 ) ) ;
#410 = CC_DESIGN_APPROVAL ( #4292, ( #6344 ) ) ;
#411 = CARTESIAN_POINT ( 'NONE',  ( -24.28285785194985280, -12.41242485622011849, -1.137474952073366019 ) ) ;
#412 = DIRECTION ( 'NONE',  ( 0.000000000000000000, 0.000000000000000000, -1.000000000000000000 ) ) ;
#413 = CARTESIAN_POINT ( 'NONE',  ( 7.829014785873200211, 14.55139526986554266, -25.05275414204999507 ) ) ;
#414 = CARTESIAN_POINT ( 'NONE',  ( 7.041799061272800309, -14.00699428186869433, -31.29034515276125106 ) ) ;
#415 = DIRECTION ( 'NONE',  ( 0.000000000000000000, 0.000000000000000000, -1.000000000000000000 ) ) ;
#416 = DIRECTION ( 'NONE',  ( 0.000000000000000000, -1.000000000000000000, 0.000000000000000000 ) ) ;
#417 = EDGE_LOOP ( 'NONE', ( #3803, #4269, #8092, #4144 ) ) ;
#418 = EDGE_LOOP ( 'NONE', ( #112, #2866 ) ) ;
#419 = VERTEX_POINT ( 'NONE', #1285 ) ;
#420 = ORIENTED_EDGE ( 'NONE', *, *, #7595, .F. ) ;
#421 = B_SPLINE_CURVE_WITH_KNOTS ( 'NONE', 2,
 ( #8499, #377, #4904 ),
 .UNSPECIFIED., .F., .F.,
 ( 3, 3 ),
 ( 0.1991906177640359876, 0.4884618901155810544 ),
 .UNSPECIFIED. ) ;
#422 = ORIENTED_EDGE ( 'NONE', *, *, #3413, .T. ) ;
#423 = DIRECTION ( 'NONE',  ( 0.000000000000000000, -1.000000000000000000, 0.000000000000000000 ) ) ;
#424 = CARTESIAN_POINT ( 'NONE',  ( 20.62500000000000000, -5.250000000000000000, 23.09999999999999787 ) ) ;
#425 = CARTESIAN_POINT ( 'NONE',  ( 1.171438667347814100, -10.09999999999999964, -32.43787078708660232 ) ) ;
#426 = ADVANCED_FACE ( 'NONE', ( #544 ), #592, .F. ) ;
#427 = CARTESIAN_POINT ( 'NONE',  ( -0.7944471664170953407, 14.56043868104600314, -25.67373073758177071 ) ) ;
#428 = DIRECTION ( 'NONE',  ( -1.000000000000000000, 0.000000000000000000, -3.469446951953614189E-16 ) ) ;
#429 = VERTEX_POINT ( 'NONE', #689 ) ;
#430 = VERTEX_POINT ( 'NONE', #7332 ) ;
#431 = VERTEX_POINT ( 'NONE', #6490 ) ;
#432 = AXIS2_PLACEMENT_3D ( 'NONE', #7794, #6411, #3945 ) ;
#433 = ADVANCED_FACE ( 'NONE', ( #9509, #5845 ), #2750, .T. ) ;
#434 = ADVANCED_FACE ( 'NONE', ( #9610, #6537, #5059, #2850, #5375, #5207, #6263 ), #2426, .F. ) ;
#435 = CARTESIAN_POINT ( 'NONE',  ( -25.26264215611992014, -14.99999999999996980, 4.336808689942016947E-15 ) ) ;
#436 = CIRCLE ( 'NONE', #5919, 2.000000000000001776 ) ;
#437 = CARTESIAN_POINT ( 'NONE',  ( 24.51110374053974539, -11.53282638720867936, 0.9821760184316929987 ) ) ;
#438 = CARTESIAN_POINT ( 'NONE',  ( -25.54054415919495113, -11.75032004146289921, -0.9167733471542869328 ) ) ;
#439 = DIRECTION ( 'NONE',  ( 2.312964634635744929E-16, 0.000000000000000000, -1.000000000000000000 ) ) ;
#440 = CARTESIAN_POINT ( 'NONE',  ( -22.60869494417802983, -4.372202738442030778, 21.30271727290193695 ) ) ;
#441 = CARTESIAN_POINT ( 'NONE',  ( 19.49317099890646077, 12.85724519763706475, -23.99835689425368557 ) ) ;
#442 = CARTESIAN_POINT ( 'NONE',  ( 18.17312819401019652, 12.00000000000000000, 1.000000000000000000 ) ) ;
#443 = VERTEX_POINT ( 'NONE', #4595 ) ;
#444 = EDGE_CURVE ( 'NONE', #2083, #7851, #9006, .T. ) ;
#445 = CIRCLE ( 'NONE', #1385, 1.049999999999998934 ) ;
#446 = ORIENTED_EDGE ( 'NONE', *, *, #3522, .T. ) ;
#447 = AXIS2_PLACEMENT_3D ( 'NONE', #6093, #7578, #48 ) ;
#448 = EDGE_CURVE ( 'NONE', #3068, #7043, #1245, .T. ) ;
#449 = LINE ( 'NONE', #3437, #491 ) ;
#450 = ADVANCED_FACE ( 'NONE', ( #7649 ), #5424, .F. ) ;
#451 = CARTESIAN_POINT ( 'NONE',  ( -26.60968650385829903, -8.576713726481413502, 0.8003572934172421549 ) ) ;
#452 = DIRECTION ( 'NONE',  ( 0.000000000000000000, 0.000000000000000000, -1.000000000000000000 ) ) ;
#453 = CARTESIAN_POINT ( 'NONE',  ( -26.62500000000000000, 15.00000000000000000, -4.000000000000000000 ) ) ;
#454 = DIRECTION ( 'NONE',  ( 1.000000000000000000, 0.000000000000000000, 2.478176394252580155E-16 ) ) ;
#455 = DIRECTION ( 'NONE',  ( -0.000000000000000000, 1.000000000000000000, 0.000000000000000000 ) ) ;
#456 = LINE ( 'NONE', #3671, #2940 ) ;
#457 = CARTESIAN_POINT ( 'NONE',  ( 15.12500000000000000, -2.625000000000000000, 27.64663336986830089 ) ) ;
#458 = CARTESIAN_POINT ( 'NONE',  ( -13.96814575050796137, -7.900000000000000355, -19.72792206135790138 ) ) ;
#459 = ORIENTED_EDGE ( 'NONE', *, *, #6750, .T. ) ;
#460 = DIRECTION ( 'NONE',  ( 0.000000000000000000, 1.000000000000000000, 8.587739980083199972E-17 ) ) ;
#461 = AXIS2_PLACEMENT_3D ( 'NONE', #7285, #2062, #3534 ) ;
#462 = CARTESIAN_POINT ( 'NONE',  ( -22.62256308275784633, -11.99999999999999645, -0.9999999999999913403 ) ) ;
#463 = CIRCLE ( 'NONE', #4858, 20.00000000000000000 ) ;
#464 = CARTESIAN_POINT ( 'NONE',  ( -10.37500000000000000, -17.54325025195879917, -10.00000000000000000 ) ) ;
#465 = CARTESIAN_POINT ( 'NONE',  ( -13.39638688113654297, 13.94818896396095553, -37.80766501390284873 ) ) ;
#466 = CARTESIAN_POINT ( 'NONE',  ( -6.081843795208476067, -14.74460699775637096, -35.43674664415146225 ) ) ;
#467 = CYLINDRICAL_SURFACE ( 'NONE', #9597, 1.000000000000000000 ) ;
#468 = FACE_OUTER_BOUND ( 'NONE', #9721, .T. ) ;
#469 = VERTEX_POINT ( 'NONE', #3169 ) ;
#470 = VERTEX_POINT ( 'NONE', #1062 ) ;
#471 = VERTEX_POINT ( 'NONE', #9179 ) ;
#472 = AXIS2_PLACEMENT_3D ( 'NONE', #3669, #5145, #7326 ) ;
#473 = EDGE_LOOP ( 'NONE', ( #2585, #9574, #4545, #8022, #8245 ) ) ;
#474 = AXIS2_PLACEMENT_3D ( 'NONE', #5796, #545, #5698 ) ;
#475 = AXIS2_PLACEMENT_3D ( 'NONE', #4744, #963, #7747 ) ;
#476 = ORIENTED_EDGE ( 'NONE', *, *, #3939, .T. ) ;
#477 = CARTESIAN_POINT ( 'NONE',  ( 7.675000000000000711, 10.09999999999999964, -9.849999999999999645 ) ) ;
#478 = CARTESIAN_POINT ( 'NONE',  ( -13.57500000000000107, -9.475357003913030596, 9.730388396368679693 ) ) ;
#479 = AXIS2_PLACEMENT_3D ( 'NONE', #457, #406, #9320 ) ;
#480 = CARTESIAN_POINT ( 'NONE',  ( 7.829014785873200211, 15.63421494571415060, -25.00000000000000000 ) ) ;
#481 = DIRECTION ( 'NONE',  ( -1.675015967832396193E-16, 0.3162277660168387183, 0.9486832980505136570 ) ) ;
#482 = ORIENTED_EDGE ( 'NONE', *, *, #2793, .F. ) ;
#483 = ORIENTED_EDGE ( 'NONE', *, *, #7916, .T. ) ;
#484 = ORIENTED_EDGE ( 'NONE', *, *, #5854, .T. ) ;
#485 = AXIS2_PLACEMENT_3D ( 'NONE', #4191, #5713, #7205 ) ;
#486 = AXIS2_PLACEMENT_3D ( 'NONE', #8277, #6647, #2166 ) ;
#487 = CIRCLE ( 'NONE', #5191, 1.049999999999998934 ) ;
#488 = LINE ( 'NONE', #4355, #9665 ) ;
#489 = DIRECTION ( 'NONE',  ( -2.164016633576080066E-32, -1.000000000000000000, 7.242684271981949524E-17 ) ) ;
#490 = DIRECTION ( 'NONE',  ( 1.000000000000000000, 0.000000000000000000, 2.881657216719184962E-16 ) ) ;
#491 = VECTOR ( 'NONE', #6443, 1000.000000000000000 ) ;
#492 = DIRECTION ( 'NONE',  ( -1.000000000000000000, 1.334402673828310085E-15, 0.000000000000000000 ) ) ;
#493 = ADVANCED_FACE ( 'NONE', ( #8444, #1687 ), #964, .F. ) ;
#494 = CARTESIAN_POINT ( 'NONE',  ( 12.32008245582996331, 14.07790597355733730, -25.13246274547939052 ) ) ;
#495 = CARTESIAN_POINT ( 'NONE',  ( -4.787464976529301808, 14.69356000352376235, -35.12824430334001136 ) ) ;
#496 = CARTESIAN_POINT ( 'NONE',  ( 12.52142854874234423, 13.78815268377126735, -14.64058192132950253 ) ) ;
#497 = VECTOR ( 'NONE', #4021, 1000.000000000000000 ) ;
#498 = ORIENTED_EDGE ( 'NONE', *, *, #3676, .T. ) ;
#499 = DIRECTION ( 'NONE',  ( 1.000000000000000000, 0.000000000000000000, 2.881657216719184962E-16 ) ) ;
#500 = CARTESIAN_POINT ( 'NONE',  ( -10.62712255461673827, 12.09999999999999964, -35.34359239950279630 ) ) ;
#501 = CARTESIAN_POINT ( 'NONE',  ( -22.62256308275784633, -12.00000000000000000, -0.2792407799438650362 ) ) ;
#502 = CARTESIAN_POINT ( 'NONE',  ( -24.29166666666665719, 15.00000000000000000, -3.999999999999948042 ) ) ;
#503 = DIRECTION ( 'NONE',  ( 0.000000000000000000, 0.000000000000000000, 1.000000000000000000 ) ) ;
#504 = CARTESIAN_POINT ( 'NONE',  ( 11.52366262258230023, 14.64827129077110079, -15.00000000000000000 ) ) ;
#505 = ADVANCED_FACE ( 'NONE', ( #4000, #9229 ), #5472, .T. ) ;
#506 = LINE ( 'NONE', #6496, #7393 ) ;
#507 = LINE ( 'NONE', #1144, #6527 ) ;
#508 = VERTEX_POINT ( 'NONE', #7011 ) ;
#509 = CARTESIAN_POINT ( 'NONE',  ( 21.15895374884734892, 12.67084426529505947, -22.46341433840475332 ) ) ;
#510 = EDGE_CURVE ( 'NONE', #1669, #7416, #8156, .T. ) ;
#511 = CARTESIAN_POINT ( 'NONE',  ( 5.297386856978960168, -2.602085213965209853E-15, -36.29999999999999716 ) ) ;
#512 = CARTESIAN_POINT ( 'NONE',  ( -25.84377326067564695, 10.38441971753739956, 0.3781960415408145426 ) ) ;
#513 = CARTESIAN_POINT ( 'NONE',  ( 10.52336693430166115, -12.36375777383595853, 0.2284621712475997379 ) ) ;
#514 = EDGE_CURVE ( 'NONE', #1071, #7310, #7854, .T. ) ;
#515 = CARTESIAN_POINT ( 'NONE',  ( -16.14808508653242924, -14.98320367683280985, -37.12013335002362879 ) ) ;
#516 = CARTESIAN_POINT ( 'NONE',  ( 17.64056985570545066, -12.11181398882250093, -26.65274198843194853 ) ) ;
#517 = DIRECTION ( 'NONE',  ( 0.000000000000000000, -2.059984127722470100E-14, -1.000000000000000000 ) ) ;
#518 = VERTEX_POINT ( 'NONE', #1162 ) ;
#519 = DIRECTION ( 'NONE',  ( 0.000000000000000000, 1.000000000000000000, 0.000000000000000000 ) ) ;
#520 = EDGE_CURVE ( 'NONE', #6621, #3983, #5153, .T. ) ;
#521 = EDGE_LOOP ( 'NONE', ( #1304, #7460, #1494, #7407 ) ) ;
#522 = EDGE_CURVE ( 'NONE', #4087, #5523, #4990, .T. ) ;
#523 = ORIENTED_EDGE ( 'NONE', *, *, #81, .T. ) ;
#524 = VERTEX_POINT ( 'NONE', #5680 ) ;
#525 = ORIENTED_EDGE ( 'NONE', *, *, #1340, .F. ) ;
#526 = CARTESIAN_POINT ( 'NONE',  ( -10.37500000000000000, -15.01285539730230489, -6.799999999999998046 ) ) ;
#527 = CARTESIAN_POINT ( 'NONE',  ( 11.77320449912263456, 12.06482139734125170, 0.6453496906723317217 ) ) ;
#528 = ADVANCED_FACE ( 'NONE', ( #4901 ), #4946, .T. ) ;
#529 = DIRECTION ( 'NONE',  ( 1.000000000000000000, 0.000000000000000000, 0.000000000000000000 ) ) ;
#530 = PLANE ( 'NONE',  #2985 ) ;
#531 = LINE ( 'NONE', #2091, #8601 ) ;
#532 = ORIENTED_EDGE ( 'NONE', *, *, #8989, .F. ) ;
#533 = ORIENTED_EDGE ( 'NONE', *, *, #5054, .F. ) ;
#534 = CARTESIAN_POINT ( 'NONE',  ( -24.08416730868039934, 7.100000000000000533, -33.09999999999999432 ) ) ;
#535 = CARTESIAN_POINT ( 'NONE',  ( -22.58891012405900156, -6.900118177835488531, 21.92186014752413570 ) ) ;
#536 = FACE_OUTER_BOUND ( 'NONE', #8689, .T. ) ;
#537 = LINE ( 'NONE', #2741, #856 ) ;
#538 = DIRECTION ( 'NONE',  ( 0.000000000000000000, 0.000000000000000000, -1.000000000000000000 ) ) ;
#539 = CARTESIAN_POINT ( 'NONE',  ( -19.62500000000000000, 15.00000000000000000, -37.29999999999999716 ) ) ;
#540 = CARTESIAN_POINT ( 'NONE',  ( 12.79999884283289724, 13.59150986362496916, -14.34493927782551914 ) ) ;
#541 = CIRCLE ( 'NONE', #1952, 2.000000000000001776 ) ;
#542 = ORIENTED_EDGE ( 'NONE', *, *, #6434, .F. ) ;
#543 = LINE ( 'NONE', #8807, #4252 ) ;
#544 = FACE_OUTER_BOUND ( 'NONE', #4044, .T. ) ;
#545 = DIRECTION ( 'NONE',  ( 1.000000000000000000, 0.000000000000000000, 0.000000000000000000 ) ) ;
#546 = CARTESIAN_POINT ( 'NONE',  ( -11.71094279801342530, 10.52600222231690275, -37.55631927875913334 ) ) ;
#547 = VECTOR ( 'NONE', #8449, 1000.000000000000000 ) ;
#548 = DIRECTION ( 'NONE',  ( -0.7071067811865425767, 5.275848315469705865E-17, 0.7071067811865525687 ) ) ;
#549 = FACE_OUTER_BOUND ( 'NONE', #5373, .T. ) ;
#550 = EDGE_CURVE ( 'NONE', #5363, #6813, #8413, .T. ) ;
#551 = CARTESIAN_POINT ( 'NONE',  ( 25.75185937550029891, 12.11275902115912118, -2.775557561562889773E-14 ) ) ;
#552 = CARTESIAN_POINT ( 'NONE',  ( 7.892821782178219614, 12.09999999999999964, -29.80631172782874927 ) ) ;
#553 = ORIENTED_EDGE ( 'NONE', *, *, #6504, .T. ) ;
#554 = CARTESIAN_POINT ( 'NONE',  ( 26.62500000000000000, 11.12083830918276028, -12.03976285529073920 ) ) ;
#555 = AXIS2_PLACEMENT_3D ( 'NONE', #526, #6615, #6519 ) ;
#556 = EDGE_CURVE ( 'NONE', #4752, #5470, #9492, .T. ) ;
#557 = CARTESIAN_POINT ( 'NONE',  ( -26.10512359406909866, -11.27674005832709803, -0.7589133527756959374 ) ) ;
#558 = CARTESIAN_POINT ( 'NONE',  ( -23.19629326595299901, 11.96729085271130799, -0.9890969509038293195 ) ) ;
#559 = EDGE_CURVE ( 'NONE', #5442, #8488, #8936, .T. ) ;
#560 = CARTESIAN_POINT ( 'NONE',  ( -12.72368062377709386, 13.93636866204392177, -37.71194176019569255 ) ) ;
#561 = CARTESIAN_POINT ( 'NONE',  ( -5.566543928870309799, 10.09999999999999964, -34.35288263336205006 ) ) ;
#562 = CARTESIAN_POINT ( 'NONE',  ( 19.60278446116974393, -12.84595755207043410, -25.13462972912548921 ) ) ;
#563 = CARTESIAN_POINT ( 'NONE',  ( 20.62500000000000000, 2.625000000000000000, 25.64663336986835063 ) ) ;
#564 = CARTESIAN_POINT ( 'NONE',  ( -14.70261314302101852, 2.428612866367529932E-13, -37.97280655551545436 ) ) ;
#565 = VECTOR ( 'NONE', #4134, 1000.000000000000000 ) ;
#566 = ORIENTED_EDGE ( 'NONE', *, *, #1231, .F. ) ;
#567 = CARTESIAN_POINT ( 'NONE',  ( -13.96814575050770024, 10.09999999999999964, -32.72792206135789428 ) ) ;
#568 = VERTEX_POINT ( 'NONE', #8697 ) ;
#569 = EDGE_LOOP ( 'NONE', ( #6315, #5661, #380, #1606 ) ) ;
#570 = APPLICATION_CONTEXT ( 'configuration controlled 3d designs of mechanical parts and assemblies' ) ;
#571 = ORIENTED_EDGE ( 'NONE', *, *, #2747, .F. ) ;
#572 = EDGE_CURVE ( 'NONE', #5920, #5036, #4852, .T. ) ;
#573 = EDGE_CURVE ( 'NONE', #7709, #8275, #4997, .T. ) ;
#574 = ORIENTED_EDGE ( 'NONE', *, *, #2072, .T. ) ;
#575 = CARTESIAN_POINT ( 'NONE',  ( 20.62500000000000000, -2.625000000000000000, 16.55336663013170195 ) ) ;
#576 = CARTESIAN_POINT ( 'NONE',  ( 7.829014785873200211, 15.63421494571415060, -25.00000000000000000 ) ) ;
#577 = CARTESIAN_POINT ( 'NONE',  ( -25.53170064990505139, -7.400000000000001243, 6.523195699883480358 ) ) ;
#578 = FACE_OUTER_BOUND ( 'NONE', #2571, .T. ) ;
#579 = FACE_OUTER_BOUND ( 'NONE', #9440, .T. ) ;
#580 = VERTEX_POINT ( 'NONE', #3515 ) ;
#581 = ORIENTED_EDGE ( 'NONE', *, *, #984, .F. ) ;
#582 = DIRECTION ( 'NONE',  ( 1.000000000000000000, 0.000000000000000000, 0.000000000000000000 ) ) ;
#583 = DIRECTION ( 'NONE',  ( 0.000000000000000000, 0.000000000000000000, -1.000000000000000000 ) ) ;
#584 = DIRECTION ( 'NONE',  ( -1.000000000000000000, 0.000000000000000000, 0.000000000000000000 ) ) ;
#585 = CARTESIAN_POINT ( 'NONE',  ( 12.22901478587320057, 14.58540566807860017, -25.00000000000000000 ) ) ;
#586 = CARTESIAN_POINT ( 'NONE',  ( 12.22901478587320057, 14.49486514259852044, -25.00407478481145063 ) ) ;
#587 = APPLICATION_PROTOCOL_DEFINITION ( 'international standard', 'config_control_design', 1994, #9307 ) ;
#588 = CARTESIAN_POINT ( 'NONE',  ( -1.103797391150846074, 15.52315274206985052, -25.00000000000000000 ) ) ;
#589 = VERTEX_POINT ( 'NONE', #1119 ) ;
#590 = VECTOR ( 'NONE', #2960, 1000.000000000000000 ) ;
#591 = CARTESIAN_POINT ( 'NONE',  ( -24.62500000000000000, 8.000000000000000000, -37.79999999999999716 ) ) ;
#592 = CYLINDRICAL_SURFACE ( 'NONE', #3740, 2.000000000000001776 ) ;
#593 = CARTESIAN_POINT ( 'NONE',  ( -22.69026397589540522, -4.206001249217252713, 19.77987121912388346 ) ) ;
#594 = CARTESIAN_POINT ( 'NONE',  ( 22.62500000000000000, 0.000000000000000000, 35.10000000000000142 ) ) ;
#595 = CARTESIAN_POINT ( 'NONE',  ( 8.651161040047911754, -11.24897483283556987, -29.46727391547125663 ) ) ;
#596 = CARTESIAN_POINT ( 'NONE',  ( -16.57499999999999929, -2.625000000000000000, 18.55336663013169840 ) ) ;
#597 = DIRECTION ( 'NONE',  ( 0.000000000000000000, 0.000000000000000000, -1.000000000000000000 ) ) ;
#598 = DIRECTION ( 'NONE',  ( 0.000000000000000000, 0.000000000000000000, -1.000000000000000000 ) ) ;
#599 = ORIENTED_EDGE ( 'NONE', *, *, #4287, .F. ) ;
#600 = CARTESIAN_POINT ( 'NONE',  ( 26.44702850821785134, 11.14202317744709880, -14.52944008009685994 ) ) ;
#601 = VECTOR ( 'NONE', #5095, 1000.000000000000000 ) ;
#602 = CARTESIAN_POINT ( 'NONE',  ( -25.54112211021332612, -10.75381358589509517, -0.5846045286319115908 ) ) ;
#603 = VECTOR ( 'NONE', #6266, 1000.000000000000000 ) ;
#604 = CARTESIAN_POINT ( 'NONE',  ( -26.65985759996506488, 7.927165286347730877, 0.3576115712174903760 ) ) ;
#605 = CARTESIAN_POINT ( 'NONE',  ( -19.31083502193769874, 13.99987239901617997, -38.29817666897894668 ) ) ;
#606 = CARTESIAN_POINT ( 'NONE',  ( 23.90243369985121902, -12.34439702759669011, -18.84443876901325154 ) ) ;
#607 = CARTESIAN_POINT ( 'NONE',  ( 14.73756271127236062, -13.34972422427345862, -27.45180002890120008 ) ) ;
#608 = CARTESIAN_POINT ( 'NONE',  ( 12.22901478587320057, 14.58540566807860017, -15.00000000000000000 ) ) ;
#609 = CARTESIAN_POINT ( 'NONE',  ( -26.84991221830399866, -8.103426060940028819, 5.341209296556019837 ) ) ;
#610 = EDGE_LOOP ( 'NONE', ( #7963, #3118, #8828, #827, #6385 ) ) ;
#611 = CARTESIAN_POINT ( 'NONE',  ( 26.62499999999999289, -8.643826944739977591, 0.6831011799756099290 ) ) ;
#612 = ORIENTED_EDGE ( 'NONE', *, *, #9578, .T. ) ;
#613 = ORIENTED_EDGE ( 'NONE', *, *, #3858, .F. ) ;
#614 = EDGE_CURVE ( 'NONE', #6153, #3056, #4256, .T. ) ;
#615 = VERTEX_POINT ( 'NONE', #478 ) ;
#616 = CIRCLE ( 'NONE', #7211, 51.90277777777829726 ) ;
#617 = ORIENTED_EDGE ( 'NONE', *, *, #4829, .T. ) ;
#618 = CYLINDRICAL_SURFACE ( 'NONE', #6829, 1.049999999999998934 ) ;
#619 = DIRECTION ( 'NONE',  ( -1.000000000000000000, 0.000000000000000000, 0.000000000000000000 ) ) ;
#620 = DIRECTION ( 'NONE',  ( -1.000000000000000000, 0.000000000000000000, 0.000000000000000000 ) ) ;
#621 = DIRECTION ( 'NONE',  ( 0.000000000000000000, 0.000000000000000000, -1.000000000000000000 ) ) ;
#622 = CARTESIAN_POINT ( 'NONE',  ( -24.62500000000000000, -8.000000000000000000, -37.79999999999999716 ) ) ;
#623 = TOROIDAL_SURFACE ( 'NONE', #9588, 16.00000000000000000, 4.000000000000000000 ) ;
#624 = ADVANCED_FACE ( 'NONE', ( #374 ), #5575, .F. ) ;
#625 = EDGE_LOOP ( 'NONE', ( #7953, #2314, #9590, #818, #6958, #3176 ) ) ;
#626 = ORIENTED_EDGE ( 'NONE', *, *, #9156, .T. ) ;
#627 = CIRCLE ( 'NONE', #4380, 1.049999999999998934 ) ;
#628 = EDGE_CURVE ( 'NONE', #2058, #3900, #6522, .T. ) ;
#629 = ORIENTED_EDGE ( 'NONE', *, *, #2849, .F. ) ;
#630 = EDGE_CURVE ( 'NONE', #3983, #5978, #616, .T. ) ;
#631 = AXIS2_PLACEMENT_3D ( 'NONE', #6877, #923, #9000 ) ;
#632 = DIRECTION ( 'NONE',  ( -0.3401922683575354656, 0.000000000000000000, -0.9403559010022507492 ) ) ;
#633 = CARTESIAN_POINT ( 'NONE',  ( -22.61502742153812306, -5.668240729227748353, 21.12675996825549873 ) ) ;
#634 = VECTOR ( 'NONE', #1735, 1000.000000000000000 ) ;
#635 = EDGE_CURVE ( 'NONE', #902, #53, #2305, .T. ) ;
#636 = DIRECTION ( 'NONE',  ( 0.000000000000000000, 0.000000000000000000, -1.000000000000000000 ) ) ;
#637 = CARTESIAN_POINT ( 'NONE',  ( 8.892457260923899653, 14.86758063145116004, -25.00000000000000000 ) ) ;
#638 = CARTESIAN_POINT ( 'NONE',  ( 17.67395552472538256, -4.490061022252635148, -26.62334248838196515 ) ) ;
#639 = CARTESIAN_POINT ( 'NONE',  ( 12.77168078067965062, 13.60534177628511721, -25.62545610349407355 ) ) ;
#640 = DATE_TIME_ROLE ( 'creation_date' ) ;
#641 = CARTESIAN_POINT ( 'NONE',  ( 12.45254411150509277, 13.86387118238105209, -14.71605220150244264 ) ) ;
#642 = CIRCLE ( 'NONE', #2828, 2.000000000000001776 ) ;
#643 = EDGE_CURVE ( 'NONE', #9067, #2536, #9338, .T. ) ;
#644 = VERTEX_POINT ( 'NONE', #6617 ) ;
#645 = VECTOR ( 'NONE', #4564, 1000.000000000000000 ) ;
#646 = LINE ( 'NONE', #2796, #805 ) ;
#647 = DIRECTION ( 'NONE',  ( 0.000000000000000000, 0.000000000000000000, -1.000000000000000000 ) ) ;
#648 = CARTESIAN_POINT ( 'NONE',  ( 3.024999999999999911, -4.000000000000000000, 0.000000000000000000 ) ) ;
#649 = DIRECTION ( 'NONE',  ( -8.587739980083199972E-17, -1.000000000000000000, 0.000000000000000000 ) ) ;
#650 = DIRECTION ( 'NONE',  ( 0.000000000000000000, 0.000000000000000000, -1.000000000000000000 ) ) ;
#651 = CYLINDRICAL_SURFACE ( 'NONE', #7081, 6.999999999999999112 ) ;
#652 = DIRECTION ( 'NONE',  ( 0.000000000000000000, 0.000000000000000000, -1.000000000000000000 ) ) ;
#653 = VERTEX_POINT ( 'NONE', #7316 ) ;
#654 = CARTESIAN_POINT ( 'NONE',  ( 24.06754393069534714, 11.41827254162190108, -20.28907860351669967 ) ) ;
#655 = CARTESIAN_POINT ( 'NONE',  ( -25.44344922367821837, -10.85207528901339025, -0.6173584296712095743 ) ) ;
#656 = CARTESIAN_POINT ( 'NONE',  ( -26.48993482744614880, 8.979899622084090538, 0.9335664954569190543 ) ) ;
#657 = CARTESIAN_POINT ( 'NONE',  ( 12.22420914945850789, -12.00000000000000000, 0.8485252993385958842 ) ) ;
#658 = CARTESIAN_POINT ( 'NONE',  ( 16.68994565946915998, 5.594338759929046390, -27.30925441113798868 ) ) ;
#659 = CARTESIAN_POINT ( 'NONE',  ( 25.04341137542505535, -12.20366458405179344, -18.64783098927825122 ) ) ;
#660 = CARTESIAN_POINT ( 'NONE',  ( 20.62500000000000000, 2.625000000000000000, 27.64663336986835063 ) ) ;
#661 = ORIENTED_EDGE ( 'NONE', *, *, #9269, .T. ) ;
#662 = DIRECTION ( 'NONE',  ( 0.000000000000000000, 0.000000000000000000, 1.000000000000000000 ) ) ;
#663 = VERTEX_POINT ( 'NONE', #5230 ) ;
#664 = ORIENTED_EDGE ( 'NONE', *, *, #1828, .F. ) ;
#665 = ADVANCED_FACE ( 'NONE', ( #6709 ), #5826, .F. ) ;
#666 = ORIENTED_EDGE ( 'NONE', *, *, #8745, .F. ) ;
#667 = ORIENTED_EDGE ( 'NONE', *, *, #5456, .F. ) ;
#668 = PLANE ( 'NONE',  #2748 ) ;
#669 = DIRECTION ( 'NONE',  ( -1.000000000000000000, 0.000000000000000000, 0.000000000000000000 ) ) ;
#670 = CARTESIAN_POINT ( 'NONE',  ( -25.16583269131960066, -7.100000000000000533, -30.13015151901650057 ) ) ;
#671 = DIRECTION ( 'NONE',  ( 1.000000000000000000, 0.000000000000000000, 2.478176394252580155E-16 ) ) ;
#672 = DIRECTION ( 'NONE',  ( 9.221531102568230410E-32, 1.000000000000000000, -5.222823368532319275E-16 ) ) ;
#673 = VERTEX_POINT ( 'NONE', #1312 ) ;
#674 = ORIENTED_EDGE ( 'NONE', *, *, #8320, .F. ) ;
#675 = EDGE_CURVE ( 'NONE', #8692, #4293, #3612, .T. ) ;
#676 = EDGE_LOOP ( 'NONE', ( #9729, #6352, #6854, #4804, #752, #5278 ) ) ;
#677 = CARTESIAN_POINT ( 'NONE',  ( -22.57500000000000284, -12.00000000000000000, -9.974788118697169455E-15 ) ) ;
#678 = EDGE_CURVE ( 'NONE', #1904, #1785, #3598, .T. ) ;
#679 = LINE ( 'NONE', #4308, #3880 ) ;
#680 = CARTESIAN_POINT ( 'NONE',  ( 20.62500000000000000, -5.250000000000000000, 23.09999999999999787 ) ) ;
#681 = LINE ( 'NONE', #6821, #9520 ) ;
#682 = CARTESIAN_POINT ( 'NONE',  ( 17.35629297972997875, -4.846548989414142028, -26.84913185820105497 ) ) ;
#683 = DIRECTION ( 'NONE',  ( 1.765621858500564986E-16, 0.000000000000000000, -1.000000000000000000 ) ) ;
#684 = CARTESIAN_POINT ( 'NONE',  ( 12.22901478587319879, 14.42422900736628755, -14.98955424314865681 ) ) ;
#685 = ORIENTED_EDGE ( 'NONE', *, *, #4223, .F. ) ;
#686 = EDGE_CURVE ( 'NONE', #9639, #6158, #9732, .T. ) ;
#687 = CARTESIAN_POINT ( 'NONE',  ( -25.77141364672128887, -9.151367137499645921, 5.164498877941674060 ) ) ;
#688 = EDGE_CURVE ( 'NONE', #8700, #5531, #6248, .T. ) ;
#689 = CARTESIAN_POINT ( 'NONE',  ( 25.75185937550014970, 12.11275902115914072, 0.000000000000000000 ) ) ;
#690 = DIRECTION ( 'NONE',  ( 0.8314380909136928066, -0.5556174052149498443, -2.884630350258649774E-15 ) ) ;
#691 = CARTESIAN_POINT ( 'NONE',  ( 17.62500000000000000, 12.00000000000000000, 23.09999999999999787 ) ) ;
#692 = DIRECTION ( 'NONE',  ( -1.000000000000000000, 0.000000000000000000, -2.881657216719184962E-16 ) ) ;
#693 = CARTESIAN_POINT ( 'NONE',  ( -16.59800978589184695, 15.00000000000000000, -4.000000000000013323 ) ) ;
#694 = CARTESIAN_POINT ( 'NONE',  ( 5.297386856978960168, -2.602085213965209853E-15, -29.30000000000000071 ) ) ;
#695 = EDGE_LOOP ( 'NONE', ( #950, #7146 ) ) ;
#696 = CARTESIAN_POINT ( 'NONE',  ( 26.62500000205834638, 12.00109074639838802, -12.65848064718571742 ) ) ;
#697 = EDGE_CURVE ( 'NONE', #4111, #1283, #4445, .T. ) ;
#698 = CIRCLE ( 'NONE', #6183, 1.999999999999998224 ) ;
#699 = CARTESIAN_POINT ( 'NONE',  ( -26.42189189707324815, -9.232224224332659546, 0.8339540929974820216 ) ) ;
#700 = CARTESIAN_POINT ( 'NONE',  ( -26.57312149030234849, 8.474578549580378706, 1.133292251075878054 ) ) ;
#701 = CARTESIAN_POINT ( 'NONE',  ( 24.88515264337737776, 11.32405068512641400, -18.92097419847673834 ) ) ;
#702 = DIRECTION ( 'NONE',  ( 1.000000000000000000, 0.000000000000000000, 2.881657216719184962E-16 ) ) ;
#703 = CARTESIAN_POINT ( 'NONE',  ( 21.81396944495864787, -12.59573777332567346, -23.10881866800828988 ) ) ;
#704 = DIRECTION ( 'NONE',  ( 1.000000000000000000, 0.000000000000000000, 0.000000000000000000 ) ) ;
#705 = CARTESIAN_POINT ( 'NONE',  ( -19.62500000000000000, 10.09999999999999964, -20.00000000000000000 ) ) ;
#706 = ORIENTED_EDGE ( 'NONE', *, *, #1158, .F. ) ;
#707 = CARTESIAN_POINT ( 'NONE',  ( 26.62499999999998934, -9.250692844308394669, 0.4118531703376052677 ) ) ;
#708 = EDGE_LOOP ( 'NONE', ( #7482, #6923, #8923, #278, #5035, #7547, #3257, #7560 ) ) ;
#709 = ORIENTED_EDGE ( 'NONE', *, *, #1614, .T. ) ;
#710 = AXIS2_PLACEMENT_3D ( 'NONE', #1957, #5986, #824 ) ;
#711 = EDGE_LOOP ( 'NONE', ( #1155, #6667, #5213, #4814 ) ) ;
#712 = ORIENTED_EDGE ( 'NONE', *, *, #6765, .F. ) ;
#713 = CARTESIAN_POINT ( 'NONE',  ( 22.62500000000000000, -8.000000000000000000, 1.000000000000000000 ) ) ;
#715 = CARTESIAN_POINT ( 'NONE',  ( -0.5842963108768596259, 14.64736847220094873, -14.53165871588872982 ) ) ;
#714 = AXIS2_PLACEMENT_3D ( 'NONE', #1079, #7085, #6336 ) ;
#716 = CARTESIAN_POINT ( 'NONE',  ( -25.56922594482818312, -7.413709773674601600, 6.412671277632536082 ) ) ;
#717 = CARTESIAN_POINT ( 'NONE',  ( -21.82495826927700122, -11.87813568650346596, 8.605745400281712421 ) ) ;
#718 = FACE_OUTER_BOUND ( 'NONE', #5128, .T. ) ;
#719 = ORIENTED_EDGE ( 'NONE', *, *, #6803, .T. ) ;
#720 = ORIENTED_EDGE ( 'NONE', *, *, #7124, .F. ) ;
#721 = ORIENTED_EDGE ( 'NONE', *, *, #991, .T. ) ;
#722 = CARTESIAN_POINT ( 'NONE',  ( 23.97359958284569714, -11.77089331334869016, 0.9104648478807458867 ) ) ;
#723 = LINE ( 'NONE', #8213, #601 ) ;
#724 = CARTESIAN_POINT ( 'NONE',  ( -22.94991123888751261, 1.231682948501095165, 17.11851282121930851 ) ) ;
#725 = CARTESIAN_POINT ( 'NONE',  ( -11.07499999999999929, 5.250000000000000000, 23.09999999999999787 ) ) ;
#726 = CARTESIAN_POINT ( 'NONE',  ( -25.69650844154545410, 11.63373854912748051, -0.8779128497091519545 ) ) ;
#727 = PERSON_AND_ORGANIZATION_ROLE ( 'design_owner' ) ;
#728 = FACE_OUTER_BOUND ( 'NONE', #7409, .T. ) ;
#729 = EDGE_CURVE ( 'NONE', #8837, #508, #7456, .T. ) ;
#730 = VERTEX_POINT ( 'NONE', #2138 ) ;
#731 = CARTESIAN_POINT ( 'NONE',  ( -25.67500000000000071, -8.000000000000000000, -37.79999999999999716 ) ) ;
#732 = CARTESIAN_POINT ( 'NONE',  ( -16.57499999999999929, 2.625000000000000000, 27.64663336986830089 ) ) ;
#733 = DIRECTION ( 'NONE',  ( 0.000000000000000000, 0.000000000000000000, -1.000000000000000000 ) ) ;
#734 = LINE ( 'NONE', #5944, #645 ) ;
#735 = CARTESIAN_POINT ( 'NONE',  ( -19.62500000000000000, 15.00000000000000000, -37.52380000000000138 ) ) ;
#736 = CARTESIAN_POINT ( 'NONE',  ( -23.16053390593259920, -7.900000000000000355, -10.53553390593270045 ) ) ;
#737 = ORIENTED_EDGE ( 'NONE', *, *, #2356, .T. ) ;
#738 = CARTESIAN_POINT ( 'NONE',  ( 12.15700299688714203, 13.59409415115478481, -30.04542848129616672 ) ) ;
#739 = EDGE_CURVE ( 'NONE', #6909, #277, #4766, .T. ) ;
#740 = AXIS2_PLACEMENT_3D ( 'NONE', #353, #5399, #1821 ) ;
#741 = EDGE_CURVE ( 'NONE', #6955, #4403, #3661, .T. ) ;
#742 = EDGE_CURVE ( 'NONE', #2281, #9433, #22, .T. ) ;
#743 = CARTESIAN_POINT ( 'NONE',  ( -26.63704962331291526, -7.664555726090367394, 0.4451480913032211939 ) ) ;
#744 = CARTESIAN_POINT ( 'NONE',  ( -25.81937545316227656, 10.41694651088057633, 0.3653094980142881920 ) ) ;
#745 = CARTESIAN_POINT ( 'NONE',  ( 14.50104566181270549, 12.41486059417217547, -28.68554764680871116 ) ) ;
#746 = CARTESIAN_POINT ( 'NONE',  ( -22.57500000000000284, -2.625000000000000000, 27.64663336986830089 ) ) ;
#747 = DIRECTION ( 'NONE',  ( 0.000000000000000000, 0.000000000000000000, -1.000000000000000000 ) ) ;
#748 = DIRECTION ( 'NONE',  ( 0.000000000000000000, 0.000000000000000000, -1.000000000000000000 ) ) ;
#749 = DIRECTION ( 'NONE',  ( -2.881657216719180031E-16, 0.000000000000000000, 1.000000000000000000 ) ) ;
#750 = VERTEX_POINT ( 'NONE', #6662 ) ;
#751 = CARTESIAN_POINT ( 'NONE',  ( 20.62500000000000000, -2.625000000000000000, 27.64663336986835063 ) ) ;
#752 = ORIENTED_EDGE ( 'NONE', *, *, #97, .T. ) ;
#753 = VERTEX_POINT ( 'NONE', #3021 ) ;
#754 = EDGE_CURVE ( 'NONE', #3056, #7543, #5781, .T. ) ;
#755 = VERTEX_POINT ( 'NONE', #1358 ) ;
#756 = AXIS2_PLACEMENT_3D ( 'NONE', #875, #8511, #6928 ) ;
#757 = VERTEX_POINT ( 'NONE', #4348 ) ;
#758 = CARTESIAN_POINT ( 'NONE',  ( 2.399256534782253425, -13.34110432838172322, -34.06761396288487020 ) ) ;
#759 = CARTESIAN_POINT ( 'NONE',  ( -0.8026745517694505727, 14.55810295354494244, -14.31808311983768078 ) ) ;
#760 = CARTESIAN_POINT ( 'NONE',  ( 7.829014785873210869, 13.94727521435340023, -26.00000000000000000 ) ) ;
#761 = PLANE ( 'NONE',  #4869 ) ;
#762 = FACE_OUTER_BOUND ( 'NONE', #9091, .T. ) ;
#763 = EDGE_LOOP ( 'NONE', ( #2520, #9687, #7283, #5969, #5480 ) ) ;
#764 = ORIENTED_EDGE ( 'NONE', *, *, #6861, .F. ) ;
#765 = ORIENTED_EDGE ( 'NONE', *, *, #5785, .F. ) ;
#766 = VECTOR ( 'NONE', #9390, 1000.000000000000000 ) ;
#767 = ORIENTED_EDGE ( 'NONE', *, *, #6082, .T. ) ;
#768 = CARTESIAN_POINT ( 'NONE',  ( -19.18612383635782948, 11.84379637888649128, -38.29999999999999716 ) ) ;
#769 = VECTOR ( 'NONE', #3990, 1000.000000000000000 ) ;
#770 = DIRECTION ( 'NONE',  ( 1.000000000000000000, 0.000000000000000000, 2.881657216719184962E-16 ) ) ;
#771 = DIRECTION ( 'NONE',  ( 0.000000000000000000, 1.000000000000000000, 0.000000000000000000 ) ) ;
#772 = LINE ( 'NONE', #8305, #8876 ) ;
#773 = CARTESIAN_POINT ( 'NONE',  ( -24.16270547866675145, 12.44509434510106161, -1.148364781700349946 ) ) ;
#774 = PERSON_AND_ORGANIZATION ( #2905, #8251 ) ;
#775 = CARTESIAN_POINT ( 'NONE',  ( -11.07499999999999929, 0.000000000000000000, 23.09999999999999787 ) ) ;
#776 = VECTOR ( 'NONE', #6177, 1000.000000000000000 ) ;
#777 = ORIENTED_EDGE ( 'NONE', *, *, #8620, .T. ) ;
#778 = AXIS2_PLACEMENT_3D ( 'NONE', #6850, #109, #3111 ) ;
#779 = AXIS2_PLACEMENT_3D ( 'NONE', #576, #4989, #669 ) ;
#780 = CARTESIAN_POINT ( 'NONE',  ( 3.637267214798766801, 15.13987693548178193, -14.99432944597836759 ) ) ;
#781 = EDGE_CURVE ( 'NONE', #6255, #8308, #2186, .T. ) ;
#782 = DIRECTION ( 'NONE',  ( 2.037639358997289830E-16, -0.7071067811865470176, -0.7071067811865480168 ) ) ;
#783 =( BOUNDED_SURFACE ( )  B_SPLINE_SURFACE ( 3, 2, ( 
 ( #554, #8180, #9661 ),
 ( #2117, #696, #8958 ),
 ( #4234, #5804, #8037 ),
 ( #600, #5753, #7293 ),
 ( #2758, #1337, #6499 ),
 ( #4373, #8766, #7249 ),
 ( #2858, #9563, #5853 ),
 ( #1384, #3542, #7391 ),
 ( #6689, #8859, #8818 ),
 ( #3590, #4327, #6596 ),
 ( #654, #9618, #9708 ),
 ( #8907, #3644, #6646 ),
 ( #5948, #2903, #5901 ),
 ( #2216, #2164, #509 ),
 ( #3687, #1435, #4428 ),
 ( #7439, #2950, #9518 ),
 ( #1244, #3495, #2302 ),
 ( #9150, #8276, #7623 ),
 ( #4567, #3782, #6043 ),
 ( #8316, #3923, #5214 ),
 ( #6136, #2394, #3044 ),
 ( #6734, #738, #6790 ),
 ( #7529, #9100, #141 ),
 ( #8231, #1522, #880 ),
 ( #7575, #46, #5302 ),
 ( #9054, #3140, #7483 ),
 ( #9005, #6091, #1570 ),
 ( #834, #4512, #3826 ),
 ( #6834, #3873, #188 ),
 ( #3732, #91, #2351 ),
 ( #3091, #9197, #6184 ),
 ( #790, #5350, #8367 ),
 ( #2259, #1613, #4611 ),
 ( #5390, #6882, #8411 ),
 ( #1657, #4659, #7667 ),
 ( #929, #6933, #1478 ) ),
 .UNSPECIFIED., .F., .F., .T. ) 
 B_SPLINE_SURFACE_WITH_KNOTS ( ( 4, 2, 2, 2, 2, 2, 2, 2, 2, 2, 2, 2, 2, 2, 2, 2, 2, 4 ),
 ( 3, 3 ),
 ( 0.000000000000000000, 0.001743881902064814849, 0.003487763804129624928, 0.005231645706194439777, 0.006975527608259249855, 0.008719409510324070342, 0.01046329141238888129, 0.01395105521651849971, 0.01569493711858330198, 0.01743881902064815109, 0.02092658282477775217, 0.02790211043303699942, 0.03487763804129625361, 0.04185316564955549740, 0.04882869325781480363, 0.05231645706194439777, 0.05406033896400919830, 0.05580422086607399884 ),
 ( 0.000000000000000000, 1.000000000000000000 ),
 .UNSPECIFIED. ) 
 GEOMETRIC_REPRESENTATION_ITEM ( )  RATIONAL_B_SPLINE_SURFACE ( (
 ( 1.000000000000000000, 0.7506195359483409657, 1.000000000000000000),
 ( 1.000000000000000000, 0.7506194665509509090, 1.000000000000000000),
 ( 1.000000000000000000, 0.7505208385042930752, 1.000000000000000000),
 ( 1.000000000000000000, 0.7499561805688239602, 1.000000000000000000),
 ( 1.000000000000000000, 0.7494778683210751025, 1.000000000000000000),
 ( 1.000000000000000000, 0.7481229984391740695, 1.000000000000000000),
 ( 1.000000000000000000, 0.7472557252709500775, 1.000000000000000000),
 ( 1.000000000000000000, 0.7455088390799359255, 1.000000000000000000),
 ( 1.000000000000000000, 0.7445558520411549308, 1.000000000000000000),
 ( 1.000000000000000000, 0.7425815427391490031, 1.000000000000000000),
 ( 1.000000000000000000, 0.7415602749507590463, 1.000000000000000000),
 ( 1.000000000000000000, 0.7395128639598289588, 1.000000000000000000),
 ( 1.000000000000000000, 0.7384983927979790197, 1.000000000000000000),
 ( 1.000000000000000000, 0.7355454585561920222, 1.000000000000000000),
 ( 1.000000000000000000, 0.7336942484328760061, 1.000000000000000000),
 ( 1.000000000000000000, 0.7311356594231609440, 1.000000000000000000),
 ( 1.000000000000000000, 0.7303178536050959346, 1.000000000000000000),
 ( 1.000000000000000000, 0.7287498020026519363, 1.000000000000000000),
 ( 1.000000000000000000, 0.7279988520236300165, 1.000000000000000000),
 ( 1.000000000000000000, 0.7258595379014280979, 1.000000000000000000),
 ( 1.000000000000000000, 0.7245759940844709313, 1.000000000000000000),
 ( 1.000000000000000000, 0.7210547829173309387, 1.000000000000000000),
 ( 1.000000000000000000, 0.7191396324655620065, 1.000000000000000000),
 ( 1.000000000000000000, 0.7158388813031310027, 1.000000000000000000),
 ( 1.000000000000000000, 0.7144544713286800075, 1.000000000000000000),
 ( 1.000000000000000000, 0.7120749638959769090, 1.000000000000000000),
 ( 1.000000000000000000, 0.7110765876416289544, 1.000000000000000000),
 ( 1.000000000000000000, 0.7093736361622610120, 1.000000000000000000),
 ( 1.000000000000000000, 0.7086663828108920038, 1.000000000000000000),
 ( 1.000000000000000000, 0.7078415938971190924, 1.000000000000000000),
 ( 1.000000000000000000, 0.7076057436343440310, 1.000000000000000000),
 ( 1.000000000000000000, 0.7073341366007979136, 1.000000000000000000),
 ( 1.000000000000000000, 0.7072574364270429736, 1.000000000000000000),
 ( 1.000000000000000000, 0.7071443148921709998, 1.000000000000000000),
 ( 1.000000000000000000, 0.7071075185246040729, 1.000000000000000000),
 ( 1.000000000000000000, 0.7071067811865480168, 1.000000000000000000) ) ) 
 REPRESENTATION_ITEM ( '' )  SURFACE ( )  );
#784 = LINE ( 'NONE', #3777, #9593 ) ;
#785 = AXIS2_PLACEMENT_3D ( 'NONE', #3789, #3241, #3052 ) ;
#786 = DIRECTION ( 'NONE',  ( 0.000000000000000000, 0.000000000000000000, 1.000000000000000000 ) ) ;
#787 = CARTESIAN_POINT ( 'NONE',  ( -22.57767595666434701, -3.314552399366094804, 22.59150658509563669 ) ) ;
#788 = DIRECTION ( 'NONE',  ( 2.881657216719184962E-16, 7.509625437129029427E-17, -1.000000000000000000 ) ) ;
#789 = ORIENTED_EDGE ( 'NONE', *, *, #8442, .F. ) ;
#790 = CARTESIAN_POINT ( 'NONE',  ( -16.63837062456475024, 13.98870996067243944, -38.16916215577580118 ) ) ;
#791 = EDGE_CURVE ( 'NONE', #2227, #8692, #9634, .T. ) ;
#792 = AXIS2_PLACEMENT_3D ( 'NONE', #7479, #3040, #5255 ) ;
#793 = AXIS2_PLACEMENT_3D ( 'NONE', #6391, #5649, #9465 ) ;
#794 = CARTESIAN_POINT ( 'NONE',  ( -22.94330904324933229, 4.070593863250426381, 17.17114992436974319 ) ) ;
#795 = CARTESIAN_POINT ( 'NONE',  ( -26.59569352749084103, 8.547708157610697910, 1.104013480366640154 ) ) ;
#796 = CARTESIAN_POINT ( 'NONE',  ( 24.88223213130581613, 11.32438878046999164, -18.92633883463585320 ) ) ;
#797 = AXIS2_PLACEMENT_3D ( 'NONE', #2595, #236, #1076 ) ;
#798 = DIRECTION ( 'NONE',  ( -0.7071067811865275887, 0.000000000000000000, 0.7071067811865675568 ) ) ;
#799 = DIRECTION ( 'NONE',  ( 1.765621858500564986E-16, 2.312964634635740294E-15, -1.000000000000000000 ) ) ;
#800 = EDGE_CURVE ( 'NONE', #6703, #9128, #9684, .T. ) ;
#801 = DIRECTION ( 'NONE',  ( -1.000000000000000000, 0.000000000000000000, 0.000000000000000000 ) ) ;
#802 = CARTESIAN_POINT ( 'NONE',  ( 24.84746962085980115, 11.32575236365477878, 1.000000000000000000 ) ) ;
#803 = EDGE_LOOP ( 'NONE', ( #2433, #4917, #8502, #7018 ) ) ;
#804 = DIRECTION ( 'NONE',  ( 1.000000000000000000, 0.000000000000000000, 0.000000000000000000 ) ) ;
#805 = VECTOR ( 'NONE', #2012, 1000.000000000000000 ) ;
#806 = EDGE_CURVE ( 'NONE', #7207, #6907, #5367, .T. ) ;
#807 = ORIENTED_EDGE ( 'NONE', *, *, #8258, .T. ) ;
#808 = VERTEX_POINT ( 'NONE', #2461 ) ;
#809 = ADVANCED_FACE ( 'NONE', ( #7552 ), #6807, .F. ) ;
#810 = ORIENTED_EDGE ( 'NONE', *, *, #5855, .F. ) ;
#811 = CARTESIAN_POINT ( 'NONE',  ( -0.8782381618667286505, -13.52507661406190387, -35.10498034289321367 ) ) ;
#812 = CARTESIAN_POINT ( 'NONE',  ( 7.675000000000000711, -7.100000000000000533, -36.29999999999999716 ) ) ;
#813 = CARTESIAN_POINT ( 'NONE',  ( 13.13744632142985935, 13.49906635955071899, -14.00000000000000000 ) ) ;
#814 = EDGE_CURVE ( 'NONE', #5821, #7110, #62, .T. ) ;
#815 = LINE ( 'NONE', #3065, #3579 ) ;
#816 = VERTEX_POINT ( 'NONE', #3063 ) ;
#817 = VERTEX_POINT ( 'NONE', #4631 ) ;
#818 = ORIENTED_EDGE ( 'NONE', *, *, #7180, .T. ) ;
#819 = ORIENTED_EDGE ( 'NONE', *, *, #7171, .F. ) ;
#820 = DIRECTION ( 'NONE',  ( 0.000000000000000000, 0.000000000000000000, -1.000000000000000000 ) ) ;
#821 = PLANE ( 'NONE',  #2361 ) ;
#822 = CARTESIAN_POINT ( 'NONE',  ( -22.57500000000000284, -5.250000000000000000, 25.10000000000000142 ) ) ;
#823 = CARTESIAN_POINT ( 'NONE',  ( -22.90906974216497716, 0.9548867879609157505, 17.45110544325568114 ) ) ;
#824 = DIRECTION ( 'NONE',  ( -1.000000000000000000, 0.000000000000000000, 0.000000000000000000 ) ) ;
#825 = CARTESIAN_POINT ( 'NONE',  ( 15.12500000000000000, -5.250000000000000000, 23.09999999999999787 ) ) ;
#826 = CARTESIAN_POINT ( 'NONE',  ( 2.585426337019335108, 15.31849315584499927, -25.00000000000000000 ) ) ;
#827 = ORIENTED_EDGE ( 'NONE', *, *, #630, .T. ) ;
#828 = CARTESIAN_POINT ( 'NONE',  ( -26.62500000000000000, 10.34573158174552887, -0.4485771939151662613 ) ) ;
#829 = CARTESIAN_POINT ( 'NONE',  ( -18.57500000000000284, 0.000000000000000000, 23.09999999999999787 ) ) ;
#830 = DIRECTION ( 'NONE',  ( -1.000000000000000000, 0.000000000000000000, 0.000000000000000000 ) ) ;
#831 = CARTESIAN_POINT ( 'NONE',  ( -11.96499999999999986, -10.09999999999999964, -35.57131279431310134 ) ) ;
#832 = CARTESIAN_POINT ( 'NONE',  ( -26.62500000000000000, -9.985597110541018395, -0.2620528410452155343 ) ) ;
#833 = CARTESIAN_POINT ( 'NONE',  ( -25.67500000000000071, -8.000000000000000000, -30.13015151901650057 ) ) ;
#834 = CARTESIAN_POINT ( 'NONE',  ( -7.885989357128759814, 13.82148917089478068, -36.88048769960855111 ) ) ;
#835 = CARTESIAN_POINT ( 'NONE',  ( -22.98488007316574411, 3.669323010813926977, 16.84642114920314171 ) ) ;
#836 = LINE ( 'NONE', #8323, #2320 ) ;
#837 = ADVANCED_FACE ( 'NONE', ( #5461 ), #623, .T. ) ;
#838 = CARTESIAN_POINT ( 'NONE',  ( 16.12194561661979364, 12.26417679168858399, -27.72327640085058320 ) ) ;
#839 = PLANE ( 'NONE',  #8469 ) ;
#840 = PLANE ( 'NONE',  #2353 ) ;
#841 = CARTESIAN_POINT ( 'NONE',  ( 20.62500000000000000, -5.250000000000000000, 21.10000000000000142 ) ) ;
#842 = DIRECTION ( 'NONE',  ( 0.000000000000000000, 0.000000000000000000, 1.000000000000000000 ) ) ;
#843 = ORIENTED_EDGE ( 'NONE', *, *, #4417, .T. ) ;
#844 = CARTESIAN_POINT ( 'NONE',  ( -26.62500000000000000, -36.63153466595210261, 4.943869512211899415E-15 ) ) ;
#845 = EDGE_LOOP ( 'NONE', ( #6706, #4622, #7710, #8885 ) ) ;
#846 = ORIENTED_EDGE ( 'NONE', *, *, #9640, .T. ) ;
#847 = EDGE_CURVE ( 'NONE', #332, #3705, #4540, .T. ) ;
#848 = CIRCLE ( 'NONE', #3822, 1.000000000000000888 ) ;
#849 = EDGE_CURVE ( 'NONE', #8052, #212, #3899, .T. ) ;
#850 = CYLINDRICAL_SURFACE ( 'NONE', #6762, 1.049999999999998934 ) ;
#851 = ORIENTED_EDGE ( 'NONE', *, *, #4266, .T. ) ;
#852 = CARTESIAN_POINT ( 'NONE',  ( 24.88922834957881847, -11.32357898906613691, -18.91347706507421123 ) ) ;
#853 = DIRECTION ( 'NONE',  ( 0.000000000000000000, 0.000000000000000000, 1.000000000000000000 ) ) ;
#854 = DIRECTION ( 'NONE',  ( 0.000000000000000000, 0.000000000000000000, -1.000000000000000000 ) ) ;
#855 = DIRECTION ( 'NONE',  ( -1.000000000000000000, 0.000000000000000000, 0.000000000000000000 ) ) ;
#856 = VECTOR ( 'NONE', #3477, 1000.000000000000000 ) ;
#857 = ORIENTED_EDGE ( 'NONE', *, *, #9227, .F. ) ;
#858 = ORIENTED_EDGE ( 'NONE', *, *, #4328, .F. ) ;
#859 = ADVANCED_FACE ( 'NONE', ( #209, #3205, #1733 ), #6060, .F. ) ;
#860 = VERTEX_POINT ( 'NONE', #8293 ) ;
#861 = EDGE_CURVE ( 'NONE', #3153, #6171, #1542, .T. ) ;
#862 = CIRCLE ( 'NONE', #6044, 1.049999999999998934 ) ;
#863 = CARTESIAN_POINT ( 'NONE',  ( 23.68707776788739849, -11.85650789228723845, 0.8781533259889726661 ) ) ;
#864 = CARTESIAN_POINT ( 'NONE',  ( -12.81052765149052419, -8.499229301132592340, -37.72451612209852811 ) ) ;
#865 = LINE ( 'NONE', #7702, #1261 ) ;
#866 = CARTESIAN_POINT ( 'NONE',  ( -22.97077239462399945, -1.416820934835768320, 16.95418025900091408 ) ) ;
#867 = CARTESIAN_POINT ( 'NONE',  ( -22.76499079479724585, 0.6245476618780287925, 18.82865310796731961 ) ) ;
#868 = DIRECTION ( 'NONE',  ( 1.000000000000000000, 0.000000000000000000, 2.881657216719184962E-16 ) ) ;
#869 = CARTESIAN_POINT ( 'NONE',  ( 8.162471867726852182, 14.84578774164514670, -14.99795894605999003 ) ) ;
#870 = VERTEX_POINT ( 'NONE', #9215 ) ;
#871 = FACE_OUTER_BOUND ( 'NONE', #3386, .T. ) ;
#872 = CIRCLE ( 'NONE', #6815, 1.000000000000000000 ) ;
#873 = ORIENTED_EDGE ( 'NONE', *, *, #6566, .T. ) ;
#874 = CARTESIAN_POINT ( 'NONE',  ( 20.62500000000000000, -2.625000000000000000, 27.64663336986835063 ) ) ;
#875 = CARTESIAN_POINT ( 'NONE',  ( -24.62500000000000000, -8.000000000000000000, -33.09999999999999432 ) ) ;
#876 = DIRECTION ( 'NONE',  ( 2.881657216719184962E-16, 0.000000000000000000, -1.000000000000000000 ) ) ;
#877 = DIRECTION ( 'NONE',  ( 0.000000000000000000, 1.000000000000000000, 0.000000000000000000 ) ) ;
#878 = DIRECTION ( 'NONE',  ( 1.000000000000000000, 0.000000000000000000, 0.000000000000000000 ) ) ;
#879 = CARTESIAN_POINT ( 'NONE',  ( -0.07098521412679600906, 18.28421494571415451, -15.00000000000000000 ) ) ;
#880 = CARTESIAN_POINT ( 'NONE',  ( 5.366461884613090483, 14.13458759949276100, -32.00036131045460763 ) ) ;
#881 = B_SPLINE_CURVE_WITH_KNOTS ( 'NONE', 3,
 ( #813, #6206, #3892, #2462 ),
 .UNSPECIFIED., .F., .F.,
 ( 4, 4 ),
 ( 0.000000000000000000, 0.005327345310463660680 ),
 .UNSPECIFIED. ) ;
#882 = CARTESIAN_POINT ( 'NONE',  ( -22.78972322159606279, 4.624939737961881292, 18.56948930076110926 ) ) ;
#883 = CARTESIAN_POINT ( 'NONE',  ( -26.30141557067533853, 9.546022102605517645, 0.7099930459043436448 ) ) ;
#884 = CARTESIAN_POINT ( 'NONE',  ( 14.56956194150462025, 12.40850812755287258, -28.64506520814150292 ) ) ;
#885 = DIRECTION ( 'NONE',  ( 1.000000000000000000, 0.000000000000000000, 1.765621858500564986E-16 ) ) ;
#886 = CARTESIAN_POINT ( 'NONE',  ( -7.857957375419580615, -14.81471553032943156, -36.87487044346678289 ) ) ;
#887 = LINE ( 'NONE', #8375, #1374 ) ;
#888 = CARTESIAN_POINT ( 'NONE',  ( -24.66437940435288567, -7.541322925304385194, 9.106840257166409103 ) ) ;
#889 = ORIENTED_EDGE ( 'NONE', *, *, #1874, .T. ) ;
#890 = CARTESIAN_POINT ( 'NONE',  ( 22.62500000000000000, -8.000000000000000000, 2.749917483388374903E-15 ) ) ;
#891 = VECTOR ( 'NONE', #3023, 1000.000000000000000 ) ;
#892 = ORIENTED_EDGE ( 'NONE', *, *, #5168, .F. ) ;
#893 = CARTESIAN_POINT ( 'NONE',  ( -17.25213258404800598, -14.31366762618215382, -1.771222542060709060 ) ) ;
#894 = VECTOR ( 'NONE', #4193, 1000.000000000000000 ) ;
#895 = VERTEX_POINT ( 'NONE', #8342 ) ;
#896 = CARTESIAN_POINT ( 'NONE',  ( 1.501053854604608606, -13.39387944881518777, -34.36335210744587698 ) ) ;
#897 = CARTESIAN_POINT ( 'NONE',  ( 20.62500000000000000, 5.250000000000000000, 23.09999999999999787 ) ) ;
#898 = DIRECTION ( 'NONE',  ( 1.000000000000000000, 0.000000000000000000, 0.000000000000000000 ) ) ;
#899 = DIRECTION ( 'NONE',  ( -2.551063935260010491E-16, -5.222823368532319275E-16, -1.000000000000000000 ) ) ;
#900 = ADVANCED_FACE ( 'NONE', ( #5324 ), #4735, .F. ) ;
#901 = ORIENTED_EDGE ( 'NONE', *, *, #2468, .T. ) ;
#902 = VERTEX_POINT ( 'NONE', #2323 ) ;
#903 = ORIENTED_EDGE ( 'NONE', *, *, #8977, .F. ) ;
#904 = EDGE_LOOP ( 'NONE', ( #901, #8284, #629, #1030 ) ) ;
#905 = VECTOR ( 'NONE', #8259, 1000.000000000000000 ) ;
#906 = EDGE_LOOP ( 'NONE', ( #737, #7265, #7208, #4543 ) ) ;
#907 = B_SPLINE_CURVE_WITH_KNOTS ( 'NONE', 3,
 ( #3102, #3054, #3884, #6053 ),
 .UNSPECIFIED., .F., .F.,
 ( 4, 4 ),
 ( 0.001468777515977576090, 0.001510698092348520096 ),
 .UNSPECIFIED. ) ;
#908 = FACE_OUTER_BOUND ( 'NONE', #6771, .T. ) ;
#909 = CARTESIAN_POINT ( 'NONE',  ( 20.62500000000000000, 2.625000000000000000, 27.64663336986835063 ) ) ;
#910 = DIRECTION ( 'NONE',  ( 4.545467561349939533E-15, -6.684511119632264672E-17, -1.000000000000000000 ) ) ;
#911 = CARTESIAN_POINT ( 'NONE',  ( -22.88759967136254403, -0.8409158365778517386, 17.63418465889899878 ) ) ;
#912 = CARTESIAN_POINT ( 'NONE',  ( -22.83537769683690755, 0.6698647947950784332, 18.11238450079939710 ) ) ;
#913 = VECTOR ( 'NONE', #7163, 1000.000000000000000 ) ;
#914 = CARTESIAN_POINT ( 'NONE',  ( -10.62712255461673827, -12.09999999999999964, -35.34377173803619598 ) ) ;
#915 = EDGE_CURVE ( 'NONE', #5316, #7807, #1592, .T. ) ;
#916 = CARTESIAN_POINT ( 'NONE',  ( 2.190270945539224634, 15.33797634337834914, -25.00000000000000000 ) ) ;
#917 = ORIENTED_EDGE ( 'NONE', *, *, #6261, .T. ) ;
#918 = EDGE_CURVE ( 'NONE', #7550, #6526, #999, .T. ) ;
#919 = CIRCLE ( 'NONE', #6422, 1.049999999999998934 ) ;
#920 = EDGE_CURVE ( 'NONE', #8652, #4794, #6155, .T. ) ;
#921 = CARTESIAN_POINT ( 'NONE',  ( -25.66908090374913698, -9.368232725210454248, 5.273978125492157609 ) ) ;
#922 = CYLINDRICAL_SURFACE ( 'NONE', #2469, 1.000000000000000888 ) ;
#923 = DIRECTION ( 'NONE',  ( 0.000000000000000000, 0.000000000000000000, 1.000000000000000000 ) ) ;
#924 = EDGE_CURVE ( 'NONE', #8198, #7086, #3481, .T. ) ;
#925 = CARTESIAN_POINT ( 'NONE',  ( -1.122604028082863969, 14.52279140376062117, -14.00000000000000000 ) ) ;
#926 = EDGE_CURVE ( 'NONE', #6412, #508, #5791, .T. ) ;
#927 = CARTESIAN_POINT ( 'NONE',  ( -22.57550970603129414, -3.261516238293715286, 22.84885811091555041 ) ) ;
#928 = CARTESIAN_POINT ( 'NONE',  ( -24.62500000000000000, 8.000000000000000000, -39.30000000000000426 ) ) ;
#929 = CARTESIAN_POINT ( 'NONE',  ( -19.62500000000000000, 14.00000000000000000, -38.29999999999999716 ) ) ;
#930 = VECTOR ( 'NONE', #8902, 1000.000000000000000 ) ;
#931 = ORIENTED_EDGE ( 'NONE', *, *, #360, .F. ) ;
#932 = VECTOR ( 'NONE', #1931, 1000.000000000000000 ) ;
#933 = CIRCLE ( 'NONE', #4702, 1.049999999999998934 ) ;
#934 = CARTESIAN_POINT ( 'NONE',  ( -22.99501154836778127, 3.531393814345330728, 16.77027262779450467 ) ) ;
#935 = AXIS2_PLACEMENT_3D ( 'NONE', #2558, #1194, #7143 ) ;
#936 = DIRECTION ( 'NONE',  ( 1.000000000000000000, 0.000000000000000000, 2.881657216719180031E-16 ) ) ;
#937 = CARTESIAN_POINT ( 'NONE',  ( -11.07499999999999929, 2.625000000000000000, 27.64663336986830089 ) ) ;
#938 = CARTESIAN_POINT ( 'NONE',  ( -0.4723055998195279659, 14.72046254090969875, -14.63991416675304791 ) ) ;
#939 = LINE ( 'NONE', #3878, #7058 ) ;
#940 = DIRECTION ( 'NONE',  ( 0.000000000000000000, -1.000000000000000000, 0.000000000000000000 ) ) ;
#941 = DIRECTION ( 'NONE',  ( 0.000000000000000000, 1.000000000000000000, 0.000000000000000000 ) ) ;
#942 = FACE_OUTER_BOUND ( 'NONE', #9507, .T. ) ;
#943 = CIRCLE ( 'NONE', #2673, 1.049999999999998934 ) ;
#944 = ORIENTED_EDGE ( 'NONE', *, *, #4703, .F. ) ;
#945 = CARTESIAN_POINT ( 'NONE',  ( -26.62500000000000000, 5.250000000000000000, 22.05000000000000071 ) ) ;
#946 = ORIENTED_EDGE ( 'NONE', *, *, #9046, .F. ) ;
#947 = VECTOR ( 'NONE', #5052, 1000.000000000000000 ) ;
#948 = CIRCLE ( 'NONE', #5660, 20.00000000000000000 ) ;
#949 = DIRECTION ( 'NONE',  ( 1.000000000000000000, 2.164016633576080066E-32, 0.000000000000000000 ) ) ;
#950 = ORIENTED_EDGE ( 'NONE', *, *, #573, .T. ) ;
#951 = CARTESIAN_POINT ( 'NONE',  ( 15.95219201911913309, -12.27833061771215561, -27.79534668368956574 ) ) ;
#952 = CARTESIAN_POINT ( 'NONE',  ( -70.47777777777828589, -36.63153466595210261, 23.09999999999999787 ) ) ;
#953 = AXIS2_PLACEMENT_3D ( 'NONE', #5098, #683, #3527 ) ;
#954 = LINE ( 'NONE', #63, #6911 ) ;
#955 = DIRECTION ( 'NONE',  ( 1.000000000000000000, 0.000000000000000000, 0.000000000000000000 ) ) ;
#956 = EDGE_CURVE ( 'NONE', #8779, #3570, #82, .T. ) ;
#957 = EDGE_LOOP ( 'NONE', ( #1402, #6950, #8742, #6259, #5685, #9239 ) ) ;
#958 = ORIENTED_EDGE ( 'NONE', *, *, #4294, .F. ) ;
#959 = ORIENTED_EDGE ( 'NONE', *, *, #9601, .T. ) ;
#960 = ORIENTED_EDGE ( 'NONE', *, *, #6205, .T. ) ;
#961 = AXIS2_PLACEMENT_3D ( 'NONE', #5156, #8172, #121 ) ;
#962 = ORIENTED_EDGE ( 'NONE', *, *, #9663, .T. ) ;
#963 = DIRECTION ( 'NONE',  ( 1.000000000000000000, 0.000000000000000000, 2.881657216719180031E-16 ) ) ;
#964 = PLANE ( 'NONE',  #6883 ) ;
#965 = CYLINDRICAL_SURFACE ( 'NONE', #6460, 1.049999999999998934 ) ;
#966 = ADVANCED_FACE ( 'NONE', ( #3548 ), #7490, .T. ) ;
#967 = CARTESIAN_POINT ( 'NONE',  ( -22.86568325552717340, -0.7599584587943585268, 17.83079178414524790 ) ) ;
#968 = CARTESIAN_POINT ( 'NONE',  ( 26.62500000000000000, 2.625000000000000000, 27.64663336986835063 ) ) ;
#969 = CARTESIAN_POINT ( 'NONE',  ( 26.62500000000000000, -8.000000000000000000, 1.000000000000000000 ) ) ;
#970 = CARTESIAN_POINT ( 'NONE',  ( -6.625000000000000000, -7.400000000000000355, 3.465107877707370235E-15 ) ) ;
#971 = ORIENTED_EDGE ( 'NONE', *, *, #5305, .T. ) ;
#972 = EDGE_LOOP ( 'NONE', ( #3281, #6006 ) ) ;
#973 = ORIENTED_EDGE ( 'NONE', *, *, #8027, .F. ) ;
#974 = EDGE_CURVE ( 'NONE', #2317, #5365, #3593, .T. ) ;
#975 = CARTESIAN_POINT ( 'NONE',  ( -16.57499999999999929, 2.625000000000000000, 28.69663336986829805 ) ) ;
#976 = CARTESIAN_POINT ( 'NONE',  ( -18.21811974579579996, 13.12500000000000000, -38.26673052524024854 ) ) ;
#977 = CARTESIAN_POINT ( 'NONE',  ( -25.69650844154545410, -11.63373854912748051, -0.8779128497091529537 ) ) ;
#978 = FACE_OUTER_BOUND ( 'NONE', #4418, .T. ) ;
#979 = CARTESIAN_POINT ( 'NONE',  ( 7.675000000000000711, -2.600000000000000089, -36.29999999999999716 ) ) ;
#980 = DIRECTION ( 'NONE',  ( 0.000000000000000000, 0.000000000000000000, -1.000000000000000000 ) ) ;
#981 = FACE_OUTER_BOUND ( 'NONE', #8230, .T. ) ;
#982 = EDGE_CURVE ( 'NONE', #6557, #870, #3648, .T. ) ;
#983 = EDGE_LOOP ( 'NONE', ( #4907, #2533 ) ) ;
#984 = EDGE_CURVE ( 'NONE', #7997, #3589, #2307, .T. ) ;
#985 = CARTESIAN_POINT ( 'NONE',  ( -22.76600795183744808, 4.607349254351396972, 18.82721536887698477 ) ) ;
#986 = CARTESIAN_POINT ( 'NONE',  ( -26.62220624572227479, -9.135406343485705349, 0.3384077945537487531 ) ) ;
#987 = CARTESIAN_POINT ( 'NONE',  ( -23.00530566027709156, -3.361163434612882472, 16.69370410332928856 ) ) ;
#988 = CARTESIAN_POINT ( 'NONE',  ( 8.625000000000000000, 13.00000000000000000, 5.147263975624269829E-15 ) ) ;
#989 = LINE ( 'NONE', #2310, #5635 ) ;
#990 = CARTESIAN_POINT ( 'NONE',  ( 26.62500000000000000, -2.625000000000000000, 25.64663336986835063 ) ) ;
#991 = EDGE_CURVE ( 'NONE', #6544, #3619, #6584, .T. ) ;
#992 = CARTESIAN_POINT ( 'NONE',  ( 22.62500000000084910, -12.00000000000000000, 0.8672861625754190174 ) ) ;
#993 = CARTESIAN_POINT ( 'NONE',  ( 18.17312819401019652, 13.00000000000000000, 1.000000000000000000 ) ) ;
#994 = ORIENTED_EDGE ( 'NONE', *, *, #2181, .T. ) ;
#995 = ORIENTED_EDGE ( 'NONE', *, *, #113, .T. ) ;
#996 = CARTESIAN_POINT ( 'NONE',  ( 3.176357042979580214, -15.00000000000000000, -2.081668171172170091E-14 ) ) ;
#997 = DIRECTION ( 'NONE',  ( 1.000000000000000000, 0.000000000000000000, 0.000000000000000000 ) ) ;
#998 = CARTESIAN_POINT ( 'NONE',  ( -11.98180615804263915, -13.92184186690680647, -37.59937560380851096 ) ) ;
#999 = LINE ( 'NONE', #3159, #769 ) ;
#1000 = DIRECTION ( 'NONE',  ( 0.000000000000000000, 0.000000000000000000, -1.000000000000000000 ) ) ;
#1001 = CARTESIAN_POINT ( 'NONE',  ( -25.31427482559259445, -9.877904868879445743, 5.783650269161154434 ) ) ;
#1002 = ORIENTED_EDGE ( 'NONE', *, *, #6727, .T. ) ;
#1003 = EDGE_LOOP ( 'NONE', ( #767, #5841 ) ) ;
#1004 = ORIENTED_EDGE ( 'NONE', *, *, #8744, .T. ) ;
#1005 = VECTOR ( 'NONE', #32, 1000.000000000000000 ) ;
#1006 = EDGE_LOOP ( 'NONE', ( #8244, #4197, #7657, #2726 ) ) ;
#1007 = B_SPLINE_CURVE_WITH_KNOTS ( 'NONE', 3,
 ( #7944, #4734, #2515, #2565 ),
 .UNSPECIFIED., .F., .F.,
 ( 4, 4 ),
 ( 0.000000000000000000, 0.005000533879097869734 ),
 .UNSPECIFIED. ) ;
#1009 = DIRECTION ( 'NONE',  ( -1.000000000000000000, 0.000000000000000000, 0.000000000000000000 ) ) ;
#1008 = AXIS2_PLACEMENT_3D ( 'NONE', #1757, #7024, #341 ) ;
#1010 = CARTESIAN_POINT ( 'NONE',  ( -14.68077414864102970, -1.080402864306533983, -37.97027107897717002 ) ) ;
#1011 = CARTESIAN_POINT ( 'NONE',  ( -22.61676944294265112, 5.250000000000000000, 21.10000000000000142 ) ) ;
#1012 = CARTESIAN_POINT ( 'NONE',  ( 7.829014785873201987, 14.35103545560361304, -14.81028718545302780 ) ) ;
#1013 = CARTESIAN_POINT ( 'NONE',  ( -10.43261184457519875, 10.09999999999999964, -16.19238815542514942 ) ) ;
#1014 = DIRECTION ( 'NONE',  ( 1.000000000000000000, 0.000000000000000000, 2.881657216719184962E-16 ) ) ;
#1015 = CARTESIAN_POINT ( 'NONE',  ( 8.233378993336845753, 14.88432606149679849, -14.99999999999999822 ) ) ;
#1016 = ORIENTED_EDGE ( 'NONE', *, *, #7311, .F. ) ;
#1017 = EDGE_LOOP ( 'NONE', ( #1987, #6595, #9335, #5572 ) ) ;
#1018 = ORIENTED_EDGE ( 'NONE', *, *, #2187, .T. ) ;
#1019 = EDGE_CURVE ( 'NONE', #5583, #2183, #4376, .T. ) ;
#1020 = CIRCLE ( 'NONE', #9191, 4.000000000000000000 ) ;
#1021 = LINE ( 'NONE', #9242, #7136 ) ;
#1022 = CARTESIAN_POINT ( 'NONE',  ( -23.16053390593259920, 10.09999999999999964, -9.849999999999999645 ) ) ;
#1023 = AXIS2_PLACEMENT_3D ( 'NONE', #8148, #3513, #4988 ) ;
#1024 = CARTESIAN_POINT ( 'NONE',  ( -21.17556862445265153, 11.00000000000000000, 2.602085213965209853E-15 ) ) ;
#1025 = DIRECTION ( 'NONE',  ( 0.000000000000000000, 0.000000000000000000, -1.000000000000000000 ) ) ;
#1026 = CARTESIAN_POINT ( 'NONE',  ( 24.84746962085980115, 11.32575236365476101, 1.000000000000000000 ) ) ;
#1027 = CARTESIAN_POINT ( 'NONE',  ( 2.932835468181857586, 14.29082192999177003, -32.85294760505113487 ) ) ;
#1028 = CYLINDRICAL_SURFACE ( 'NONE', #8406, 0.8500000000000000888 ) ;
#1029 = ORIENTED_EDGE ( 'NONE', *, *, #5708, .T. ) ;
#1030 = ORIENTED_EDGE ( 'NONE', *, *, #3501, .T. ) ;
#1031 = CARTESIAN_POINT ( 'NONE',  ( -13.57500000000000107, -8.103426060940028819, 9.770281504007400031 ) ) ;
#1032 = DIRECTION ( 'NONE',  ( -1.000000000000000000, 0.000000000000000000, 0.000000000000000000 ) ) ;
#1033 = CARTESIAN_POINT ( 'NONE',  ( -8.885217428856989841, -14.16799923439410058, -38.29999999999999716 ) ) ;
#1034 = CARTESIAN_POINT ( 'NONE',  ( -22.57500000000000284, -5.250000000000000000, 23.09999999999999787 ) ) ;
#1035 = FACE_OUTER_BOUND ( 'NONE', #7179, .T. ) ;
#1036 = EDGE_CURVE ( 'NONE', #7877, #1784, #463, .T. ) ;
#1037 = CARTESIAN_POINT ( 'NONE',  ( -20.55999399519519955, 15.00000000000000000, -41.79999999999999716 ) ) ;
#1038 = DIRECTION ( 'NONE',  ( 0.000000000000000000, -1.000000000000000000, -2.312964634635740294E-15 ) ) ;
#1039 = CARTESIAN_POINT ( 'NONE',  ( -23.16053390593269867, 10.09999999999999964, -20.00000000000000000 ) ) ;
#1040 = CARTESIAN_POINT ( 'NONE',  ( -26.62500000000000000, -2.625000000000000000, 18.55336663013169840 ) ) ;
#1041 = ORIENTED_EDGE ( 'NONE', *, *, #8693, .T. ) ;
#1042 = CARTESIAN_POINT ( 'NONE',  ( 3.024999999999999911, 10.09999999999999964, -9.849999999999999645 ) ) ;
#1043 = ADVANCED_FACE ( 'NONE', ( #3096 ), #6942, .F. ) ;
#1044 = EDGE_LOOP ( 'NONE', ( #9496, #3167, #7123, #5330 ) ) ;
#1045 = ADVANCED_FACE ( 'NONE', ( #6048 ), #7730, .F. ) ;
#1046 = CARTESIAN_POINT ( 'NONE',  ( 22.62500000000000000, 13.00000000000000000, 5.204170427930419706E-15 ) ) ;
#1047 = FACE_OUTER_BOUND ( 'NONE', #9531, .T. ) ;
#1048 = CARTESIAN_POINT ( 'NONE',  ( 9.606241215922787902, -12.65771126943503688, 0.06040500798543887301 ) ) ;
#1049 = ADVANCED_FACE ( 'NONE', ( #5355 ), #839, .F. ) ;
#1050 = CARTESIAN_POINT ( 'NONE',  ( 17.73267506238262570, -13.04680467426783252, -25.42165349919618222 ) ) ;
#1051 = VECTOR ( 'NONE', #8585, 1000.000000000000000 ) ;
#1052 = CARTESIAN_POINT ( 'NONE',  ( 26.62500000000000000, -11.12083830894679970, -12.66225273979740074 ) ) ;
#1053 = CARTESIAN_POINT ( 'NONE',  ( -24.62500000000000000, 8.000000000000000000, -37.79999999999999716 ) ) ;
#1054 = VERTEX_POINT ( 'NONE', #7674 ) ;
#1055 = EDGE_CURVE ( 'NONE', #5644, #8918, #8372, .T. ) ;
#1056 = ORIENTED_EDGE ( 'NONE', *, *, #1437, .T. ) ;
#1057 = VERTEX_POINT ( 'NONE', #9108 ) ;
#1058 = EDGE_LOOP ( 'NONE', ( #2094, #4029 ) ) ;
#1059 = VECTOR ( 'NONE', #3009, 1000.000000000000000 ) ;
#1060 = VERTEX_POINT ( 'NONE', #5448 ) ;
#1061 = LINE ( 'NONE', #1897, #1713 ) ;
#1062 = CARTESIAN_POINT ( 'NONE',  ( 5.029014785873200388, 19.28421494571415096, -15.00000000000000000 ) ) ;
#1063 = CARTESIAN_POINT ( 'NONE',  ( -19.62500000000000000, -15.00000000000000000, -7.000000000000000000 ) ) ;
#1064 = CARTESIAN_POINT ( 'NONE',  ( -0.8566166842779916468, 14.54464901617535944, -25.73495956204342860 ) ) ;
#1065 = PLANE ( 'NONE',  #5799 ) ;
#1066 = DIRECTION ( 'NONE',  ( 0.000000000000000000, 0.000000000000000000, -1.000000000000000000 ) ) ;
#1067 = LINE ( 'NONE', #8597, #5483 ) ;
#1068 = VECTOR ( 'NONE', #4757, 1000.000000000000000 ) ;
#1069 = EDGE_LOOP ( 'NONE', ( #5141, #4390 ) ) ;
#1070 = VERTEX_POINT ( 'NONE', #2264 ) ;
#1071 = VERTEX_POINT ( 'NONE', #1528 ) ;
#1072 = VECTOR ( 'NONE', #5618, 1000.000000000000000 ) ;
#1073 = AXIS2_PLACEMENT_3D ( 'NONE', #5710, #9379, #6304 ) ;
#1074 = CARTESIAN_POINT ( 'NONE',  ( 22.79576562226985814, -12.00192119395116386, 0.2936487645689449533 ) ) ;
#1075 = CARTESIAN_POINT ( 'NONE',  ( -15.68237869130543949, 14.98895488143579335, 5.199659100846635316E-11 ) ) ;
#1076 = DIRECTION ( 'NONE',  ( 0.000000000000000000, 0.000000000000000000, -1.000000000000000000 ) ) ;
#1077 = CARTESIAN_POINT ( 'NONE',  ( 24.15746495181249998, 11.69997307742939974, 0.9376401327079080250 ) ) ;
#1078 = CARTESIAN_POINT ( 'NONE',  ( 0.9763590948111924295, 14.40810847857325072, -33.50030337048805507 ) ) ;
#1079 = CARTESIAN_POINT ( 'NONE',  ( 20.62500000000000000, -2.625000000000000000, 27.64663336986835063 ) ) ;
#1080 = ORIENTED_EDGE ( 'NONE', *, *, #7904, .T. ) ;
#1081 = AXIS2_PLACEMENT_3D ( 'NONE', #7976, #8118, #647 ) ;
#1082 = VERTEX_POINT ( 'NONE', #4617 ) ;
#1083 = EDGE_CURVE ( 'NONE', #266, #7157, #1551, .T. ) ;
#1084 = LINE ( 'NONE', #2749, #6772 ) ;
#1085 = CARTESIAN_POINT ( 'NONE',  ( 0.6843457781373819548, 14.42956196939671898, -14.00000000000000000 ) ) ;
#1086 = CARTESIAN_POINT ( 'NONE',  ( -22.88097141685277691, -4.431173978625095877, 17.69422503967332005 ) ) ;
#1087 = CARTESIAN_POINT ( 'NONE',  ( -13.25037662283109441, -14.94351355289091998, -8.219719144795117671 ) ) ;
#1088 = DIRECTION ( 'NONE',  ( 0.000000000000000000, 0.000000000000000000, -1.000000000000000000 ) ) ;
#1089 = VECTOR ( 'NONE', #8716, 1000.000000000000000 ) ;
#1090 = CARTESIAN_POINT ( 'NONE',  ( -13.57500000000000107, 10.09999999999999787, -1.055010320443528387E-14 ) ) ;
#1091 = EDGE_CURVE ( 'NONE', #7418, #5316, #939, .T. ) ;
#1092 = CARTESIAN_POINT ( 'NONE',  ( -14.53289302001719996, 2.600000000000149747, -29.30000000000000071 ) ) ;
#1093 = CARTESIAN_POINT ( 'NONE',  ( 7.675000000000000711, -7.100000000000000533, -36.29999999999999716 ) ) ;
#1094 = DIRECTION ( 'NONE',  ( 0.000000000000000000, 0.000000000000000000, 1.000000000000000000 ) ) ;
#1095 = ORIENTED_EDGE ( 'NONE', *, *, #7370, .F. ) ;
#1096 = DIRECTION ( 'NONE',  ( 1.000000000000000000, 0.000000000000000000, 2.881657216719180031E-16 ) ) ;
#1097 = ORIENTED_EDGE ( 'NONE', *, *, #6012, .F. ) ;
#1098 = AXIS2_PLACEMENT_3D ( 'NONE', #9192, #8363, #7571 ) ;
#1099 = LINE ( 'NONE', #8724, #7698 ) ;
#1100 = DIRECTION ( 'NONE',  ( 0.000000000000000000, 0.000000000000000000, -1.000000000000000000 ) ) ;
#1101 = EDGE_CURVE ( 'NONE', #6112, #7807, #7, .T. ) ;
#1102 = CARTESIAN_POINT ( 'NONE',  ( -5.309565723210740273, -13.72302519169152646, -36.27335407808234180 ) ) ;
#1103 = AXIS2_PLACEMENT_3D ( 'NONE', #5827, #5187, #6618 ) ;
#1104 = CIRCLE ( 'NONE', #6431, 1.049999999999998934 ) ;
#1105 = CARTESIAN_POINT ( 'NONE',  ( 19.35111776154652219, -12.87284680253220159, -24.12102242357158488 ) ) ;
#1106 = CARTESIAN_POINT ( 'NONE',  ( -24.08416730868039934, -7.100000000000000533, -36.29999999999999716 ) ) ;
#1107 = CYLINDRICAL_SURFACE ( 'NONE', #5776, 1.834999999999999742 ) ;
#1108 = ORIENTED_EDGE ( 'NONE', *, *, #6571, .F. ) ;
#1109 = VECTOR ( 'NONE', #8238, 1000.000000000000000 ) ;
#1110 = VERTEX_POINT ( 'NONE', #3007 ) ;
#1111 = ORIENTED_EDGE ( 'NONE', *, *, #4954, .F. ) ;
#1112 = ORIENTED_EDGE ( 'NONE', *, *, #7915, .F. ) ;
#1113 = AXIS2_PLACEMENT_3D ( 'NONE', #3342, #4822, #7191 ) ;
#1114 = EDGE_CURVE ( 'NONE', #5821, #1071, #5264, .T. ) ;
#1115 = VECTOR ( 'NONE', #949, 1000.000000000000000 ) ;
#1116 = EDGE_CURVE ( 'NONE', #5381, #4104, #5164, .T. ) ;
#1117 = ORIENTED_EDGE ( 'NONE', *, *, #5670, .F. ) ;
#1118 = LINE ( 'NONE', #1161, #7542 ) ;
#1119 = CARTESIAN_POINT ( 'NONE',  ( -22.62256308275784633, 12.68377223398315934, -1.227924077994377861 ) ) ;
#1120 = CARTESIAN_POINT ( 'NONE',  ( 26.62500000000000000, 2.625000000000000000, 29.64663336986835063 ) ) ;
#1121 = PLANE ( 'NONE',  #5931 ) ;
#1122 = CARTESIAN_POINT ( 'NONE',  ( -22.57500000000000284, 5.250000000000000000, 23.09999999999999787 ) ) ;
#1123 = LINE ( 'NONE', #7263, #3827 ) ;
#1124 = CARTESIAN_POINT ( 'NONE',  ( 26.04570183287280116, -11.18912853754554426, -16.23229516159096519 ) ) ;
#1125 = ORIENTED_EDGE ( 'NONE', *, *, #6566, .F. ) ;
#1126 = VERTEX_POINT ( 'NONE', #2448 ) ;
#1127 = ORIENTED_EDGE ( 'NONE', *, *, #6458, .T. ) ;
#1128 = CARTESIAN_POINT ( 'NONE',  ( -10.17224623924378335, -14.87568846737826789, 2.602085213965210247E-15 ) ) ;
#1129 = CARTESIAN_POINT ( 'NONE',  ( 24.57340646212834301, -11.49952854635214372, 0.1593877136066512989 ) ) ;
#1130 = CARTESIAN_POINT ( 'NONE',  ( -13.57500000000000107, -10.59999999999999964, 8.605745400281710644 ) ) ;
#1131 = CARTESIAN_POINT ( 'NONE',  ( -0.07098521412679610620, 19.28421494571415096, -15.00000000000000000 ) ) ;
#1132 = CARTESIAN_POINT ( 'NONE',  ( 13.96112190897482641, 13.42237439239401375, -27.89813601785897035 ) ) ;
#1133 = CARTESIAN_POINT ( 'NONE',  ( -13.57500000000000107, -12.00000000000000000, -0.2792407799438634264 ) ) ;
#1134 = ORIENTED_EDGE ( 'NONE', *, *, #7234, .F. ) ;
#1135 = ORIENTED_EDGE ( 'NONE', *, *, #5305, .F. ) ;
#1136 = CARTESIAN_POINT ( 'NONE',  ( -5.609770168984700156, 12.09999999999999964, -34.36516802601585141 ) ) ;
#1137 = CARTESIAN_POINT ( 'NONE',  ( -26.61585102698529681, -8.807812096468090601, 0.6049638488081670040 ) ) ;
#1138 = DIRECTION ( 'NONE',  ( -2.881657216719180031E-16, 0.000000000000000000, 1.000000000000000000 ) ) ;
#1139 = CARTESIAN_POINT ( 'NONE',  ( -11.97677591855575763, -14.91869448095513739, -9.578126805025814150 ) ) ;
#1140 = CARTESIAN_POINT ( 'NONE',  ( -13.57500000000000107, 0.000000000000000000, 23.09999999999999787 ) ) ;
#1141 = DIRECTION ( 'NONE',  ( 1.000000000000000000, 0.000000000000000000, 0.000000000000000000 ) ) ;
#1142 = CARTESIAN_POINT ( 'NONE',  ( 15.12500000000000000, -2.625000000000000000, 17.50336663013170124 ) ) ;
#1143 = DIRECTION ( 'NONE',  ( 0.000000000000000000, -8.673617379884035472E-17, 1.000000000000000000 ) ) ;
#1144 = CARTESIAN_POINT ( 'NONE',  ( 17.62500000000000000, 12.00000000000000000, 23.09999999999999787 ) ) ;
#1145 = ORIENTED_EDGE ( 'NONE', *, *, #3362, .T. ) ;
#1146 = CARTESIAN_POINT ( 'NONE',  ( 21.83654301190304992, 12.59234992599510150, -2.532002953969115301E-12 ) ) ;
#1147 = EDGE_CURVE ( 'NONE', #8779, #6645, #989, .T. ) ;
#1148 = DIRECTION ( 'NONE',  ( -1.000000000000000000, 0.000000000000000000, -3.469446951953614189E-16 ) ) ;
#1149 = CARTESIAN_POINT ( 'NONE',  ( -10.43261184457493940, 14.88244887111398107, -29.19238815542515297 ) ) ;
#1150 = CARTESIAN_POINT ( 'NONE',  ( 7.675000000000000711, -10.09999999999999964, -20.00000000000000000 ) ) ;
#1151 = CARTESIAN_POINT ( 'NONE',  ( 7.430283611501788066, -13.97772157205036336, -31.12777158772398778 ) ) ;
#1152 = DIRECTION ( 'NONE',  ( -1.000000000000000000, 8.381007514813920223E-33, 0.000000000000000000 ) ) ;
#1153 = CYLINDRICAL_SURFACE ( 'NONE', #4190, 0.9999999999999991118 ) ;
#1154 = ORIENTED_EDGE ( 'NONE', *, *, #8064, .F. ) ;
#1155 = ORIENTED_EDGE ( 'NONE', *, *, #3506, .T. ) ;
#1156 = EDGE_CURVE ( 'NONE', #9128, #6479, #6142, .T. ) ;
#1157 = ORIENTED_EDGE ( 'NONE', *, *, #926, .F. ) ;
#1158 = EDGE_CURVE ( 'NONE', #8935, #7402, #919, .T. ) ;
#1159 = VERTEX_POINT ( 'NONE', #3786 ) ;
#1160 = ORIENTED_EDGE ( 'NONE', *, *, #4898, .T. ) ;
#1161 = CARTESIAN_POINT ( 'NONE',  ( -26.62500000000000000, 2.625000000000000000, 19.60336663013169911 ) ) ;
#1162 = CARTESIAN_POINT ( 'NONE',  ( 17.62500000000000000, 0.000000000000000000, 16.10000000000000142 ) ) ;
#1163 = B_SPLINE_CURVE_WITH_KNOTS ( 'NONE', 3,
 ( #585, #3430, #4265, #9502, #2005, #637, #7921 ),
 .UNSPECIFIED., .F., .F.,
 ( 4, 3, 4 ),
 ( 0.000000000000000000, 0.002124444364121094893, 0.003960483961858090457 ),
 .UNSPECIFIED. ) ;
#1164 = DIRECTION ( 'NONE',  ( 0.000000000000000000, 0.000000000000000000, 1.000000000000000000 ) ) ;
#1165 = CARTESIAN_POINT ( 'NONE',  ( -0.2711023465596771320, 14.92072227832921705, -25.16930610471608531 ) ) ;
#1166 = CARTESIAN_POINT ( 'NONE',  ( -13.57500000000000107, -7.400000000000000355, 6.640297038308739630 ) ) ;
#1167 = ADVANCED_FACE ( 'NONE', ( #6795 ), #50, .T. ) ;
#1168 = CARTESIAN_POINT ( 'NONE',  ( 5.297386856978960168, -2.602085213965209853E-15, -37.10000000000000142 ) ) ;
#1169 = ORIENTED_EDGE ( 'NONE', *, *, #5522, .F. ) ;
#1170 = ORIENTED_EDGE ( 'NONE', *, *, #2099, .F. ) ;
#1171 = VERTEX_POINT ( 'NONE', #3831 ) ;
#1172 = EDGE_CURVE ( 'NONE', #4448, #2651, #6838, .T. ) ;
#1173 = EDGE_CURVE ( 'NONE', #8297, #7558, #6238, .T. ) ;
#1174 = CIRCLE ( 'NONE', #5873, 1.049999999999998934 ) ;
#1175 = AXIS2_PLACEMENT_3D ( 'NONE', #1040, #6452, #3398 ) ;
#1176 = DIRECTION ( 'NONE',  ( 1.079438565345102177E-14, 5.222823368532319275E-16, 1.000000000000000000 ) ) ;
#1177 = CARTESIAN_POINT ( 'NONE',  ( 23.40491147473619904, -11.92809943218401969, 0.8512532158584399378 ) ) ;
#1178 = CARTESIAN_POINT ( 'NONE',  ( -25.05217333776665356, -12.05932126526990089, -1.019773755089961931 ) ) ;
#1179 = DIRECTION ( 'NONE',  ( -1.000000000000000000, 0.000000000000000000, 0.000000000000000000 ) ) ;
#1180 = CARTESIAN_POINT ( 'NONE',  ( -22.61001811384845084, -4.446213918512176733, 21.26856124305647100 ) ) ;
#1181 = CARTESIAN_POINT ( 'NONE',  ( 6.463219038280033857, 14.05120078231374947, -31.53648389801500684 ) ) ;
#1183 = VECTOR ( 'NONE', #6721, 1000.000000000000000 ) ;
#1182 = DIRECTION ( 'NONE',  ( 0.000000000000000000, -1.000000000000000000, 0.000000000000000000 ) ) ;
#1184 = ORIENTED_EDGE ( 'NONE', *, *, #7119, .T. ) ;
#1185 = EDGE_LOOP ( 'NONE', ( #6019, #5620 ) ) ;
#1186 = VECTOR ( 'NONE', #2037, 1000.000000000000114 ) ;
#1187 = CARTESIAN_POINT ( 'NONE',  ( 25.75185937549460036, 12.11275902115984060, 0.000000000000000000 ) ) ;
#1188 = CARTESIAN_POINT ( 'NONE',  ( 0.7410227657034920146, 15.42796785373120017, -15.00000000000000000 ) ) ;
#1189 = CARTESIAN_POINT ( 'NONE',  ( -22.79202669408871529, -4.624985235164962738, 18.54530439086978788 ) ) ;
#1190 = CARTESIAN_POINT ( 'NONE',  ( -13.98478843706221220, 5.338012971111491645, -37.88508951513231438 ) ) ;
#1191 = DIRECTION ( 'NONE',  ( 0.000000000000000000, 0.000000000000000000, -1.000000000000000000 ) ) ;
#1192 = LINE ( 'NONE', #6296, #1572 ) ;
#1193 = CARTESIAN_POINT ( 'NONE',  ( -26.62500000000000000, 10.09999999999999964, -9.849999999999999645 ) ) ;
#1194 = DIRECTION ( 'NONE',  ( 1.000000000000000000, 0.000000000000000000, 2.881657216719180031E-16 ) ) ;
#1195 = FACE_OUTER_BOUND ( 'NONE', #1596, .T. ) ;
#1196 = EDGE_CURVE ( 'NONE', #895, #2648, #1408, .T. ) ;
#1197 = ORIENTED_EDGE ( 'NONE', *, *, #7726, .T. ) ;
#1198 = CARTESIAN_POINT ( 'NONE',  ( -23.81394430696030184, -10.59999999999999964, 8.605745400281710644 ) ) ;
#1199 = CARTESIAN_POINT ( 'NONE',  ( -23.68988283501795067, -11.86459062398954067, -0.2192963671902344869 ) ) ;
#1200 = LINE ( 'NONE', #3455, #4516 ) ;
#1201 = CARTESIAN_POINT ( 'NONE',  ( -19.62500000000000000, -14.00000000000000000, -38.29999999999999716 ) ) ;
#1202 = CARTESIAN_POINT ( 'NONE',  ( -13.70955656658599864, -14.95157066352796704, -36.84373256621660175 ) ) ;
#1203 = CARTESIAN_POINT ( 'NONE',  ( -23.16053390593274841, -10.09999999999999964, -23.53553390593269867 ) ) ;
#1204 = DIRECTION ( 'NONE',  ( 0.7071067811865675568, 0.000000000000000000, 0.7071067811865274777 ) ) ;
#1205 = ORIENTED_EDGE ( 'NONE', *, *, #2072, .F. ) ;
#1206 = ORIENTED_EDGE ( 'NONE', *, *, #8782, .F. ) ;
#1207 = ORIENTED_EDGE ( 'NONE', *, *, #7757, .T. ) ;
#1208 = ORIENTED_EDGE ( 'NONE', *, *, #9595, .F. ) ;
#1209 = VERTEX_POINT ( 'NONE', #3441 ) ;
#1210 = EDGE_CURVE ( 'NONE', #5470, #8487, #9740, .T. ) ;
#1211 = CARTESIAN_POINT ( 'NONE',  ( -26.62500000000000000, -5.250000000000000000, 23.09999999999999787 ) ) ;
#1212 = CARTESIAN_POINT ( 'NONE',  ( -16.56062007662924884, -15.00000000000000000, -10.06437992337085952 ) ) ;
#1213 = CARTESIAN_POINT ( 'NONE',  ( 20.62500000000000000, -5.250000000000000000, 23.09999999999999787 ) ) ;
#1214 = CARTESIAN_POINT ( 'NONE',  ( -0.2059883804507892380, 15.01958571559220879, -25.10968279833927497 ) ) ;
#1215 = ORIENTED_EDGE ( 'NONE', *, *, #4416, .F. ) ;
#1216 = EDGE_LOOP ( 'NONE', ( #9079, #720, #5716, #1215 ) ) ;
#1217 = ORIENTED_EDGE ( 'NONE', *, *, #3840, .T. ) ;
#1218 = VECTOR ( 'NONE', #517, 1000.000000000000000 ) ;
#1219 = CARTESIAN_POINT ( 'NONE',  ( -19.81532436575339418, -15.00011440415859632, -2.928115160658741478E-13 ) ) ;
#1220 = TOROIDAL_SURFACE ( 'NONE', #6714, 51.90277777777829726, 4.000000000000000000 ) ;
#1221 = EDGE_CURVE ( 'NONE', #443, #2704, #2668, .T. ) ;
#1222 = CARTESIAN_POINT ( 'NONE',  ( -13.57500000000000107, 0.000000000000000000, 23.09999999999999787 ) ) ;
#1223 = CYLINDRICAL_SURFACE ( 'NONE', #9105, 1.999999999999998224 ) ;
#1224 = FACE_OUTER_BOUND ( 'NONE', #569, .T. ) ;
#1225 = ADVANCED_FACE ( 'NONE', ( #247 ), #2656, .F. ) ;
#1226 = CARTESIAN_POINT ( 'NONE',  ( 23.01142029580283932, 11.98688587400494576, 0.2950697837696610315 ) ) ;
#1227 = CARTESIAN_POINT ( 'NONE',  ( 7.530184324285794872, 13.97013570197238508, -31.08558204855434681 ) ) ;
#1228 = CARTESIAN_POINT ( 'NONE',  ( 12.99412754921972102, 13.51224520664371909, -14.14412488079179475 ) ) ;
#1229 = CIRCLE ( 'NONE', #7200, 1.000000000000000444 ) ;
#1230 = ORIENTED_EDGE ( 'NONE', *, *, #5293, .T. ) ;
#1231 = EDGE_CURVE ( 'NONE', #469, #3792, #3238, .T. ) ;
#1232 = CARTESIAN_POINT ( 'NONE',  ( -18.57500000000000284, 8.000000000000000000, 23.09999999999999787 ) ) ;
#1233 = EDGE_CURVE ( 'NONE', #6314, #9121, #7379, .T. ) ;
#1234 = ADVANCED_FACE ( 'NONE', ( #1035 ), #6295, .T. ) ;
#1235 = CARTESIAN_POINT ( 'NONE',  ( -19.31083502193769874, 13.99987239901617997, -38.29817666897894668 ) ) ;
#1236 = CARTESIAN_POINT ( 'NONE',  ( 11.44533923317394120, 14.65904712452370084, -15.00000000000000000 ) ) ;
#1237 = CARTESIAN_POINT ( 'NONE',  ( -21.95833333333332149, 15.00000000000000000, -3.999999999999948042 ) ) ;
#1238 = CARTESIAN_POINT ( 'NONE',  ( -22.57500000000000284, 7.250000000000000000, 23.09999999999999787 ) ) ;
#1239 = DIRECTION ( 'NONE',  ( 0.000000000000000000, 1.000000000000000000, 0.000000000000000000 ) ) ;
#1240 = CARTESIAN_POINT ( 'NONE',  ( 17.33669298944196768, -4.868544534070688101, -26.86292208795088854 ) ) ;
#1241 = CARTESIAN_POINT ( 'NONE',  ( -22.57500000000000284, 5.250000000000000000, 23.09999999999999787 ) ) ;
#1242 = LINE ( 'NONE', #9474, #7786 ) ;
#1243 = ORIENTED_EDGE ( 'NONE', *, *, #7720, .T. ) ;
#1244 = CARTESIAN_POINT ( 'NONE',  ( 19.07834413630580173, 11.96470903640163996, -25.56339594561485029 ) ) ;
#1245 = CIRCLE ( 'NONE', #7372, 1.834999999999999742 ) ;
#1246 = B_SPLINE_CURVE_WITH_KNOTS ( 'NONE', 2,
 ( #6542, #8763, #2018 ),
 .UNSPECIFIED., .F., .F.,
 ( 3, 3 ),
 ( 0.01897316060473875146, 0.02655088381029650085 ),
 .UNSPECIFIED. ) ;
#1247 = CARTESIAN_POINT ( 'NONE',  ( 25.75185937550014970, -12.11275902115914072, 0.000000000000000000 ) ) ;
#1248 = AXIS2_PLACEMENT_3D ( 'NONE', #8572, #7827, #1088 ) ;
#1249 = CARTESIAN_POINT ( 'NONE',  ( -25.68100743404485087, 10.59159834352325902, 0.2958721078051985143 ) ) ;
#1250 = CARTESIAN_POINT ( 'NONE',  ( 7.802690964278618857, 12.97620435182550125, -32.02441002573452522 ) ) ;
#1251 = CARTESIAN_POINT ( 'NONE',  ( 8.627434920550566488, -13.88677232105001380, -30.62190399861589896 ) ) ;
#1252 = CARTESIAN_POINT ( 'NONE',  ( 23.35689038437744713, -12.41102643363989877, -19.73160167710975088 ) ) ;
#1253 = CARTESIAN_POINT ( 'NONE',  ( 12.22901478587320057, 14.52495372921550043, -14.99863903218071925 ) ) ;
#1254 = ORIENTED_EDGE ( 'NONE', *, *, #6072, .T. ) ;
#1255 = ORIENTED_EDGE ( 'NONE', *, *, #2106, .T. ) ;
#1256 = ORIENTED_EDGE ( 'NONE', *, *, #4388, .T. ) ;
#1257 = VECTOR ( 'NONE', #771, 1000.000000000000000 ) ;
#1258 = VECTOR ( 'NONE', #4091, 1000.000000000000000 ) ;
#1259 = ORIENTED_EDGE ( 'NONE', *, *, #1147, .T. ) ;
#1260 = B_SPLINE_CURVE_WITH_KNOTS ( 'NONE', 3,
 ( #7881, #3438, #4176, #986, #2653, #8671, #4722, #1137, #7928, #7187, #8465, #451, #7727, #3973 ),
 .UNSPECIFIED., .F., .F.,
 ( 4, 2, 1, 1, 1, 1, 2, 2, 4 ),
 ( 0.000000000000000000, 0.2499999999999966693, 0.3749999999999960032, 0.4374999999999965583, 0.4687499999999977240, 0.4843749999999975020, 0.4921874999999965583, 0.4999999999999956701, 1.000000000000000000 ),
 .UNSPECIFIED. ) ;
#1261 = VECTOR ( 'NONE', #1744, 1000.000000000000000 ) ;
#1262 = ORIENTED_EDGE ( 'NONE', *, *, #3497, .F. ) ;
#1263 = DIRECTION ( 'NONE',  ( 1.000000000000000000, 0.000000000000000000, 0.000000000000000000 ) ) ;
#1264 = DIRECTION ( 'NONE',  ( -0.7071067811865275887, 3.693093820828872252E-16, 0.7071067811865675568 ) ) ;
#1265 = CARTESIAN_POINT ( 'NONE',  ( -13.57499999999999218, -14.71292491201034203, -2.631490890857477893 ) ) ;
#1266 = VECTOR ( 'NONE', #9705, 1000.000000000000000 ) ;
#1267 = CARTESIAN_POINT ( 'NONE',  ( -24.39672611966562954, -11.58701509922790862, -0.1045291744304767678 ) ) ;
#1268 = CARTESIAN_POINT ( 'NONE',  ( -10.37500000000000000, -17.54325025195879917, -10.00000000000000000 ) ) ;
#1269 = ORIENTED_EDGE ( 'NONE', *, *, #9595, .T. ) ;
#1270 = ORIENTED_EDGE ( 'NONE', *, *, #4987, .F. ) ;
#1271 = VECTOR ( 'NONE', #940, 1000.000000000000000 ) ;
#1272 = CIRCLE ( 'NONE', #2686, 2.000000000000001776 ) ;
#1273 = EDGE_CURVE ( 'NONE', #2141, #7402, #7190, .T. ) ;
#1274 = AXIS2_PLACEMENT_3D ( 'NONE', #5385, #2348, #692 ) ;
#1275 = LINE ( 'NONE', #3523, #3674 ) ;
#1276 = DIRECTION ( 'NONE',  ( 0.000000000000000000, -1.000000000000000000, 0.000000000000000000 ) ) ;
#1277 = CARTESIAN_POINT ( 'NONE',  ( -23.01750236873447975, 2.174337871557710411, 16.60369739277349765 ) ) ;
#1278 = VECTOR ( 'NONE', #9700, 1000.000000000000000 ) ;
#1279 = CARTESIAN_POINT ( 'NONE',  ( 17.62500000000000000, 7.000000000000000000, 13.50000000000000000 ) ) ;
#1280 = CARTESIAN_POINT ( 'NONE',  ( 12.25962729638926874, 14.24776947160857610, -25.05657992515541110 ) ) ;
#1281 = CARTESIAN_POINT ( 'NONE',  ( 12.57930829329121281, 13.73298425242717435, -14.57787623868700777 ) ) ;
#1282 = EDGE_CURVE ( 'NONE', #870, #6312, #6889, .T. ) ;
#1283 = VERTEX_POINT ( 'NONE', #3639 ) ;
#1284 = CARTESIAN_POINT ( 'NONE',  ( -13.57500000000001350, -14.94911571498207792, -18.76190000000001135 ) ) ;
#1285 = CARTESIAN_POINT ( 'NONE',  ( -23.16053390593259920, -10.09999999999999964, -10.53553390593270045 ) ) ;
#1286 = CARTESIAN_POINT ( 'NONE',  ( 20.62500000000000000, -2.625000000000000000, 19.60336663013169911 ) ) ;
#1287 = CARTESIAN_POINT ( 'NONE',  ( -13.64533478135169986, 6.416734307430957074, -37.84062731731623330 ) ) ;
#1288 = DIRECTION ( 'NONE',  ( 0.000000000000000000, -1.000000000000000000, 0.000000000000000000 ) ) ;
#1289 = CARTESIAN_POINT ( 'NONE',  ( -26.62500000000000000, -15.00000000000000000, -39.30000000000000426 ) ) ;
#1290 = CARTESIAN_POINT ( 'NONE',  ( 3.176357042976834855, 15.00000000000000000, -2.775557561562889773E-14 ) ) ;
#1291 = CARTESIAN_POINT ( 'NONE',  ( 20.62500000000000000, -5.250000000000000000, 24.15000000000000213 ) ) ;
#1292 = ORIENTED_EDGE ( 'NONE', *, *, #4513, .T. ) ;
#1293 = DIRECTION ( 'NONE',  ( 0.000000000000000000, 0.000000000000000000, -1.000000000000000000 ) ) ;
#1294 = EDGE_CURVE ( 'NONE', #2215, #7645, #6735, .T. ) ;
#1295 = ADVANCED_FACE ( 'NONE', ( #9513 ), #4275, .F. ) ;
#1296 = ADVANCED_FACE ( 'NONE', ( #6641 ), #2853, .F. ) ;
#1297 = DIRECTION ( 'NONE',  ( 0.000000000000000000, -6.684511119632264672E-17, -1.000000000000000000 ) ) ;
#1298 = CARTESIAN_POINT ( 'NONE',  ( -24.28285785194985280, 12.41242485622011849, -1.137474952073369794 ) ) ;
#1299 = CARTESIAN_POINT ( 'NONE',  ( 10.40399389228249660, -12.39958953688343612, 0.2002120117342676142 ) ) ;
#1300 = CARTESIAN_POINT ( 'NONE',  ( 20.41767632831802715, -12.75567115932680018, -23.19901644799001872 ) ) ;
#1301 = CARTESIAN_POINT ( 'NONE',  ( 21.15895374884724944, -12.67084426529505947, -22.46341433840679969 ) ) ;
#1302 = CIRCLE ( 'NONE', #1755, 4.000000000000000000 ) ;
#1303 = LINE ( 'NONE', #8729, #5140 ) ;
#1304 = ORIENTED_EDGE ( 'NONE', *, *, #8504, .F. ) ;
#1305 = CARTESIAN_POINT ( 'NONE',  ( 26.62499999999998934, -8.712089384817691240, 0.6507327274796091965 ) ) ;
#1306 = ORIENTED_EDGE ( 'NONE', *, *, #3260, .F. ) ;
#1307 = EDGE_LOOP ( 'NONE', ( #6111, #7169, #3014, #5342, #3996 ) ) ;
#1308 = ORIENTED_EDGE ( 'NONE', *, *, #688, .T. ) ;
#1309 = ORIENTED_EDGE ( 'NONE', *, *, #7520, .T. ) ;
#1310 = FACE_OUTER_BOUND ( 'NONE', #6568, .T. ) ;
#1311 = CARTESIAN_POINT ( 'NONE',  ( 11.57878816901710728, 12.09943501068714333, 0.5652726508109481296 ) ) ;
#1312 = CARTESIAN_POINT ( 'NONE',  ( 7.892821784336608637, -12.09999999999999964, -29.80643373951744834 ) ) ;
#1313 = CARTESIAN_POINT ( 'NONE',  ( -23.39264512362173676, -11.02169326760875734, 8.605745400281717750 ) ) ;
#1314 = CYLINDRICAL_SURFACE ( 'NONE', #1854, 1.834999999999999742 ) ;
#1315 = ORIENTED_EDGE ( 'NONE', *, *, #2124, .T. ) ;
#1316 = ORIENTED_EDGE ( 'NONE', *, *, #3807, .T. ) ;
#1317 = DIRECTION ( 'NONE',  ( 0.000000000000000000, 0.000000000000000000, -1.000000000000000000 ) ) ;
#1318 = DIRECTION ( 'NONE',  ( 1.000000000000000000, 0.000000000000000000, 2.881657216719184962E-16 ) ) ;
#1319 = PLANE ( 'NONE',  #8175 ) ;
#1320 = DIRECTION ( 'NONE',  ( 0.000000000000000000, 0.000000000000000000, 1.000000000000000000 ) ) ;
#1321 = FACE_OUTER_BOUND ( 'NONE', #3759, .T. ) ;
#1322 = CARTESIAN_POINT ( 'NONE',  ( 9.674999999999998934, 10.09999999999999964, -31.19659787680119933 ) ) ;
#1323 = CARTESIAN_POINT ( 'NONE',  ( -1.155324610415572106, 14.52448115156832031, -26.00000000000000000 ) ) ;
#1324 = AXIS2_PLACEMENT_3D ( 'NONE', #874, #1514, #3867 ) ;
#1325 = AXIS2_PLACEMENT_3D ( 'NONE', #2068, #5899, #9616 ) ;
#1326 = ORIENTED_EDGE ( 'NONE', *, *, #6274, .F. ) ;
#1327 = CARTESIAN_POINT ( 'NONE',  ( -24.25669242972655582, -10.86988545171898224, 6.505745400281711888 ) ) ;
#1328 = DIRECTION ( 'NONE',  ( 1.000000000000000000, 0.000000000000000000, 0.000000000000000000 ) ) ;
#1329 = CARTESIAN_POINT ( 'NONE',  ( -22.70520532538454361, -4.350540095541397534, 19.57246110783168902 ) ) ;
#1330 = DIRECTION ( 'NONE',  ( 0.000000000000000000, 0.000000000000000000, -1.000000000000000000 ) ) ;
#1331 = VECTOR ( 'NONE', #1014, 1000.000000000000000 ) ;
#1332 = CARTESIAN_POINT ( 'NONE',  ( 7.675000000000000711, 2.600000000000000089, -36.29999999999999716 ) ) ;
#1333 = LINE ( 'NONE', #7435, #9292 ) ;
#1334 = FACE_OUTER_BOUND ( 'NONE', #5248, .T. ) ;
#1335 = CARTESIAN_POINT ( 'NONE',  ( 20.62500000000000000, -5.250000000000000000, 23.09999999999999787 ) ) ;
#1336 = EDGE_LOOP ( 'NONE', ( #4442, #8098, #3371, #6956 ) ) ;
#1337 = CARTESIAN_POINT ( 'NONE',  ( 26.33568896483513910, 12.03869266201289001, -15.12729020351384790 ) ) ;
#1338 = AXIS2_PLACEMENT_3D ( 'NONE', #9476, #4779, #9423 ) ;
#1339 = CARTESIAN_POINT ( 'NONE',  ( -12.78588245004900870, 14.93499526272989897, -8.914516376465952519 ) ) ;
#1340 = EDGE_CURVE ( 'NONE', #8831, #68, #1379, .T. ) ;
#1341 = CARTESIAN_POINT ( 'NONE',  ( -26.64920573346225297, 10.66429688035493939, -0.5547656267849699896 ) ) ;
#1342 = CARTESIAN_POINT ( 'NONE',  ( -14.60339580657869796, 13.96648027072675013, -37.96400833696043264 ) ) ;
#1343 = CARTESIAN_POINT ( 'NONE',  ( 24.53996483431550146, -12.26572506493029557, -17.66385404654001690 ) ) ;
#1344 = EDGE_CURVE ( 'NONE', #1784, #9676, #8143, .T. ) ;
#1345 = CARTESIAN_POINT ( 'NONE',  ( 5.366461884612250266, -14.13458759949282140, -32.00036131045460763 ) ) ;
#1346 = CARTESIAN_POINT ( 'NONE',  ( -26.62500000000000000, 2.625000000000000000, 25.64663336986829734 ) ) ;
#1347 = CARTESIAN_POINT ( 'NONE',  ( -13.57500000000000107, -8.768250222726480914, 9.023281615182138893 ) ) ;
#1348 = ORIENTED_EDGE ( 'NONE', *, *, #8806, .F. ) ;
#1349 = DIRECTION ( 'NONE',  ( 0.000000000000000000, 0.000000000000000000, -1.000000000000000000 ) ) ;
#1350 = EDGE_CURVE ( 'NONE', #7949, #240, #2657, .T. ) ;
#1351 = ORIENTED_EDGE ( 'NONE', *, *, #336, .T. ) ;
#1352 = ORIENTED_EDGE ( 'NONE', *, *, #9399, .F. ) ;
#1353 = ORIENTED_EDGE ( 'NONE', *, *, #573, .F. ) ;
#1354 = EDGE_CURVE ( 'NONE', #8068, #8167, #7385, .T. ) ;
#1355 = ORIENTED_EDGE ( 'NONE', *, *, #2061, .F. ) ;
#1356 = CARTESIAN_POINT ( 'NONE',  ( -26.84991221830399866, -10.59999999999999964, 8.605745400281710644 ) ) ;
#1357 = DIRECTION ( 'NONE',  ( -1.000000000000000000, 0.000000000000000000, -1.765621858500564986E-16 ) ) ;
#1358 = CARTESIAN_POINT ( 'NONE',  ( -23.16053390593259920, 15.00000000000000000, -7.000000000000000000 ) ) ;
#1359 = EDGE_CURVE ( 'NONE', #5403, #3699, #6590, .T. ) ;
#1360 = CARTESIAN_POINT ( 'NONE',  ( -23.81394430696030184, -10.59999999999999964, 8.605745400281710644 ) ) ;
#1361 = CARTESIAN_POINT ( 'NONE',  ( -24.48476223727269740, -8.034536926812188895, 9.708970703915099421 ) ) ;
#1362 = ORIENTED_EDGE ( 'NONE', *, *, #4938, .T. ) ;
#1363 = ORIENTED_EDGE ( 'NONE', *, *, #5891, .T. ) ;
#1364 = ORIENTED_EDGE ( 'NONE', *, *, #1988, .F. ) ;
#1365 = FACE_OUTER_BOUND ( 'NONE', #1502, .T. ) ;
#1366 = CARTESIAN_POINT ( 'NONE',  ( 17.62500000000000000, 8.500000000000000000, 15.00000000000000000 ) ) ;
#1367 = CARTESIAN_POINT ( 'NONE',  ( 18.17312819401019652, 12.00000000000000000, 1.000000000000000000 ) ) ;
#1368 = AXIS2_PLACEMENT_3D ( 'NONE', #4634, #6809, #3801 ) ;
#1369 = CARTESIAN_POINT ( 'NONE',  ( -26.84991221830399866, -7.902763757320330207, 9.591693595492580826 ) ) ;
#1370 = CARTESIAN_POINT ( 'NONE',  ( 12.54038591170907324, 13.76974596796668138, -25.37998200175290719 ) ) ;
#1371 = DIRECTION ( 'NONE',  ( 0.000000000000000000, 0.000000000000000000, 1.000000000000000000 ) ) ;
#1372 = DIRECTION ( 'NONE',  ( -1.000000000000000000, 2.164016633576080066E-32, 0.000000000000000000 ) ) ;
#1373 = EDGE_LOOP ( 'NONE', ( #1658, #1018 ) ) ;
#1374 = VECTOR ( 'NONE', #6840, 1000.000000000000000 ) ;
#1375 = CARTESIAN_POINT ( 'NONE',  ( -25.81888908207574573, -9.028531943088255574, 5.122064657362408902 ) ) ;
#1376 = CARTESIAN_POINT ( 'NONE',  ( 16.62500000000000000, 0.000000000000000000, 3.788434446873580049E-15 ) ) ;
#1377 = CARTESIAN_POINT ( 'NONE',  ( 7.732911556936739927, 13.95465449349612008, -14.00000000000000000 ) ) ;
#1378 = CARTESIAN_POINT ( 'NONE',  ( -13.96814575050770024, 14.95551785225862140, -32.72792206135789428 ) ) ;
#1379 = LINE ( 'NONE', #5848, #6427 ) ;
#1380 = CARTESIAN_POINT ( 'NONE',  ( -11.56227285500900592, -10.78831997768729245, -35.50638608574215738 ) ) ;
#1381 = LINE ( 'NONE', #9658, #8492 ) ;
#1382 = FACE_OUTER_BOUND ( 'NONE', #9395, .T. ) ;
#1383 = VERTEX_POINT ( 'NONE', #7242 ) ;
#1384 = CARTESIAN_POINT ( 'NONE',  ( 25.29906244294160089, 11.27605323092913991, -18.13600817114104657 ) ) ;
#1385 = AXIS2_PLACEMENT_3D ( 'NONE', #2145, #6626, #5783 ) ;
#1386 = CARTESIAN_POINT ( 'NONE',  ( -25.67500000000000071, 8.000000000000000000, -33.09999999999999432 ) ) ;
#1387 = AXIS2_PLACEMENT_3D ( 'NONE', #5044, #7319, #2189 ) ;
#1388 = CARTESIAN_POINT ( 'NONE',  ( -25.11183918117175295, 11.13567917473039870, 0.07829923352453149743 ) ) ;
#1389 = ADVANCED_FACE ( 'NONE', ( #5943 ), #2065, .F. ) ;
#1390 = CARTESIAN_POINT ( 'NONE',  ( 10.57682608680382330, -12.34803047076015403, 0.2417530480685706751 ) ) ;
#1391 = CARTESIAN_POINT ( 'NONE',  ( 24.27107233178195145, -12.29914289061413868, -18.20348516510911807 ) ) ;
#1392 = CIRCLE ( 'NONE', #8631, 5.000000000000000888 ) ;
#1393 = CARTESIAN_POINT ( 'NONE',  ( 22.66889749290139733, -12.49362954258159952, -20.68585260268104875 ) ) ;
#1394 = CARTESIAN_POINT ( 'NONE',  ( 11.22901478587319879, 18.28421494571415451, -25.00000000000000000 ) ) ;
#1395 = CARTESIAN_POINT ( 'NONE',  ( 16.62500000000000000, 12.00000000000000000, 8.000000000000000000 ) ) ;
#1396 = EDGE_LOOP ( 'NONE', ( #6034, #1111, #8896, #6149, #4484, #8106, #3609, #612 ) ) ;
#1397 = DIRECTION ( 'NONE',  ( 0.7071067811865515695, 5.275848315469635607E-17, 0.7071067811865435759 ) ) ;
#1398 = ORIENTED_EDGE ( 'NONE', *, *, #3261, .T. ) ;
#1399 = ORIENTED_EDGE ( 'NONE', *, *, #2057, .T. ) ;
#1400 = ORIENTED_EDGE ( 'NONE', *, *, #4344, .F. ) ;
#1401 = EDGE_CURVE ( 'NONE', #6702, #6100, #359, .T. ) ;
#1402 = ORIENTED_EDGE ( 'NONE', *, *, #2250, .F. ) ;
#1403 = CARTESIAN_POINT ( 'NONE',  ( 21.67500000000000071, 7.989143226157759972E-16, -9.849999999999999645 ) ) ;
#1404 = CARTESIAN_POINT ( 'NONE',  ( -19.62500000000000000, 10.09999999999999964, -20.00000000000000000 ) ) ;
#1405 = CARTESIAN_POINT ( 'NONE',  ( 11.36910810753794188, 13.66167352238232091, -26.00000000000000000 ) ) ;
#1406 = CARTESIAN_POINT ( 'NONE',  ( -26.62500000000000000, -2.625000000000000000, 19.60336663013169911 ) ) ;
#1407 = DIRECTION ( 'NONE',  ( 0.000000000000000000, 5.421010862427521184E-16, 1.000000000000000000 ) ) ;
#1408 = CIRCLE ( 'NONE', #4060, 1.000000000000000000 ) ;
#1409 = VERTEX_POINT ( 'NONE', #5896 ) ;
#1410 = ORIENTED_EDGE ( 'NONE', *, *, #2544, .F. ) ;
#1411 = EDGE_CURVE ( 'NONE', #2341, #7550, #7335, .T. ) ;
#1412 = ORIENTED_EDGE ( 'NONE', *, *, #1886, .F. ) ;
#1413 = AXIS2_PLACEMENT_3D ( 'NONE', #4645, #1644, #910 ) ;
#1414 = ADVANCED_FACE ( 'NONE', ( #5158 ), #3490, .F. ) ;
#1415 = DIRECTION ( 'NONE',  ( -0.9157875096611443055, 0.4016630891040890994, 0.000000000000000000 ) ) ;
#1416 = CARTESIAN_POINT ( 'NONE',  ( -22.65799686222893072, -1.607936162258063018, 20.28021504011113407 ) ) ;
#1417 = CIRCLE ( 'NONE', #8959, 1.049999999999998934 ) ;
#1418 = DIRECTION ( 'NONE',  ( 1.000000000000000000, 0.000000000000000000, 0.000000000000000000 ) ) ;
#1419 = CARTESIAN_POINT ( 'NONE',  ( 24.70243421595707289, 11.41963614915739988, 0.9967444755953140945 ) ) ;
#1420 = CARTESIAN_POINT ( 'NONE',  ( 17.62500000000000000, 0.000000000000000000, 23.09999999999999787 ) ) ;
#1421 = CARTESIAN_POINT ( 'NONE',  ( 12.22901478549122878, 14.42551208508900906, -25.01032998274805763 ) ) ;
#1422 = DATE_AND_TIME ( #8164, #3379 ) ;
#1423 = CARTESIAN_POINT ( 'NONE',  ( 13.13744632142985935, 13.49906635955071899, -14.00000000000000000 ) ) ;
#1424 = CIRCLE ( 'NONE', #7233, 1.000000000000000000 ) ;
#1425 = ORIENTED_EDGE ( 'NONE', *, *, #9664, .T. ) ;
#1426 = CIRCLE ( 'NONE', #1729, 1.000000000000000444 ) ;
#1427 = CARTESIAN_POINT ( 'NONE',  ( -23.16053390593259920, -15.00000000000000000, -7.000000000000000000 ) ) ;
#1428 = CARTESIAN_POINT ( 'NONE',  ( -22.57500000000000284, -36.63153466595210261, 23.09999999999999787 ) ) ;
#1429 = CARTESIAN_POINT ( 'NONE',  ( -15.85370546864755070, 14.98518995130041986, -30.84236234321804915 ) ) ;
#1430 = CARTESIAN_POINT ( 'NONE',  ( -24.62500000000000000, 8.000000000000000000, -36.29999999999999716 ) ) ;
#1431 = CARTESIAN_POINT ( 'NONE',  ( -26.46000000000000085, -8.000000000000000000, -37.79999999999999716 ) ) ;
#1432 = DIRECTION ( 'NONE',  ( 1.000000000000000000, 0.000000000000000000, 2.881657216719184962E-16 ) ) ;
#1433 = CARTESIAN_POINT ( 'NONE',  ( -25.43211802004499944, -36.63153466595210261, 6.803845367150699985 ) ) ;
#1434 = EDGE_LOOP ( 'NONE', ( #9688, #9631, #7353, #66 ) ) ;
#1435 = CARTESIAN_POINT ( 'NONE',  ( 20.95719630414396306, 12.69483567804421398, -23.95265141042283830 ) ) ;
#1436 = AXIS2_PLACEMENT_3D ( 'NONE', #8418, #1482, #4475 ) ;
#1437 = EDGE_CURVE ( 'NONE', #7158, #4233, #8174, .T. ) ;
#1438 = CARTESIAN_POINT ( 'NONE',  ( -26.25632916295235475, -9.746094682312428148, -0.2486982274375439672 ) ) ;
#1439 = CARTESIAN_POINT ( 'NONE',  ( -25.40895269097280007, 10.87437425954136216, 0.1830242740759889797 ) ) ;
#1440 = CARTESIAN_POINT ( 'NONE',  ( -5.209456812862820918, 13.71910823755347408, -36.24936906642313517 ) ) ;
#1441 = DIRECTION ( 'NONE',  ( 0.000000000000000000, -1.000000000000000000, 0.000000000000000000 ) ) ;
#1442 = CARTESIAN_POINT ( 'NONE',  ( 23.34369617841259625, -11.50064477179163980, -21.29587450074424737 ) ) ;
#1443 = CARTESIAN_POINT ( 'NONE',  ( 20.62500000000000000, -2.625000000000000000, 18.55336663013169840 ) ) ;
#1444 = DIRECTION ( 'NONE',  ( 1.000000000000000000, 0.000000000000000000, 2.881657216719184962E-16 ) ) ;
#1445 = ORIENTED_EDGE ( 'NONE', *, *, #7787, .F. ) ;
#1446 = CARTESIAN_POINT ( 'NONE',  ( 8.625000000000000000, -12.00000000000000000, 8.000000000000000000 ) ) ;
#1447 = ORIENTED_EDGE ( 'NONE', *, *, #3076, .T. ) ;
#1448 = ORIENTED_EDGE ( 'NONE', *, *, #8914, .T. ) ;
#1449 = ORIENTED_EDGE ( 'NONE', *, *, #4017, .F. ) ;
#1450 = ORIENTED_EDGE ( 'NONE', *, *, #8318, .F. ) ;
#1451 = DIRECTION ( 'NONE',  ( -1.000000000000000000, 0.000000000000000000, 0.000000000000000000 ) ) ;
#1452 = CARTESIAN_POINT ( 'NONE',  ( 9.649875531045028154, 12.64293537243220378, 0.06590501844995641512 ) ) ;
#1453 = CARTESIAN_POINT ( 'NONE',  ( -25.84821093924980318, -7.902763757320330207, 5.519797205070839929 ) ) ;
#1454 = DIRECTION ( 'NONE',  ( 0.000000000000000000, 1.000000000000000000, 0.000000000000000000 ) ) ;
#1455 = EDGE_CURVE ( 'NONE', #508, #6054, #2211, .T. ) ;
#1456 = ORIENTED_EDGE ( 'NONE', *, *, #1158, .T. ) ;
#1457 = EDGE_LOOP ( 'NONE', ( #3412, #892 ) ) ;
#1458 = VERTEX_POINT ( 'NONE', #3537 ) ;
#1459 = DIRECTION ( 'NONE',  ( 0.7071067811865470176, 0.7071067811865480168, 1.855728106655309710E-16 ) ) ;
#1460 = EDGE_CURVE ( 'NONE', #9071, #673, #7324, .T. ) ;
#1461 = CARTESIAN_POINT ( 'NONE',  ( -21.67069441603599955, -12.00000000000000000, 5.443076293720570114 ) ) ;
#1462 = CARTESIAN_POINT ( 'NONE',  ( -22.79320153763901047, 0.6250925260453751298, 18.53303865085035085 ) ) ;
#1463 = CARTESIAN_POINT ( 'NONE',  ( 23.83411745133965098, 11.81316916575440601, 0.8953279769828312862 ) ) ;
#1464 = ADVANCED_FACE ( 'NONE', ( #8854 ), #2112, .F. ) ;
#1465 = CARTESIAN_POINT ( 'NONE',  ( -0.07098521412679600906, 18.28421494571415451, -25.00000000000000000 ) ) ;
#1466 = CARTESIAN_POINT ( 'NONE',  ( 10.69782862797512024, 10.09999999999999964, -30.72502506495465013 ) ) ;
#1467 = CARTESIAN_POINT ( 'NONE',  ( -16.57499999999999929, 2.625000000000000000, 27.64663336986830089 ) ) ;
#1468 = EDGE_CURVE ( 'NONE', #6363, #9637, #3129, .T. ) ;
#1469 = EDGE_LOOP ( 'NONE', ( #5916, #9021, #7219, #5863 ) ) ;
#1470 = DIRECTION ( 'NONE',  ( 1.000000000000000000, 0.000000000000000000, 2.881657216719184962E-16 ) ) ;
#1471 = CARTESIAN_POINT ( 'NONE',  ( -12.41150450505996083, -9.295143747302670789, -37.66524975119210694 ) ) ;
#1472 = CARTESIAN_POINT ( 'NONE',  ( -24.29292898391928901, -8.886147421475556030, 10.02427614132523992 ) ) ;
#1473 = CARTESIAN_POINT ( 'NONE',  ( -25.67500000000000071, 8.000000000000000000, -30.13015151901650057 ) ) ;
#1474 = LINE ( 'NONE', #9097, #5811 ) ;
#1475 = DIRECTION ( 'NONE',  ( 0.000000000000000000, -1.000000000000000000, 0.000000000000000000 ) ) ;
#1476 = DIRECTION ( 'NONE',  ( 1.000000000000000000, 0.000000000000000000, 0.000000000000000000 ) ) ;
#1477 = ORIENTED_EDGE ( 'NONE', *, *, #5411, .F. ) ;
#1478 = CARTESIAN_POINT ( 'NONE',  ( -19.62500000000000000, 15.00000000000000000, -37.29999999999999716 ) ) ;
#1479 = VECTOR ( 'NONE', #7622, 1000.000000000000227 ) ;
#1480 = CARTESIAN_POINT ( 'NONE',  ( -27.46053271364780457, -8.908646761485458754, 0.03045107950485639869 ) ) ;
#1481 = CARTESIAN_POINT ( 'NONE',  ( -25.48512835333864501, 10.79513102207459418, 0.2146475074288922702 ) ) ;
#1482 = DIRECTION ( 'NONE',  ( 1.000000000000000000, 0.000000000000000000, 2.478176394252580155E-16 ) ) ;
#1483 = DIRECTION ( 'NONE',  ( 1.000000000000000000, 0.000000000000000000, 0.000000000000000000 ) ) ;
#1484 = B_SPLINE_CURVE_WITH_KNOTS ( 'NONE', 3,
 ( #608, #9572, #1253, #4382 ),
 .UNSPECIFIED., .F., .F.,
 ( 4, 4 ),
 ( 0.000000000000000000, 9.063217213256991207E-05 ),
 .UNSPECIFIED. ) ;
#1485 = CARTESIAN_POINT ( 'NONE',  ( -1.272133005797948080, -14.53741996349235954, -34.21754195586910186 ) ) ;
#1486 = DIRECTION ( 'NONE',  ( -0.7071067811865470176, -0.7071067811865480168, 0.000000000000000000 ) ) ;
#1487 = LINE ( 'NONE', #9013, #4396 ) ;
#1488 = ORIENTED_EDGE ( 'NONE', *, *, #1196, .T. ) ;
#1489 = CARTESIAN_POINT ( 'NONE',  ( 26.62500000000000711, 10.87752429203405491, 7.000986604856990428E-19 ) ) ;
#1490 = VERTEX_POINT ( 'NONE', #3820 ) ;
#1491 = EDGE_LOOP ( 'NONE', ( #1989, #6518, #1724, #3802, #2240 ) ) ;
#1492 = VECTOR ( 'NONE', #8993, 1000.000000000000000 ) ;
#1493 = ORIENTED_EDGE ( 'NONE', *, *, #4169, .F. ) ;
#1494 = ORIENTED_EDGE ( 'NONE', *, *, #7300, .T. ) ;
#1495 = CARTESIAN_POINT ( 'NONE',  ( 14.56074379654293161, -12.40932652103408884, -28.65026911960426403 ) ) ;
#1497 = FACE_OUTER_BOUND ( 'NONE', #1434, .T. ) ;
#1496 = VECTOR ( 'NONE', #9505, 1000.000000000000000 ) ;
#1498 = CARTESIAN_POINT ( 'NONE',  ( -25.66953151736883143, -7.497338859531600619, 6.107834091683970179 ) ) ;
#1499 = DIRECTION ( 'NONE',  ( 0.000000000000000000, 0.000000000000000000, 1.000000000000000000 ) ) ;
#1500 = CARTESIAN_POINT ( 'NONE',  ( -22.79000000000000270, 8.000000000000000000, -37.79999999999999716 ) ) ;
#1501 = ORIENTED_EDGE ( 'NONE', *, *, #7005, .F. ) ;
#1502 = EDGE_LOOP ( 'NONE', ( #7768, #5183, #1208, #9174, #1976 ) ) ;
#1503 = ORIENTED_EDGE ( 'NONE', *, *, #5196, .T. ) ;
#1504 = ADVANCED_FACE ( 'NONE', ( #184 ), #2346, .T. ) ;
#1505 = CARTESIAN_POINT ( 'NONE',  ( -22.62256308275784633, -13.00000000000000000, -0.2792407799438650362 ) ) ;
#1506 = LINE ( 'NONE', #4646, #6405 ) ;
#1507 = CARTESIAN_POINT ( 'NONE',  ( -22.64274064696086342, 2.350951574626903628, 20.55336663013169485 ) ) ;
#1508 = CARTESIAN_POINT ( 'NONE',  ( -19.62500000000000000, -15.00000000000000000, -39.30000000000000426 ) ) ;
#1509 = CARTESIAN_POINT ( 'NONE',  ( -26.39753464796950055, 10.98540631289591829, -0.6618021042986309554 ) ) ;
#1510 = PERSON_AND_ORGANIZATION_ROLE ( 'creator' ) ;
#1511 = CARTESIAN_POINT ( 'NONE',  ( -23.16053390593269867, 28.10000000000000142, -20.00000000000000000 ) ) ;
#1512 = VERTEX_POINT ( 'NONE', #9753 ) ;
#1513 = EDGE_CURVE ( 'NONE', #4293, #8978, #3180, .T. ) ;
#1514 = DIRECTION ( 'NONE',  ( 1.000000000000000000, 0.000000000000000000, 0.000000000000000000 ) ) ;
#1515 = ADVANCED_FACE ( 'NONE', ( #2254 ), #2996, .F. ) ;
#1516 = CARTESIAN_POINT ( 'NONE',  ( -16.57499999999999929, -2.625000000000000000, 25.64663336986829734 ) ) ;
#1517 = CARTESIAN_POINT ( 'NONE',  ( 0.6829005254363200716, 15.42728865823065121, -15.00000000000000000 ) ) ;
#1518 = LINE ( 'NONE', #7525, #3773 ) ;
#1519 = CARTESIAN_POINT ( 'NONE',  ( -22.57882279523477820, -3.343450746288850084, 22.49485482310141649 ) ) ;
#1520 = CARTESIAN_POINT ( 'NONE',  ( 25.44202411701959221, 12.15224982585723801, -15.04145050347230139 ) ) ;
#1521 = EDGE_LOOP ( 'NONE', ( #9707, #6844 ) ) ;
#1522 = CARTESIAN_POINT ( 'NONE',  ( 5.709934696934292120, 14.11076571724738393, -32.91384736214530449 ) ) ;
#1523 = AXIS2_PLACEMENT_3D ( 'NONE', #9624, #2078, #3460 ) ;
#1524 = EDGE_CURVE ( 'NONE', #4542, #7995, #4138, .T. ) ;
#1525 = CARTESIAN_POINT ( 'NONE',  ( -13.57500000000000107, 14.94911571498207614, -7.011312721787191116 ) ) ;
#1526 = CARTESIAN_POINT ( 'NONE',  ( -25.41031492058695207, 10.87039666558676565, 0.1845918484739364207 ) ) ;
#1527 = CARTESIAN_POINT ( 'NONE',  ( 19.66806180449015784, 11.90318609544766382, -25.07282459615869286 ) ) ;
#1528 = CARTESIAN_POINT ( 'NONE',  ( 12.67500000000000071, -10.09999999999999964, -9.849999999999999645 ) ) ;
#1529 = CARTESIAN_POINT ( 'NONE',  ( -70.47777777777828589, -8.000000000000000000, 23.09999999999999787 ) ) ;
#1530 = EDGE_CURVE ( 'NONE', #8921, #4491, #6110, .T. ) ;
#1531 = CIRCLE ( 'NONE', #4833, 1.049999999999998934 ) ;
#1532 = FACE_OUTER_BOUND ( 'NONE', #7354, .T. ) ;
#1533 = DIRECTION ( 'NONE',  ( -1.000000000000000000, 0.000000000000000000, 0.000000000000000000 ) ) ;
#1534 = ORIENTED_EDGE ( 'NONE', *, *, #7840, .F. ) ;
#1535 = FACE_OUTER_BOUND ( 'NONE', #177, .T. ) ;
#1536 = ORIENTED_EDGE ( 'NONE', *, *, #2365, .T. ) ;
#1537 = ORIENTED_EDGE ( 'NONE', *, *, #448, .F. ) ;
#1538 = CIRCLE ( 'NONE', #6389, 2.000000000000001776 ) ;
#1539 = ORIENTED_EDGE ( 'NONE', *, *, #8442, .T. ) ;
#1540 = CARTESIAN_POINT ( 'NONE',  ( 8.358069503223820362, -12.93420122400909733, -31.78588458462678545 ) ) ;
#1541 = CARTESIAN_POINT ( 'NONE',  ( 9.964913376042810356, 12.53814835656113758, 0.1125193821474277517 ) ) ;
#1542 = LINE ( 'NONE', #3891, #3121 ) ;
#1543 = FACE_OUTER_BOUND ( 'NONE', #7447, .T. ) ;
#1544 = LINE ( 'NONE', #1594, #279 ) ;
#1545 = ORIENTED_EDGE ( 'NONE', *, *, #6185, .F. ) ;
#1546 = ORIENTED_EDGE ( 'NONE', *, *, #2664, .F. ) ;
#1547 = EDGE_LOOP ( 'NONE', ( #6210, #4856, #7121, #4296, #1751 ) ) ;
#1548 = VECTOR ( 'NONE', #6317, 1000.000000000000000 ) ;
#1549 = ORIENTED_EDGE ( 'NONE', *, *, #5411, .T. ) ;
#1550 = CARTESIAN_POINT ( 'NONE',  ( 7.675000000000000711, 10.09999999999999964, -9.849999999999999645 ) ) ;
#1551 = CIRCLE ( 'NONE', #3434, 2.000000000000001776 ) ;
#1552 = PLANE ( 'NONE',  #8199 ) ;
#1553 = CARTESIAN_POINT ( 'NONE',  ( -23.02445639404652411, -2.368723012591468891, 16.55336663013170195 ) ) ;
#1554 = CARTESIAN_POINT ( 'NONE',  ( -26.62500000000000000, -2.600000000000000089, -36.29999999999999716 ) ) ;
#1555 = CARTESIAN_POINT ( 'NONE',  ( 24.84746962085980115, 11.32575236365477878, 1.000000000000000000 ) ) ;
#1556 = CARTESIAN_POINT ( 'NONE',  ( 7.129014785873209803, 19.28421494571415096, -25.00000000000000000 ) ) ;
#1557 = FACE_OUTER_BOUND ( 'NONE', #4151, .T. ) ;
#1558 = CIRCLE ( 'NONE', #7066, 1.999999999999998224 ) ;
#1559 = VERTEX_POINT ( 'NONE', #8271 ) ;
#1560 = EDGE_CURVE ( 'NONE', #5962, #4441, #2438, .T. ) ;
#1561 = AXIS2_PLACEMENT_3D ( 'NONE', #480, #2629, #4849 ) ;
#1562 = CIRCLE ( 'NONE', #7076, 1.049999999999998934 ) ;
#1563 = DIRECTION ( 'NONE',  ( 0.7071067811865435759, 0.000000000000000000, -0.7071067811865514585 ) ) ;
#1564 = CARTESIAN_POINT ( 'NONE',  ( 12.49798334620739837, -12.00000000000000000, 1.000000000000000000 ) ) ;
#1565 = CARTESIAN_POINT ( 'NONE',  ( -22.57500000000000284, 12.00000000000000000, 23.09999999999999787 ) ) ;
#1566 = VECTOR ( 'NONE', #1444, 1000.000000000000000 ) ;
#1567 = CARTESIAN_POINT ( 'NONE',  ( -16.56062007662914937, 15.00000000000000000, -23.06437992337090037 ) ) ;
#1568 = CARTESIAN_POINT ( 'NONE',  ( 4.329014785873204652, 14.19919496893259847, -26.00000000000000000 ) ) ;
#1569 = CARTESIAN_POINT ( 'NONE',  ( -23.16053390593285144, -10.09999999999999964, -33.09999999999965326 ) ) ;
#1570 = CARTESIAN_POINT ( 'NONE',  ( -3.517879973707394914, 14.64576237967654215, -34.83518185396919620 ) ) ;
#1571 = EDGE_CURVE ( 'NONE', #3212, #2044, #9096, .T. ) ;
#1572 = VECTOR ( 'NONE', #1820, 1000.000000000000000 ) ;
#1573 = CIRCLE ( 'NONE', #8194, 51.90277777777829726 ) ;
#1574 = CARTESIAN_POINT ( 'NONE',  ( -22.79115009040239315, 4.625001117707964404, 18.55448966771770003 ) ) ;
#1575 = FACE_OUTER_BOUND ( 'NONE', #2280, .T. ) ;
#1576 = CARTESIAN_POINT ( 'NONE',  ( 24.86345502683221653, 11.32656259677592736, -18.96075291307299793 ) ) ;
#1577 = AXIS2_PLACEMENT_3D ( 'NONE', #4012, #185, #1705 ) ;
#1578 = DIRECTION ( 'NONE',  ( -1.000000000000000000, 0.000000000000000000, 0.000000000000000000 ) ) ;
#1579 = EDGE_CURVE ( 'NONE', #757, #7632, #2033, .T. ) ;
#1580 = CARTESIAN_POINT ( 'NONE',  ( 3.167671483543950117, -14.28208442466060113, -32.80129964883224858 ) ) ;
#1581 = DIRECTION ( 'NONE',  ( -1.000000000000000000, 0.000000000000000000, 0.000000000000000000 ) ) ;
#1582 = CARTESIAN_POINT ( 'NONE',  ( -24.86337054842024941, -7.400000000000000355, 8.471193762254690895 ) ) ;
#1583 = VERTEX_POINT ( 'NONE', #3917 ) ;
#1584 = CARTESIAN_POINT ( 'NONE',  ( 26.62500000000000000, 8.775286300452886934, 0.6213859596147383035 ) ) ;
#1585 = EDGE_CURVE ( 'NONE', #1838, #6805, #7682, .T. ) ;
#1586 = ORIENTED_EDGE ( 'NONE', *, *, #2664, .T. ) ;
#1587 = ORIENTED_EDGE ( 'NONE', *, *, #5420, .T. ) ;
#1588 = AXIS2_PLACEMENT_3D ( 'NONE', #9143, #4505, #4604 ) ;
#1589 = CARTESIAN_POINT ( 'NONE',  ( -16.86616876920249553, -14.31014695802735837, -1.770048986009112424 ) ) ;
#1590 = CARTESIAN_POINT ( 'NONE',  ( 4.081128057845580415, 14.82022499979792052, -25.08093117625496760 ) ) ;
#1591 = CARTESIAN_POINT ( 'NONE',  ( 8.543229558722815753, -12.92001492590125267, -31.70529370613790832 ) ) ;
#1592 = LINE ( 'NONE', #4585, #5949 ) ;
#1593 = CARTESIAN_POINT ( 'NONE',  ( 9.674999999999998934, -10.09999999999999964, -29.30000000000000071 ) ) ;
#1594 = CARTESIAN_POINT ( 'NONE',  ( 7.129014785873209803, 19.28421494571415096, -25.00000000000000000 ) ) ;
#1595 = ORIENTED_EDGE ( 'NONE', *, *, #3747, .T. ) ;
#1596 = EDGE_LOOP ( 'NONE', ( #6768, #5464, #2634, #7799, #5980, #3348, #6288, #4146, #3970 ) ) ;
#1597 = ORIENTED_EDGE ( 'NONE', *, *, #5779, .F. ) ;
#1598 = B_SPLINE_CURVE_WITH_KNOTS ( 'NONE', 3,
 ( #5627, #9290, #3366, #5526, #8545, #4107, #4051, #9444, #8593, #1944, #6368, #5576, #2690, #7958, #5681, #7067, #8004, #3469, #4797, #8698, #4202, #5727, #1994, #4991, #326, #7802, #7116, #375, #1267, #9391, #4257, #4489, #2829, #5136, #2188, #9539, #4446 ),
 .UNSPECIFIED., .F., .F.,
 ( 4, 2, 2, 1, 1, 1, 2, 2, 2, 2, 1, 1, 1, 2, 2, 2, 2, 1, 1, 1, 2, 2, 4 ),
 ( 0.000000000000000000, 0.1250000000000375255, 0.1875000000000557887, 0.2187500000000651146, 0.2343750000000704159, 0.2421875000000729694, 0.2460937500000739686, 0.2500000000000749401, 0.3750000000000898170, 0.4375000000000964784, 0.4687500000000995315, 0.4843750000001004752, 0.4921875000001006972, 0.4960937500001001976, 0.5000000000000996980, 0.6250000000000676126, 0.6875000000000514033, 0.7187500000000427436, 0.7343750000000385247, 0.7421875000000355271, 0.7460937500000339728, 0.7500000000000325295, 1.000000000000000000 ),
 .UNSPECIFIED. ) ;
#1599 = CARTESIAN_POINT ( 'NONE',  ( 8.625000000000000000, 0.000000000000000000, 8.000000000000000000 ) ) ;
#1600 = LINE ( 'NONE', #6818, #9462 ) ;
#1601 = CARTESIAN_POINT ( 'NONE',  ( -22.90259271462461754, -0.9167253765754087569, 17.50511265261114602 ) ) ;
#1602 = DIRECTION ( 'NONE',  ( 1.000000000000000000, 0.000000000000000000, 0.000000000000000000 ) ) ;
#1603 = DIRECTION ( 'NONE',  ( 1.000000000000000000, 0.000000000000000000, 2.881657216719184962E-16 ) ) ;
#1604 = CARTESIAN_POINT ( 'NONE',  ( 0.6829005247466780615, 15.42728865826825135, -25.00000000000000000 ) ) ;
#1605 = CARTESIAN_POINT ( 'NONE',  ( 0.6842373904402865303, 14.42956755287300652, -24.99999999999996803 ) ) ;
#1606 = ORIENTED_EDGE ( 'NONE', *, *, #8989, .T. ) ;
#1607 = CARTESIAN_POINT ( 'NONE',  ( -26.62500000000000000, 9.598315762216030222, 8.415558119512320041E-15 ) ) ;
#1608 = CARTESIAN_POINT ( 'NONE',  ( 22.62500000000000000, -12.00000000000000000, 0.8672861625757030124 ) ) ;
#1609 = DIRECTION ( 'NONE',  ( -2.164016633576080066E-32, 1.000000000000000000, 7.509625437129029427E-17 ) ) ;
#1610 = CARTESIAN_POINT ( 'NONE',  ( 3.024999999999999911, 10.09999999999999964, -9.849999999999999645 ) ) ;
#1611 = CARTESIAN_POINT ( 'NONE',  ( -26.62500000000000000, 2.625000000000000000, 27.64663336986830089 ) ) ;
#1612 = CARTESIAN_POINT ( 'NONE',  ( 22.79018295852085529, 12.47980685785115718, -20.56742015521047762 ) ) ;
#1613 = CARTESIAN_POINT ( 'NONE',  ( -17.22329836870004272, 14.99248877335511487, -38.21409733315979906 ) ) ;
#1614 = EDGE_CURVE ( 'NONE', #9517, #1383, #7855, .T. ) ;
#1615 = CARTESIAN_POINT ( 'NONE',  ( -22.82867740516833521, 4.590543926805284336, 18.17799696524176056 ) ) ;
#1616 = PLANE ( 'NONE',  #6409 ) ;
#1617 = CARTESIAN_POINT ( 'NONE',  ( 13.40627640430598078, 12.51461920967793162, -29.31267132621650973 ) ) ;
#1618 = DIRECTION ( 'NONE',  ( 3.003850174851609799E-16, -7.509625437129029427E-17, -1.000000000000000000 ) ) ;
#1619 = CARTESIAN_POINT ( 'NONE',  ( -7.885989357117980880, -13.82148917088871976, -36.88048769960599316 ) ) ;
#1620 = DIRECTION ( 'NONE',  ( 1.000000000000000000, 0.000000000000000000, 0.000000000000000000 ) ) ;
#1621 = CARTESIAN_POINT ( 'NONE',  ( -20.06078834720589654, 14.32378855648507532, -1.774596185495015854 ) ) ;
#1622 = EDGE_LOOP ( 'NONE', ( #2010, #2869 ) ) ;
#1623 = CARTESIAN_POINT ( 'NONE',  ( -25.92481598740205584, -8.305813857788585608, 5.201061085032681497 ) ) ;
#1624 = ORIENTED_EDGE ( 'NONE', *, *, #1359, .T. ) ;
#1625 = AXIS2_PLACEMENT_3D ( 'NONE', #1550, #5374, #8394 ) ;
#1626 = CARTESIAN_POINT ( 'NONE',  ( -23.90611443409387249, -14.32379000772459676, -1.774596669241525815 ) ) ;
#1627 = EDGE_CURVE ( 'NONE', #8778, #2058, #784, .T. ) ;
#1628 = CARTESIAN_POINT ( 'NONE',  ( 4.329014785873204652, 14.78421494571413852, -25.09076719210115058 ) ) ;
#1629 = CARTESIAN_POINT ( 'NONE',  ( 9.039401424503557436, -12.88147106041648371, -31.48589041420723333 ) ) ;
#1630 = DIRECTION ( 'NONE',  ( -2.518897925470369735E-49, -7.509625437129029427E-17, 1.000000000000000000 ) ) ;
#1631 = EDGE_CURVE ( 'NONE', #4882, #3212, #3442, .T. ) ;
#1632 = DIRECTION ( 'NONE',  ( 1.000000000000000000, 0.000000000000000000, 2.881657216719184962E-16 ) ) ;
#1633 = CARTESIAN_POINT ( 'NONE',  ( 15.12500000000000000, 2.625000000000000000, 18.55336663013169840 ) ) ;
#1634 = AXIS2_PLACEMENT_3D ( 'NONE', #9161, #7544, #4623 ) ;
#1635 = ORIENTED_EDGE ( 'NONE', *, *, #8925, .F. ) ;
#1636 = ORIENTED_EDGE ( 'NONE', *, *, #7531, .T. ) ;
#1637 = ORIENTED_EDGE ( 'NONE', *, *, #117, .F. ) ;
#1638 = ORIENTED_EDGE ( 'NONE', *, *, #2118, .T. ) ;
#1639 = ADVANCED_FACE ( 'NONE', ( #5298 ), #8312, .T. ) ;
#1640 = ADVANCED_FACE ( 'NONE', ( #3869 ), #3135, .F. ) ;
#1641 = ADVANCED_FACE ( 'NONE', ( #4167 ), #86, .T. ) ;
#1642 = DIRECTION ( 'NONE',  ( -2.164016633576080066E-32, -1.000000000000000000, 1.084202172485503818E-16 ) ) ;
#1643 = DIRECTION ( 'NONE',  ( -1.000000000000000000, 0.000000000000000000, 0.000000000000000000 ) ) ;
#1644 = DIRECTION ( 'NONE',  ( -1.586513731010844962E-32, 1.000000000000000000, -6.684511119632269602E-17 ) ) ;
#1645 = CARTESIAN_POINT ( 'NONE',  ( -23.01747696270937737, -2.105326353732938749, 16.60332164530953492 ) ) ;
#1646 = CARTESIAN_POINT ( 'NONE',  ( -23.16053390593274841, 10.09999999999999964, -23.53553390593269867 ) ) ;
#1647 = LINE ( 'NONE', #5379, #6353 ) ;
#1648 = CARTESIAN_POINT ( 'NONE',  ( 3.570122197767649830, 15.25135460600989923, -25.00000000000000000 ) ) ;
#1649 = VERTEX_POINT ( 'NONE', #388 ) ;
#1650 = VECTOR ( 'NONE', #3685, 1000.000000000000000 ) ;
#1651 = CARTESIAN_POINT ( 'NONE',  ( 21.67500000000000071, 1.734723475976804925E-15, -23.20588489187539949 ) ) ;
#1652 = DIRECTION ( 'NONE',  ( -1.000000000000000000, 0.000000000000000000, 0.000000000000000000 ) ) ;
#1653 = DIRECTION ( 'NONE',  ( 0.000000000000000000, 0.000000000000000000, -1.000000000000000000 ) ) ;
#1654 = CARTESIAN_POINT ( 'NONE',  ( -23.81394430696030184, -10.59999999999999964, 8.605745400281710644 ) ) ;
#1655 = LINE ( 'NONE', #979, #9609 ) ;
#1656 = LINE ( 'NONE', #6833, #7932 ) ;
#1657 = CARTESIAN_POINT ( 'NONE',  ( -19.01854507176975062, 13.99999999999745981, -38.29999999999999716 ) ) ;
#1658 = ORIENTED_EDGE ( 'NONE', *, *, #849, .T. ) ;
#1659 = CARTESIAN_POINT ( 'NONE',  ( -22.74301133291770682, 4.555593375901556996, 19.09285308765365130 ) ) ;
#1660 = CARTESIAN_POINT ( 'NONE',  ( -24.08344913087562844, 11.72465080853997854, -0.1611326325144321892 ) ) ;
#1661 = DIRECTION ( 'NONE',  ( 1.000000000000000000, 0.000000000000000000, 2.881657216719184962E-16 ) ) ;
#1662 = DIRECTION ( 'NONE',  ( -1.000000000000000000, 0.000000000000000000, 0.000000000000000000 ) ) ;
#1663 = CARTESIAN_POINT ( 'NONE',  ( -17.29264573336424959, -14.99291452750209963, -37.21682414284654783 ) ) ;
#1664 = CARTESIAN_POINT ( 'NONE',  ( 16.62500000000000000, -7.000000000000000000, 13.50000000000000000 ) ) ;
#1665 = CARTESIAN_POINT ( 'NONE',  ( -19.82915698900293933, 14.32372629384290263, -1.774575431280960736 ) ) ;
#1666 = ORIENTED_EDGE ( 'NONE', *, *, #4517, .T. ) ;
#1667 = CARTESIAN_POINT ( 'NONE',  ( -25.88991377037424968, -8.768250222708370956, 5.088209185381279198 ) ) ;
#1668 = AXIS2_PLACEMENT_3D ( 'NONE', #5220, #1486, #8237 ) ;
#1669 = VERTEX_POINT ( 'NONE', #5639 ) ;
#1670 = EDGE_CURVE ( 'NONE', #568, #9030, #3757, .T. ) ;
#1671 = CARTESIAN_POINT ( 'NONE',  ( -18.60139766985431464, -14.32204852272833229, -1.774016174242770028 ) ) ;
#1672 = VECTOR ( 'NONE', #2505, 1000.000000000000000 ) ;
#1673 = ORIENTED_EDGE ( 'NONE', *, *, #2680, .F. ) ;
#1674 = CARTESIAN_POINT ( 'NONE',  ( 24.88004555812154450, -11.32464184571448662, -18.93035559433161552 ) ) ;
#1675 = CARTESIAN_POINT ( 'NONE',  ( -6.625000000000000000, 8.000000000000000000, 4.621590195025239791E-15 ) ) ;
#1676 = DIRECTION ( 'NONE',  ( 1.000000000000000000, 0.000000000000000000, 0.000000000000000000 ) ) ;
#1677 = CARTESIAN_POINT ( 'NONE',  ( -11.07499999999999929, -2.625000000000000000, 26.59663336986829663 ) ) ;
#1678 = VERTEX_POINT ( 'NONE', #1130 ) ;
#1679 = ORIENTED_EDGE ( 'NONE', *, *, #3142, .F. ) ;
#1680 = ORIENTED_EDGE ( 'NONE', *, *, #7844, .T. ) ;
#1681 = EDGE_LOOP ( 'NONE', ( #9221, #8360 ) ) ;
#1682 = VECTOR ( 'NONE', #8853, 1000.000000000000000 ) ;
#1683 = EDGE_CURVE ( 'NONE', #5644, #4305, #4911, .T. ) ;
#1684 = ORIENTED_EDGE ( 'NONE', *, *, #926, .T. ) ;
#1685 = AXIS2_PLACEMENT_3D ( 'NONE', #93, #936, #4614 ) ;
#1686 = CARTESIAN_POINT ( 'NONE',  ( 22.62500000000000000, -12.00000000000000000, 0.8672861625754179071 ) ) ;
#1687 = FACE_OUTER_BOUND ( 'NONE', #7519, .T. ) ;
#1688 = DIRECTION ( 'NONE',  ( -2.164016633576080066E-32, 1.000000000000000000, 7.242684271981949524E-17 ) ) ;
#1689 = CARTESIAN_POINT ( 'NONE',  ( -22.80892312180307258, -0.6290035582612566456, 18.37154402799113484 ) ) ;
#1690 = CARTESIAN_POINT ( 'NONE',  ( -26.62500000000000355, 9.346828568250131752, 0.1701681063400047877 ) ) ;
#1691 = AXIS2_PLACEMENT_3D ( 'NONE', #424, #6419, #7907 ) ;
#1692 = EDGE_CURVE ( 'NONE', #3958, #2281, #8612, .T. ) ;
#1693 = CARTESIAN_POINT ( 'NONE',  ( -23.16053390593259920, 10.09999999999999964, -10.53553390593270045 ) ) ;
#1694 = LINE ( 'NONE', #5380, #7987 ) ;
#1695 = ORIENTED_EDGE ( 'NONE', *, *, #739, .T. ) ;
#1696 = ORIENTED_EDGE ( 'NONE', *, *, #1758, .T. ) ;
#1697 = ORIENTED_EDGE ( 'NONE', *, *, #6997, .T. ) ;
#1698 = APPROVAL ( #2008, '未指定' ) ;
#1699 = ADVANCED_FACE ( 'NONE', ( #6227 ), #9599, .F. ) ;
#1700 = AXIS2_PLACEMENT_3D ( 'NONE', #5028, #2862, #1441 ) ;
#1701 = B_SPLINE_CURVE_WITH_KNOTS ( 'NONE', 3,
 ( #7539, #4435, #8282, #7445 ),
 .UNSPECIFIED., .F., .F.,
 ( 4, 4 ),
 ( 3.878959614448865017E-18, 0.01300053146097862079 ),
 .UNSPECIFIED. ) ;
#1702 = CARTESIAN_POINT ( 'NONE',  ( -26.62500000000001066, -14.99999999999996980, 4.336808689942016947E-15 ) ) ;
#1703 = DIRECTION ( 'NONE',  ( -0.000000000000000000, 1.000000000000000000, 0.000000000000000000 ) ) ;
#1704 = CARTESIAN_POINT ( 'NONE',  ( -13.57500000000000107, -12.00000000000000000, 6.505745400281710999 ) ) ;
#1705 = DIRECTION ( 'NONE',  ( 0.000000000000000000, 0.000000000000000000, -1.000000000000000000 ) ) ;
#1706 = DIRECTION ( 'NONE',  ( 0.000000000000000000, 0.000000000000000000, -1.000000000000000000 ) ) ;
#1707 = CARTESIAN_POINT ( 'NONE',  ( 25.39371436300438134, 12.15838006962810702, -15.24325494239140966 ) ) ;
#1708 = LINE ( 'NONE', #2548, #7154 ) ;
#1709 = AXIS2_PLACEMENT_3D ( 'NONE', #9145, #8407, #2298 ) ;
#1710 = B_SPLINE_CURVE_WITH_KNOTS ( 'NONE', 3,
 ( #6090, #9053, #4658, #7666, #8461, #1520, #1707, #3922, #8366, #3780, #4510, #3967, #9099, #6932, #4716, #6978, #6788, #3043, #238, #3184, #3229, #1612, #4610, #140, #6230, #187, #2301, #9249, #392, #441, #3432, #7084, #343, #1810, #2490, #7875, #3383, #2702, #2646, #7765, #1132, #7231, #8664, #4914, #7817, #6284, #5642, #1912, #9460, #5495, #5692, #7923, #2597, #4761, #8517, #1227, #3333, #1181, #6436, #7971, #1027, #8708, #2547, #4171, #4864, #8609, #1078, #6334, #4216, #5591, #495, #1760, #6383, #1960, #4960, #9357, #1860, #4811, #4014, #4121, #9406, #4066, #7177, #3479, #7026, #285, #5542, #3279, #9309, #7130, #8562, #3578, #6486, #8066, #4414, #8751, #2151, #539 ),
 .UNSPECIFIED., .F., .F.,
 ( 4, 2, 1, 1, 2, 2, 2, 1, 1, 1, 1, 1, 2, 2, 2, 2, 1, 1, 1, 1, 1, 2, 2, 2, 2, 1, 1, 1, 1, 1, 2, 2, 2, 1, 1, 1, 1, 1, 2, 2, 2, 1, 1, 1, 1, 2, 2, 1, 1, 1, 1, 2, 2, 1, 1, 1, 1, 1, 1, 2, 2, 1, 1, 1, 1, 1, 1, 2, 2, 4 ),
 ( 0.000000000000000000, 0.03124999999998636507, 0.04687499999997955802, 0.05468749999997610939, 0.05859374999997438854, 0.06249999999997266076, 0.09374999999995829725, 0.1093749999999511918, 0.1171874999999476530, 0.1210937499999459183, 0.1230468749999449191, 0.1240234374999443917, 0.1245117187499441141, 0.1249999999999438505, 0.1874999999999304445, 0.2187499999999237554, 0.2343749999999204248, 0.2421874999999188149, 0.2460937499999180100, 0.2480468749999177047, 0.2490234374999175104, 0.2495117187499175104, 0.2499999999999174549, 0.3124999999999122924, 0.3437499999999096834, 0.3593749999999083511, 0.3671874999999076850, 0.3710937499999073519, 0.3730468749999072964, 0.3740234374999072964, 0.3745117187499072409, 0.3749999999999071854, 0.4374999999999130695, 0.4687499999999160116, 0.4843749999999173994, 0.4921874999999180100, 0.4960937499999183986, 0.4980468749999184541, 0.4990234374999185651, 0.4999999999999186207, 0.5624999999999277245, 0.5937499999999324984, 0.6093749999999347189, 0.6171874999999358291, 0.6210937499999363842, 0.6230468749999366063, 0.6249999999999369393, 0.6874999999999458211, 0.7187499999999503730, 0.7343749999999527045, 0.7421874999999538147, 0.7460937499999543698, 0.7499999999999548139, 0.8124999999999624745, 0.8437499999999662492, 0.8593749999999682476, 0.8671874999999691358, 0.8710937499999695799, 0.8730468749999698019, 0.8740234374999699130, 0.8749999999999700240, 0.9062499999999731326, 0.9218749999999747979, 0.9296874999999755751, 0.9335937499999760192, 0.9355468749999762412, 0.9365234374999763522, 0.9370117187499765743, 0.9374999999999766853, 1.000000000000000000 ),
 .UNSPECIFIED. ) ;
#1711 = ORIENTED_EDGE ( 'NONE', *, *, #6335, .F. ) ;
#1712 = VECTOR ( 'NONE', #6985, 1000.000000000000000 ) ;
#1713 = VECTOR ( 'NONE', #423, 1000.000000000000000 ) ;
#1714 = CARTESIAN_POINT ( 'NONE',  ( -22.70413965014241953, 4.360612160478972044, 19.58105264186176697 ) ) ;
#1715 = CIRCLE ( 'NONE', #2982, 1.049999999999998934 ) ;
#1716 = DIRECTION ( 'NONE',  ( 0.000000000000000000, 0.000000000000000000, 1.000000000000000000 ) ) ;
#1717 = DIRECTION ( 'NONE',  ( 0.000000000000000000, 0.000000000000000000, -1.000000000000000000 ) ) ;
#1718 = CARTESIAN_POINT ( 'NONE',  ( 9.392850873381213717, 12.73008228270173881, 0.03393782587178308108 ) ) ;
#1719 = DIRECTION ( 'NONE',  ( 0.000000000000000000, 0.000000000000000000, -1.000000000000000000 ) ) ;
#1720 = PLANE ( 'NONE',  #9452 ) ;
#1721 = CARTESIAN_POINT ( 'NONE',  ( -9.969448724536020379, -12.00000000000000000, -0.9999999999999890088 ) ) ;
#1722 = CARTESIAN_POINT ( 'NONE',  ( -24.63415021667051263, -7.592172870493516967, 9.206273292288216226 ) ) ;
#1723 = AXIS2_PLACEMENT_3D ( 'NONE', #8728, #7002, #3253 ) ;
#1724 = ORIENTED_EDGE ( 'NONE', *, *, #1114, .T. ) ;
#1725 = CARTESIAN_POINT ( 'NONE',  ( 16.62500000000000000, -12.00000000000000000, 8.000000000000000000 ) ) ;
#1726 = VERTEX_POINT ( 'NONE', #8797 ) ;
#1727 = VECTOR ( 'NONE', #8630, 1000.000000000000000 ) ;
#1728 = B_SPLINE_CURVE_WITH_KNOTS ( 'NONE', 3,
 ( #1198, #6301, #9264, #3982 ),
 .UNSPECIFIED., .F., .F.,
 ( 4, 4 ),
 ( 0.000000000000000000, 1.000000000000000000 ),
 .UNSPECIFIED. ) ;
#1729 = AXIS2_PLACEMENT_3D ( 'NONE', #404, #1873, #2504 ) ;
#1730 = CARTESIAN_POINT ( 'NONE',  ( 25.75185937550569903, -12.11275902115842129, -37.52380000000000138 ) ) ;
#1731 = CARTESIAN_POINT ( 'NONE',  ( 3.982832694840629184, 14.85760961010121939, -25.06881631777779873 ) ) ;
#1732 = CARTESIAN_POINT ( 'NONE',  ( 9.560681061469205488, -12.67320868366506659, 0.05488410272504894161 ) ) ;
#1733 = FACE_OUTER_BOUND ( 'NONE', #4316, .T. ) ;
#1734 = AXIS2_PLACEMENT_3D ( 'NONE', #5547, #8569, #7089 ) ;
#1735 = DIRECTION ( 'NONE',  ( 1.000000000000000000, 0.000000000000000000, 2.881657216719184962E-16 ) ) ;
#1736 = CARTESIAN_POINT ( 'NONE',  ( -18.21811974579579996, 13.12500000000000000, -41.79999999999999716 ) ) ;
#1737 = EDGE_LOOP ( 'NONE', ( #8531, #3521 ) ) ;
#1738 = ORIENTED_EDGE ( 'NONE', *, *, #5699, .T. ) ;
#1739 = EDGE_LOOP ( 'NONE', ( #55, #7912, #6417, #9265, #2128, #7847, #4043, #1842 ) ) ;
#1740 = CIRCLE ( 'NONE', #3002, 47.90277777777830437 ) ;
#1741 = ORIENTED_EDGE ( 'NONE', *, *, #1754, .F. ) ;
#1742 = FACE_OUTER_BOUND ( 'NONE', #5960, .T. ) ;
#1743 = DIRECTION ( 'NONE',  ( 1.000000000000000000, 0.000000000000000000, 2.881657216719180031E-16 ) ) ;
#1744 = DIRECTION ( 'NONE',  ( -2.164016633576080066E-32, 1.000000000000000000, 7.509625437129029427E-17 ) ) ;
#1745 = CARTESIAN_POINT ( 'NONE',  ( 7.829014785873200211, 14.78421494571413852, -14.98620650402077992 ) ) ;
#1746 = CARTESIAN_POINT ( 'NONE',  ( -25.67500000000000071, 8.000000000000000000, -37.79999999999999716 ) ) ;
#1747 = CARTESIAN_POINT ( 'NONE',  ( -26.84991221830399866, -8.768250222726480914, 5.088209185381279198 ) ) ;
#1748 = CARTESIAN_POINT ( 'NONE',  ( 8.000866755077437276, 14.80168231586714889, -14.99130388567420447 ) ) ;
#1749 = ORIENTED_EDGE ( 'NONE', *, *, #6470, .T. ) ;
#1750 = ORIENTED_EDGE ( 'NONE', *, *, #1460, .T. ) ;
#1751 = ORIENTED_EDGE ( 'NONE', *, *, #7537, .F. ) ;
#1752 = ADVANCED_FACE ( 'NONE', ( #7374 ), #1223, .F. ) ;
#1753 = CARTESIAN_POINT ( 'NONE',  ( -13.57500000000000284, 10.10000000000000497, -6.800000000000010481 ) ) ;
#1754 = EDGE_CURVE ( 'NONE', #4742, #8347, #6530, .T. ) ;
#1755 = AXIS2_PLACEMENT_3D ( 'NONE', #6827, #9189, #84 ) ;
#1756 = DIRECTION ( 'NONE',  ( 0.000000000000000000, 0.000000000000000000, 1.000000000000000000 ) ) ;
#1757 = CARTESIAN_POINT ( 'NONE',  ( 11.22901478587319879, 18.28421494571415451, -25.00000000000000000 ) ) ;
#1758 = EDGE_CURVE ( 'NONE', #4826, #7848, #4410, .T. ) ;
#1759 = CARTESIAN_POINT ( 'NONE',  ( 23.77825679652935165, 12.35968223302900171, 5.933354731698269350E-13 ) ) ;
#1760 = CARTESIAN_POINT ( 'NONE',  ( -5.287133426746664533, 14.71374679628546112, -35.24935262447857554 ) ) ;
#1761 = LINE ( 'NONE', #4067, #8568 ) ;
#1762 = EDGE_LOOP ( 'NONE', ( #4603, #3566, #2407, #810 ) ) ;
#1763 = EDGE_LOOP ( 'NONE', ( #8425, #3314, #7366, #2835 ) ) ;
#1764 = ADVANCED_FACE ( 'NONE', ( #536 ), #5689, .F. ) ;
#1765 = DIRECTION ( 'NONE',  ( 0.000000000000000000, 0.000000000000000000, 1.000000000000000000 ) ) ;
#1766 = ADVANCED_FACE ( 'NONE', ( #2787 ), #1319, .F. ) ;
#1767 = DIRECTION ( 'NONE',  ( 0.000000000000000000, -1.000000000000000000, 0.000000000000000000 ) ) ;
#1768 = FACE_BOUND ( 'NONE', #227, .T. ) ;
#1769 = CARTESIAN_POINT ( 'NONE',  ( 10.04896227862838209, 12.51088754373181366, 0.1273137835626577674 ) ) ;
#1770 = CARTESIAN_POINT ( 'NONE',  ( -13.57500000000000107, -8.768250222726480914, 6.088209185381289856 ) ) ;
#1771 = FACE_OUTER_BOUND ( 'NONE', #3805, .T. ) ;
#1772 = FACE_OUTER_BOUND ( 'NONE', #2316, .T. ) ;
#1773 = LINE ( 'NONE', #6348, #6912 ) ;
#1774 = ORIENTED_EDGE ( 'NONE', *, *, #510, .T. ) ;
#1775 = CARTESIAN_POINT ( 'NONE',  ( -24.29166666666665719, -15.00000000000000000, -4.000000000000000000 ) ) ;
#1776 = ORIENTED_EDGE ( 'NONE', *, *, #3200, .T. ) ;
#1777 = CARTESIAN_POINT ( 'NONE',  ( -20.21862588533365823, -14.32379000772480282, -1.774596669241593760 ) ) ;
#1778 = DIRECTION ( 'NONE',  ( 1.000000000000000000, 0.000000000000000000, 0.000000000000000000 ) ) ;
#1779 = CARTESIAN_POINT ( 'NONE',  ( 9.597681817777072411, -12.66061688887547376, 0.05935071374649764087 ) ) ;
#1780 = CARTESIAN_POINT ( 'NONE',  ( 12.02998037172552515, -13.59976790072656705, -28.97224014091065669 ) ) ;
#1781 = CARTESIAN_POINT ( 'NONE',  ( 26.62500000000000000, -11.12083830918276028, -12.03976285529073920 ) ) ;
#1782 = CARTESIAN_POINT ( 'NONE',  ( -13.57500000000000107, 0.000000000000000000, 30.09999999999999787 ) ) ;
#1783 =( BOUNDED_SURFACE ( )  B_SPLINE_SURFACE ( 3, 2, ( 
 ( #5643, #9407, #4812 ),
 ( #4865, #8518, #8665 ),
 ( #9358, #3280, #1913 ),
 ( #6231, #4717, #9310 ) ),
 .UNSPECIFIED., .F., .F., .T. ) 
 B_SPLINE_SURFACE_WITH_KNOTS ( ( 4, 4 ),
 ( 3, 3 ),
 ( 0.02014957080354519772, 0.02562091645075944765 ),
 ( 0.000000000000000000, 1.000000000000000000 ),
 .UNSPECIFIED. ) 
 GEOMETRIC_REPRESENTATION_ITEM ( )  RATIONAL_B_SPLINE_SURFACE ( (
 ( 1.000000000000000000, 0.7071067811865500152, 1.000000000000000000),
 ( 1.000000000000000000, 0.7071067811865500152, 1.000000000000000000),
 ( 1.000000000000000000, 0.7071067811865490160, 1.000000000000000000),
 ( 1.000000000000000000, 0.7071067811865490160, 1.000000000000000000) ) ) 
 REPRESENTATION_ITEM ( '' )  SURFACE ( )  );
#1784 = VERTEX_POINT ( 'NONE', #5050 ) ;
#1785 = VERTEX_POINT ( 'NONE', #2146 ) ;
#1786 = VERTEX_POINT ( 'NONE', #1956 ) ;
#1787 = TOROIDAL_SURFACE ( 'NONE', #4302, 8.000000000000000000, 4.000000000000000000 ) ;
#1788 = EDGE_LOOP ( 'NONE', ( #3837, #1749, #9528, #2225 ) ) ;
#1789 = ORIENTED_EDGE ( 'NONE', *, *, #2395, .F. ) ;
#1791 = CARTESIAN_POINT ( 'NONE',  ( -11.07499999999999929, 2.625000000000000000, 17.50336663013170124 ) ) ;
#1790 = VECTOR ( 'NONE', #1796, 1000.000000000000000 ) ;
#1792 = DIRECTION ( 'NONE',  ( -2.881657216719180031E-16, 0.000000000000000000, 1.000000000000000000 ) ) ;
#1793 = DIRECTION ( 'NONE',  ( -0.000000000000000000, 1.000000000000000000, 0.000000000000000000 ) ) ;
#1794 = CARTESIAN_POINT ( 'NONE',  ( -0.4771635347256993342, 14.71685752783924350, -25.36474882708990464 ) ) ;
#1795 = PLANE ( 'NONE',  #2819 ) ;
#1796 = DIRECTION ( 'NONE',  ( 0.000000000000000000, -1.000000000000000000, 0.000000000000000000 ) ) ;
#1797 = CARTESIAN_POINT ( 'NONE',  ( 25.12067669757026067, -11.29676477993103845, -18.47422789166695978 ) ) ;
#1798 = EDGE_LOOP ( 'NONE', ( #3220, #7461, #4007, #2871 ) ) ;
#1799 = ORIENTED_EDGE ( 'NONE', *, *, #8790, .T. ) ;
#1800 = ORIENTED_EDGE ( 'NONE', *, *, #9301, .T. ) ;
#1801 = EDGE_CURVE ( 'NONE', #753, #6905, #2762, .T. ) ;
#1802 = AXIS2_PLACEMENT_3D ( 'NONE', #775, #4602, #6679 ) ;
#1803 = ADVANCED_FACE ( 'NONE', ( #5835 ), #4309, .F. ) ;
#1804 = DIRECTION ( 'NONE',  ( -0.7071067811865525687, 0.000000000000000000, -0.7071067811865424657 ) ) ;
#1805 = CARTESIAN_POINT ( 'NONE',  ( 23.01142029580281800, -11.98688587400473970, 0.2950697837696745207 ) ) ;
#1806 = VECTOR ( 'NONE', #7937, 1000.000000000000000 ) ;
#1807 = CARTESIAN_POINT ( 'NONE',  ( -10.17224623924378335, 14.87568846737826789, 2.602085213965210247E-15 ) ) ;
#1808 = DIRECTION ( 'NONE',  ( -4.819251711665099467E-46, -2.917014940608320129E-31, 1.000000000000000000 ) ) ;
#1809 = CARTESIAN_POINT ( 'NONE',  ( -22.60973133994220774, -4.429652746233989191, 21.27594284627006971 ) ) ;
#1810 = CARTESIAN_POINT ( 'NONE',  ( 18.63142867673320779, 12.95193028358912990, -24.74363638275098154 ) ) ;
#1811 = DIRECTION ( 'NONE',  ( 0.000000000000000000, -2.059984127722470100E-14, -1.000000000000000000 ) ) ;
#1812 = ORIENTED_EDGE ( 'NONE', *, *, #6151, .T. ) ;
#1813 = EDGE_CURVE ( 'NONE', #5583, #9660, #6674, .T. ) ;
#1814 = ORIENTED_EDGE ( 'NONE', *, *, #3920, .T. ) ;
#1815 = CARTESIAN_POINT ( 'NONE',  ( -12.07775100597417861, 12.09999999999999964, -35.58940280389295197 ) ) ;
#1816 = PLANE ( 'NONE',  #8456 ) ;
#1817 = CARTESIAN_POINT ( 'NONE',  ( -22.89088969254438766, -4.387404526390803028, 17.60715767608833460 ) ) ;
#1818 = CARTESIAN_POINT ( 'NONE',  ( -12.91685268976474354, -14.93745281065229946, -8.755300772057783121 ) ) ;
#1819 = CARTESIAN_POINT ( 'NONE',  ( -22.57882279523478175, 7.156549253711149916, 22.49485482310141649 ) ) ;
#1820 = DIRECTION ( 'NONE',  ( 1.000000000000000000, 0.000000000000000000, 2.881657216719184962E-16 ) ) ;
#1821 = DIRECTION ( 'NONE',  ( 0.000000000000000000, -1.734723475976807094E-15, -1.000000000000000000 ) ) ;
#1822 = CARTESIAN_POINT ( 'NONE',  ( 8.078362714772882924, 14.82148990370907882, -25.00555990032135867 ) ) ;
#1823 = DIRECTION ( 'NONE',  ( 0.000000000000000000, 0.000000000000000000, -1.000000000000000000 ) ) ;
#1824 = ORIENTED_EDGE ( 'NONE', *, *, #1233, .F. ) ;
#1825 = CARTESIAN_POINT ( 'NONE',  ( -19.62500000000000000, 15.00000000000000000, -39.30000000000000426 ) ) ;
#1826 = ADVANCED_FACE ( 'NONE', ( #7228 ), #2097, .F. ) ;
#1827 = ORIENTED_EDGE ( 'NONE', *, *, #8269, .F. ) ;
#1828 = EDGE_CURVE ( 'NONE', #6842, #5644, #7967, .T. ) ;
#1829 = CARTESIAN_POINT ( 'NONE',  ( -24.54423707532179222, -11.52036079404414437, -0.8401202646811873898 ) ) ;
#1830 = B_SPLINE_CURVE_WITH_KNOTS ( 'NONE', 2,
 ( #5814, #9526, #8774 ),
 .UNSPECIFIED., .F., .F.,
 ( 3, 3 ),
 ( 0.1835034202300999950, 0.5115381098844179464 ),
 .UNSPECIFIED. ) ;
#1831 = LINE ( 'NONE', #464, #1258 ) ;
#1832 = CARTESIAN_POINT ( 'NONE',  ( 7.829014785873201987, 13.94727521435340734, -25.76337647260798036 ) ) ;
#1833 = CARTESIAN_POINT ( 'NONE',  ( 19.26195630466279596, -12.88261421893588476, -24.19730922856921040 ) ) ;
#1834 = AXIS2_PLACEMENT_3D ( 'NONE', #7414, #9587, #6565 ) ;
#1835 = LINE ( 'NONE', #6358, #7541 ) ;
#1836 = CARTESIAN_POINT ( 'NONE',  ( -23.57499999999999929, 8.000000000000000000, -30.13015151901650057 ) ) ;
#1837 = ORIENTED_EDGE ( 'NONE', *, *, #8009, .F. ) ;
#1838 = VERTEX_POINT ( 'NONE', #8111 ) ;
#1839 = ORIENTED_EDGE ( 'NONE', *, *, #2294, .T. ) ;
#1840 = EDGE_LOOP ( 'NONE', ( #3312, #484, #2470, #3447 ) ) ;
#1841 = AXIS2_PLACEMENT_3D ( 'NONE', #6004, #704, #150 ) ;
#1842 = ORIENTED_EDGE ( 'NONE', *, *, #5879, .F. ) ;
#1843 = DIRECTION ( 'NONE',  ( 1.000000000000000000, 0.000000000000000000, 2.881657216719184962E-16 ) ) ;
#1844 = DIRECTION ( 'NONE',  ( -1.000000000000000000, 0.000000000000000000, -2.881657216719184962E-16 ) ) ;
#1845 = CARTESIAN_POINT ( 'NONE',  ( 9.674999999999998934, 10.09999999999999964, -31.19659787680119933 ) ) ;
#1846 = CARTESIAN_POINT ( 'NONE',  ( -0.2295015835213472799, 14.98086599630470062, -25.13106932633244384 ) ) ;
#1847 = CARTESIAN_POINT ( 'NONE',  ( 26.62500000000000000, 0.000000000000000000, 23.09999999999999787 ) ) ;
#1848 = CARTESIAN_POINT ( 'NONE',  ( -10.62712255461673827, 12.09999999999999964, -35.34359239950279630 ) ) ;
#1849 = CARTESIAN_POINT ( 'NONE',  ( 3.024999999999999911, -17.54325025195879917, -10.00000000000000000 ) ) ;
#1850 = AXIS2_PLACEMENT_3D ( 'NONE', #4562, #1652, #2345 ) ;
#1851 = VERTEX_POINT ( 'NONE', #1367 ) ;
#1852 = VERTEX_POINT ( 'NONE', #4358 ) ;
#1853 = ORIENTED_EDGE ( 'NONE', *, *, #7198, .T. ) ;
#1854 = AXIS2_PLACEMENT_3D ( 'NONE', #622, #9686, #9636 ) ;
#1855 = CARTESIAN_POINT ( 'NONE',  ( -15.72619709328030169, -10.98907764563688083, 2.602085213965209853E-15 ) ) ;
#1856 = CARTESIAN_POINT ( 'NONE',  ( 24.72874206994302071, -11.40509334219691340, 0.09499295234709796698 ) ) ;
#1857 = CARTESIAN_POINT ( 'NONE',  ( -18.78208254402111521, 14.99917817821332910, -6.494694966282098874E-12 ) ) ;
#1858 = CARTESIAN_POINT ( 'NONE',  ( -10.43261184457519875, -10.09999999999999964, -16.19238815542514942 ) ) ;
#1859 = CARTESIAN_POINT ( 'NONE',  ( -22.61676944294263691, -5.002071354470208675, 21.10000000000000142 ) ) ;
#1860 = CARTESIAN_POINT ( 'NONE',  ( -8.704643388526507763, 14.83723313105158859, -36.01712351436512449 ) ) ;
#1861 = CARTESIAN_POINT ( 'NONE',  ( -13.57500000000000462, 14.88991568767850815, -3.206561429233782956 ) ) ;
#1862 = ORIENTED_EDGE ( 'NONE', *, *, #8123, .T. ) ;
#1863 = EDGE_CURVE ( 'NONE', #6221, #8473, #9643, .T. ) ;
#1864 = AXIS2_PLACEMENT_3D ( 'NONE', #1376, #5155, #4365 ) ;
#1865 = VERTEX_POINT ( 'NONE', #9501 ) ;
#1866 = PLANE ( 'NONE',  #1734 ) ;
#1868 = EDGE_CURVE ( 'NONE', #5878, #5821, #9693, .T. ) ;
#1867 = DIRECTION ( 'NONE',  ( 1.000000000000000000, 0.000000000000000000, 0.000000000000000000 ) ) ;
#1869 = CARTESIAN_POINT ( 'NONE',  ( -23.00693550995958958, -3.329870937278299969, 16.68161924390818385 ) ) ;
#1870 = CARTESIAN_POINT ( 'NONE',  ( -14.34699099777682640, 3.757296817588096083, -37.93030986794237691 ) ) ;
#1871 = CARTESIAN_POINT ( 'NONE',  ( -22.61032920927225121, 6.035143279062658017, 21.26054166139970292 ) ) ;
#1872 = AXIS2_PLACEMENT_3D ( 'NONE', #3049, #1578, #4572 ) ;
#1873 = DIRECTION ( 'NONE',  ( -0.9977157321920605559, -5.072927206085877144E-18, 0.06755233331618216985 ) ) ;
#1874 = EDGE_CURVE ( 'NONE', #8391, #9541, #6756, .T. ) ;
#1875 = PLANE ( 'NONE',  #7499 ) ;
#1876 = CARTESIAN_POINT ( 'NONE',  ( 4.329014785873204652, 14.19919496893259847, -26.00000000000000000 ) ) ;
#1877 = CARTESIAN_POINT ( 'NONE',  ( -3.332611844574774995, -10.09999999999999964, -22.09238815542509826 ) ) ;
#1878 = ORIENTED_EDGE ( 'NONE', *, *, #7904, .F. ) ;
#1879 = CARTESIAN_POINT ( 'NONE',  ( 3.024999999999999911, 10.09999999999999964, -38.70134312298129942 ) ) ;
#1880 = DIRECTION ( 'NONE',  ( 0.000000000000000000, 0.000000000000000000, -1.000000000000000000 ) ) ;
#1881 = EDGE_CURVE ( 'NONE', #1159, #1852, #7515, .T. ) ;
#1882 = CARTESIAN_POINT ( 'NONE',  ( 18.91569719072334976, -12.00000000000000000, 1.000000000442595960 ) ) ;
#1883 = LINE ( 'NONE', #1150, #4726 ) ;
#1884 = CIRCLE ( 'NONE', #308, 1.049999999999998934 ) ;
#1885 = CARTESIAN_POINT ( 'NONE',  ( -12.73444626678406344, -14.93398276489913812, -36.70528684286547616 ) ) ;
#1886 = EDGE_CURVE ( 'NONE', #4792, #4534, #3125, .T. ) ;
#1887 = PLANE ( 'NONE',  #7865 ) ;
#1888 = CARTESIAN_POINT ( 'NONE',  ( 20.62500000000000000, 5.250000000000000000, 23.09999999999999787 ) ) ;
#1889 = EDGE_LOOP ( 'NONE', ( #5977, #3175, #9485, #9758 ) ) ;
#1890 = VECTOR ( 'NONE', #2961, 1000.000000000000000 ) ;
#1891 = VERTEX_POINT ( 'NONE', #6775 ) ;
#1892 = VERTEX_POINT ( 'NONE', #1554 ) ;
#1893 = VERTEX_POINT ( 'NONE', #34 ) ;
#1894 = AXIS2_PLACEMENT_3D ( 'NONE', #4276, #7289, #8855 ) ;
#1895 = AXIS2_PLACEMENT_3D ( 'NONE', #1611, #3779, #9195 ) ;
#1896 = ORIENTED_EDGE ( 'NONE', *, *, #7182, .F. ) ;
#1897 = CARTESIAN_POINT ( 'NONE',  ( -13.57500000000000107, -12.00000000000000000, 8.605745400281710644 ) ) ;
#1898 = CARTESIAN_POINT ( 'NONE',  ( -13.49649023082927890, -14.96088833646640026, -13.12850976917092005 ) ) ;
#1899 = FACE_OUTER_BOUND ( 'NONE', #2085, .T. ) ;
#1900 = CARTESIAN_POINT ( 'NONE',  ( 12.22901478587320057, 14.55519494403439928, -25.00000000000000000 ) ) ;
#1901 = CARTESIAN_POINT ( 'NONE',  ( 9.674999999999998934, -10.09999999999999964, -29.30000000000000071 ) ) ;
#1902 = AXIS2_PLACEMENT_3D ( 'NONE', #970, #78, #3957 ) ;
#1903 = CYLINDRICAL_SURFACE ( 'NONE', #5174, 1.049999999999998934 ) ;
#1904 = VERTEX_POINT ( 'NONE', #6820 ) ;
#1905 = ORIENTED_EDGE ( 'NONE', *, *, #5666, .F. ) ;
#1906 = VERTEX_POINT ( 'NONE', #3074 ) ;
#1907 = CARTESIAN_POINT ( 'NONE',  ( -20.15380024153612126, -14.99999999999996980, 4.336808689942016947E-15 ) ) ;
#1908 = CARTESIAN_POINT ( 'NONE',  ( 23.64045643670889874, -11.87467375621868548, 0.2887163633804665230 ) ) ;
#1909 = CARTESIAN_POINT ( 'NONE',  ( -24.53001319065535313, -12.31049989418531965, -1.103499964728432037 ) ) ;
#1910 = LINE ( 'NONE', #6381, #2045 ) ;
#1911 = CARTESIAN_POINT ( 'NONE',  ( -19.62500000000000000, -15.00000000000000000, -27.07106781186555011 ) ) ;
#1912 = CARTESIAN_POINT ( 'NONE',  ( 11.78838593938468016, 13.62206383892957540, -29.10586076591694038 ) ) ;
#1913 = CARTESIAN_POINT ( 'NONE',  ( 9.546225644514640507, 13.81566563496494027, -26.00000000000000000 ) ) ;
#1914 = ORIENTED_EDGE ( 'NONE', *, *, #3076, .F. ) ;
#1915 = ORIENTED_EDGE ( 'NONE', *, *, #3389, .F. ) ;
#1916 = DIRECTION ( 'NONE',  ( 1.000000000000000000, 0.000000000000000000, 0.000000000000000000 ) ) ;
#1917 = CARTESIAN_POINT ( 'NONE',  ( -10.43261184457519875, 14.88244887111400061, -16.19238815542514942 ) ) ;
#1918 = CARTESIAN_POINT ( 'NONE',  ( -22.79320153763926626, -4.624907473954698034, 18.53303865085861446 ) ) ;
#1919 = EDGE_CURVE ( 'NONE', #6557, #1786, #2493, .T. ) ;
#1920 = CARTESIAN_POINT ( 'NONE',  ( -13.83216657088724943, 5.862055373004492864, -37.86547521718153320 ) ) ;
#1921 = DIRECTION ( 'NONE',  ( 1.000000000000000000, 0.000000000000000000, 2.891205793294680298E-16 ) ) ;
#1922 = LINE ( 'NONE', #4775, #8965 ) ;
#1923 = LINE ( 'NONE', #4924, #7812 ) ;
#1924 = DIRECTION ( 'NONE',  ( 0.000000000000000000, 0.000000000000000000, -1.000000000000000000 ) ) ;
#1925 = CARTESIAN_POINT ( 'NONE',  ( -11.07499999999999929, -5.250000000000000000, 23.09999999999999787 ) ) ;
#1926 = ORIENTED_EDGE ( 'NONE', *, *, #8209, .T. ) ;
#1927 = CARTESIAN_POINT ( 'NONE',  ( -21.95833333333332149, -15.00000000000000000, -4.000000000000000000 ) ) ;
#1928 = EDGE_CURVE ( 'NONE', #8804, #3466, #7910, .T. ) ;
#1929 = DIRECTION ( 'NONE',  ( -2.881657216719180031E-16, 0.000000000000000000, 1.000000000000000000 ) ) ;
#1930 = CARTESIAN_POINT ( 'NONE',  ( 4.329014785873204652, 15.63421494571415060, -25.00000000000000000 ) ) ;
#1931 = DIRECTION ( 'NONE',  ( 1.000000000000000000, 0.000000000000000000, 0.000000000000000000 ) ) ;
#1932 = CARTESIAN_POINT ( 'NONE',  ( 7.381858492784924231, -13.98139078580684469, -31.14816996220817913 ) ) ;
#1933 = CARTESIAN_POINT ( 'NONE',  ( -16.57499999999999929, -2.625000000000000000, 16.55336663013170195 ) ) ;
#1934 = FACE_OUTER_BOUND ( 'NONE', #2626, .T. ) ;
#1935 = ORIENTED_EDGE ( 'NONE', *, *, #4627, .T. ) ;
#1936 = ORIENTED_EDGE ( 'NONE', *, *, #9176, .F. ) ;
#1937 = VERTEX_POINT ( 'NONE', #329 ) ;
#1938 = ORIENTED_EDGE ( 'NONE', *, *, #4998, .F. ) ;
#1939 = EDGE_CURVE ( 'NONE', #3385, #7734, #4541, .T. ) ;
#1940 = ADVANCED_FACE ( 'NONE', ( #174 ), #1065, .T. ) ;
#1941 = ORIENTED_EDGE ( 'NONE', *, *, #1560, .F. ) ;
#1942 = FACE_OUTER_BOUND ( 'NONE', #8008, .T. ) ;
#1943 = CARTESIAN_POINT ( 'NONE',  ( 12.67500000000000071, -10.09999999999999964, 13.64553149005146082 ) ) ;
#1944 = CARTESIAN_POINT ( 'NONE',  ( -26.33403602076240801, -9.462555194778380141, 0.7429665351318233135 ) ) ;
#1945 = CARTESIAN_POINT ( 'NONE',  ( 7.829014785873200211, 14.26095353704643642, -14.73592171642985171 ) ) ;
#1946 = VERTEX_POINT ( 'NONE', #4053 ) ;
#1947 = VERTEX_POINT ( 'NONE', #6167 ) ;
#1948 = VERTEX_POINT ( 'NONE', #9182 ) ;
#1949 = EDGE_CURVE ( 'NONE', #6805, #1838, #1558, .T. ) ;
#1950 = ADVANCED_FACE ( 'NONE', ( #3320 ), #1795, .F. ) ;
#1951 = EDGE_CURVE ( 'NONE', #4403, #9237, #8322, .T. ) ;
#1952 = AXIS2_PLACEMENT_3D ( 'NONE', #5197, #582, #5833 ) ;
#1953 = CIRCLE ( 'NONE', #5389, 1.049999999999998934 ) ;
#1954 = CARTESIAN_POINT ( 'NONE',  ( -19.81321016069789920, -11.00011313334739960, 2.602085213965209853E-15 ) ) ;
#1955 = CARTESIAN_POINT ( 'NONE',  ( 23.77825679652935165, -12.35968223302939961, 3.860374679864690189E-13 ) ) ;
#1956 = CARTESIAN_POINT ( 'NONE',  ( 20.62500000000000000, 5.250000000000000000, 25.10000000000000142 ) ) ;
#1957 = CARTESIAN_POINT ( 'NONE',  ( -24.62500000000000000, 8.000000000000000000, -30.13015151901650057 ) ) ;
#1958 = B_SPLINE_CURVE_WITH_KNOTS ( 'NONE', 3,
 ( #5991, #2995, #7384, #2210, #7477, #1472, #5208, #6728, #9752, #2110 ),
 .UNSPECIFIED., .F., .F.,
 ( 4, 2, 2, 2, 4 ),
 ( 0.000000000000000000, 0.2500000000000000000, 0.5000000000000000000, 0.7500000000000000000, 1.000000000000000000 ),
 .UNSPECIFIED. ) ;
#1959 = CARTESIAN_POINT ( 'NONE',  ( 25.18231851147015021, 12.18520486923890012, 7.806255641895628769E-15 ) ) ;
#1960 = CARTESIAN_POINT ( 'NONE',  ( -5.644873872081216604, 14.72783381105628209, -35.33452285382899305 ) ) ;
#1962 = VECTOR ( 'NONE', #4119, 1000.000000000000000 ) ;
#1961 = DIRECTION ( 'NONE',  ( -1.000000000000000000, 0.000000000000000000, 0.000000000000000000 ) ) ;
#1963 = ORIENTED_EDGE ( 'NONE', *, *, #7916, .F. ) ;
#1964 = B_SPLINE_CURVE_WITH_KNOTS ( 'NONE', 3,
 ( #8764, #2019, #7781, #6349 ),
 .UNSPECIFIED., .F., .F.,
 ( 4, 4 ),
 ( 0.000000000000000000, 0.005000533879097859326 ),
 .UNSPECIFIED. ) ;
#1965 = B_SPLINE_CURVE_WITH_KNOTS ( 'NONE', 3,
 ( #3737, #9057, #2398, #9106, #2262, #5216, #6188, #1660, #9201, #7534, #6939, #4474, #2308, #3876, #3188, #8278, #3784, #3146, #1526, #6836, #2358, #1481, #9153, #7488, #744, #5353, #3047, #8233, #6738, #8370, #883, #4, #5309, #4520, #6140, #795, #3094 ),
 .UNSPECIFIED., .F., .F.,
 ( 4, 2, 2, 1, 1, 1, 2, 2, 2, 2, 1, 1, 1, 2, 2, 2, 2, 1, 1, 1, 2, 2, 4 ),
 ( 0.000000000000000000, 0.1249999999999470146, 0.1874999999999204525, 0.2187499999999079903, 0.2343749999999016620, 0.2421874999998984701, 0.2460937499998974431, 0.2499999999998963607, 0.3749999999998953615, 0.4374999999998949174, 0.4687499999998946953, 0.4843749999998945288, 0.4921874999998939737, 0.4960937499998939182, 0.4999999999998938627, 0.6249999999999195088, 0.6874999999999327205, 0.7187499999999397149, 0.7343749999999437117, 0.7421874999999460432, 0.7460937499999474865, 0.7499999999999489297, 1.000000000000000000 ),
 .UNSPECIFIED. ) ;
#1966 = VECTOR ( 'NONE', #4393, 1000.000000000000000 ) ;
#1967 = CARTESIAN_POINT ( 'NONE',  ( 26.62500000000000000, 15.00000000000000000, -12.03976285529073920 ) ) ;
#1968 = CYLINDRICAL_SURFACE ( 'NONE', #6575, 20.00000000000000000 ) ;
#1969 = CARTESIAN_POINT ( 'NONE',  ( -22.83537769683871232, -4.580135205217839456, 18.11238450085666685 ) ) ;
#1970 = CARTESIAN_POINT ( 'NONE',  ( -11.92226244415906677, 10.17918501963823807, -37.58999301096767454 ) ) ;
#1971 = CARTESIAN_POINT ( 'NONE',  ( -22.60973133994218642, 6.070347253769449836, 21.27594284627160803 ) ) ;
#1972 = CARTESIAN_POINT ( 'NONE',  ( -11.96499999999999986, -10.09999999999999964, -33.09999999999999432 ) ) ;
#1973 = CARTESIAN_POINT ( 'NONE',  ( 18.17312819460619977, -13.00000000560882008, 6.938893903907229955E-15 ) ) ;
#1974 = CARTESIAN_POINT ( 'NONE',  ( 4.329014785873204652, 14.46015372901077178, -25.30069472721200796 ) ) ;
#1975 = FACE_OUTER_BOUND ( 'NONE', #7598, .T. ) ;
#1976 = ORIENTED_EDGE ( 'NONE', *, *, #9102, .F. ) ;
#1977 = CARTESIAN_POINT ( 'NONE',  ( -23.16053390593269867, 28.10000000000000142, -20.00000000000000000 ) ) ;
#1978 = B_SPLINE_CURVE_WITH_KNOTS ( 'NONE', 3,
 ( #6819, #6421, #3417, #2529, #4903, #4850, #8594, #7803, #327, #4948, #1064, #9445, #7959, #376, #427, #2691, #7068, #5628, #7857, #9291, #4052, #9392, #1794, #3367, #4156, #3470, #9231, #5527, #1165, #4748, #1846, #3319, #6319, #1214, #2476, #9340, #2581 ),
 .UNSPECIFIED., .F., .F.,
 ( 4, 2, 1, 2, 2, 2, 1, 2, 2, 2, 2, 1, 1, 2, 2, 2, 2, 1, 2, 2, 4 ),
 ( 0.000000000000000000, 0.06249999999999927836, 0.09374999999999708566, 0.1093749999999960448, 0.1249999999999950040, 0.1875000000000026090, 0.2187500000000064670, 0.2343750000000084377, 0.2500000000000104361, 0.3750000000000202616, 0.4375000000000234257, 0.4687500000000249245, 0.4843750000000277556, 0.4921875000000291434, 0.5000000000000305311, 0.6250000000000285327, 0.6875000000000275335, 0.7187500000000270894, 0.7343750000000257572, 0.7500000000000243139, 1.000000000000000000 ),
 .UNSPECIFIED. ) ;
#1979 = FACE_BOUND ( 'NONE', #3861, .T. ) ;
#1980 = CARTESIAN_POINT ( 'NONE',  ( 3.735819189680308128, 15.02527788470065317, -25.02355920710730786 ) ) ;
#1981 = CARTESIAN_POINT ( 'NONE',  ( -5.331579976163599355, 13.72388256448058286, -36.27861165095318796 ) ) ;
#1982 = CARTESIAN_POINT ( 'NONE',  ( -14.73448201945870650, -14.96757971508019480, -36.97612307560721234 ) ) ;
#1983 = CARTESIAN_POINT ( 'NONE',  ( 22.96068956107249903, -11.54388028404880018, -21.77714458156955146 ) ) ;
#1984 = CARTESIAN_POINT ( 'NONE',  ( -13.96814575050796137, -14.95551785225860009, -19.72792206135790138 ) ) ;
#1985 = ORIENTED_EDGE ( 'NONE', *, *, #9519, .F. ) ;
#1986 = ORIENTED_EDGE ( 'NONE', *, *, #8387, .F. ) ;
#1987 = ORIENTED_EDGE ( 'NONE', *, *, #31, .F. ) ;
#1988 = EDGE_CURVE ( 'NONE', #7756, #6302, #8867, .T. ) ;
#1989 = ORIENTED_EDGE ( 'NONE', *, *, #4898, .F. ) ;
#1990 = EDGE_LOOP ( 'NONE', ( #4780, #3231, #154, #5419, #2522, #3790 ) ) ;
#1991 = FACE_OUTER_BOUND ( 'NONE', #1216, .T. ) ;
#1992 = CARTESIAN_POINT ( 'NONE',  ( -13.96814575050770024, 28.10000000000000142, -32.72792206135789428 ) ) ;
#1993 = DIRECTION ( 'NONE',  ( 0.000000000000000000, 0.000000000000000000, -1.000000000000000000 ) ) ;
#1994 = CARTESIAN_POINT ( 'NONE',  ( -25.50364479145164864, -10.77595890297615000, 0.2222991439142842918 ) ) ;
#1995 = FACE_OUTER_BOUND ( 'NONE', #1044, .T. ) ;
#1996 = ORIENTED_EDGE ( 'NONE', *, *, #3285, .F. ) ;
#1997 = ORIENTED_EDGE ( 'NONE', *, *, #7253, .F. ) ;
#1998 = ADVANCED_FACE ( 'NONE', ( #7118 ), #4694, .F. ) ;
#1999 = AXIS2_PLACEMENT_3D ( 'NONE', #8046, #7947, #6605 ) ;
#2000 = DIRECTION ( 'NONE',  ( 0.000000000000000000, 1.000000000000000000, 0.000000000000000000 ) ) ;
#2001 = EDGE_CURVE ( 'NONE', #9284, #5962, #5964, .T. ) ;
#2002 = CARTESIAN_POINT ( 'NONE',  ( 5.029014785873200388, 17.98421494571415025, -25.00000000000000000 ) ) ;
#2003 = CARTESIAN_POINT ( 'NONE',  ( -23.02271788771850680, 2.367502674232397464, 16.56567422845720827 ) ) ;
#2004 = PRODUCT_DEFINITION ( '未知', '', #9377, #4674 ) ;
#2005 = CARTESIAN_POINT ( 'NONE',  ( 9.502498614289679679, 14.81843322196125889, -25.00000000000000000 ) ) ;
#2006 = EDGE_CURVE ( 'NONE', #2271, #4640, #421, .T. ) ;
#2007 = DIRECTION ( 'NONE',  ( 1.000000000000000000, 0.000000000000000000, 0.000000000000000000 ) ) ;
#2008 = APPROVAL_STATUS ( 'not_yet_approved' ) ;
#2009 = FACE_OUTER_BOUND ( 'NONE', #4765, .T. ) ;
#2010 = ORIENTED_EDGE ( 'NONE', *, *, #4461, .F. ) ;
#2011 = B_SPLINE_CURVE_WITH_KNOTS ( 'NONE', 3,
 ( #4662, #3187, #6938, #8321, #9254, #4613, #144, #243, #5394, #4569, #1714, #2498, #1659, #7625, #985, #192, #7532, #7577, #5444, #882, #3875, #1574, #3234, #6234, #1615, #7670, #8464, #9200, #8415, #7725, #5501, #92, #6187, #6885, #8521, #6139, #3828, #2444, #4519, #794, #3783, #3145, #6092, #4721, #9152, #2397, #835, #6791, #934, #9056, #6835, #47, #3046, #6045, #3927, #2306 ),
 .UNSPECIFIED., .F., .F.,
 ( 4, 2, 2, 2, 2, 2, 2, 2, 1, 1, 1, 2, 2, 2, 2, 2, 2, 2, 2, 2, 2, 1, 1, 2, 2, 2, 2, 1, 2, 2, 4 ),
 ( 0.000000000000000000, 0.1249999999999737432, 0.1874999999999610312, 0.2187499999999552580, 0.2499999999999496514, 0.3749999999999267808, 0.4374999999999152900, 0.4687499999999095168, 0.4843749999999074074, 0.4921874999999071854, 0.4960937499999069633, 0.4980468749999069078, 0.4999999999999068523, 0.5624999999999233946, 0.5937499999999316103, 0.6093749999999363842, 0.6171874999999387157, 0.6249999999999410472, 0.6874999999999572564, 0.7187499999999660272, 0.7343749999999706901, 0.7421874999999729106, 0.7460937499999730216, 0.7480468749999733546, 0.7499999999999735767, 0.8124999999999800160, 0.8437499999999832356, 0.8593749999999846789, 0.8671874999999854561, 0.8749999999999862332, 1.000000000000000000 ),
 .UNSPECIFIED. ) ;
#2012 = DIRECTION ( 'NONE',  ( 1.492235248152091785E-16, -7.461176240760458925E-17, -1.000000000000000000 ) ) ;
#2013 = DIRECTION ( 'NONE',  ( -1.000000000000000000, 0.000000000000000000, 0.000000000000000000 ) ) ;
#2014 = CARTESIAN_POINT ( 'NONE',  ( -22.71374467305621181, -4.412931683083906265, 19.45914017238585814 ) ) ;
#2015 = CARTESIAN_POINT ( 'NONE',  ( -12.78437107279001417, -14.93496653853648937, -8.916238722253025273 ) ) ;
#2016 = CARTESIAN_POINT ( 'NONE',  ( -25.88961476166134901, -8.068883832432041103, 5.371951614537050723 ) ) ;
#2017 = LINE ( 'NONE', #6685, #4881 ) ;
#2018 = CARTESIAN_POINT ( 'NONE',  ( 25.40308702607475055, -12.15719045456846104, 0.000000000000000000 ) ) ;
#2019 = CARTESIAN_POINT ( 'NONE',  ( -12.78957441343256107, -14.93697127157749982, -18.54935072428250109 ) ) ;
#2020 = EDGE_LOOP ( 'NONE', ( #2525, #2574, #6413, #1477 ) ) ;
#2021 = CARTESIAN_POINT ( 'NONE',  ( 7.675000000000000711, -2.600000000000000089, -37.10000000000000142 ) ) ;
#2022 = VECTOR ( 'NONE', #5275, 1000.000000000000000 ) ;
#2023 = AXIS2_PLACEMENT_3D ( 'NONE', #952, #6204, #2516 ) ;
#2024 = CARTESIAN_POINT ( 'NONE',  ( -26.65650762668755647, 8.192146611608777107, 0.2692844627970889526 ) ) ;
#2025 = CARTESIAN_POINT ( 'NONE',  ( -8.166108659509360379, 13.82344091991542534, -36.90938233236661148 ) ) ;
#2026 = CARTESIAN_POINT ( 'NONE',  ( -8.952528579312579282, 10.09999999999999964, -35.08564934601925245 ) ) ;
#2027 = CARTESIAN_POINT ( 'NONE',  ( 24.51840438134605193, -12.26840863824336125, -17.70661279494434837 ) ) ;
#2028 = PLANE ( 'NONE',  #1999 ) ;
#2029 = VERTEX_POINT ( 'NONE', #1166 ) ;
#2030 = CARTESIAN_POINT ( 'NONE',  ( 26.62499999999998579, 10.09241494784342841, 0.1242629581330665228 ) ) ;
#2031 = ORIENTED_EDGE ( 'NONE', *, *, #3252, .F. ) ;
#2032 = ORIENTED_EDGE ( 'NONE', *, *, #5534, .T. ) ;
#2033 = CIRCLE ( 'NONE', #2340, 0.8500000000000000888 ) ;
#2034 = ORIENTED_EDGE ( 'NONE', *, *, #5443, .T. ) ;
#2035 = CIRCLE ( 'NONE', #8169, 1.049999999999998934 ) ;
#2036 = ORIENTED_EDGE ( 'NONE', *, *, #3864, .F. ) ;
#2037 = DIRECTION ( 'NONE',  ( 9.112600240694075975E-17, -0.9486832980505136570, -0.3162277660168383853 ) ) ;
#2038 = CYLINDRICAL_SURFACE ( 'NONE', #8481, 1.999999999999998224 ) ;
#2039 = CARTESIAN_POINT ( 'NONE',  ( -13.57500000000001172, -14.87473657508819791, -3.206824154474910760 ) ) ;
#2040 = CIRCLE ( 'NONE', #6276, 2.000000000000001776 ) ;
#2041 = CARTESIAN_POINT ( 'NONE',  ( -23.16053390593269867, -7.900000000000000355, -20.00000000000000000 ) ) ;
#2042 = CARTESIAN_POINT ( 'NONE',  ( 4.329014785873204652, 15.63421494571415060, -15.00000000000000000 ) ) ;
#2043 = ORIENTED_EDGE ( 'NONE', *, *, #781, .F. ) ;
#2044 = VERTEX_POINT ( 'NONE', #1746 ) ;
#2045 = VECTOR ( 'NONE', #2543, 1000.000000000000000 ) ;
#2046 = EDGE_CURVE ( 'NONE', #9067, #6186, #3136, .T. ) ;
#2047 = CIRCLE ( 'NONE', #7087, 12.00000000000000000 ) ;
#2048 = LINE ( 'NONE', #5142, #3518 ) ;
#2049 = CARTESIAN_POINT ( 'NONE',  ( 15.12500000000000000, 5.250000000000000000, 23.09999999999999787 ) ) ;
#2050 = DIRECTION ( 'NONE',  ( -4.785727636935510021E-32, -1.000000000000000000, 2.710505431213755169E-16 ) ) ;
#2051 = CARTESIAN_POINT ( 'NONE',  ( 3.024999999999999911, -4.000000000000000000, -9.849999999999999645 ) ) ;
#2052 = LINE ( 'NONE', #2319, #6444 ) ;
#2053 = MECHANICAL_CONTEXT ( 'NONE', #9307, 'mechanical' ) ;
#2054 = CARTESIAN_POINT ( 'NONE',  ( -26.84991221830399866, -10.59999999999999964, 8.605745400281710644 ) ) ;
#2055 = VECTOR ( 'NONE', #3818, 1000.000000000000000 ) ;
#2056 = B_SPLINE_CURVE_WITH_KNOTS ( 'NONE', 3,
 ( #7911, #3269, #7861, #7120 ),
 .UNSPECIFIED., .F., .F.,
 ( 4, 4 ),
 ( 0.4167315759136450137, 0.4688187778488709934 ),
 .UNSPECIFIED. ) ;
#2057 = EDGE_CURVE ( 'NONE', #6907, #430, #2040, .T. ) ;
#2058 = VERTEX_POINT ( 'NONE', #1013 ) ;
#2059 = EDGE_CURVE ( 'NONE', #7110, #9071, #6371, .T. ) ;
#2060 = CARTESIAN_POINT ( 'NONE',  ( 7.892821782178219614, -12.09999999999999964, -31.98578938135894489 ) ) ;
#2061 = EDGE_CURVE ( 'NONE', #9676, #8831, #4479, .T. ) ;
#2062 = DIRECTION ( 'NONE',  ( 0.000000000000000000, 0.000000000000000000, -1.000000000000000000 ) ) ;
#2063 = CARTESIAN_POINT ( 'NONE',  ( 20.62500000000000000, 5.250000000000000000, 21.10000000000000142 ) ) ;
#2064 = PLANE ( 'NONE',  #8613 ) ;
#2065 = PLANE ( 'NONE',  #8647 ) ;
#2066 = DIRECTION ( 'NONE',  ( 1.000000000000000000, 0.000000000000000000, 0.000000000000000000 ) ) ;
#2067 = CYLINDRICAL_SURFACE ( 'NONE', #2499, 1.049999999999998934 ) ;
#2068 = CARTESIAN_POINT ( 'NONE',  ( -22.57500000000000284, -2.625000000000000000, 27.64663336986830089 ) ) ;
#2069 = ORIENTED_EDGE ( 'NONE', *, *, #8319, .F. ) ;
#2070 = LINE ( 'NONE', #7986, #8265 ) ;
#2071 = EDGE_CURVE ( 'NONE', #4233, #7973, #8283, .T. ) ;
#2072 = EDGE_CURVE ( 'NONE', #8308, #2330, #1487, .T. ) ;
#2073 = CARTESIAN_POINT ( 'NONE',  ( -26.12332815907939931, -9.943399602978910679, 0.5529552723697590544 ) ) ;
#2074 = CARTESIAN_POINT ( 'NONE',  ( -26.59496624354117245, 8.721671624990081639, 0.09277612500331022805 ) ) ;
#2075 = CARTESIAN_POINT ( 'NONE',  ( -15.21122621550197529, 13.97402789781963506, -38.03325376404185931 ) ) ;
#2076 = CARTESIAN_POINT ( 'NONE',  ( 13.51998146386454458, 9.151743023885341444, -29.25814786904597753 ) ) ;
#2077 = CARTESIAN_POINT ( 'NONE',  ( 24.10094804774575650, -12.32097607832068320, -20.23910493708519454 ) ) ;
#2078 = DIRECTION ( 'NONE',  ( -2.164016633576080066E-32, -1.000000000000000000, 7.509625437129029427E-17 ) ) ;
#2079 = CARTESIAN_POINT ( 'NONE',  ( -14.93216186701498671, 14.28520190539810208, -1.761733968466028699 ) ) ;
#2080 = VERTEX_POINT ( 'NONE', #6745 ) ;
#2081 = CARTESIAN_POINT ( 'NONE',  ( 26.62499999999998934, 9.566577724397195226, 0.2898243717892136639 ) ) ;
#2082 = B_SPLINE_CURVE_WITH_KNOTS ( 'NONE', 3,
 ( #3673, #684, #8067, #8752, #8165, #5839, #4415, #6533, #5053, #2845, #5101, #9648, #8802, #641, #5005, #7329, #496, #7428, #8846, #8115, #1281, #9461, #3480, #8709, #7281, #5150, #540, #2102, #4961, #5888, #2888, #7972, #1228, #1423 ),
 .UNSPECIFIED., .F., .F.,
 ( 4, 2, 2, 1, 2, 2, 2, 2, 1, 1, 2, 2, 2, 2, 1, 1, 1, 2, 2, 4 ),
 ( 0.000000000000000000, 0.1250000000000191513, 0.1875000000000297817, 0.2187500000000356382, 0.2343750000000379696, 0.2500000000000403011, 0.3750000000000605627, 0.4375000000000689448, 0.4687500000000731082, 0.4843750000000752731, 0.4921875000000762723, 0.5000000000000772715, 0.6250000000000733857, 0.6875000000000709433, 0.7187500000000700551, 0.7343750000000691669, 0.7421875000000688338, 0.7460937500000678346, 0.7500000000000667244, 1.000000000000000000 ),
 .UNSPECIFIED. ) ;
#2083 = VERTEX_POINT ( 'NONE', #564 ) ;
#2084 = ORIENTED_EDGE ( 'NONE', *, *, #7145, .F. ) ;
#2085 = EDGE_LOOP ( 'NONE', ( #5279, #7900, #5497, #3067, #6212, #1207, #7462, #6623, #9606, #2683, #4195, #9077, #3618 ) ) ;
#2086 = VERTEX_POINT ( 'NONE', #8091 ) ;
#2087 = DIRECTION ( 'NONE',  ( 0.000000000000000000, 0.000000000000000000, 1.000000000000000000 ) ) ;
#2088 = CARTESIAN_POINT ( 'NONE',  ( 11.56774112291522094, 12.10156196278740737, 0.5608931996032756606 ) ) ;
#2089 = CARTESIAN_POINT ( 'NONE',  ( -0.07098521412679610620, 19.28421494571415096, -25.00000000000000000 ) ) ;
#2090 = DIRECTION ( 'NONE',  ( 0.000000000000000000, 0.000000000000000000, -1.000000000000000000 ) ) ;
#2091 = CARTESIAN_POINT ( 'NONE',  ( -26.62500000000000000, 2.625000000000000000, 20.55336663013170195 ) ) ;
#2092 = ORIENTED_EDGE ( 'NONE', *, *, #1055, .T. ) ;
#2093 = EDGE_LOOP ( 'NONE', ( #9220, #9475, #2131, #6374 ) ) ;
#2094 = ORIENTED_EDGE ( 'NONE', *, *, #3571, .T. ) ;
#2095 = CARTESIAN_POINT ( 'NONE',  ( 7.829014785873200211, 15.63421494571415060, -25.00000000000000000 ) ) ;
#2096 = CARTESIAN_POINT ( 'NONE',  ( -19.62500000000000000, 11.14271062174729998, -39.30000000000000426 ) ) ;
#2097 = PLANE ( 'NONE',  #4228 ) ;
#2098 = CARTESIAN_POINT ( 'NONE',  ( 4.329014785873204652, 14.78421494571413852, -25.00000000000000000 ) ) ;
#2099 = EDGE_CURVE ( 'NONE', #615, #1678, #5910, .T. ) ;
#2100 = CARTESIAN_POINT ( 'NONE',  ( 12.48374863949928582, 13.82800089245340125, -25.31812634310592713 ) ) ;
#2101 = COORDINATED_UNIVERSAL_TIME_OFFSET ( 8, 0, .AHEAD. ) ;
#2102 = CARTESIAN_POINT ( 'NONE',  ( 12.81235170928332323, 13.58578949335061736, -14.33210561569272556 ) ) ;
#2103 = VECTOR ( 'NONE', #6624, 1000.000000000000000 ) ;
#2104 = APPROVAL_PERSON_ORGANIZATION ( #6631, #1698, #9647 ) ;
#2105 = ORIENTED_EDGE ( 'NONE', *, *, #2729, .F. ) ;
#2106 = EDGE_CURVE ( 'NONE', #3015, #644, #6606, .T. ) ;
#2107 = CARTESIAN_POINT ( 'NONE',  ( -25.87706527890940222, -8.831725557413470540, 5.088209185381280086 ) ) ;
#2108 = CARTESIAN_POINT ( 'NONE',  ( -13.96814575050770024, -10.09999999999999964, -32.72792206135789428 ) ) ;
#2109 = CARTESIAN_POINT ( 'NONE',  ( -26.62500000000000000, -10.09999999999999964, -33.09999999999999432 ) ) ;
#2110 = CARTESIAN_POINT ( 'NONE',  ( -24.46557450237215292, -8.103426060940028819, 9.770281504007389373 ) ) ;
#2111 = AXIS2_PLACEMENT_3D ( 'NONE', #751, #8827, #8971 ) ;
#2112 = PLANE ( 'NONE',  #5015 ) ;
#2113 = LINE ( 'NONE', #8176, #7397 ) ;
#2114 = FACE_OUTER_BOUND ( 'NONE', #4482, .T. ) ;
#2115 = CARTESIAN_POINT ( 'NONE',  ( -11.61106307130702042, 14.91261882974662001, -17.37083938215695156 ) ) ;
#2116 = ORIENTED_EDGE ( 'NONE', *, *, #1114, .F. ) ;
#2117 = CARTESIAN_POINT ( 'NONE',  ( 26.62500000000000000, 11.12083830895957881, -12.66225273979974020 ) ) ;
#2118 = EDGE_CURVE ( 'NONE', #3336, #615, #155, .T. ) ;
#2119 = AXIS2_PLACEMENT_3D ( 'NONE', #890, #4578, #6947 ) ;
#2120 = CARTESIAN_POINT ( 'NONE',  ( -10.37500000000000000, 14.88096929338442109, -10.00000000000001599 ) ) ;
#2121 = CARTESIAN_POINT ( 'NONE',  ( -24.44370003326559626, 11.57254781956279999, -0.09848024568921680266 ) ) ;
#2122 = CARTESIAN_POINT ( 'NONE',  ( 6.841617145473385619, 13.04671143440163306, -32.42350605203296965 ) ) ;
#2123 = CARTESIAN_POINT ( 'NONE',  ( 19.43214594928066674, -12.86395364130125429, -24.05122656901538036 ) ) ;
#2124 = EDGE_CURVE ( 'NONE', #7262, #5963, #3551, .T. ) ;
#2125 = CARTESIAN_POINT ( 'NONE',  ( 25.31909719890458987, -12.16883917339450960, -18.09350114482293392 ) ) ;
#2126 = CARTESIAN_POINT ( 'NONE',  ( -13.57500000000000107, -12.00000000000000000, 6.505745400281710999 ) ) ;
#2127 = DIRECTION ( 'NONE',  ( -0.8000000000000000444, -0.5999999999999999778, 0.000000000000000000 ) ) ;
#2128 = ORIENTED_EDGE ( 'NONE', *, *, #1631, .F. ) ;
#2129 = CARTESIAN_POINT ( 'NONE',  ( 26.62500000000000000, -11.00000000000000000, 5.204170427930419706E-15 ) ) ;
#2130 = VECTOR ( 'NONE', #3588, 1000.000000000000000 ) ;
#2131 = ORIENTED_EDGE ( 'NONE', *, *, #7486, .F. ) ;
#2132 = ADVANCED_FACE ( 'NONE', ( #6653 ), #2915, .T. ) ;
#2133 = EDGE_LOOP ( 'NONE', ( #3299, #2569, #6748, #4733, #3166, #4437, #3760, #626, #4985, #8058, #3894 ) ) ;
#2134 = ORIENTED_EDGE ( 'NONE', *, *, #8254, .T. ) ;
#2135 = ORIENTED_EDGE ( 'NONE', *, *, #4281, .F. ) ;
#2136 = CARTESIAN_POINT ( 'NONE',  ( -13.49649023082914034, -14.96088833646640026, -26.12850976917095025 ) ) ;
#2137 = DIRECTION ( 'NONE',  ( 0.000000000000000000, 0.000000000000000000, -1.000000000000000000 ) ) ;
#2138 = CARTESIAN_POINT ( 'NONE',  ( 26.62500000000000000, 2.625000000000000000, 16.55336663013170195 ) ) ;
#2139 = DIRECTION ( 'NONE',  ( 1.000000000000000000, 0.000000000000000000, 0.000000000000000000 ) ) ;
#2140 = DIRECTION ( 'NONE',  ( -1.000000000000000000, 0.000000000000000000, 0.000000000000000000 ) ) ;
#2141 = VERTEX_POINT ( 'NONE', #3651 ) ;
#2142 = ORIENTED_EDGE ( 'NONE', *, *, #6456, .T. ) ;
#2143 = EDGE_LOOP ( 'NONE', ( #5511, #2423 ) ) ;
#2144 = DIRECTION ( 'NONE',  ( -2.164016633576080066E-32, -1.000000000000000000, 7.509625437129029427E-17 ) ) ;
#2145 = CARTESIAN_POINT ( 'NONE',  ( 15.12500000000000000, 5.250000000000000000, 23.09999999999999787 ) ) ;
#2146 = CARTESIAN_POINT ( 'NONE',  ( -25.84821093924980318, -7.902763757320330207, 5.519797205070839929 ) ) ;
#2147 = AXIS2_PLACEMENT_3D ( 'NONE', #7458, #5088, #9540 ) ;
#2148 = CARTESIAN_POINT ( 'NONE',  ( -26.62500000000000000, 7.100000000000000533, -33.09999999999999432 ) ) ;
#2149 = CARTESIAN_POINT ( 'NONE',  ( 15.91039778065101906, -6.469164712824959196, -27.86442045738522211 ) ) ;
#2150 = CARTESIAN_POINT ( 'NONE',  ( 12.31397272616233884, 14.09149687965777176, -25.12513735870349407 ) ) ;
#2151 = CARTESIAN_POINT ( 'NONE',  ( -18.59853896548720442, 15.00000000000000000, -37.29999878680012415 ) ) ;
#2152 = CYLINDRICAL_SURFACE ( 'NONE', #6199, 0.9999999999999991118 ) ;
#2153 = EDGE_LOOP ( 'NONE', ( #3016, #8490, #2284, #4778, #6425, #846 ) ) ;
#2154 = CARTESIAN_POINT ( 'NONE',  ( -24.51880167001190003, -10.59999999999999964, 6.505745400281710999 ) ) ;
#2155 = CARTESIAN_POINT ( 'NONE',  ( 22.62500000000000000, 8.000000000000000000, 5.204170427930419706E-15 ) ) ;
#2156 = DIRECTION ( 'NONE',  ( 1.000000000000000000, 0.000000000000000000, 2.881657216719184962E-16 ) ) ;
#2157 = FACE_OUTER_BOUND ( 'NONE', #6801, .T. ) ;
#2158 = CARTESIAN_POINT ( 'NONE',  ( -24.49373389049655003, -8.000000000000000000, 9.678233104402588438 ) ) ;
#2159 = DIRECTION ( 'NONE',  ( 0.000000000000000000, 0.000000000000000000, 1.000000000000000000 ) ) ;
#2160 = EDGE_CURVE ( 'NONE', #5039, #730, #6439, .T. ) ;
#2161 = CARTESIAN_POINT ( 'NONE',  ( -16.57499999999999929, -2.625000000000000000, 18.55336663013169840 ) ) ;
#2162 = FACE_OUTER_BOUND ( 'NONE', #3372, .T. ) ;
#2163 = VERTEX_POINT ( 'NONE', #3698 ) ;
#2164 = CARTESIAN_POINT ( 'NONE',  ( 21.81396944495787693, 12.59573777332578004, -23.10881866800924911 ) ) ;
#2165 = CIRCLE ( 'NONE', #4208, 1.049999999999998934 ) ;
#2166 = DIRECTION ( 'NONE',  ( -4.336808689942017736E-16, 0.000000000000000000, 1.000000000000000000 ) ) ;
#2167 = CARTESIAN_POINT ( 'NONE',  ( -24.02787956642208300, 11.75415036063200702, -0.9180501202108493075 ) ) ;
#2168 = CARTESIAN_POINT ( 'NONE',  ( 5.955804963116988482, 13.10967057448015360, -32.77876147871427293 ) ) ;
#2169 = CARTESIAN_POINT ( 'NONE',  ( 21.67500000000000071, 1.734723475976804925E-15, -23.20588489187539949 ) ) ;
#2170 = AXIS2_PLACEMENT_3D ( 'NONE', #2774, #1993, #6367 ) ;
#2171 = CARTESIAN_POINT ( 'NONE',  ( 19.01159041923860116, -12.91017475506077972, -24.41528594919304851 ) ) ;
#2172 = LINE ( 'NONE', #8824, #1218 ) ;
#2173 = CARTESIAN_POINT ( 'NONE',  ( -16.36053331709401704, 14.30474081576999978, -1.768246938589990602 ) ) ;
#2174 = ORIENTED_EDGE ( 'NONE', *, *, #6146, .T. ) ;
#2175 = CARTESIAN_POINT ( 'NONE',  ( 26.62499999999999289, 9.166618554323983759, 0.4457636344476103019 ) ) ;
#2176 = B_SPLINE_CURVE_WITH_KNOTS ( 'NONE', 3,
 ( #1876, #9372, #3445, #1974, #4971, #2610 ),
 .UNSPECIFIED., .F., .F.,
 ( 4, 2, 4 ),
 ( 0.000000000000000000, 0.5000000000000000000, 1.000000000000000000 ),
 .UNSPECIFIED. ) ;
#2177 = ORIENTED_EDGE ( 'NONE', *, *, #5915, .T. ) ;
#2178 = ORIENTED_EDGE ( 'NONE', *, *, #2241, .T. ) ;
#2179 = ORIENTED_EDGE ( 'NONE', *, *, #8221, .F. ) ;
#2180 = AXIS2_PLACEMENT_3D ( 'NONE', #5859, #8966, #8187 ) ;
#2181 = EDGE_CURVE ( 'NONE', #8050, #6363, #6553, .T. ) ;
#2182 = ADVANCED_FACE ( 'NONE', ( #5957, #2865 ), #5862, .T. ) ;
#2183 = VERTEX_POINT ( 'NONE', #5122 ) ;
#2184 = DIRECTION ( 'NONE',  ( 0.000000000000000000, -1.000000000000000000, 0.000000000000000000 ) ) ;
#2185 = CARTESIAN_POINT ( 'NONE',  ( 10.59008991553375800, 12.34415554299113538, 0.2451020461236776138 ) ) ;
#2186 = LINE ( 'NONE', #7361, #2640 ) ;
#2187 = EDGE_CURVE ( 'NONE', #212, #8052, #7548, .T. ) ;
#2188 = CARTESIAN_POINT ( 'NONE',  ( -23.66666109474269675, -11.90491393041030577, -0.2353234220143741728 ) ) ;
#2189 = DIRECTION ( 'NONE',  ( 0.000000000000000000, 0.000000000000000000, -1.000000000000000000 ) ) ;
#2190 = VECTOR ( 'NONE', #548, 1000.000000000000000 ) ;
#2191 = EDGE_LOOP ( 'NONE', ( #4661, #4813, #4085, #2612 ) ) ;
#2192 = ORIENTED_EDGE ( 'NONE', *, *, #6692, .T. ) ;
#2193 = ORIENTED_EDGE ( 'NONE', *, *, #1801, .T. ) ;
#2194 = AXIS2_PLACEMENT_3D ( 'NONE', #2751, #9468, #7286 ) ;
#2195 = VECTOR ( 'NONE', #3294, 1000.000000000000000 ) ;
#2196 = DIRECTION ( 'NONE',  ( 1.000000000000000000, 0.000000000000000000, 0.000000000000000000 ) ) ;
#2197 = DIRECTION ( 'NONE',  ( -1.000000000000000000, 0.000000000000000000, 0.000000000000000000 ) ) ;
#2198 = CARTESIAN_POINT ( 'NONE',  ( -22.95261434308234882, 1.253998849363349821, 17.09703494617858155 ) ) ;
#2199 = CARTESIAN_POINT ( 'NONE',  ( -26.62500000000000000, 2.625000000000000000, 27.64663336986830089 ) ) ;
#2200 = CARTESIAN_POINT ( 'NONE',  ( -26.13704320855014984, 11.26255484390825856, -0.7541849479694149316 ) ) ;
#2201 = PERSON_AND_ORGANIZATION_ROLE ( 'creator' ) ;
#2202 = CARTESIAN_POINT ( 'NONE',  ( 25.40308702607475055, -12.15719045456846104, 0.000000000000000000 ) ) ;
#2203 = AXIS2_PLACEMENT_3D ( 'NONE', #9271, #8477, #9069 ) ;
#2204 = B_SPLINE_CURVE_WITH_KNOTS ( 'NONE', 3,
 ( #9491, #2924, #5725, #3660, #7269, #527, #2731, #2773, #8101, #1311, #2088, #7315, #3514, #8737, #4347, #3562, #5133, #4394, #6562, #9583, #2233, #2185, #8467, #2276, #1769, #1541, #5185, #9023, #8203, #1452, #3753, #6708, #4536, #5274, #1718, #9257, #988 ),
 .UNSPECIFIED., .F., .F.,
 ( 4, 2, 2, 1, 1, 1, 2, 2, 2, 1, 1, 1, 1, 2, 2, 2, 2, 1, 1, 1, 1, 2, 2, 4 ),
 ( 0.000000000000000000, 0.1249999999999957534, 0.1874999999999941713, 0.2187499999999934774, 0.2343749999999925893, 0.2421874999999921452, 0.2460937499999913680, 0.2499999999999906186, 0.3749999999999820144, 0.4374999999999772404, 0.4687499999999754086, 0.4843749999999739653, 0.4921874999999728550, 0.4960937499999729661, 0.4999999999999731326, 0.6249999999999847899, 0.6874999999999912292, 0.7187499999999942268, 0.7343749999999956701, 0.7421874999999966693, 0.7460937499999973355, 0.7480468749999974465, 0.7499999999999975575, 1.000000000000000000 ),
 .UNSPECIFIED. ) ;
#2205 = ORIENTED_EDGE ( 'NONE', *, *, #1196, .F. ) ;
#2206 = AXIS2_PLACEMENT_3D ( 'NONE', #2754, #8075, #6592 ) ;
#2207 = CARTESIAN_POINT ( 'NONE',  ( -22.49305484431082647, -11.84776048892117117, 6.505745400281712776 ) ) ;
#2208 = AXIS2_PLACEMENT_3D ( 'NONE', #1232, #1765, #4073 ) ;
#2209 = CARTESIAN_POINT ( 'NONE',  ( -11.87594390220431251, -10.30718986575958418, -37.58420266379199148 ) ) ;
#2210 = CARTESIAN_POINT ( 'NONE',  ( -24.22740681272035346, -9.229411656661987706, 9.915197132908225797 ) ) ;
#2211 = LINE ( 'NONE', #8761, #3903 ) ;
#2212 = PLANE ( 'NONE',  #4718 ) ;
#2213 = DIRECTION ( 'NONE',  ( 2.164016633576080066E-32, 1.000000000000000000, -7.509625437129029427E-17 ) ) ;
#2214 = CARTESIAN_POINT ( 'NONE',  ( -26.84991221830399866, -8.768250222726480914, 6.088209185381279198 ) ) ;
#2215 = VERTEX_POINT ( 'NONE', #2814 ) ;
#2216 = CARTESIAN_POINT ( 'NONE',  ( 21.76515566497414866, 11.67736401409413993, -23.15934521015135061 ) ) ;
#2217 = CIRCLE ( 'NONE', #8508, 1.999999999999998224 ) ;
#2218 = CARTESIAN_POINT ( 'NONE',  ( -13.41160384387855942, 14.94633713801908392, -7.831014605240008031 ) ) ;
#2219 = CARTESIAN_POINT ( 'NONE',  ( -23.16346493366440029, 11.97237639385269858, -0.2654603648312314768 ) ) ;
#2220 = CARTESIAN_POINT ( 'NONE',  ( -22.57500000000000284, 0.000000000000000000, 23.09999999999999787 ) ) ;
#2221 = CARTESIAN_POINT ( 'NONE',  ( -11.96499999999999986, 10.09999999999999964, -35.57131279429335535 ) ) ;
#2222 = CARTESIAN_POINT ( 'NONE',  ( -14.87082891480472036, -13.97186769165346121, -38.00473614811674850 ) ) ;
#2223 = DIRECTION ( 'NONE',  ( 0.000000000000000000, 0.000000000000000000, -1.000000000000000000 ) ) ;
#2224 = CARTESIAN_POINT ( 'NONE',  ( -18.05725298696757264, 14.31972581782382470, -1.773241939274600387 ) ) ;
#2225 = ORIENTED_EDGE ( 'NONE', *, *, #6934, .F. ) ;
#2226 = CARTESIAN_POINT ( 'NONE',  ( 26.62500000000000000, 11.00000000000000000, 5.204170427930419706E-15 ) ) ;
#2227 = VERTEX_POINT ( 'NONE', #1395 ) ;
#2228 = ORIENTED_EDGE ( 'NONE', *, *, #2294, .F. ) ;
#2229 = EDGE_CURVE ( 'NONE', #4794, #8540, #6634, .T. ) ;
#2230 = VERTEX_POINT ( 'NONE', #6892 ) ;
#2231 = EDGE_LOOP ( 'NONE', ( #4326, #5152, #851, #1315, #1827, #4973 ) ) ;
#2232 = CARTESIAN_POINT ( 'NONE',  ( 14.54897256232764846, -12.41041833039866482, -28.65722605010738278 ) ) ;
#2233 = CARTESIAN_POINT ( 'NONE',  ( 10.59692097814364864, 12.34216444324242623, 0.2468354126972548412 ) ) ;
#2234 = CARTESIAN_POINT ( 'NONE',  ( -25.63596911879159634, -7.461795130913830398, 6.211390773895391071 ) ) ;
#2235 = FACE_OUTER_BOUND ( 'NONE', #4480, .T. ) ;
#2236 = LINE ( 'NONE', #3847, #2618 ) ;
#2237 = ORIENTED_EDGE ( 'NONE', *, *, #9103, .F. ) ;
#2238 = ORIENTED_EDGE ( 'NONE', *, *, #6151, .F. ) ;
#2239 = EDGE_CURVE ( 'NONE', #6100, #8702, #2638, .T. ) ;
#2240 = ORIENTED_EDGE ( 'NONE', *, *, #6313, .T. ) ;
#2241 = EDGE_CURVE ( 'NONE', #1082, #5532, #3195, .T. ) ;
#2242 = PLANE ( 'NONE',  #7758 ) ;
#2243 = CARTESIAN_POINT ( 'NONE',  ( -0.07098521412679610620, 19.28421494571415096, -15.00000000000000000 ) ) ;
#2244 = ADVANCED_FACE ( 'NONE', ( #942 ), #3152, .F. ) ;
#2245 = CARTESIAN_POINT ( 'NONE',  ( -22.89088969251623595, 0.8625954734589657003, 17.60715767636972018 ) ) ;
#2246 = CARTESIAN_POINT ( 'NONE',  ( 24.57469777502275221, 11.49300582087042777, 0.9869779023812637053 ) ) ;
#2247 = CARTESIAN_POINT ( 'NONE',  ( 18.91570246359684759, -12.00000000000000000, 1.000000000657532029 ) ) ;
#2248 = CARTESIAN_POINT ( 'NONE',  ( -17.73932361996335061, -15.00000000000000000, -28.95674419190220306 ) ) ;
#2249 = EDGE_CURVE ( 'NONE', #277, #663, #9262, .T. ) ;
#2250 = EDGE_CURVE ( 'NONE', #3900, #4460, #199, .T. ) ;
#2251 = ORIENTED_EDGE ( 'NONE', *, *, #448, .T. ) ;
#2252 = FACE_OUTER_BOUND ( 'NONE', #1469, .T. ) ;
#2253 = CARTESIAN_POINT ( 'NONE',  ( 26.62500000000000000, -5.250000000000000000, 23.09999999999999787 ) ) ;
#2254 = FACE_OUTER_BOUND ( 'NONE', #106, .T. ) ;
#2255 = CARTESIAN_POINT ( 'NONE',  ( 17.62500000000000000, 12.00000000000000000, 15.00000000000000000 ) ) ;
#2256 = DIRECTION ( 'NONE',  ( 1.000000000000000000, 0.000000000000000000, 0.000000000000000000 ) ) ;
#2257 = DIRECTION ( 'NONE',  ( 0.000000000000000000, 0.000000000000000000, -1.000000000000000000 ) ) ;
#2258 = VERTEX_POINT ( 'NONE', #802 ) ;
#2259 = CARTESIAN_POINT ( 'NONE',  ( -17.22970171600524836, 13.99293421933179893, -38.21451985893705228 ) ) ;
#2260 = AXIS2_PLACEMENT_3D ( 'NONE', #5051, #492, #1320 ) ;
#2261 = CARTESIAN_POINT ( 'NONE',  ( -25.60050388142850153, -11.70545318651144129, -0.9018177288371400646 ) ) ;
#2262 = CARTESIAN_POINT ( 'NONE',  ( -23.66464940935826178, 11.86468701029338746, -0.2193778502686402065 ) ) ;
#2263 = CARTESIAN_POINT ( 'NONE',  ( 24.78344938646629814, 11.33582607781140261, -19.10555920270513042 ) ) ;
#2264 = CARTESIAN_POINT ( 'NONE',  ( -23.02445639404654898, -2.625000000000000000, 16.55336663013170195 ) ) ;
#2265 = CARTESIAN_POINT ( 'NONE',  ( -19.62499999999999289, -14.99999999999996980, -38.29999999999994031 ) ) ;
#2266 = CARTESIAN_POINT ( 'NONE',  ( 12.67500000000000071, -10.09999999999999964, 13.64553149005146082 ) ) ;
#2267 = CARTESIAN_POINT ( 'NONE',  ( -19.04364925138376208, 14.32277347815934299, -1.774257826053107889 ) ) ;
#2268 = ORIENTED_EDGE ( 'NONE', *, *, #2006, .F. ) ;
#2269 = CARTESIAN_POINT ( 'NONE',  ( 12.67500000000000071, 10.09999999999999964, -9.849999999999999645 ) ) ;
#2270 = ORIENTED_EDGE ( 'NONE', *, *, #5732, .F. ) ;
#2271 = VERTEX_POINT ( 'NONE', #7631 ) ;
#2272 = EDGE_CURVE ( 'NONE', #103, #1947, #2347, .T. ) ;
#2273 = ORIENTED_EDGE ( 'NONE', *, *, #1344, .F. ) ;
#2274 = CARTESIAN_POINT ( 'NONE',  ( 9.269413308643102312, -12.86335216687098892, -31.38244717827286934 ) ) ;
#2276 = CARTESIAN_POINT ( 'NONE',  ( 10.29294307455376511, 12.43311248231045596, 0.1740563997812835939 ) ) ;
#2275 = AXIS2_PLACEMENT_3D ( 'NONE', #1925, #7097, #5705 ) ;
#2277 = DIRECTION ( 'NONE',  ( 3.469446951953615175E-16, 0.000000000000000000, -1.000000000000000000 ) ) ;
#2278 = CARTESIAN_POINT ( 'NONE',  ( -1.824999999999999956, -4.150795011477494302E-15, -35.79999999999999716 ) ) ;
#2279 = DIRECTION ( 'NONE',  ( 1.000000000000000000, 2.012156794895525009E-32, 1.765621858500564986E-16 ) ) ;
#2280 = EDGE_LOOP ( 'NONE', ( #4580, #459 ) ) ;
#2281 = VERTEX_POINT ( 'NONE', #7583 ) ;
#2282 = ORIENTED_EDGE ( 'NONE', *, *, #5487, .T. ) ;
#2283 = EDGE_CURVE ( 'NONE', #5768, #1851, #1424, .T. ) ;
#2284 = ORIENTED_EDGE ( 'NONE', *, *, #5674, .T. ) ;
#2285 = LINE ( 'NONE', #8301, #6501 ) ;
#2286 = ADVANCED_FACE ( 'NONE', ( #5452 ), #5180, .T. ) ;
#2287 = CARTESIAN_POINT ( 'NONE',  ( -22.68897674181410196, -1.036439831415325141, 19.79291135610421293 ) ) ;
#2288 = CARTESIAN_POINT ( 'NONE',  ( -22.79491459295475408, 0.6253168980456570436, 18.51523825309823224 ) ) ;
#2289 = CARTESIAN_POINT ( 'NONE',  ( 24.36087639908036806, 11.60373822412100608, 0.9641383639796594629 ) ) ;
#2290 = DIRECTION ( 'NONE',  ( -1.334402673828310085E-15, -1.000000000000000000, 0.000000000000000000 ) ) ;
#2291 = DATE_TIME_ROLE ( 'classification_date' ) ;
#2292 = FACE_BOUND ( 'NONE', #1521, .T. ) ;
#2293 = ORIENTED_EDGE ( 'NONE', *, *, #8267, .F. ) ;
#2294 = EDGE_CURVE ( 'NONE', #8347, #8778, #3100, .T. ) ;
#2295 = CARTESIAN_POINT ( 'NONE',  ( 3.604166304171088075, 15.18853147017835781, -14.99858236149458968 ) ) ;
#2296 = AXIS2_PLACEMENT_3D ( 'NONE', #3617, #672, #1407 ) ;
#2297 = EDGE_CURVE ( 'NONE', #6621, #589, #4704, .T. ) ;
#2298 = DIRECTION ( 'NONE',  ( 0.000000000000000000, 0.000000000000000000, -1.000000000000000000 ) ) ;
#2299 = CARTESIAN_POINT ( 'NONE',  ( 20.62500000000000000, -5.250000000000000000, 23.09999999999999787 ) ) ;
#2300 = CARTESIAN_POINT ( 'NONE',  ( -22.58243245763296159, -3.436401296724471699, 22.25217658488828931 ) ) ;
#2301 = CARTESIAN_POINT ( 'NONE',  ( 19.86149195643990240, 12.81656235982525160, -23.67360827900978393 ) ) ;
#2302 = CARTESIAN_POINT ( 'NONE',  ( 18.55986236122785016, 12.95899549045727994, -24.78275314810725050 ) ) ;
#2303 = VECTOR ( 'NONE', #2609, 1000.000000000000000 ) ;
#2304 = ADVANCED_BREP_SHAPE_REPRESENTATION ( 'Wrist_roll_pitch', ( #3165, #6979 ), #5718 ) ;
#2305 = B_SPLINE_CURVE_WITH_KNOTS ( 'NONE', 3,
 ( #9538, #8738, #8003, #5773, #1265, #2628, #2039, #5042, #8055, #4050 ),
 .UNSPECIFIED., .F., .F.,
 ( 4, 2, 2, 2, 4 ),
 ( 0.003878910190435257577, 0.004471454115536565264, 0.005063998040637873385, 0.005656541965739181506, 0.006249085890840489627 ),
 .UNSPECIFIED. ) ;
#2306 = CARTESIAN_POINT ( 'NONE',  ( -23.02445639404654898, 2.625000000000000000, 16.55336663013170195 ) ) ;
#2307 = B_SPLINE_CURVE_WITH_KNOTS ( 'NONE', 3,
 ( #5118, #2076, #3695, #5073, #658, #9570, #7347, #7398, #3596, #5218, #9670, #3739, #8044, #6603, #2169 ),
 .UNSPECIFIED., .F., .F.,
 ( 4, 1, 1, 1, 1, 1, 1, 1, 2, 2, 4 ),
 ( 0.000000000000000000, 0.2500000000000145439, 0.3750000000000219269, 0.4375000000000253686, 0.4687500000000268674, 0.4843750000000278666, 0.4921875000000285327, 0.4960937500000288103, 0.4980468750000287548, 0.5000000000000286438, 1.000000000000000000 ),
 .UNSPECIFIED. ) ;
#2308 = CARTESIAN_POINT ( 'NONE',  ( -24.42469862820139070, 11.58044818845576707, -0.1017380745472256515 ) ) ;
#2309 = CARTESIAN_POINT ( 'NONE',  ( 20.06082783389506119, 11.86126081693285705, -24.73499484107859914 ) ) ;
#2310 = CARTESIAN_POINT ( 'NONE',  ( 7.675000000000000711, 0.7325780489112270200, -29.90188843073610059 ) ) ;
#2311 = CARTESIAN_POINT ( 'NONE',  ( 5.655364982463150447, -13.13700804694066093, -32.93444780706890640 ) ) ;
#2312 = CARTESIAN_POINT ( 'NONE',  ( -26.62500000000000000, -15.00000000000000000, 5.147263975624269829E-15 ) ) ;
#2313 = CARTESIAN_POINT ( 'NONE',  ( -24.51908135469474814, -7.902763757320330207, 9.591693595492580826 ) ) ;
#2314 = ORIENTED_EDGE ( 'NONE', *, *, #5195, .T. ) ;
#2315 = CARTESIAN_POINT ( 'NONE',  ( -25.90764098463544585, -8.150889274659402162, 5.298967401009973877 ) ) ;
#2316 = EDGE_LOOP ( 'NONE', ( #6893, #4392, #1837, #1637 ) ) ;
#2317 = VERTEX_POINT ( 'NONE', #5359 ) ;
#2318 = AXIS2_PLACEMENT_3D ( 'NONE', #3112, #5369, #4681 ) ;
#2319 = CARTESIAN_POINT ( 'NONE',  ( 20.62500000000000000, 2.625000000000000000, 29.64663336986835063 ) ) ;
#2320 = VECTOR ( 'NONE', #5262, 1000.000000000000000 ) ;
#2321 = ORIENTED_EDGE ( 'NONE', *, *, #729, .T. ) ;
#2322 = CARTESIAN_POINT ( 'NONE',  ( 20.45987450664399532, -11.81852474631791061, -24.37982568151078411 ) ) ;
#2323 = CARTESIAN_POINT ( 'NONE',  ( -13.57500000000000284, -14.25784743878365468, -1.752413967168220843 ) ) ;
#2324 = CARTESIAN_POINT ( 'NONE',  ( -16.57499999999999929, 2.625000000000000000, 20.55336663013170195 ) ) ;
#2325 = DIRECTION ( 'NONE',  ( 2.891205793294678326E-16, 0.000000000000000000, -1.000000000000000000 ) ) ;
#2326 = EDGE_LOOP ( 'NONE', ( #7746, #2601, #482, #7684 ) ) ;
#2327 = VERTEX_POINT ( 'NONE', #2451 ) ;
#2328 = ORIENTED_EDGE ( 'NONE', *, *, #3734, .T. ) ;
#2329 = VECTOR ( 'NONE', #853, 1000.000000000000000 ) ;
#2330 = VERTEX_POINT ( 'NONE', #6991 ) ;
#2331 = CARTESIAN_POINT ( 'NONE',  ( -22.62256308275784633, -12.68377223398315934, -1.227924077994377861 ) ) ;
#2332 = AXIS2_PLACEMENT_3D ( 'NONE', #9010, #9155, #7580 ) ;
#2333 = DIRECTION ( 'NONE',  ( 1.000000000000000000, 0.000000000000000000, 2.478176394252580155E-16 ) ) ;
#2334 = CARTESIAN_POINT ( 'NONE',  ( -22.79054943109255049, -0.6250090732306762265, 18.56079554846413160 ) ) ;
#2335 = CARTESIAN_POINT ( 'NONE',  ( 20.62500000000000000, 5.250000000000000000, 23.09999999999999787 ) ) ;
#2336 = LINE ( 'NONE', #9694, #7767 ) ;
#2337 = CARTESIAN_POINT ( 'NONE',  ( 7.884426886511910482, 14.78508790096100434, -14.98730083273994396 ) ) ;
#2338 = FACE_BOUND ( 'NONE', #3781, .T. ) ;
#2339 = ADVANCED_FACE ( 'NONE', ( #6242, #3882 ), #6945, .F. ) ;
#2340 = AXIS2_PLACEMENT_3D ( 'NONE', #4507, #4466, #830 ) ;
#2341 = VERTEX_POINT ( 'NONE', #4231 ) ;
#2342 = VECTOR ( 'NONE', #7106, 1000.000000000000000 ) ;
#2343 = AXIS2_PLACEMENT_3D ( 'NONE', #7214, #9683, #3467 ) ;
#2344 = CARTESIAN_POINT ( 'NONE',  ( 3.678558451168081334, 15.08685096240896861, -14.98763996428097478 ) ) ;
#2345 = DIRECTION ( 'NONE',  ( 0.000000000000000000, 0.000000000000000000, 1.000000000000000000 ) ) ;
#2346 = PLANE ( 'NONE',  #2669 ) ;
#2347 = CIRCLE ( 'NONE', #785, 1.049999999999998934 ) ;
#2348 = DIRECTION ( 'NONE',  ( 2.037639358997289583E-16, 0.7071067811865470176, -0.7071067811865480168 ) ) ;
#2349 = CARTESIAN_POINT ( 'NONE',  ( 20.62500000000000000, 2.625000000000000000, 18.55336663013169840 ) ) ;
#2350 = LINE ( 'NONE', #833, #8083 ) ;
#2351 = CARTESIAN_POINT ( 'NONE',  ( -13.81663090373817937, 14.95495575782675957, -36.86630661151680499 ) ) ;
#2352 = EDGE_CURVE ( 'NONE', #9617, #7368, #642, .T. ) ;
#2353 = AXIS2_PLACEMENT_3D ( 'NONE', #6003, #799, #5357 ) ;
#2354 = EDGE_CURVE ( 'NONE', #1458, #470, #7832, .T. ) ;
#2355 = VECTOR ( 'NONE', #4863, 1000.000000000000000 ) ;
#2356 = EDGE_CURVE ( 'NONE', #9014, #9434, #4074, .T. ) ;
#2357 = CARTESIAN_POINT ( 'NONE',  ( 5.469611402389619847, 12.09999999999999964, -30.94698572586899843 ) ) ;
#2358 = CARTESIAN_POINT ( 'NONE',  ( -25.47273427000927271, 10.80781972950202885, 0.2095823337746930137 ) ) ;
#2359 = DIRECTION ( 'NONE',  ( -1.000000000000000000, 0.000000000000000000, -4.336808689942020201E-16 ) ) ;
#2360 = CARTESIAN_POINT ( 'NONE',  ( -6.625000000000000000, -8.000000000000000000, 3.420050125084594688E-15 ) ) ;
#2361 = AXIS2_PLACEMENT_3D ( 'NONE', #3072, #2381, #5376 ) ;
#2362 = FACE_OUTER_BOUND ( 'NONE', #708, .T. ) ;
#2363 = CARTESIAN_POINT ( 'NONE',  ( -26.62500000000000000, -2.625000000000000000, 28.69663336986829805 ) ) ;
#2364 = DIRECTION ( 'NONE',  ( 1.000000000000000000, 0.000000000000000000, 0.000000000000000000 ) ) ;
#2365 = EDGE_CURVE ( 'NONE', #9630, #7274, #3492, .T. ) ;
#2366 = ORIENTED_EDGE ( 'NONE', *, *, #8197, .T. ) ;
#2367 = CARTESIAN_POINT ( 'NONE',  ( -25.92717796029390698, -8.359188542439360603, 5.175220858353062781 ) ) ;
#2368 = ORIENTED_EDGE ( 'NONE', *, *, #7311, .T. ) ;
#2369 = EDGE_CURVE ( 'NONE', #5519, #6813, #4182, .T. ) ;
#2370 = FACE_OUTER_BOUND ( 'NONE', #5465, .T. ) ;
#2371 = ORIENTED_EDGE ( 'NONE', *, *, #9493, .T. ) ;
#2372 = CARTESIAN_POINT ( 'NONE',  ( 2.805079321875290965, -13.31637122811265250, -33.92953777796414983 ) ) ;
#2373 = CARTESIAN_POINT ( 'NONE',  ( -16.19895228582960556, -14.98369258823918315, -37.12481846676529784 ) ) ;
#2374 = CARTESIAN_POINT ( 'NONE',  ( 20.62500000000000000, -2.625000000000000000, 26.59663336986834992 ) ) ;
#2375 = DIRECTION ( 'NONE',  ( 1.000000000000000000, 0.000000000000000000, 2.891205793294680298E-16 ) ) ;
#2376 = ORIENTED_EDGE ( 'NONE', *, *, #7484, .T. ) ;
#2377 = EDGE_LOOP ( 'NONE', ( #6969, #6811, #1309, #8529 ) ) ;
#2378 = ORIENTED_EDGE ( 'NONE', *, *, #7635, .T. ) ;
#2379 = CARTESIAN_POINT ( 'NONE',  ( 23.39097008403576083, -11.92727267802146152, 0.8551327989709286426 ) ) ;
#2380 = CARTESIAN_POINT ( 'NONE',  ( -12.44398332602433754, -9.233016026363468853, -37.67014337510332211 ) ) ;
#2381 = DIRECTION ( 'NONE',  ( 0.7465930852246059901, 0.6652809670318280411, 0.000000000000000000 ) ) ;
#2382 = CARTESIAN_POINT ( 'NONE',  ( -22.83599502857945396, -0.6737937351798961583, 18.10726659860558740 ) ) ;
#2383 = CARTESIAN_POINT ( 'NONE',  ( -22.87287977361665625, 0.7863111114916309097, 17.76612099542285605 ) ) ;
#2384 = CARTESIAN_POINT ( 'NONE',  ( -13.57500000000000107, -12.00000000000000000, 23.09999999999999787 ) ) ;
#2385 = CARTESIAN_POINT ( 'NONE',  ( -16.57499999999999929, -2.625000000000000000, 19.60336663013169911 ) ) ;
#2386 = ORIENTED_EDGE ( 'NONE', *, *, #5854, .F. ) ;
#2387 = B_SPLINE_CURVE_WITH_KNOTS ( 'NONE', 3,
 ( #8682, #7838, #2670, #3454 ),
 .UNSPECIFIED., .F., .F.,
 ( 4, 4 ),
 ( 4.402234667233969324E-17, 0.001755105310259544912 ),
 .UNSPECIFIED. ) ;
#2388 = CARTESIAN_POINT ( 'NONE',  ( -19.62500000000000000, 14.00000000000000000, -37.29999999999999716 ) ) ;
#2389 = CYLINDRICAL_SURFACE ( 'NONE', #3247, 2.000000000000001776 ) ;
#2390 = CARTESIAN_POINT ( 'NONE',  ( 26.62500000000000000, 2.625000000000000000, 27.64663336986835063 ) ) ;
#2391 = CARTESIAN_POINT ( 'NONE',  ( -26.62500000000000000, -7.100000000000000533, -33.09999999999999432 ) ) ;
#2392 = CARTESIAN_POINT ( 'NONE',  ( -26.62500000000000000, -9.598315762216030222, 6.973962995481640288E-15 ) ) ;
#2393 = CARTESIAN_POINT ( 'NONE',  ( -1.824999999999999956, -4.150795011477494302E-15, -41.79999999999999716 ) ) ;
#2394 = CARTESIAN_POINT ( 'NONE',  ( 15.22793454112754041, 13.30245533674636249, -28.26573395556017587 ) ) ;
#2395 = EDGE_CURVE ( 'NONE', #9488, #8946, #8402, .T. ) ;
#2396 = ORIENTED_EDGE ( 'NONE', *, *, #6434, .T. ) ;
#2397 = CARTESIAN_POINT ( 'NONE',  ( -22.97077239468160315, 3.833179064571712757, 16.95418025855327215 ) ) ;
#2398 = CARTESIAN_POINT ( 'NONE',  ( -23.13305880545411597, 11.97650384346992247, -0.2671657231235239349 ) ) ;
#2399 = CARTESIAN_POINT ( 'NONE',  ( 26.62500000000001066, 11.12083830918277982, -13.35279192606057208 ) ) ;
#2400 = DIRECTION ( 'NONE',  ( 1.000000000000000000, 0.000000000000000000, 0.000000000000000000 ) ) ;
#2401 = CARTESIAN_POINT ( 'NONE',  ( -13.68554732784727079, -14.95288936794313450, -37.85571456527099343 ) ) ;
#2402 = EDGE_CURVE ( 'NONE', #3665, #6767, #2176, .T. ) ;
#2403 = CARTESIAN_POINT ( 'NONE',  ( -26.62500000000000000, -7.100000000000000533, -33.09999999999999432 ) ) ;
#2404 = CARTESIAN_POINT ( 'NONE',  ( -19.62500000000000000, -7.900000000000000355, -7.000000000000000000 ) ) ;
#2405 = ORIENTED_EDGE ( 'NONE', *, *, #9478, .F. ) ;
#2406 = CARTESIAN_POINT ( 'NONE',  ( -25.89720774447075158, -8.103426060940028819, 5.341209296556019837 ) ) ;
#2407 = ORIENTED_EDGE ( 'NONE', *, *, #9085, .T. ) ;
#2408 = AXIS2_PLACEMENT_3D ( 'NONE', #2095, #8212, #5094 ) ;
#2409 = CIRCLE ( 'NONE', #1325, 2.000000000000001776 ) ;
#2410 = CARTESIAN_POINT ( 'NONE',  ( -25.53744577363756818, -14.32379000772450972, -1.774596669241495617 ) ) ;
#2411 = EDGE_CURVE ( 'NONE', #229, #8196, #9420, .T. ) ;
#2412 = EDGE_LOOP ( 'NONE', ( #2695, #1056, #7008, #3657 ) ) ;
#2413 = CARTESIAN_POINT ( 'NONE',  ( 19.84356482477047123, -11.88444390470123047, -24.93299064769751183 ) ) ;
#2414 = DIRECTION ( 'NONE',  ( -1.000000000000000000, 0.000000000000000000, 0.000000000000000000 ) ) ;
#2415 = CYLINDRICAL_SURFACE ( 'NONE', #8491, 21.00000000000000000 ) ;
#2416 = EDGE_CURVE ( 'NONE', #9660, #429, #7077, .T. ) ;
#2417 = DIRECTION ( 'NONE',  ( 0.000000000000000000, 0.000000000000000000, -1.000000000000000000 ) ) ;
#2418 = CIRCLE ( 'NONE', #5561, 1.000000000000000000 ) ;
#2419 = ORIENTED_EDGE ( 'NONE', *, *, #4929, .F. ) ;
#2420 = ORIENTED_EDGE ( 'NONE', *, *, #5609, .T. ) ;
#2421 = ORIENTED_EDGE ( 'NONE', *, *, #8096, .F. ) ;
#2422 = ORIENTED_EDGE ( 'NONE', *, *, #70, .F. ) ;
#2423 = ORIENTED_EDGE ( 'NONE', *, *, #4417, .F. ) ;
#2424 = CIRCLE ( 'NONE', #8880, 12.00000000000000000 ) ;
#2425 = CARTESIAN_POINT ( 'NONE',  ( -19.62500000000000000, 11.14271062174729998, -38.29999999999999716 ) ) ;
#2426 = PLANE ( 'NONE',  #5939 ) ;
#2427 = FACE_OUTER_BOUND ( 'NONE', #3997, .T. ) ;
#2428 = CARTESIAN_POINT ( 'NONE',  ( -22.94669191841034461, -1.205788223340767074, 17.14416196781467505 ) ) ;
#2429 = CARTESIAN_POINT ( 'NONE',  ( -26.62500000000000000, 9.598315762216030222, 8.415558119512320041E-15 ) ) ;
#2430 = DIRECTION ( 'NONE',  ( 0.000000000000000000, -1.000000000000000000, 0.000000000000000000 ) ) ;
#2431 = CARTESIAN_POINT ( 'NONE',  ( 7.943812702377581303, 14.79176717396604168, -14.98921841627974416 ) ) ;
#2432 = ORIENTED_EDGE ( 'NONE', *, *, #3864, .T. ) ;
#2433 = ORIENTED_EDGE ( 'NONE', *, *, #6517, .T. ) ;
#2434 = ORIENTED_EDGE ( 'NONE', *, *, #5670, .T. ) ;
#2435 = APPROVAL_STATUS ( 'not_yet_approved' ) ;
#2436 = DIRECTION ( 'NONE',  ( -1.000000000000000000, 0.000000000000000000, 0.000000000000000000 ) ) ;
#2437 = CARTESIAN_POINT ( 'NONE',  ( 17.62500000000000000, -7.000000000000000000, 13.50000000000000000 ) ) ;
#2438 = LINE ( 'NONE', #6087, #4389 ) ;
#2439 = CARTESIAN_POINT ( 'NONE',  ( -16.57499999999999929, 5.250000000000000000, 22.05000000000000071 ) ) ;
#2440 = DIRECTION ( 'NONE',  ( 0.000000000000000000, 0.000000000000000000, -1.000000000000000000 ) ) ;
#2441 = DIRECTION ( 'NONE',  ( -1.000000000000000000, 0.000000000000000000, 0.000000000000000000 ) ) ;
#2442 = PLANE ( 'NONE',  #234 ) ;
#2443 = VERTEX_POINT ( 'NONE', #7983 ) ;
#2444 = CARTESIAN_POINT ( 'NONE',  ( -22.93803659793363536, 4.109910829744994665, 17.21332696663158757 ) ) ;
#2445 = CARTESIAN_POINT ( 'NONE',  ( -16.57499999999999929, -2.625000000000000000, 20.55336663013170195 ) ) ;
#2446 = CARTESIAN_POINT ( 'NONE',  ( -23.02445639404652411, -2.752896672553912349, 16.55336663013169485 ) ) ;
#2447 = CARTESIAN_POINT ( 'NONE',  ( -0.2928678401558271749, 14.89242746832255193, -14.81010197022250985 ) ) ;
#2448 = CARTESIAN_POINT ( 'NONE',  ( -25.88991377037424968, -8.768250222708370956, 5.088209185381279198 ) ) ;
#2449 = LINE ( 'NONE', #6239, #9285 ) ;
#2450 = CARTESIAN_POINT ( 'NONE',  ( 7.129014785873200033, 17.98421494571415025, -25.00000000000000000 ) ) ;
#2451 = CARTESIAN_POINT ( 'NONE',  ( 12.22901478587320057, 14.58540566807860017, -25.00000000000000000 ) ) ;
#2452 = ORIENTED_EDGE ( 'NONE', *, *, #3123, .T. ) ;
#2453 = DIRECTION ( 'NONE',  ( -2.891205793294678326E-16, 0.000000000000000000, 1.000000000000000000 ) ) ;
#2454 = CIRCLE ( 'NONE', #7974, 1.000000000000000888 ) ;
#2455 = ORIENTED_EDGE ( 'NONE', *, *, #7969, .T. ) ;
#2456 = EDGE_CURVE ( 'NONE', #443, #9067, #5486, .T. ) ;
#2457 = FACE_OUTER_BOUND ( 'NONE', #5482, .T. ) ;
#2458 = VECTOR ( 'NONE', #3860, 999.9999999999998863 ) ;
#2459 = ORIENTED_EDGE ( 'NONE', *, *, #9724, .F. ) ;
#2460 = CARTESIAN_POINT ( 'NONE',  ( 9.358070854810767614, -12.74290191800750982, 0.03336381196053461035 ) ) ;
#2461 = CARTESIAN_POINT ( 'NONE',  ( -25.59450679630785075, -9.475357003913030596, 5.381102404194729516 ) ) ;
#2462 = CARTESIAN_POINT ( 'NONE',  ( 7.829014785873210869, 13.94727521435340023, -14.00000000000000000 ) ) ;
#2463 = CARTESIAN_POINT ( 'NONE',  ( 7.025000000000000355, 0.000000000000000000, -38.70134312298129942 ) ) ;
#2464 = ORIENTED_EDGE ( 'NONE', *, *, #572, .F. ) ;
#2465 = ORIENTED_EDGE ( 'NONE', *, *, #9093, .F. ) ;
#2466 = ORIENTED_EDGE ( 'NONE', *, *, #320, .F. ) ;
#2467 = ORIENTED_EDGE ( 'NONE', *, *, #9226, .T. ) ;
#2468 = EDGE_CURVE ( 'NONE', #8099, #4899, #506, .T. ) ;
#2469 = AXIS2_PLACEMENT_3D ( 'NONE', #3085, #4654, #5435 ) ;
#2470 = ORIENTED_EDGE ( 'NONE', *, *, #4344, .T. ) ;
#2471 = EDGE_CURVE ( 'NONE', #3552, #8680, #1715, .T. ) ;
#2472 = EDGE_CURVE ( 'NONE', #6813, #1171, #1773, .T. ) ;
#2473 = LINE ( 'NONE', #6214, #9275 ) ;
#2474 = CARTESIAN_POINT ( 'NONE',  ( -14.35240001250708985, -3.764476296802989896, -37.93102630444271739 ) ) ;
#2475 = CARTESIAN_POINT ( 'NONE',  ( 26.62500000000000000, 15.00000000000000000, 5.147263975624269829E-15 ) ) ;
#2476 = CARTESIAN_POINT ( 'NONE',  ( -0.1236988573789951640, 15.16466301066304823, -25.03513867522667979 ) ) ;
#2477 = CARTESIAN_POINT ( 'NONE',  ( -10.43261184457493940, -7.900000000000000355, -29.19238815542515297 ) ) ;
#2478 = VECTOR ( 'NONE', #1767, 1000.000000000000000 ) ;
#2479 = CARTESIAN_POINT ( 'NONE',  ( 4.670577185128363062, -12.09999999999999964, -31.22736801629987369 ) ) ;
#2480 = FACE_OUTER_BOUND ( 'NONE', #7586, .T. ) ;
#2481 = ORIENTED_EDGE ( 'NONE', *, *, #7185, .F. ) ;
#2482 = ORIENTED_EDGE ( 'NONE', *, *, #5182, .T. ) ;
#2483 = EDGE_LOOP ( 'NONE', ( #8626, #3510, #3885, #6055 ) ) ;
#2484 = EDGE_CURVE ( 'NONE', #7973, #4792, #5604, .T. ) ;
#2485 = FACE_OUTER_BOUND ( 'NONE', #1762, .T. ) ;
#2486 = LINE ( 'NONE', #5490, #3733 ) ;
#2487 = CARTESIAN_POINT ( 'NONE',  ( -19.12649554331190771, 14.99981966397832345, 2.980156864938044681E-13 ) ) ;
#2488 = DIRECTION ( 'NONE',  ( 1.000000000000000000, 0.000000000000000000, 0.000000000000000000 ) ) ;
#2489 = CARTESIAN_POINT ( 'NONE',  ( -26.62500000000000000, 2.625000000000000000, 29.64663336986829734 ) ) ;
#2490 = CARTESIAN_POINT ( 'NONE',  ( 17.75085192624896635, 13.04591101408701626, -25.42580387088791127 ) ) ;
#2491 = CARTESIAN_POINT ( 'NONE',  ( 18.91569719072339950, 12.00000000000000000, 1.000000000442594184 ) ) ;
#2492 = ORIENTED_EDGE ( 'NONE', *, *, #7296, .F. ) ;
#2493 = CIRCLE ( 'NONE', #3282, 1.999999999999998224 ) ;
#2494 = AXIS2_PLACEMENT_3D ( 'NONE', #5322, #7738, #8340 ) ;
#2495 = ORIENTED_EDGE ( 'NONE', *, *, #861, .T. ) ;
#2496 = VECTOR ( 'NONE', #7012, 1000.000000000000000 ) ;
#2497 = AXIS2_PLACEMENT_3D ( 'NONE', #1034, #5447, #3707 ) ;
#2498 = CARTESIAN_POINT ( 'NONE',  ( -22.73258125671747365, 4.515102050394612654, 19.22017714794850818 ) ) ;
#2499 = AXIS2_PLACEMENT_3D ( 'NONE', #6643, #9560, #8076 ) ;
#2500 = DIRECTION ( 'NONE',  ( -2.881657216719180031E-16, 0.000000000000000000, 1.000000000000000000 ) ) ;
#2501 = CARTESIAN_POINT ( 'NONE',  ( -19.62500000000000000, 14.16787163341028055, -38.29999999999999716 ) ) ;
#2502 = CARTESIAN_POINT ( 'NONE',  ( -0.4101079044577740640, 14.76758431444909725, -14.69961746378150380 ) ) ;
#2503 = CARTESIAN_POINT ( 'NONE',  ( -22.57703882412521068, 7.201203059307273335, 22.65605000157049886 ) ) ;
#2504 = DIRECTION ( 'NONE',  ( -0.06755233331618215598, -1.734723475976806306E-15, -0.9977157321920605559 ) ) ;
#2505 = DIRECTION ( 'NONE',  ( 1.000000000000000000, 0.000000000000000000, 2.881657216719184962E-16 ) ) ;
#2506 = CARTESIAN_POINT ( 'NONE',  ( -24.78272932252710703, -7.400000000000002132, 8.722642968538854902 ) ) ;
#2507 = AXIS2_PLACEMENT_3D ( 'NONE', #6943, #8236, #3193 ) ;
#2508 = ORIENTED_EDGE ( 'NONE', *, *, #4682, .F. ) ;
#2509 = CARTESIAN_POINT ( 'NONE',  ( 21.88395278773339925, 12.00000000000000000, 0.9174602402649439936 ) ) ;
#2510 = EDGE_LOOP ( 'NONE', ( #9397, #2178, #4184, #5521 ) ) ;
#2511 = CIRCLE ( 'NONE', #486, 8.000000000000000000 ) ;
#2512 = VECTOR ( 'NONE', #4508, 1000.000000000000000 ) ;
#2513 = CARTESIAN_POINT ( 'NONE',  ( -15.74773645821080770, -14.29896486864575422, -1.766321622881910303 ) ) ;
#2514 = PLANE ( 'NONE',  #4672 ) ;
#2515 = CARTESIAN_POINT ( 'NONE',  ( -11.61106307130676107, 14.91261882974662001, -30.37083938215700130 ) ) ;
#2516 = DIRECTION ( 'NONE',  ( 0.000000000000000000, -1.448536854396390151E-16, 1.000000000000000000 ) ) ;
#2517 = VECTOR ( 'NONE', #9313, 1000.000000000000000 ) ;
#2518 = PLANE ( 'NONE',  #4362 ) ;
#2519 = EDGE_CURVE ( 'NONE', #2870, #7756, #8486, .T. ) ;
#2520 = ORIENTED_EDGE ( 'NONE', *, *, #7588, .T. ) ;
#2521 = EDGE_LOOP ( 'NONE', ( #3465, #5080 ) ) ;
#2522 = ORIENTED_EDGE ( 'NONE', *, *, #6138, .T. ) ;
#2523 = ADVANCED_FACE ( 'NONE', ( #298 ), #6298, .F. ) ;
#2524 = ORIENTED_EDGE ( 'NONE', *, *, #5584, .F. ) ;
#2525 = ORIENTED_EDGE ( 'NONE', *, *, #8988, .T. ) ;
#2526 = FACE_OUTER_BOUND ( 'NONE', #8587, .T. ) ;
#2527 = CARTESIAN_POINT ( 'NONE',  ( 26.62500000000000000, 15.00000000000000000, -12.03976285529073920 ) ) ;
#2528 = LINE ( 'NONE', #6265, #4259 ) ;
#2529 = CARTESIAN_POINT ( 'NONE',  ( -1.031508968136318538, 14.52213597714689541, -25.90890174643697108 ) ) ;
#2530 = CARTESIAN_POINT ( 'NONE',  ( -26.61466466239320994, 8.762897228212070289, 0.6428948187278475945 ) ) ;
#2531 = DIRECTION ( 'NONE',  ( 1.000000000000000000, 0.000000000000000000, 0.000000000000000000 ) ) ;
#2532 = CARTESIAN_POINT ( 'NONE',  ( 17.62500000000000000, 12.00000000000000000, 23.09999999999999787 ) ) ;
#2533 = ORIENTED_EDGE ( 'NONE', *, *, #4764, .T. ) ;
#2534 = EDGE_LOOP ( 'NONE', ( #8241, #7809, #4387, #5763, #2766, #962, #8653, #5007, #7913 ) ) ;
#2535 = EDGE_CURVE ( 'NONE', #3570, #7734, #8856, .T. ) ;
#2536 = VERTEX_POINT ( 'NONE', #5850 ) ;
#2537 = B_SPLINE_CURVE_WITH_KNOTS ( 'NONE', 3,
 ( #1648, #6077, #9089, #916, #4649, #1604, #4600, #9446, #7016, #4158 ),
 .UNSPECIFIED., .F., .F.,
 ( 4, 3, 3, 4 ),
 ( 4.336808689942019662E-19, 0.001382567468032240045, 0.003647587077313474944, 0.003648995325149959838 ),
 .UNSPECIFIED. ) ;
#2538 = EDGE_CURVE ( 'NONE', #3115, #3408, #1246, .T. ) ;
#2539 = CARTESIAN_POINT ( 'NONE',  ( -10.17224623924377802, -14.87568846737825901, -4.000000000000000000 ) ) ;
#2540 = ADVANCED_FACE ( 'NONE', ( #2114 ), #2067, .F. ) ;
#2541 = CARTESIAN_POINT ( 'NONE',  ( 22.82263458254860211, -12.00000000000000000, 0.8505596004179689640 ) ) ;
#2542 = CARTESIAN_POINT ( 'NONE',  ( -19.12649554331195034, 14.99981966397797883, -4.000000000000000000 ) ) ;
#2543 = DIRECTION ( 'NONE',  ( 1.000000000000000000, 0.000000000000000000, 2.881657216719184962E-16 ) ) ;
#2544 = EDGE_CURVE ( 'NONE', #3900, #6350, #8815, .T. ) ;
#2545 = B_SPLINE_CURVE_WITH_KNOTS ( 'NONE', 3,
 ( #8443, #6070, #768, #2425 ),
 .UNSPECIFIED., .F., .F.,
 ( 4, 4 ),
 ( 0.000000000000000000, 1.000000000000000000 ),
 .UNSPECIFIED. ) ;
#2546 = CARTESIAN_POINT ( 'NONE',  ( 22.62500000000000000, 12.00000000000000000, 0.8672861625756940196 ) ) ;
#2547 = CARTESIAN_POINT ( 'NONE',  ( 1.444753923641417082, 14.38087325574758246, -33.34946332841629157 ) ) ;
#2548 = CARTESIAN_POINT ( 'NONE',  ( -13.57500000000000284, -15.01285539730230489, -6.799999999999998046 ) ) ;
#2549 = ORIENTED_EDGE ( 'NONE', *, *, #4897, .F. ) ;
#2550 = ORIENTED_EDGE ( 'NONE', *, *, #3200, .F. ) ;
#2551 = LINE ( 'NONE', #1967, #2517 ) ;
#2552 = CARTESIAN_POINT ( 'NONE',  ( -26.62500000000000000, -2.625000000000000000, 16.55336663013170195 ) ) ;
#2553 = CARTESIAN_POINT ( 'NONE',  ( -22.94873845135873225, -4.027825540505237001, 17.12784908028688946 ) ) ;
#2554 = CARTESIAN_POINT ( 'NONE',  ( -10.79396272641083954, -14.89157588781994512, -9.979288135367252011 ) ) ;
#2555 = CARTESIAN_POINT ( 'NONE',  ( 17.62500000000000000, 0.000000000000000000, 23.09999999999999787 ) ) ;
#2556 = LINE ( 'NONE', #7037, #8035 ) ;
#2557 = CARTESIAN_POINT ( 'NONE',  ( 21.10525806178350194, -12.67693674692810113, 1.521712196120879915E-13 ) ) ;
#2558 = CARTESIAN_POINT ( 'NONE',  ( -16.57499999999999929, -2.625000000000000000, 18.55336663013169840 ) ) ;
#2559 = DIRECTION ( 'NONE',  ( 0.000000000000000000, 0.000000000000000000, 1.000000000000000000 ) ) ;
#2560 = ORIENTED_EDGE ( 'NONE', *, *, #2071, .T. ) ;
#2561 = CARTESIAN_POINT ( 'NONE',  ( 21.82796352931882211, 11.99999999999998046, 0.2693243528771702144 ) ) ;
#2562 = ORIENTED_EDGE ( 'NONE', *, *, #9103, .T. ) ;
#2563 = CARTESIAN_POINT ( 'NONE',  ( -23.75244332110656842, -11.84580912008977549, -0.9486030400295284437 ) ) ;
#2564 = LINE ( 'NONE', #8581, #5475 ) ;
#2565 = CARTESIAN_POINT ( 'NONE',  ( -10.43261184457493940, 14.88244887111398107, -29.19238815542515297 ) ) ;
#2566 = CARTESIAN_POINT ( 'NONE',  ( 15.84490854942728966, -13.24098865025622018, -26.75650903934300828 ) ) ;
#2567 = CARTESIAN_POINT ( 'NONE',  ( -26.62500000000000000, -5.250000000000000000, 22.05000000000000071 ) ) ;
#2568 = LINE ( 'NONE', #1836, #4815 ) ;
#2569 = ORIENTED_EDGE ( 'NONE', *, *, #1813, .T. ) ;
#2570 = ORIENTED_EDGE ( 'NONE', *, *, #3971, .F. ) ;
#2571 = EDGE_LOOP ( 'NONE', ( #7879, #1624, #216, #7045 ) ) ;
#2572 = AXIS2_PLACEMENT_3D ( 'NONE', #9594, #8792, #1317 ) ;
#2573 = AXIS2_PLACEMENT_3D ( 'NONE', #9321, #4825, #2559 ) ;
#2574 = ORIENTED_EDGE ( 'NONE', *, *, #2249, .F. ) ;
#2575 = EDGE_LOOP ( 'NONE', ( #1738, #5743, #5581, #7819 ) ) ;
#2577 = FACE_OUTER_BOUND ( 'NONE', #5831, .T. ) ;
#2576 = CIRCLE ( 'NONE', #231, 1.834999999999999742 ) ;
#2578 = DIRECTION ( 'NONE',  ( 0.000000000000000000, 0.000000000000000000, -1.000000000000000000 ) ) ;
#2579 = CARTESIAN_POINT ( 'NONE',  ( 4.516564210871449880, -10.09999999999999964, -31.28075017882504838 ) ) ;
#2580 = EDGE_CURVE ( 'NONE', #9639, #7849, #5064, .T. ) ;
#2581 = CARTESIAN_POINT ( 'NONE',  ( -0.07239137861977100463, 15.46844551391894917, -25.00000000000000000 ) ) ;
#2582 = CARTESIAN_POINT ( 'NONE',  ( -26.61440639930512830, 8.753451526085061829, 0.6509087540532262350 ) ) ;
#2583 = CARTESIAN_POINT ( 'NONE',  ( -23.02445639404654898, 2.625000000000000000, 16.55336663013170195 ) ) ;
#2584 = CARTESIAN_POINT ( 'NONE',  ( -13.96814575050796137, -10.09999999999999964, -19.72792206135790138 ) ) ;
#2585 = ORIENTED_EDGE ( 'NONE', *, *, #643, .F. ) ;
#2586 = ORIENTED_EDGE ( 'NONE', *, *, #2840, .T. ) ;
#2587 = EDGE_LOOP ( 'NONE', ( #9581, #6922, #777, #3025 ) ) ;
#2588 = AXIS2_PLACEMENT_3D ( 'NONE', #5402, #3745, #804 ) ;
#2589 = ADVANCED_FACE ( 'NONE', ( #2947, #2998 ), #8124, .F. ) ;
#2590 = EDGE_CURVE ( 'NONE', #7998, #5363, #1381, .T. ) ;
#2591 = CARTESIAN_POINT ( 'NONE',  ( -20.15380024153614968, -11.00000000000000000, 2.602085213965209853E-15 ) ) ;
#2592 = DIRECTION ( 'NONE',  ( 0.000000000000000000, 1.000000000000000000, 0.000000000000000000 ) ) ;
#2593 = CARTESIAN_POINT ( 'NONE',  ( -21.17556862445263022, 14.99999999999996980, 4.336808689942016947E-15 ) ) ;
#2594 = LOCAL_TIME ( 9, 51, 0.000000000000000000, #2101 ) ;
#2595 = CARTESIAN_POINT ( 'NONE',  ( -26.62500000000000000, 2.625000000000000000, 18.55336663013169840 ) ) ;
#2596 = CARTESIAN_POINT ( 'NONE',  ( 16.62500000000000000, 7.000000000000000000, 13.50000000000000000 ) ) ;
#2597 = CARTESIAN_POINT ( 'NONE',  ( 7.741929215973360812, 13.95397545985275123, -30.99561567880749635 ) ) ;
#2598 = FACE_OUTER_BOUND ( 'NONE', #6992, .T. ) ;
#2599 = ORIENTED_EDGE ( 'NONE', *, *, #9102, .T. ) ;
#2600 = ADVANCED_FACE ( 'NONE', ( #6731, #4324, #1334 ), #116, .F. ) ;
#2601 = ORIENTED_EDGE ( 'NONE', *, *, #2106, .F. ) ;
#2602 = ADVANCED_FACE ( 'NONE', ( #7480 ), #7337, .F. ) ;
#2603 = FACE_OUTER_BOUND ( 'NONE', #4894, .T. ) ;
#2604 = DIRECTION ( 'NONE',  ( 1.000000000000000000, 0.000000000000000000, 2.881657216719180031E-16 ) ) ;
#2605 = CARTESIAN_POINT ( 'NONE',  ( -23.02445639404654898, -2.625000000000000000, 16.55336663013170195 ) ) ;
#2606 = CARTESIAN_POINT ( 'NONE',  ( -13.58079383837567100, 6.604722076582358881, -37.83200717501373589 ) ) ;
#2607 = CARTESIAN_POINT ( 'NONE',  ( -22.60250368588332393, 6.420244057251334624, 21.47285088475622672 ) ) ;
#2608 = DIRECTION ( 'NONE',  ( 0.000000000000000000, 1.000000000000000000, 2.428612866367529932E-15 ) ) ;
#2609 = DIRECTION ( 'NONE',  ( 0.000000000000000000, 0.000000000000000000, 1.000000000000000000 ) ) ;
#2610 = CARTESIAN_POINT ( 'NONE',  ( 4.329014785873204652, 14.78421494571413852, -25.09076719210115058 ) ) ;
#2611 = CARTESIAN_POINT ( 'NONE',  ( -13.96814575050796137, 14.95551785225862140, -19.72792206135790138 ) ) ;
#2612 = ORIENTED_EDGE ( 'NONE', *, *, #8024, .F. ) ;
#2613 = CARTESIAN_POINT ( 'NONE',  ( 22.58570401745159373, 11.99999999999999289, 0.2869032494204898920 ) ) ;
#2614 = CARTESIAN_POINT ( 'NONE',  ( -16.57499999999999929, -5.250000000000000000, 23.09999999999999787 ) ) ;
#2615 = DIRECTION ( 'NONE',  ( 1.000000000000000000, 0.000000000000000000, 2.881657216719184962E-16 ) ) ;
#2616 = CARTESIAN_POINT ( 'NONE',  ( -4.030708395855881143, -13.67100963846266026, -35.95861824832559250 ) ) ;
#2617 = CARTESIAN_POINT ( 'NONE',  ( -12.67592123581587948, -14.93285562214022377, -36.69661410051311634 ) ) ;
#2618 = VECTOR ( 'NONE', #2279, 1000.000000000000000 ) ;
#2619 = DIRECTION ( 'NONE',  ( 1.000000000000000000, 0.000000000000000000, 2.881657216719184962E-16 ) ) ;
#2620 = LINE ( 'NONE', #9218, #1072 ) ;
#2621 = EDGE_LOOP ( 'NONE', ( #4372, #5235, #6668, #5414 ) ) ;
#2622 = ORIENTED_EDGE ( 'NONE', *, *, #8214, .T. ) ;
#2623 = ORIENTED_EDGE ( 'NONE', *, *, #7915, .T. ) ;
#2624 = ORIENTED_EDGE ( 'NONE', *, *, #6010, .T. ) ;
#2625 = CIRCLE ( 'NONE', #740, 1.000000000000000000 ) ;
#2626 = EDGE_LOOP ( 'NONE', ( #9589, #7745, #300, #4159 ) ) ;
#2627 = CARTESIAN_POINT ( 'NONE',  ( -26.84991221830399866, -12.00000000000000000, 8.605745400281710644 ) ) ;
#2628 = CARTESIAN_POINT ( 'NONE',  ( -13.57499999999999218, -14.82985454614371790, -3.010523542506613914 ) ) ;
#2629 = DIRECTION ( 'NONE',  ( 0.000000000000000000, 0.000000000000000000, 1.000000000000000000 ) ) ;
#2630 = CARTESIAN_POINT ( 'NONE',  ( -26.62500000000000000, 10.67871917582951902, -0.5595730586098359716 ) ) ;
#2631 = CARTESIAN_POINT ( 'NONE',  ( -26.61483481269563001, 8.769165185292681741, 0.6375823272497840311 ) ) ;
#2632 = DIRECTION ( 'NONE',  ( 3.469446951953615175E-16, 0.000000000000000000, -1.000000000000000000 ) ) ;
#2633 = CIRCLE ( 'NONE', #4667, 1.049999999999998934 ) ;
#2634 = ORIENTED_EDGE ( 'NONE', *, *, #2519, .T. ) ;
#2635 = VERTEX_POINT ( 'NONE', #4425 ) ;
#2636 = ORIENTED_EDGE ( 'NONE', *, *, #7820, .T. ) ;
#2637 = AXIS2_PLACEMENT_3D ( 'NONE', #6477, #8787, #4350 ) ;
#2638 = B_SPLINE_CURVE_WITH_KNOTS ( 'NONE', 3,
 ( #2313, #151, #7678, #8528, #6841, #1722, #8328, #8422, #888, #9159, #4728, #7733, #2506, #1582 ),
 .UNSPECIFIED., .F., .F.,
 ( 4, 2, 2, 1, 1, 2, 2, 4 ),
 ( 0.000000000000000000, 0.2500000000000383582, 0.3750000000000585643, 0.4375000000000665579, 0.4687500000000684452, 0.4843750000000681122, 0.5000000000000677236, 1.000000000000000000 ),
 .UNSPECIFIED. ) ;
#2639 = CARTESIAN_POINT ( 'NONE',  ( 22.62500000000000000, 0.000000000000000000, 23.09999999999999787 ) ) ;
#2640 = VECTOR ( 'NONE', #620, 1000.000000000000000 ) ;
#2641 = CARTESIAN_POINT ( 'NONE',  ( -13.96814575050770024, -7.900000000000000355, -32.72792206135789428 ) ) ;
#2642 = CARTESIAN_POINT ( 'NONE',  ( -26.62499999999993960, 14.99999999999996980, 4.336808689942016947E-15 ) ) ;
#2643 = DIRECTION ( 'NONE',  ( -0.9977157321921253930, 5.072927206014141646E-18, 0.06755233331522463025 ) ) ;
#2644 = EDGE_CURVE ( 'NONE', #2141, #6209, #4557, .T. ) ;
#2645 = DIRECTION ( 'NONE',  ( 0.000000000000000000, 0.000000000000000000, -1.000000000000000000 ) ) ;
#2646 = CARTESIAN_POINT ( 'NONE',  ( 14.66666282888206396, 13.35530502577564782, -27.48017900831433025 ) ) ;
#2647 = DIRECTION ( 'NONE',  ( 3.637153004071019999E-30, 1.000000000000000000, -2.059984127722470100E-14 ) ) ;
#2648 = VERTEX_POINT ( 'NONE', #4370 ) ;
#2649 = VECTOR ( 'NONE', #5505, 1000.000000000000000 ) ;
#2650 = B_SPLINE_CURVE_WITH_KNOTS ( 'NONE', 3,
 ( #4230, #6629, #5243, #5657, #7244, #638, #5202, #3444, #682, #1240, #8262, #5703, #2149, #7935, #8677 ),
 .UNSPECIFIED., .F., .F.,
 ( 4, 1, 1, 1, 1, 1, 1, 1, 2, 2, 4 ),
 ( 0.000000000000000000, 0.2500000000000024980, 0.3750000000000039413, 0.4375000000000046074, 0.4687500000000049960, 0.4843750000000052736, 0.4921875000000053846, 0.4960937500000051625, 0.4980468750000053846, 0.5000000000000055511, 1.000000000000000000 ),
 .UNSPECIFIED. ) ;
#2651 = VERTEX_POINT ( 'NONE', #2855 ) ;
#2652 = CARTESIAN_POINT ( 'NONE',  ( 26.62500000000000000, -8.000000000000000000, 1.000000000000000000 ) ) ;
#2653 = CARTESIAN_POINT ( 'NONE',  ( -26.62071077907157246, -9.030399173528790513, 0.4212586965026920982 ) ) ;
#2654 = CARTESIAN_POINT ( 'NONE',  ( -22.94795341204326178, -4.034151904116869858, 17.13410249223023740 ) ) ;
#2655 = CARTESIAN_POINT ( 'NONE',  ( -12.15572863362532630, 9.768419341088824481, -37.62624788268687581 ) ) ;
#2656 = PLANE ( 'NONE',  #8939 ) ;
#2657 = CIRCLE ( 'NONE', #6591, 1.049999999999998934 ) ;
#2658 = CARTESIAN_POINT ( 'NONE',  ( -26.84991221830399866, -7.400000000000000355, 8.471193762254690895 ) ) ;
#2659 = CARTESIAN_POINT ( 'NONE',  ( 19.65804414714895287, -12.00000000000000000, 0.9909437790672119828 ) ) ;
#2660 = DIRECTION ( 'NONE',  ( -1.000000000000000000, 0.000000000000000000, 0.000000000000000000 ) ) ;
#2661 = CARTESIAN_POINT ( 'NONE',  ( 3.024999999999999911, 10.09999999999999964, 0.000000000000000000 ) ) ;
#2662 = ORIENTED_EDGE ( 'NONE', *, *, #9652, .T. ) ;
#2663 = CARTESIAN_POINT ( 'NONE',  ( 18.17312819460624951, 13.00000000560882008, 6.938893903907229955E-15 ) ) ;
#2664 = EDGE_CURVE ( 'NONE', #673, #3420, #5801, .T. ) ;
#2665 = VECTOR ( 'NONE', #7166, 1000.000000000000000 ) ;
#2666 = AXIS2_PLACEMENT_3D ( 'NONE', #5229, #246, #8247 ) ;
#2667 = ADVANCED_FACE ( 'NONE', ( #9615 ), #651, .T. ) ;
#2668 = B_SPLINE_CURVE_WITH_KNOTS ( 'NONE', 3,
 ( #1238, #6448, #7093, #2503, #6345, #1819, #4078, #7036, #4023, #8525, #9258, #3341, #7140, #3394, #9369, #9470, #294, #2607, #4774, #6987, #5601, #6396, #1971, #8619, #1871, #2709, #7884, #3291, #4179, #7979, #9416 ),
 .UNSPECIFIED., .F., .F.,
 ( 4, 2, 2, 1, 1, 1, 2, 2, 2, 2, 2, 2, 2, 1, 1, 2, 2, 4 ),
 ( 0.000000000000000000, 0.1250000000000915934, 0.1875000000001357525, 0.2187500000001577072, 0.2343750000001703082, 0.2421875000001751932, 0.2460937500001776079, 0.2500000000001800227, 0.3750000000001704747, 0.5000000000001608713, 0.6250000000001514344, 0.6875000000001469935, 0.7187500000001444400, 0.7343750000001422196, 0.7421875000001395550, 0.7460937500001383338, 0.7500000000001371125, 1.000000000000000000 ),
 .UNSPECIFIED. ) ;
#2669 = AXIS2_PLACEMENT_3D ( 'NONE', #7524, #3086, #6929 ) ;
#2670 = CARTESIAN_POINT ( 'NONE',  ( 8.638988130832100154, 11.26263554206619943, -29.47293543252564874 ) ) ;
#2671 = LINE ( 'NONE', #9326, #9243 ) ;
#2672 = CARTESIAN_POINT ( 'NONE',  ( -14.89003387260757272, -13.97154005262443555, -38.00783671718873080 ) ) ;
#2673 = AXIS2_PLACEMENT_3D ( 'NONE', #5368, #898, #5462 ) ;
#2674 = EDGE_CURVE ( 'NONE', #8680, #103, #5160, .T. ) ;
#2675 = CARTESIAN_POINT ( 'NONE',  ( -16.13626999115480132, -14.98308924340955528, -37.11903924693164214 ) ) ;
#2676 = DIRECTION ( 'NONE',  ( 1.317361586081176046E-32, 1.000000000000000000, -7.461176240760458925E-17 ) ) ;
#2677 = CARTESIAN_POINT ( 'NONE',  ( -24.54683014059675017, -10.57782963992367975, 6.483575040205399986 ) ) ;
#2678 = ORIENTED_EDGE ( 'NONE', *, *, #5810, .F. ) ;
#2679 = VECTOR ( 'NONE', #4879, 1000.000000000000000 ) ;
#2680 = EDGE_CURVE ( 'NONE', #2080, #8068, #8286, .T. ) ;
#2681 = ORIENTED_EDGE ( 'NONE', *, *, #133, .T. ) ;
#2682 = EDGE_CURVE ( 'NONE', #2086, #3746, #6924, .T. ) ;
#2683 = ORIENTED_EDGE ( 'NONE', *, *, #800, .T. ) ;
#2684 = ORIENTED_EDGE ( 'NONE', *, *, #550, .F. ) ;
#2685 = VECTOR ( 'NONE', #3088, 1000.000000000000000 ) ;
#2686 = AXIS2_PLACEMENT_3D ( 'NONE', #2349, #878, #2440 ) ;
#2687 = ORIENTED_EDGE ( 'NONE', *, *, #381, .T. ) ;
#2688 = DIRECTION ( 'NONE',  ( 2.164016633576080066E-32, -1.000000000000000000, 0.000000000000000000 ) ) ;
#2689 = CARTESIAN_POINT ( 'NONE',  ( -10.43261184457519875, 10.09999999999999964, -16.19238815542514942 ) ) ;
#2690 = CARTESIAN_POINT ( 'NONE',  ( -26.22383067582864413, -9.747648775083147754, 0.6303418747975493286 ) ) ;
#2691 = CARTESIAN_POINT ( 'NONE',  ( -0.7204021963930876682, 14.58223893093440182, -25.60138740451363404 ) ) ;
#2692 = CIRCLE ( 'NONE', #474, 1.999999999999998224 ) ;
#2693 = CARTESIAN_POINT ( 'NONE',  ( 7.675000000000000711, -2.600000000000000089, -37.10000000000000142 ) ) ;
#2694 = EDGE_LOOP ( 'NONE', ( #1666, #2134, #1638, #4740 ) ) ;
#2695 = ORIENTED_EDGE ( 'NONE', *, *, #9355, .F. ) ;
#2696 = ORIENTED_EDGE ( 'NONE', *, *, #4149, .F. ) ;
#2697 = CARTESIAN_POINT ( 'NONE',  ( 4.329014785873204652, 14.19919496893259847, -26.00000000000000000 ) ) ;
#2698 = CARTESIAN_POINT ( 'NONE',  ( 16.62500000000000000, -12.00000000000000000, 15.00000000000000000 ) ) ;
#2699 = CARTESIAN_POINT ( 'NONE',  ( -20.15380024153554928, 11.00000000000000000, 2.602085213965209853E-15 ) ) ;
#2700 = DIRECTION ( 'NONE',  ( 0.000000000000000000, 0.000000000000000000, -1.000000000000000000 ) ) ;
#2701 = CARTESIAN_POINT ( 'NONE',  ( 24.23039506645698893, 11.66912710150424104, 0.2418836348018773563 ) ) ;
#2702 = CARTESIAN_POINT ( 'NONE',  ( 15.05794139193950443, 13.31732677797037923, -27.23858220775304062 ) ) ;
#2703 = CARTESIAN_POINT ( 'NONE',  ( 26.62500000000000000, 13.00000000000000000, 1.000000000000000000 ) ) ;
#2704 = VERTEX_POINT ( 'NONE', #6089 ) ;
#2705 = CARTESIAN_POINT ( 'NONE',  ( -13.39993915504746091, 7.100000000000000533, -33.09999999999999432 ) ) ;
#2706 = DIRECTION ( 'NONE',  ( -1.000000000000000000, 0.000000000000000000, 0.000000000000000000 ) ) ;
#2707 = CARTESIAN_POINT ( 'NONE',  ( -22.65730598369932025, -3.649618831248257589, 20.29089876318175811 ) ) ;
#2708 = CARTESIAN_POINT ( 'NONE',  ( -12.87105268711117745, 8.378710332501002611, -37.73343600710582990 ) ) ;
#2709 = CARTESIAN_POINT ( 'NONE',  ( -22.61045750571100044, 6.027301220751217770, 21.25722742853421465 ) ) ;
#2710 = PLANE ( 'NONE',  #3621 ) ;
#2711 = EDGE_CURVE ( 'NONE', #1512, #7122, #5995, .T. ) ;
#2712 = CARTESIAN_POINT ( 'NONE',  ( 18.17312819460620688, -11.99999999999999467, -5.608822434277629648E-09 ) ) ;
#2713 = CARTESIAN_POINT ( 'NONE',  ( 8.282295850159679063, 14.91516259938647870, -25.00000000000000000 ) ) ;
#2714 = DIRECTION ( 'NONE',  ( 0.000000000000000000, 0.000000000000000000, -1.000000000000000000 ) ) ;
#2715 = ORIENTED_EDGE ( 'NONE', *, *, #6976, .T. ) ;
#2716 = CARTESIAN_POINT ( 'NONE',  ( -11.11717583295583189, 11.45505305428948795, -35.43132693233609132 ) ) ;
#2717 = DIRECTION ( 'NONE',  ( 1.000000000000000000, 0.000000000000000000, 2.881657216719180031E-16 ) ) ;
#2718 = CARTESIAN_POINT ( 'NONE',  ( 3.715077068086228618, 15.04631358016131770, -25.01928517407093011 ) ) ;
#2719 = ADVANCED_FACE ( 'NONE', ( #7621 ), #5387, .F. ) ;
#2720 = CARTESIAN_POINT ( 'NONE',  ( 9.967543298415701969, -12.53684236400937912, 0.1117171869551288332 ) ) ;
#2721 = CARTESIAN_POINT ( 'NONE',  ( -16.16844215798498752, -14.98339985860092582, -37.12201183403934834 ) ) ;
#2722 = CARTESIAN_POINT ( 'NONE',  ( -26.62500000000000000, 7.100000000000000533, -36.29999999999999716 ) ) ;
#2723 = LINE ( 'NONE', #7261, #3411 ) ;
#2724 = EDGE_LOOP ( 'NONE', ( #4683, #4846, #3315, #7642, #2684, #1352, #3643, #9031, #9016, #4399, #3622, #4048, #3410, #719, #8589, #8984, #2482, #1029, #5432, #2268 ) ) ;
#2725 = VERTEX_POINT ( 'NONE', #9098 ) ;
#2726 = ORIENTED_EDGE ( 'NONE', *, *, #1813, .F. ) ;
#2727 = ORIENTED_EDGE ( 'NONE', *, *, #9543, .T. ) ;
#2728 = ADVANCED_FACE ( 'NONE', ( #3089 ), #9052, .T. ) ;
#2729 = EDGE_CURVE ( 'NONE', #2281, #817, #6856, .T. ) ;
#2730 = ORIENTED_EDGE ( 'NONE', *, *, #6012, .T. ) ;
#2731 = CARTESIAN_POINT ( 'NONE',  ( 11.70960879963324608, 12.07535487440920186, 0.6183334806328174560 ) ) ;
#2732 = CARTESIAN_POINT ( 'NONE',  ( 20.62500000000000000, -2.625000000000000000, 27.64663336986835063 ) ) ;
#2733 = CYLINDRICAL_SURFACE ( 'NONE', #1561, 0.8500000000000000888 ) ;
#2734 = FACE_OUTER_BOUND ( 'NONE', #3896, .T. ) ;
#2735 = ORIENTED_EDGE ( 'NONE', *, *, #5855, .T. ) ;
#2736 = ORIENTED_EDGE ( 'NONE', *, *, #8403, .F. ) ;
#2737 = AXIS2_PLACEMENT_3D ( 'NONE', #6543, #1476, #5065 ) ;
#2738 = PLANE ( 'NONE',  #9177 ) ;
#2739 = CARTESIAN_POINT ( 'NONE',  ( 24.68205776585339706, -11.43629060657969987, 0.9999999782169459728 ) ) ;
#2740 = CARTESIAN_POINT ( 'NONE',  ( 9.674999999999998934, 10.09999999999999964, -9.849999999999999645 ) ) ;
#2741 = CARTESIAN_POINT ( 'NONE',  ( 0.5749999999998099964, -10.09999999999999964, -40.20000000000000284 ) ) ;
#2742 = CARTESIAN_POINT ( 'NONE',  ( 12.53621429475429139, 13.77372452264631342, -25.37546038869360387 ) ) ;
#2743 = CARTESIAN_POINT ( 'NONE',  ( 2.512659147718479868, 14.32095831927362006, -14.00000000000000000 ) ) ;
#2744 = CARTESIAN_POINT ( 'NONE',  ( 7.829014785873200211, 14.78421494571413852, -25.01379349597920054 ) ) ;
#2745 = ORIENTED_EDGE ( 'NONE', *, *, #5844, .F. ) ;
#2746 = B_SPLINE_CURVE_WITH_KNOTS ( 'NONE', 3,
 ( #139, #5438, #8460, #1568 ),
 .UNSPECIFIED., .F., .F.,
 ( 4, 4 ),
 ( 0.000000000000000000, 0.005461240385955850631 ),
 .UNSPECIFIED. ) ;
#2747 = EDGE_CURVE ( 'NONE', #3355, #1892, #1655, .T. ) ;
#2748 = AXIS2_PLACEMENT_3D ( 'NONE', #8001, #9681, #2184 ) ;
#2749 = CARTESIAN_POINT ( 'NONE',  ( -26.62500000000000000, 2.625000000000000000, 19.60336663013169911 ) ) ;
#2750 = PLANE ( 'NONE',  #461 ) ;
#2751 = CARTESIAN_POINT ( 'NONE',  ( -16.57499999999999929, 5.250000000000000000, 23.09999999999999787 ) ) ;
#2752 = CARTESIAN_POINT ( 'NONE',  ( -14.70261314302101852, 2.428612866367529932E-13, -37.97280655551545436 ) ) ;
#2753 = CARTESIAN_POINT ( 'NONE',  ( -11.96499999999999986, -10.09999999999999964, -29.30000000000000071 ) ) ;
#2754 = CARTESIAN_POINT ( 'NONE',  ( 26.62500000000000000, -2.625000000000000000, 18.55336663013169840 ) ) ;
#2755 = CARTESIAN_POINT ( 'NONE',  ( 8.122623130895254562, 14.83645405034122433, -25.00382703590990019 ) ) ;
#2756 = DIRECTION ( 'NONE',  ( 0.7071067811865435759, 0.000000000000000000, -0.7071067811865514585 ) ) ;
#2757 = ORIENTED_EDGE ( 'NONE', *, *, #5767, .F. ) ;
#2758 = CARTESIAN_POINT ( 'NONE',  ( 26.33113146233105084, 11.15565314616271841, -15.14991514362804814 ) ) ;
#2759 = DIRECTION ( 'NONE',  ( 0.000000000000000000, -1.000000000000000000, 0.000000000000000000 ) ) ;
#2760 = CARTESIAN_POINT ( 'NONE',  ( -27.46053271364780457, 8.908646761485739418, 0.03045107950476195341 ) ) ;
#2761 = CARTESIAN_POINT ( 'NONE',  ( 8.301891554424651432, 12.93848800986799574, -31.81020273662116793 ) ) ;
#2762 = B_SPLINE_CURVE_WITH_KNOTS ( 'NONE', 2,
 ( #6578, #5737, #2883 ),
 .UNSPECIFIED., .F., .F.,
 ( 3, 3 ),
 ( 0.5115381098844189456, 0.8008093822359639846 ),
 .UNSPECIFIED. ) ;
#2763 = CARTESIAN_POINT ( 'NONE',  ( 25.24989483713696714, -12.17659674890120769, -15.77856734130538996 ) ) ;
#2764 = CARTESIAN_POINT ( 'NONE',  ( 17.70413376852028264, -13.05028767881510099, -26.60709739958777575 ) ) ;
#2765 = CARTESIAN_POINT ( 'NONE',  ( 7.675000000000000711, -10.09999999999999964, -9.849999999999999645 ) ) ;
#2766 = ORIENTED_EDGE ( 'NONE', *, *, #1928, .T. ) ;
#2767 = CARTESIAN_POINT ( 'NONE',  ( 26.62500000000000355, 10.33290564699930592, 0.07047908400780722449 ) ) ;
#2768 = ORIENTED_EDGE ( 'NONE', *, *, #6261, .F. ) ;
#2769 = EDGE_LOOP ( 'NONE', ( #8590, #4579, #6065, #5123 ) ) ;
#2770 = VERTEX_POINT ( 'NONE', #4715 ) ;
#2771 = ORIENTED_EDGE ( 'NONE', *, *, #2833, .T. ) ;
#2772 = CARTESIAN_POINT ( 'NONE',  ( -10.43261184457493940, -14.88244887111394021, -29.19238815542515297 ) ) ;
#2773 = CARTESIAN_POINT ( 'NONE',  ( 11.63370698915299606, 12.08906189905532536, 0.5872639523322398247 ) ) ;
#2774 = CARTESIAN_POINT ( 'NONE',  ( 7.829014785873200211, 15.63421494571415060, -25.00000000000000000 ) ) ;
#2775 = LINE ( 'NONE', #8982, #5331 ) ;
#2776 = DIRECTION ( 'NONE',  ( 0.000000000000000000, -5.222823368532319275E-16, -1.000000000000000000 ) ) ;
#2777 = EDGE_CURVE ( 'NONE', #4162, #2536, #2837, .T. ) ;
#2778 = VERTEX_POINT ( 'NONE', #3823 ) ;
#2779 = VERTEX_POINT ( 'NONE', #4609 ) ;
#2780 = CIRCLE ( 'NONE', #7653, 1.049999999999998934 ) ;
#2781 = EDGE_CURVE ( 'NONE', #3746, #2086, #1272, .T. ) ;
#2782 = EDGE_CURVE ( 'NONE', #653, #3361, #3966, .T. ) ;
#2783 = CARTESIAN_POINT ( 'NONE',  ( 20.62500000000000000, 2.625000000000000000, 16.55336663013170195 ) ) ;
#2784 = AXIS2_PLACEMENT_3D ( 'NONE', #732, #8073, #5157 ) ;
#2785 = DIRECTION ( 'NONE',  ( 0.000000000000000000, 0.000000000000000000, -1.000000000000000000 ) ) ;
#2786 = EDGE_CURVE ( 'NONE', #7312, #3665, #2746, .T. ) ;
#2787 = FACE_OUTER_BOUND ( 'NONE', #178, .T. ) ;
#2788 = CARTESIAN_POINT ( 'NONE',  ( -24.62500000000000000, -8.000000000000000000, -39.30000000000000426 ) ) ;
#2789 = LINE ( 'NONE', #5788, #5663 ) ;
#2790 = DIRECTION ( 'NONE',  ( 0.000000000000000000, 0.000000000000000000, 1.000000000000000000 ) ) ;
#2791 =( BOUNDED_SURFACE ( )  B_SPLINE_SURFACE ( 3, 2, ( 
 ( #1323, #4314, #588 ),
 ( #7518, #1605, #6079 ),
 ( #79, #5937, #826 ),
 ( #9043, #5988, #5290 ) ),
 .UNSPECIFIED., .F., .F., .T. ) 
 B_SPLINE_SURFACE_WITH_KNOTS ( ( 4, 4 ),
 ( 3, 3 ),
 ( 0.06662936873283499539, 0.07217176253109600093 ),
 ( 0.000000000000000000, 1.000000000000000000 ),
 .UNSPECIFIED. ) 
 GEOMETRIC_REPRESENTATION_ITEM ( )  RATIONAL_B_SPLINE_SURFACE ( (
 ( 1.000000000000000000, 0.7071067811865490160, 1.000000000000000000),
 ( 1.000000000000000000, 0.7071067811865490160, 1.000000000000000000),
 ( 1.000000000000000000, 0.7071067811865490160, 1.000000000000000000),
 ( 1.000000000000000000, 0.7071067811865490160, 1.000000000000000000) ) ) 
 REPRESENTATION_ITEM ( '' )  SURFACE ( )  );
#2792 = CARTESIAN_POINT ( 'NONE',  ( 15.12500000000000000, -2.625000000000000000, 26.59663336986834992 ) ) ;
#2793 = EDGE_CURVE ( 'NONE', #471, #3015, #8409, .T. ) ;
#2794 = AXIS2_PLACEMENT_3D ( 'NONE', #8295, #4539, #4143 ) ;
#2795 = ORIENTED_EDGE ( 'NONE', *, *, #6625, .T. ) ;
#2796 = CARTESIAN_POINT ( 'NONE',  ( 7.675000000000000711, 10.09999999999999964, -33.09999999999999432 ) ) ;
#2797 = CARTESIAN_POINT ( 'NONE',  ( -19.62500000000000000, 14.25140568865274027, -38.26788180048649934 ) ) ;
#2798 = CARTESIAN_POINT ( 'NONE',  ( -22.87892564289993658, -4.439680388914022835, 17.71232769890773184 ) ) ;
#2799 = DIRECTION ( 'NONE',  ( 1.000000000000000000, 0.000000000000000000, 0.000000000000000000 ) ) ;
#2800 = CARTESIAN_POINT ( 'NONE',  ( 9.010819090633900075, -10.84535857606640086, -29.30000000000000071 ) ) ;
#2801 = CARTESIAN_POINT ( 'NONE',  ( 10.81812077838100095, 14.70904383310138108, -15.00000000000000000 ) ) ;
#2802 = DIRECTION ( 'NONE',  ( -1.000000000000000000, 0.000000000000000000, 0.000000000000000000 ) ) ;
#2803 = DIRECTION ( 'NONE',  ( 1.000000000000000000, 0.000000000000000000, 0.000000000000000000 ) ) ;
#2804 = ORIENTED_EDGE ( 'NONE', *, *, #8639, .T. ) ;
#2805 = DIRECTION ( 'NONE',  ( 1.000000000000000000, 0.000000000000000000, 0.000000000000000000 ) ) ;
#2806 = AXIS2_PLACEMENT_3D ( 'NONE', #5085, #8102, #6016 ) ;
#2807 = CARTESIAN_POINT ( 'NONE',  ( -27.57788777643995459, -7.637868319064660128, 0.4540438936451239860 ) ) ;
#2808 = AXIS2_PLACEMENT_3D ( 'NONE', #812, #8431, #7639 ) ;
#2809 = CARTESIAN_POINT ( 'NONE',  ( -26.63704962331291526, 7.664555726090367394, 0.4451480913032231923 ) ) ;
#2810 = CARTESIAN_POINT ( 'NONE',  ( 10.93637427921543193, -12.24651469092635381, 0.3392891100503408475 ) ) ;
#2811 = CARTESIAN_POINT ( 'NONE',  ( 25.75185937549460036, -12.11275902115984060, -12.03976285529073920 ) ) ;
#2812 = CARTESIAN_POINT ( 'NONE',  ( 9.642903682132260457, -13.80956119448025987, -30.19237218016514745 ) ) ;
#2813 = DIRECTION ( 'NONE',  ( 0.000000000000000000, 0.000000000000000000, -1.000000000000000000 ) ) ;
#2814 = CARTESIAN_POINT ( 'NONE',  ( -24.08416730868039934, 7.100000000000000533, -36.29999999999999716 ) ) ;
#2815 = EDGE_LOOP ( 'NONE', ( #1095, #7754, #2177, #2967 ) ) ;
#2816 = FACE_OUTER_BOUND ( 'NONE', #26, .T. ) ;
#2817 = ORIENTED_EDGE ( 'NONE', *, *, #5666, .T. ) ;
#2818 = ORIENTED_EDGE ( 'NONE', *, *, #6386, .T. ) ;
#2819 = AXIS2_PLACEMENT_3D ( 'NONE', #2477, #8595, #5427 ) ;
#2820 = EDGE_LOOP ( 'NONE', ( #1914, #6799, #5046, #6471, #8453 ) ) ;
#2821 = VECTOR ( 'NONE', #4586, 1000.000000000000114 ) ;
#2822 = AXIS2_PLACEMENT_3D ( 'NONE', #6366, #8696, #5471 ) ;
#2823 = ORIENTED_EDGE ( 'NONE', *, *, #2964, .T. ) ;
#2824 = EDGE_CURVE ( 'NONE', #3731, #3960, #9464, .T. ) ;
#2825 = DIRECTION ( 'NONE',  ( -1.000000000000000000, 2.602085213965210642E-15, 0.000000000000000000 ) ) ;
#2826 = DIRECTION ( 'NONE',  ( -1.000000000000000000, 0.000000000000000000, -1.765621858500564986E-16 ) ) ;
#2827 = CARTESIAN_POINT ( 'NONE',  ( -25.80899919165453582, -7.749325820478058624, 5.656355789982852045 ) ) ;
#2828 = AXIS2_PLACEMENT_3D ( 'NONE', #9473, #7780, #5704 ) ;
#2829 = CARTESIAN_POINT ( 'NONE',  ( -24.21439175741793548, -11.67044295578439517, -0.1387888438521591161 ) ) ;
#2830 = CARTESIAN_POINT ( 'NONE',  ( 3.024999999999999911, -10.09999999999999964, -33.09999999999999432 ) ) ;
#2831 = ORIENTED_EDGE ( 'NONE', *, *, #4627, .F. ) ;
#2832 = ORIENTED_EDGE ( 'NONE', *, *, #4561, .T. ) ;
#2833 = EDGE_CURVE ( 'NONE', #4899, #7848, #6134, .T. ) ;
#2834 = CIRCLE ( 'NONE', #7247, 2.000000000000001776 ) ;
#2835 = ORIENTED_EDGE ( 'NONE', *, *, #7726, .F. ) ;
#2836 = B_SPLINE_CURVE_WITH_KNOTS ( 'NONE', 3,
 ( #8310, #6782, #2295, #780, #3914, #8998, #2344, #7569, #6175, #8361, #3083, #3037, #7715, #6875, #3774, #9047, #6972, #8268, #6927, #7616, #6036, #232, #6084, #5294 ),
 .UNSPECIFIED., .F., .F.,
 ( 4, 2, 2, 1, 1, 2, 2, 2, 2, 2, 2, 2, 4 ),
 ( 0.000000000000000000, 0.1250000000000593692, 0.1875000000000871525, 0.2187500000000987821, 0.2343750000001024181, 0.2421875000001023626, 0.2500000000001023071, 0.3750000000000949241, 0.4375000000000894840, 0.4687500000000855427, 0.4843750000000820455, 0.5000000000000786038, 1.000000000000000000 ),
 .UNSPECIFIED. ) ;
#2837 = CIRCLE ( 'NONE', #3143, 1.999999999999998224 ) ;
#2838 = AXIS2_PLACEMENT_3D ( 'NONE', #4064, #1808, #9404 ) ;
#2839 = CARTESIAN_POINT ( 'NONE',  ( 17.62500000000000000, 8.572527594031470232E-16, 30.09999999999999787 ) ) ;
#2840 = EDGE_CURVE ( 'NONE', #6935, #2230, #5918, .T. ) ;
#2841 = CARTESIAN_POINT ( 'NONE',  ( -22.64274064696087407, -2.351304107703067192, 20.55336663013170195 ) ) ;
#2842 = CARTESIAN_POINT ( 'NONE',  ( 7.675000000000000711, -7.100000000000000533, -36.29999999999999716 ) ) ;
#2843 = CARTESIAN_POINT ( 'NONE',  ( 16.62500000000000000, 12.00000000000000000, 15.00000000000000000 ) ) ;
#2844 = CARTESIAN_POINT ( 'NONE',  ( 12.23659026930173965, 14.35414124483252962, -25.02403025892947497 ) ) ;
#2845 = CARTESIAN_POINT ( 'NONE',  ( 12.31845985132053833, 14.08140930939505431, -14.86947060171121571 ) ) ;
#2846 = ORIENTED_EDGE ( 'NONE', *, *, #9176, .T. ) ;
#2847 = EDGE_CURVE ( 'NONE', #1865, #7368, #4170, .T. ) ;
#2848 = CARTESIAN_POINT ( 'NONE',  ( -23.71845819952245193, -11.28542616025385215, 6.505745400281712776 ) ) ;
#2849 = EDGE_CURVE ( 'NONE', #4135, #7669, #9356, .T. ) ;
#2850 = FACE_BOUND ( 'NONE', #1737, .T. ) ;
#2851 = CARTESIAN_POINT ( 'NONE',  ( -22.64274064696086697, -2.899048425565828868, 20.55336663013170195 ) ) ;
#2852 = CARTESIAN_POINT ( 'NONE',  ( 20.62500000000000000, -2.625000000000000000, 18.55336663013169840 ) ) ;
#2853 = PLANE ( 'NONE',  #3750 ) ;
#2854 = CARTESIAN_POINT ( 'NONE',  ( 20.62500000000000000, -5.250000000000000000, 25.10000000000000142 ) ) ;
#2855 = CARTESIAN_POINT ( 'NONE',  ( -19.62500000000000000, -14.00000000000000000, -38.29999999999999716 ) ) ;
#2856 = DIRECTION ( 'NONE',  ( 1.000000000000000000, 0.000000000000000000, 0.000000000000000000 ) ) ;
#2857 = ORIENTED_EDGE ( 'NONE', *, *, #3530, .F. ) ;
#2858 = CARTESIAN_POINT ( 'NONE',  ( 25.78988814968855081, 11.21875440017579884, -16.98112353484085091 ) ) ;
#2859 = CARTESIAN_POINT ( 'NONE',  ( -11.98048768217665305, 14.91877390700328831, -9.576080402531147229 ) ) ;
#2860 = CARTESIAN_POINT ( 'NONE',  ( -25.12690742654813647, 11.12909400013474581, -0.7096980000449211179 ) ) ;
#2861 = CARTESIAN_POINT ( 'NONE',  ( -5.721805154908190083, 13.73889639297181731, -36.37103685922494378 ) ) ;
#2862 = DIRECTION ( 'NONE',  ( 0.7071067811865675568, 0.000000000000000000, 0.7071067811865274777 ) ) ;
#2863 = CARTESIAN_POINT ( 'NONE',  ( 26.59359191899140029, -11.12464644838972028, -13.28568560375077823 ) ) ;
#2864 = FACE_OUTER_BOUND ( 'NONE', #9374, .T. ) ;
#2865 = FACE_OUTER_BOUND ( 'NONE', #418, .T. ) ;
#2866 = ORIENTED_EDGE ( 'NONE', *, *, #9458, .T. ) ;
#2867 = DIRECTION ( 'NONE',  ( 2.164016633576080066E-32, 1.000000000000000000, 0.000000000000000000 ) ) ;
#2868 = ORIENTED_EDGE ( 'NONE', *, *, #6637, .T. ) ;
#2869 = ORIENTED_EDGE ( 'NONE', *, *, #1530, .F. ) ;
#2870 = VERTEX_POINT ( 'NONE', #7922 ) ;
#2871 = ORIENTED_EDGE ( 'NONE', *, *, #6765, .T. ) ;
#2872 = CARTESIAN_POINT ( 'NONE',  ( -23.16053390593274841, 15.00000000000000000, -23.53553390593269867 ) ) ;
#2873 = CARTESIAN_POINT ( 'NONE',  ( -24.62500000000000000, 8.000000000000000000, -39.30000000000000426 ) ) ;
#2874 = CARTESIAN_POINT ( 'NONE',  ( 16.62500000000000000, 0.000000000000000000, 8.000000000000000000 ) ) ;
#2875 = LINE ( 'NONE', #6663, #6755 ) ;
#2876 = CARTESIAN_POINT ( 'NONE',  ( 26.62500000000000000, 15.00000000000000000, 5.204170427930419706E-15 ) ) ;
#2877 = ORIENTED_EDGE ( 'NONE', *, *, #6622, .F. ) ;
#2878 = ORIENTED_EDGE ( 'NONE', *, *, #3858, .T. ) ;
#2879 = EDGE_LOOP ( 'NONE', ( #6467, #1493 ) ) ;
#2880 = ADVANCED_FACE ( 'NONE', ( #7874 ), #6500, .F. ) ;
#2881 = DIRECTION ( 'NONE',  ( 0.000000000000000000, 0.000000000000000000, -1.000000000000000000 ) ) ;
#2882 = CARTESIAN_POINT ( 'NONE',  ( -22.57673876550737901, -7.223189907269049748, 22.68167246459688613 ) ) ;
#2883 = CARTESIAN_POINT ( 'NONE',  ( -10.37500000000000000, 14.88096929338442109, -10.00000000000001599 ) ) ;
#2884 = DIRECTION ( 'NONE',  ( 0.000000000000000000, 0.000000000000000000, -1.000000000000000000 ) ) ;
#2885 = PLANE ( 'NONE',  #3244 ) ;
#2886 = CARTESIAN_POINT ( 'NONE',  ( 12.26925268185095064, 14.21243450535717656, -25.06941398780902475 ) ) ;
#2887 = COORDINATED_UNIVERSAL_TIME_OFFSET ( 8, 0, .AHEAD. ) ;
#2888 = CARTESIAN_POINT ( 'NONE',  ( 12.82381168634724133, 13.58063775007746088, -14.32021038607287622 ) ) ;
#2889 = CIRCLE ( 'NONE', #2408, 0.8500000000000000888 ) ;
#2890 = CIRCLE ( 'NONE', #7459, 5.000000000000000888 ) ;
#2891 = ADVANCED_FACE ( 'NONE', ( #9405 ), #4215, .F. ) ;
#2892 = ORIENTED_EDGE ( 'NONE', *, *, #6085, .T. ) ;
#2893 = CARTESIAN_POINT ( 'NONE',  ( -23.90177895469899028, -11.15573981511088775, 6.505745400281712776 ) ) ;
#2894 = CARTESIAN_POINT ( 'NONE',  ( -22.57500000000000284, 2.625000000000000000, 27.64663336986830089 ) ) ;
#2895 = CARTESIAN_POINT ( 'NONE',  ( -22.87287977361650704, -4.463688888506483821, 17.76612099541830503 ) ) ;
#2897 = B_SPLINE_CURVE_WITH_KNOTS ( 'NONE', 3,
 ( #8760, #4178, #2554, #7189, #5552, #8571, #1139, #7092, #5747, #2015, #1818, #4819, #1087, #350, #3340, #6343, #5600, #4874 ),
 .UNSPECIFIED., .F., .F.,
 ( 4, 2, 2, 2, 2, 2, 2, 2, 4 ),
 ( 1.734723475976807094E-18, 0.0006249403268840665170, 0.001249880653768131299, 0.001874820980652196082, 0.002499761307536260864, 0.003124701634420325863, 0.003749641961304390429, 0.004374582288188454994, 0.004999522615072519993 ),
 .UNSPECIFIED. ) ;
#2896 = LINE ( 'NONE', #7523, #1682 ) ;
#2898 = CARTESIAN_POINT ( 'NONE',  ( -24.50215589271536842, -7.967578988288301467, 9.649378653072755441 ) ) ;
#2899 = CARTESIAN_POINT ( 'NONE',  ( -19.62500000000000000, -15.00000000000000000, -14.07106781186554123 ) ) ;
#2900 = CARTESIAN_POINT ( 'NONE',  ( 17.62500000000000000, -12.00000000000000000, 1.609473892513944881E-15 ) ) ;
#2901 = CARTESIAN_POINT ( 'NONE',  ( -19.62500000000000000, 15.00000000000000000, -14.07106781186551991 ) ) ;
#2902 = VERTEX_POINT ( 'NONE', #1911 ) ;
#2903 = CARTESIAN_POINT ( 'NONE',  ( 23.00324048767088669, 12.45440959632066935, -21.72500727616100136 ) ) ;
#2904 = EDGE_CURVE ( 'NONE', #6512, #212, #4913, .T. ) ;
#2905 = PERSON ( '未指定', '未指定', '未指定', ('未指定'), ('未指定'), ('未指定') ) ;
#2906 = EDGE_CURVE ( 'NONE', #2163, #1892, #9646, .T. ) ;
#2907 = AXIS2_PLACEMENT_3D ( 'NONE', #7633, #3154, #8333 ) ;
#2908 = EDGE_CURVE ( 'NONE', #4305, #895, #8065, .T. ) ;
#2909 = CARTESIAN_POINT ( 'NONE',  ( -25.00539769523840050, -11.21734476221693910, 0.04543431450217329942 ) ) ;
#2910 = CARTESIAN_POINT ( 'NONE',  ( -26.99948367301469787, 10.11302173825735906, -0.3710072460857760102 ) ) ;
#2911 = CARTESIAN_POINT ( 'NONE',  ( 11.49319530919360766, -12.11632390473079823, 0.5317923707595653138 ) ) ;
#2912 = CARTESIAN_POINT ( 'NONE',  ( 23.84339224284046210, -12.35163299024684846, -18.94501828344846928 ) ) ;
#2913 = CARTESIAN_POINT ( 'NONE',  ( 19.07834413630595094, -11.96470903640061856, -25.56339594561475081 ) ) ;
#2914 = PLANE ( 'NONE',  #5608 ) ;
#2915 = PLANE ( 'NONE',  #3453 ) ;
#2916 = ORIENTED_EDGE ( 'NONE', *, *, #9699, .T. ) ;
#2917 = CARTESIAN_POINT ( 'NONE',  ( 26.62499999999998224, -10.75873754108168789, 1.007969207232614815E-16 ) ) ;
#2918 = AXIS2_PLACEMENT_3D ( 'NONE', #928, #2257, #2441 ) ;
#2919 = ORIENTED_EDGE ( 'NONE', *, *, #3546, .T. ) ;
#2920 = ORIENTED_EDGE ( 'NONE', *, *, #956, .T. ) ;
#2921 = VERTEX_POINT ( 'NONE', #8894 ) ;
#2922 = ORIENTED_EDGE ( 'NONE', *, *, #3182, .T. ) ;
#2923 = FACE_OUTER_BOUND ( 'NONE', #4483, .T. ) ;
#2924 = CARTESIAN_POINT ( 'NONE',  ( 12.36111049173828569, 12.00000000000000000, 0.9242705305847395136 ) ) ;
#2925 = CARTESIAN_POINT ( 'NONE',  ( -19.62500000000000000, -15.00000000000000000, -39.30000000000000426 ) ) ;
#2926 = CARTESIAN_POINT ( 'NONE',  ( -26.62500000000000000, -2.625000000000000000, 27.64663336986830089 ) ) ;
#2927 = PLANE ( 'NONE',  #4343 ) ;
#2928 = ORIENTED_EDGE ( 'NONE', *, *, #8254, .F. ) ;
#2929 = ORIENTED_EDGE ( 'NONE', *, *, #5584, .T. ) ;
#2930 = EDGE_LOOP ( 'NONE', ( #4124, #8437 ) ) ;
#2931 = DIRECTION ( 'NONE',  ( 0.000000000000000000, 0.000000000000000000, 1.000000000000000000 ) ) ;
#2932 = DIRECTION ( 'NONE',  ( 0.000000000000000000, 0.000000000000000000, 1.000000000000000000 ) ) ;
#2933 = CARTESIAN_POINT ( 'NONE',  ( -22.94742484400032012, 1.211620731566380282, 17.13831620317280269 ) ) ;
#2934 = VECTOR ( 'NONE', #4132, 1000.000000000000000 ) ;
#2935 = CARTESIAN_POINT ( 'NONE',  ( 24.77894214760893021, 11.37154658127565376, 0.9999999999999978906 ) ) ;
#2936 = DIRECTION ( 'NONE',  ( 2.037639358997283667E-16, -0.7071067811865485719, -0.7071067811865464625 ) ) ;
#2937 = CALENDAR_DATE ( 2026, 22, 5 ) ;
#2938 = CARTESIAN_POINT ( 'NONE',  ( 9.674999999999998934, -10.09999999999999964, -31.19659787680119933 ) ) ;
#2939 = ORIENTED_EDGE ( 'NONE', *, *, #17, .F. ) ;
#2940 = VECTOR ( 'NONE', #8718, 1000.000000000000000 ) ;
#2941 = CARTESIAN_POINT ( 'NONE',  ( -23.33065556757682302, -11.51174267156954656, 6.505745400281712776 ) ) ;
#2942 = CARTESIAN_POINT ( 'NONE',  ( -14.70261314302095812, -0.5404165784627291691, -37.97280655551546147 ) ) ;
#2943 = ADVANCED_FACE ( 'NONE', ( #1321 ), #7328, .F. ) ;
#2944 = CARTESIAN_POINT ( 'NONE',  ( -19.62500000000000000, 15.00000000000000000, -7.000000000000000000 ) ) ;
#2945 = CARTESIAN_POINT ( 'NONE',  ( -24.51908135469474814, -7.902763757320330207, 9.591693595492580826 ) ) ;
#2946 = CARTESIAN_POINT ( 'NONE',  ( -13.49649023082914034, 14.96088833646641980, -26.12850976917095025 ) ) ;
#2947 = FACE_BOUND ( 'NONE', #5082, .T. ) ;
#2948 = CARTESIAN_POINT ( 'NONE',  ( 8.625000000000000000, -13.00000000000000000, 5.204170427930419706E-15 ) ) ;
#2949 = ORIENTED_EDGE ( 'NONE', *, *, #81, .F. ) ;
#2950 = CARTESIAN_POINT ( 'NONE',  ( 19.60278446116748086, 12.84595755207097589, -25.13462972912679305 ) ) ;
#2951 = CIRCLE ( 'NONE', #1850, 1.000000000000000000 ) ;
#2952 = AXIS2_PLACEMENT_3D ( 'NONE', #7626, #3928, #6886 ) ;
#2953 = CARTESIAN_POINT ( 'NONE',  ( -25.40895269097284981, -10.87437425954129999, 0.1830242740760214815 ) ) ;
#2954 = CARTESIAN_POINT ( 'NONE',  ( -24.67645333411195097, 11.44422839585190133, -0.04619482448608389774 ) ) ;
#2955 = CARTESIAN_POINT ( 'NONE',  ( 26.62500000000000000, 11.12083830918276028, -12.03976285529073920 ) ) ;
#2956 = CARTESIAN_POINT ( 'NONE',  ( 25.62500000000000000, 11.12083830918276028, -12.03976285529073920 ) ) ;
#2957 = VECTOR ( 'NONE', #5626, 1000.000000000000000 ) ;
#2958 = EDGE_CURVE ( 'NONE', #289, #277, #4619, .T. ) ;
#2959 = CARTESIAN_POINT ( 'NONE',  ( 24.97799718031960126, -12.21094930979783832, -16.62823798630824612 ) ) ;
#2960 = DIRECTION ( 'NONE',  ( 0.000000000000000000, -1.000000000000000000, 0.000000000000000000 ) ) ;
#2961 = DIRECTION ( 'NONE',  ( 1.090688100681363151E-15, -0.7071067811865465735, -0.7071067811865485719 ) ) ;
#2962 = ORIENTED_EDGE ( 'NONE', *, *, #6377, .F. ) ;
#2963 = CARTESIAN_POINT ( 'NONE',  ( 26.62500000000000000, -10.15510453400082902, 0.1096434398347049949 ) ) ;
#2964 = EDGE_CURVE ( 'NONE', #6256, #4068, #5492, .T. ) ;
#2965 = ORIENTED_EDGE ( 'NONE', *, *, #6085, .F. ) ;
#2966 = EDGE_LOOP ( 'NONE', ( #8886, #5729 ) ) ;
#2967 = ORIENTED_EDGE ( 'NONE', *, *, #1614, .F. ) ;
#2968 = AXIS2_PLACEMENT_3D ( 'NONE', #746, #1483, #4433 ) ;
#2969 = EDGE_CURVE ( 'NONE', #3655, #7451, #2789, .T. ) ;
#2970 = ORIENTED_EDGE ( 'NONE', *, *, #7124, .T. ) ;
#2971 = CARTESIAN_POINT ( 'NONE',  ( 20.34625128299169461, -11.83068563380324889, -24.48220418652830688 ) ) ;
#2972 = CARTESIAN_POINT ( 'NONE',  ( -0.4859394977084601219, 14.71040801198482839, -14.62680513258503723 ) ) ;
#2973 = DIRECTION ( 'NONE',  ( -2.312964634635744929E-16, 0.000000000000000000, 1.000000000000000000 ) ) ;
#2974 = EDGE_CURVE ( 'NONE', #397, #6805, #2052, .T. ) ;
#2975 = CARTESIAN_POINT ( 'NONE',  ( -22.64385787001927142, -11.51148990268963423, 8.605745400281712421 ) ) ;
#2976 = EDGE_CURVE ( 'NONE', #9433, #902, #6388, .T. ) ;
#2977 = CYLINDRICAL_SURFACE ( 'NONE', #3558, 1.049999999999998934 ) ;
#2978 = EDGE_LOOP ( 'NONE', ( #6781, #7307, #6478, #2031 ) ) ;
#2979 = EDGE_LOOP ( 'NONE', ( #1536, #7055, #4290, #3027 ) ) ;
#2980 = ORIENTED_EDGE ( 'NONE', *, *, #3939, .F. ) ;
#2981 = AXIS2_PLACEMENT_3D ( 'NONE', #4746, #2333, #5335 ) ;
#2982 = AXIS2_PLACEMENT_3D ( 'NONE', #5750, #2660, #3344 ) ;
#2983 = DIRECTION ( 'NONE',  ( 0.000000000000000000, 0.000000000000000000, -1.000000000000000000 ) ) ;
#2984 = FACE_OUTER_BOUND ( 'NONE', #8668, .T. ) ;
#2985 = AXIS2_PLACEMENT_3D ( 'NONE', #5975, #5924, #9685 ) ;
#2986 = CARTESIAN_POINT ( 'NONE',  ( -22.66604518574238725, 1.385178385916669752, 20.14262237472711448 ) ) ;
#2987 = CARTESIAN_POINT ( 'NONE',  ( 23.03510766698990508, 11.99999999999999645, 0.8325772157755317870 ) ) ;
#2988 = CARTESIAN_POINT ( 'NONE',  ( -25.05217333776665356, 12.05932126526990089, -1.019773755089959932 ) ) ;
#2989 = FACE_BOUND ( 'NONE', #1457, .T. ) ;
#2990 = AXIS2_PLACEMENT_3D ( 'NONE', #9521, #4930, #1880 ) ;
#2991 = EDGE_LOOP ( 'NONE', ( #315, #476, #7587, #4731, #1425 ) ) ;
#2992 = AXIS2_PLACEMENT_3D ( 'NONE', #6642, #4369, #7387 ) ;
#2993 = DIRECTION ( 'NONE',  ( 1.079438565345100126E-14, 0.000000000000000000, 1.000000000000000000 ) ) ;
#2994 = VECTOR ( 'NONE', #7184, 1000.000000000000000 ) ;
#2995 = CARTESIAN_POINT ( 'NONE',  ( -24.18973718289173647, -9.436560236418955583, 9.769185163862758259 ) ) ;
#2996 = CYLINDRICAL_SURFACE ( 'NONE', #1709, 1.999999999999998224 ) ;
#2997 = LINE ( 'NONE', #6879, #2512 ) ;
#2998 = FACE_OUTER_BOUND ( 'NONE', #7497, .T. ) ;
#2999 = DIRECTION ( 'NONE',  ( 0.000000000000000000, 0.000000000000000000, -1.000000000000000000 ) ) ;
#3000 = ORIENTED_EDGE ( 'NONE', *, *, #9601, .F. ) ;
#3001 = FACE_OUTER_BOUND ( 'NONE', #7266, .T. ) ;
#3002 = AXIS2_PLACEMENT_3D ( 'NONE', #7608, #1688, #4596 ) ;
#3003 = CARTESIAN_POINT ( 'NONE',  ( -10.79518474065122646, 14.89160726798429302, -9.979285773168212970 ) ) ;
#3004 = DIRECTION ( 'NONE',  ( 0.000000000000000000, 1.000000000000000000, 0.000000000000000000 ) ) ;
#3005 = ADVANCED_FACE ( 'NONE', ( #4675 ), #6056, .F. ) ;
#3006 = CARTESIAN_POINT ( 'NONE',  ( 20.34721725378110690, 11.83058710585916984, -24.48135769661359618 ) ) ;
#3007 = CARTESIAN_POINT ( 'NONE',  ( 7.675000000000000711, -10.09999999999999964, -9.849999999999999645 ) ) ;
#3008 = CARTESIAN_POINT ( 'NONE',  ( -19.03986832165290011, -15.00000000000000000, -37.29999999738639360 ) ) ;
#3009 = DIRECTION ( 'NONE',  ( 1.000000000000000000, 0.000000000000000000, 2.881657216719184962E-16 ) ) ;
#3010 = DIRECTION ( 'NONE',  ( 0.000000000000000000, 0.000000000000000000, 1.000000000000000000 ) ) ;
#3011 = B_SPLINE_CURVE_WITH_KNOTS ( 'NONE', 3,
 ( #7150, #413, #7791, #7895, #1832, #9273 ),
 .UNSPECIFIED., .F., .F.,
 ( 4, 2, 4 ),
 ( 0.000000000000000000, 0.5000000000000000000, 1.000000000000000000 ),
 .UNSPECIFIED. ) ;
#3012 = ORIENTED_EDGE ( 'NONE', *, *, #2411, .T. ) ;
#3013 = CARTESIAN_POINT ( 'NONE',  ( 26.62500000000000000, 8.724965126703684959, 0.6449147693878508614 ) ) ;
#3014 = ORIENTED_EDGE ( 'NONE', *, *, #1886, .T. ) ;
#3015 = VERTEX_POINT ( 'NONE', #5405 ) ;
#3016 = ORIENTED_EDGE ( 'NONE', *, *, #6867, .F. ) ;
#3017 = ADVANCED_FACE ( 'NONE', ( #7683 ), #9165, .T. ) ;
#3018 = ORIENTED_EDGE ( 'NONE', *, *, #6960, .T. ) ;
#3019 = CARTESIAN_POINT ( 'NONE',  ( 1.583589531309012033, -13.38911120905859953, -34.33657209733868143 ) ) ;
#3020 = CARTESIAN_POINT ( 'NONE',  ( -0.5230068803526303212, 14.68484507547014495, -14.59104316569573534 ) ) ;
#3021 = CARTESIAN_POINT ( 'NONE',  ( 3.024999999999999911, 14.28421494571411898, -10.00000000000000000 ) ) ;
#3022 = DIRECTION ( 'NONE',  ( 0.000000000000000000, 0.000000000000000000, 1.000000000000000000 ) ) ;
#3023 = DIRECTION ( 'NONE',  ( 0.000000000000000000, 0.000000000000000000, -1.000000000000000000 ) ) ;
#3024 = ORIENTED_EDGE ( 'NONE', *, *, #2057, .F. ) ;
#3025 = ORIENTED_EDGE ( 'NONE', *, *, #2187, .F. ) ;
#3026 = EDGE_CURVE ( 'NONE', #2921, #5768, #3246, .T. ) ;
#3027 = ORIENTED_EDGE ( 'NONE', *, *, #7546, .T. ) ;
#3028 = ADVANCED_FACE ( 'NONE', ( #2370 ), #3940, .F. ) ;
#3029 = CARTESIAN_POINT ( 'NONE',  ( -10.43261184457493940, -14.88244887111394021, -29.19238815542515297 ) ) ;
#3030 = ADVANCED_FACE ( 'NONE', ( #2457 ), #850, .F. ) ;
#3031 = CARTESIAN_POINT ( 'NONE',  ( 26.62500000000000000, 2.625000000000000000, 20.55336663013174814 ) ) ;
#3032 = CARTESIAN_POINT ( 'NONE',  ( -22.99744649880962655, 1.747815819347577015, 16.75205945803598340 ) ) ;
#3033 = CARTESIAN_POINT ( 'NONE',  ( 24.42341533193840419, 11.57309856203942644, 0.9716158965966634753 ) ) ;
#3034 = CARTESIAN_POINT ( 'NONE',  ( 7.829014785873200211, 15.63421494571415060, -15.00000000000000000 ) ) ;
#3035 = DIRECTION ( 'NONE',  ( 1.000000000000000000, 0.000000000000000000, 2.881657216719180031E-16 ) ) ;
#3036 = EDGE_LOOP ( 'NONE', ( #6147, #7073, #4531, #7557 ) ) ;
#3037 = CARTESIAN_POINT ( 'NONE',  ( 3.714276531309116613, 15.04698394498666936, -14.98097492956615362 ) ) ;
#3038 = CARTESIAN_POINT ( 'NONE',  ( 18.17312819460619977, 13.00000000560882008, 0.000000000000000000 ) ) ;
#3039 = CARTESIAN_POINT ( 'NONE',  ( -0.07192265707190190205, 15.46841997450805017, -15.00000000000000000 ) ) ;
#3040 = DIRECTION ( 'NONE',  ( 0.000000000000000000, 0.000000000000000000, -1.000000000000000000 ) ) ;
#3041 = AXIS2_PLACEMENT_3D ( 'NONE', #677, #2144, #9641 ) ;
#3042 = CARTESIAN_POINT ( 'NONE',  ( -22.57499999999999574, -3.250000000000000444, 22.97625351269598681 ) ) ;
#3043 = CARTESIAN_POINT ( 'NONE',  ( 23.98005862010026945, 12.33487055549390199, -18.70996056345597225 ) ) ;
#3044 = CARTESIAN_POINT ( 'NONE',  ( 14.73756271126366002, 13.34972422427427929, -27.45180002890120008 ) ) ;
#3045 = VECTOR ( 'NONE', #3126, 1000.000000000000000 ) ;
#3046 = CARTESIAN_POINT ( 'NONE',  ( -23.00264567111791791, 3.409217837882281721, 16.71345182006548669 ) ) ;
#3047 = CARTESIAN_POINT ( 'NONE',  ( -26.09576530808105232, 9.979997540650902721, 0.5384445022573550732 ) ) ;
#3048 = DIRECTION ( 'NONE',  ( 3.003850174851609799E-16, -7.509625437129029427E-17, -1.000000000000000000 ) ) ;
#3049 = CARTESIAN_POINT ( 'NONE',  ( 7.675000000000000711, 0.000000000000000000, 6.056082974656940017E-15 ) ) ;
#3050 = CARTESIAN_POINT ( 'NONE',  ( -16.63837062456654792, -13.98870996067194028, -38.16916215577600013 ) ) ;
#3051 = CARTESIAN_POINT ( 'NONE',  ( -24.08416730868039934, 7.100000000000000533, -30.13015151901650057 ) ) ;
#3052 = DIRECTION ( 'NONE',  ( 0.000000000000000000, 0.000000000000000000, -1.000000000000000000 ) ) ;
#3053 = ORIENTED_EDGE ( 'NONE', *, *, #7720, .F. ) ;
#3054 = CARTESIAN_POINT ( 'NONE',  ( -24.53751457457855167, -10.58523439409690070, 6.490979794378620049 ) ) ;
#3055 = ADVANCED_FACE ( 'NONE', ( #7789 ), #4593, .F. ) ;
#3056 = VERTEX_POINT ( 'NONE', #3987 ) ;
#3057 = ORIENTED_EDGE ( 'NONE', *, *, #3546, .F. ) ;
#3058 = AXIS2_PLACEMENT_3D ( 'NONE', #5259, #3230, #8462 ) ;
#3059 = CARTESIAN_POINT ( 'NONE',  ( -20.13366071139909153, -14.32379000772480637, -1.774596669241595315 ) ) ;
#3060 = ORIENTED_EDGE ( 'NONE', *, *, #729, .F. ) ;
#3061 = CARTESIAN_POINT ( 'NONE',  ( 21.58213967844493553, -11.69715810678002121, -23.30429814639542485 ) ) ;
#3062 = CIRCLE ( 'NONE', #2275, 1.049999999999998934 ) ;
#3063 = CARTESIAN_POINT ( 'NONE',  ( -23.16053390593269867, -10.09999999999999964, -20.00000000000000000 ) ) ;
#3064 = CARTESIAN_POINT ( 'NONE',  ( -26.62500000000000000, -2.625000000000000000, 27.64663336986830089 ) ) ;
#3065 = CARTESIAN_POINT ( 'NONE',  ( -13.57500000000000639, -10.09999999999999964, -33.09999999999998721 ) ) ;
#3066 = ORIENTED_EDGE ( 'NONE', *, *, #7771, .F. ) ;
#3067 = ORIENTED_EDGE ( 'NONE', *, *, #1173, .F. ) ;
#3068 = VERTEX_POINT ( 'NONE', #3841 ) ;
#3069 = ORIENTED_EDGE ( 'NONE', *, *, #4463, .F. ) ;
#3070 = CARTESIAN_POINT ( 'NONE',  ( 23.76275649015573777, -11.83485456055387530, 0.8861378258067749147 ) ) ;
#3071 = ADVANCED_FACE ( 'NONE', ( #6846 ), #104, .F. ) ;
#3072 = CARTESIAN_POINT ( 'NONE',  ( 9.674999999999998934, 10.09999999999999964, -29.30000000000000071 ) ) ;
#3073 = CARTESIAN_POINT ( 'NONE',  ( -22.93803659790517457, -1.140089170062557056, 17.21332696684363128 ) ) ;
#3074 = CARTESIAN_POINT ( 'NONE',  ( -13.39993915504746091, -7.100000000000000533, -33.09999999999999432 ) ) ;
#3075 = CARTESIAN_POINT ( 'NONE',  ( -16.57499999999999929, -5.250000000000000000, 23.09999999999999787 ) ) ;
#3076 = EDGE_CURVE ( 'NONE', #9562, #4125, #2387, .T. ) ;
#3077 = CARTESIAN_POINT ( 'NONE',  ( -25.85648867894925118, -7.935155052763327888, 5.490969200991839827 ) ) ;
#3078 = SHAPE_DEFINITION_REPRESENTATION ( #5755, #2304 ) ;
#3079 = CARTESIAN_POINT ( 'NONE',  ( 9.010819090633900075, -10.84535857606640086, -29.30000000000000071 ) ) ;
#3080 = EDGE_CURVE ( 'NONE', #9237, #4511, #6609, .T. ) ;
#3081 = ORIENTED_EDGE ( 'NONE', *, *, #847, .T. ) ;
#3082 = EDGE_CURVE ( 'NONE', #6842, #4866, #1573, .T. ) ;
#3083 = CARTESIAN_POINT ( 'NONE',  ( 3.703049090060592796, 15.05917764402905945, -14.98311417595815875 ) ) ;
#3084 = VECTOR ( 'NONE', #2776, 1000.000000000000000 ) ;
#3085 = CARTESIAN_POINT ( 'NONE',  ( 25.62500000000000000, -11.12083830918276028, -12.03976285529073920 ) ) ;
#3086 = DIRECTION ( 'NONE',  ( -0.7071067811865435759, 0.000000000000000000, 0.7071067811865514585 ) ) ;
#3087 = ADVANCED_FACE ( 'NONE', ( #6459, #6354 ), #4238, .F. ) ;
#3088 = DIRECTION ( 'NONE',  ( 0.7806247497997997886, -0.6249999999999998890, 0.000000000000000000 ) ) ;
#3089 = FACE_OUTER_BOUND ( 'NONE', #2510, .T. ) ;
#3090 = DIRECTION ( 'NONE',  ( 0.000000000000000000, -1.000000000000000000, 0.000000000000000000 ) ) ;
#3091 = CARTESIAN_POINT ( 'NONE',  ( -14.87082891480833879, 13.97186769165244158, -38.00473614811709666 ) ) ;
#3092 = VECTOR ( 'NONE', #5603, 1000.000000000000000 ) ;
#3093 = CARTESIAN_POINT ( 'NONE',  ( 9.010819090634271333, 12.09999999999999964, -29.30000000000000071 ) ) ;
#3094 = CARTESIAN_POINT ( 'NONE',  ( -26.58130259014060215, 8.000000000000000000, 1.321357987355054053 ) ) ;
#3095 = CARTESIAN_POINT ( 'NONE',  ( 8.311135324113065437, 12.93778360318975551, -31.80619792003225399 ) ) ;
#3096 = FACE_OUTER_BOUND ( 'NONE', #9535, .T. ) ;
#3097 = CARTESIAN_POINT ( 'NONE',  ( -19.62500000000000000, -14.00000000000000000, -38.29999999999999716 ) ) ;
#3098 = VECTOR ( 'NONE', #1318, 1000.000000000000000 ) ;
#3099 = PLANE ( 'NONE',  #8913 ) ;
#3100 = LINE ( 'NONE', #6099, #8953 ) ;
#3101 = ORIENTED_EDGE ( 'NONE', *, *, #3688, .F. ) ;
#3102 = CARTESIAN_POINT ( 'NONE',  ( -24.54683014059675017, -10.57782963992367975, 6.483575040205399986 ) ) ;
#3103 = EDGE_LOOP ( 'NONE', ( #3850, #5911, #408, #2730 ) ) ;
#3104 =( BOUNDED_SURFACE ( )  B_SPLINE_SURFACE ( 3, 2, ( 
 ( #8455, #1702, #5990 ),
 ( #4909, #435, #3426 ),
 ( #8510, #7964, #5687 ),
 ( #8557, #8658, #6327 ),
 ( #4859, #9350, #6278 ),
 ( #7918, #1907, #2591 ),
 ( #338, #1219, #1954 ),
 ( #5586, #3328, #7020 ),
 ( #4116, #7760, #9303 ),
 ( #5489, #4164, #1855 ),
 ( #8602, #6378, #4210 ),
 ( #2539, #1128, #4009 ) ),
 .UNSPECIFIED., .F., .F., .T. ) 
 B_SPLINE_SURFACE_WITH_KNOTS ( ( 4, 2, 2, 2, 2, 4 ),
 ( 3, 3 ),
 ( 0.04419281345311835280, 0.04827988698477980040, 0.05032342375061039930, 0.05134519213352579936, 0.05236696051644109534, 0.06054110757976390034 ),
 ( 0.000000000000000000, 1.000000000000000000 ),
 .UNSPECIFIED. ) 
 GEOMETRIC_REPRESENTATION_ITEM ( )  RATIONAL_B_SPLINE_SURFACE ( (
 ( 1.000000000000000000, 0.7071067811865480168, 1.000000000000000000),
 ( 1.000000000000000000, 0.7071067811865480168, 1.000000000000000000),
 ( 1.000000000000000000, 0.7071067811865480168, 1.000000000000000000),
 ( 1.000000000000000000, 0.7071067811865480168, 1.000000000000000000),
 ( 1.000000000000000000, 0.7071067811865480168, 1.000000000000000000),
 ( 1.000000000000000000, 0.7071067811865480168, 1.000000000000000000),
 ( 1.000000000000000000, 0.7071067811865480168, 1.000000000000000000),
 ( 1.000000000000000000, 0.7071067811865480168, 1.000000000000000000),
 ( 1.000000000000000000, 0.7071067811865480168, 1.000000000000000000),
 ( 1.000000000000000000, 0.7071067811865480168, 1.000000000000000000),
 ( 1.000000000000000000, 0.7071067811865480168, 1.000000000000000000),
 ( 1.000000000000000000, 0.7071067811865480168, 1.000000000000000000) ) ) 
 REPRESENTATION_ITEM ( '' )  SURFACE ( )  );
#3105 = CIRCLE ( 'NONE', #6858, 1.049999999999998934 ) ;
#3106 = B_SPLINE_CURVE_WITH_KNOTS ( 'NONE', 3,
 ( #8205, #3517, #717, #9733, #2975, #5043, #8056, #1313, #5086, #1360 ),
 .UNSPECIFIED., .F., .F.,
 ( 4, 2, 2, 2, 4 ),
 ( 0.000000000000000000, 0.5000000000000011102, 0.6250000000000007772, 0.7500000000000005551, 1.000000000000000000 ),
 .UNSPECIFIED. ) ;
#3107 = CARTESIAN_POINT ( 'NONE',  ( -17.68452902855994324, -14.31696919148823532, -1.772323063829403189 ) ) ;
#3108 = ORIENTED_EDGE ( 'NONE', *, *, #4714, .T. ) ;
#3109 = CARTESIAN_POINT ( 'NONE',  ( 20.98338846470616659, -11.76219884265099402, -23.89323619239055674 ) ) ;
#3110 = CARTESIAN_POINT ( 'NONE',  ( -16.41127463996295432, -14.98566677071387510, -37.14392132426446125 ) ) ;
#3111 = DIRECTION ( 'NONE',  ( 1.000000000000000000, 0.000000000000000000, 0.000000000000000000 ) ) ;
#3112 = CARTESIAN_POINT ( 'NONE',  ( 26.62500000000000000, 5.250000000000000000, 23.09999999999999787 ) ) ;
#3113 = ORIENTED_EDGE ( 'NONE', *, *, #5585, .T. ) ;
#3114 = ORIENTED_EDGE ( 'NONE', *, *, #2416, .T. ) ;
#3115 = VERTEX_POINT ( 'NONE', #1247 ) ;
#3116 = AXIS2_PLACEMENT_3D ( 'NONE', #3263, #9289, #7957 ) ;
#3117 = B_SPLINE_CURVE_WITH_KNOTS ( 'NONE', 3,
 ( #3720, #1509, #2200, #726, #9744, #3631, #2988, #5987, #4970, #773, #9419, #7982, #176, #5289 ),
 .UNSPECIFIED., .F., .F.,
 ( 4, 2, 2, 2, 2, 2, 4 ),
 ( 0.000000000000000000, 0.001173777073882399961, 0.001760665610823605037, 0.002347554147764809897, 0.002934442684706015190, 0.003521331221647220049, 0.004695108295529629334 ),
 .UNSPECIFIED. ) ;
#3118 = ORIENTED_EDGE ( 'NONE', *, *, #5792, .T. ) ;
#3119 = DIRECTION ( 'NONE',  ( 1.000000000000000000, -8.381007514813920223E-33, 1.765621858500564986E-16 ) ) ;
#3120 = CARTESIAN_POINT ( 'NONE',  ( -13.97972443606914794, -5.335635211980355841, -37.88435365622117246 ) ) ;
#3121 = VECTOR ( 'NONE', #6902, 1000.000000000000000 ) ;
#3122 = CYLINDRICAL_SURFACE ( 'NONE', #5983, 1.999999999999998224 ) ;
#3123 = EDGE_CURVE ( 'NONE', #1892, #3209, #1099, .T. ) ;
#3124 = CARTESIAN_POINT ( 'NONE',  ( -22.67477080972772185, -1.252735597781111876, 20.00960839198276275 ) ) ;
#3125 = LINE ( 'NONE', #1646, #6737 ) ;
#3126 = DIRECTION ( 'NONE',  ( 0.000000000000000000, 0.000000000000000000, 1.000000000000000000 ) ) ;
#3127 = DIRECTION ( 'NONE',  ( -1.000000000000000000, 0.000000000000000000, 0.000000000000000000 ) ) ;
#3128 = ORIENTED_EDGE ( 'NONE', *, *, #1939, .F. ) ;
#3129 = CIRCLE ( 'NONE', #631, 1.000000000000000000 ) ;
#3130 = EDGE_LOOP ( 'NONE', ( #5852, #4700, #3748, #3255 ) ) ;
#3131 = ADVANCED_FACE ( 'NONE', ( #5612, #6303, #361, #1979, #3401, #7254, #4975 ), #5756, .T. ) ;
#3132 = AXIS2_PLACEMENT_3D ( 'NONE', #9025, #3022, #6061 ) ;
#3133 = DIRECTION ( 'NONE',  ( 0.000000000000000000, -1.000000000000000000, 0.000000000000000000 ) ) ;
#3134 = CARTESIAN_POINT ( 'NONE',  ( 20.62500000000000000, 2.625000000000000000, 27.64663336986835063 ) ) ;
#3135 = PLANE ( 'NONE',  #5951 ) ;
#3136 = CIRCLE ( 'NONE', #8656, 1.999999999999998224 ) ;
#3137 = CARTESIAN_POINT ( 'NONE',  ( -13.96814575050770024, 14.95551785225862140, -32.72792206135789428 ) ) ;
#3138 = CARTESIAN_POINT ( 'NONE',  ( -10.43261184457493940, -14.88244887111394021, -29.19238815542515297 ) ) ;
#3139 = LINE ( 'NONE', #1569, #4148 ) ;
#3140 = CARTESIAN_POINT ( 'NONE',  ( -1.001821151708748303, 14.52374189594361908, -35.16616359416892834 ) ) ;
#3141 = VECTOR ( 'NONE', #9001, 1000.000000000000000 ) ;
#3142 = EDGE_CURVE ( 'NONE', #4754, #1458, #7988, .T. ) ;
#3143 = AXIS2_PLACEMENT_3D ( 'NONE', #7721, #2256, #1706 ) ;
#3144 = EDGE_CURVE ( 'NONE', #9630, #3355, #321, .T. ) ;
#3145 = CARTESIAN_POINT ( 'NONE',  ( -22.94603161131662361, 4.049418119658437121, 17.14942863586281874 ) ) ;
#3146 = CARTESIAN_POINT ( 'NONE',  ( -25.32158692606572004, 10.95530493215483681, 0.1506489523230113148 ) ) ;
#3147 = CARTESIAN_POINT ( 'NONE',  ( 20.39663912168413873, 11.82529415083018698, -24.43690540947023138 ) ) ;
#3148 = DIRECTION ( 'NONE',  ( -0.6249999999999998890, -0.7806247497997998996, 0.000000000000000000 ) ) ;
#3149 = VECTOR ( 'NONE', #452, 1000.000000000000000 ) ;
#3150 = CARTESIAN_POINT ( 'NONE',  ( 12.67500000000000071, -10.09999999999999964, -29.70912988903495133 ) ) ;
#3151 = DIRECTION ( 'NONE',  ( 1.000000000000000000, 0.000000000000000000, 2.478176394252580155E-16 ) ) ;
#3152 = CYLINDRICAL_SURFACE ( 'NONE', #9754, 1.049999999999998934 ) ;
#3153 = VERTEX_POINT ( 'NONE', #6502 ) ;
#3154 = DIRECTION ( 'NONE',  ( 0.000000000000000000, 0.000000000000000000, -1.000000000000000000 ) ) ;
#3155 = ORIENTED_EDGE ( 'NONE', *, *, #559, .F. ) ;
#3156 = DIRECTION ( 'NONE',  ( 1.000000000000000000, 0.000000000000000000, 2.881657216719184962E-16 ) ) ;
#3157 = ORIENTED_EDGE ( 'NONE', *, *, #8920, .T. ) ;
#3158 = CARTESIAN_POINT ( 'NONE',  ( 20.57338784149934696, -11.80635616036051339, -24.27657618044860754 ) ) ;
#3159 = CARTESIAN_POINT ( 'NONE',  ( 7.675000000000000711, -10.09999999999999964, -33.09999999999999432 ) ) ;
#3160 = DIRECTION ( 'NONE',  ( 0.000000000000000000, 2.710505431213760099E-16, -1.000000000000000000 ) ) ;
#3161 = DIRECTION ( 'NONE',  ( -0.7071067811865275887, 0.000000000000000000, 0.7071067811865675568 ) ) ;
#3162 = ORIENTED_EDGE ( 'NONE', *, *, #317, .T. ) ;
#3163 = ORIENTED_EDGE ( 'NONE', *, *, #5656, .T. ) ;
#3164 = ORIENTED_EDGE ( 'NONE', *, *, #686, .F. ) ;
#3165 = MANIFOLD_SOLID_BREP ( 'NONE', #6570 ) ;
#3166 = ORIENTED_EDGE ( 'NONE', *, *, #741, .T. ) ;
#3167 = ORIENTED_EDGE ( 'NONE', *, *, #3741, .F. ) ;
#3168 = DIRECTION ( 'NONE',  ( 0.000000000000000000, -1.084202172485504434E-16, -1.000000000000000000 ) ) ;
#3169 = CARTESIAN_POINT ( 'NONE',  ( -14.53289302001721950, 2.600000000000000089, -37.10000000000000142 ) ) ;
#3170 = CARTESIAN_POINT ( 'NONE',  ( -22.57499999999999929, 3.250000000000000000, 22.90966211537726949 ) ) ;
#3171 = CARTESIAN_POINT ( 'NONE',  ( -22.78848668921195753, -0.6251795242004497544, 18.58252353970479831 ) ) ;
#3172 = DIRECTION ( 'NONE',  ( 3.469446951953615175E-16, 0.000000000000000000, -1.000000000000000000 ) ) ;
#3173 = CARTESIAN_POINT ( 'NONE',  ( -23.16053390593259920, -10.09999999999999964, -9.849999999999999645 ) ) ;
#3174 = CARTESIAN_POINT ( 'NONE',  ( -25.86470155012995065, -7.967567188326079020, 5.462122649366374816 ) ) ;
#3175 = ORIENTED_EDGE ( 'NONE', *, *, #5010, .T. ) ;
#3176 = ORIENTED_EDGE ( 'NONE', *, *, #7891, .F. ) ;
#3177 = ORIENTED_EDGE ( 'NONE', *, *, #113, .F. ) ;
#3178 = LINE ( 'NONE', #8404, #2055 ) ;
#3179 = CARTESIAN_POINT ( 'NONE',  ( -18.59819365880300168, 13.42930266999659139, -38.28371100507290947 ) ) ;
#3180 = LINE ( 'NONE', #3727, #776 ) ;
#3181 = LINE ( 'NONE', #6179, #8805 ) ;
#3182 = EDGE_CURVE ( 'NONE', #2635, #3947, #8026, .T. ) ;
#3183 = CARTESIAN_POINT ( 'NONE',  ( -22.58086410815897338, -3.395750945034129664, 22.35048081788632146 ) ) ;
#3184 = CARTESIAN_POINT ( 'NONE',  ( 23.96484435123593570, 12.33673893445625325, -18.73653213824089647 ) ) ;
#3185 = CARTESIAN_POINT ( 'NONE',  ( -13.57500000000000107, -8.103426060940028819, 5.341209296556019837 ) ) ;
#3186 = ORIENTED_EDGE ( 'NONE', *, *, #781, .T. ) ;
#3187 = CARTESIAN_POINT ( 'NONE',  ( -22.64274064696087407, 2.898695892273951191, 20.55336663013170195 ) ) ;
#3188 = CARTESIAN_POINT ( 'NONE',  ( -24.97813523996756757, 11.23730842464497570, 0.03744616034297875568 ) ) ;
#3189 = CARTESIAN_POINT ( 'NONE',  ( 26.62500000000000000, 14.16787163341028055, -12.03976285529073920 ) ) ;
#3190 = CARTESIAN_POINT ( 'NONE',  ( -0.8967567632675652600, 14.53634449896530967, -14.22482680512856845 ) ) ;
#3191 = CARTESIAN_POINT ( 'NONE',  ( -0.7128906250000000000, -0.8904001052403969219, -35.79999999999999716 ) ) ;
#3192 = ADVANCED_FACE ( 'NONE', ( #8768 ), #4743, .F. ) ;
#3193 = DIRECTION ( 'NONE',  ( -2.881657216719180031E-16, 0.000000000000000000, 1.000000000000000000 ) ) ;
#3194 = DIRECTION ( 'NONE',  ( 1.734723475976805122E-15, 2.218583946892634868E-16, 1.000000000000000000 ) ) ;
#3195 = LINE ( 'NONE', #6145, #9443 ) ;
#3196 = ORIENTED_EDGE ( 'NONE', *, *, #4103, .T. ) ;
#3197 = CARTESIAN_POINT ( 'NONE',  ( 7.129014785873200033, 17.98421494571415025, -15.00000000000000000 ) ) ;
#3198 = EDGE_CURVE ( 'NONE', #9237, #9029, #2511, .T. ) ;
#3199 = ORIENTED_EDGE ( 'NONE', *, *, #3866, .T. ) ;
#3200 = EDGE_CURVE ( 'NONE', #8167, #6905, #4709, .T. ) ;
#3201 = AXIS2_PLACEMENT_3D ( 'NONE', #9706, #9659, #7389 ) ;
#3202 = DIRECTION ( 'NONE',  ( -1.000000000000000000, 9.366785582234729207E-17, 0.000000000000000000 ) ) ;
#3203 = ORIENTED_EDGE ( 'NONE', *, *, #1683, .F. ) ;
#3204 = CARTESIAN_POINT ( 'NONE',  ( -11.04992485293387361, -13.90143845864702143, -37.44779579670566960 ) ) ;
#3205 = FACE_BOUND ( 'NONE', #2930, .T. ) ;
#3206 = CARTESIAN_POINT ( 'NONE',  ( -23.16053390593269867, -15.00000000000000000, -20.00000000000000000 ) ) ;
#3207 = CARTESIAN_POINT ( 'NONE',  ( 15.12500000000000000, -2.625000000000000000, 18.55336663013169840 ) ) ;
#3208 = ORIENTED_EDGE ( 'NONE', *, *, #261, .F. ) ;
#3209 = VERTEX_POINT ( 'NONE', #5115 ) ;
#3210 = ORIENTED_EDGE ( 'NONE', *, *, #5420, .F. ) ;
#3211 = VERTEX_POINT ( 'NONE', #8129 ) ;
#3212 = VERTEX_POINT ( 'NONE', #1386 ) ;
#3213 = PLANE ( 'NONE',  #475 ) ;
#3214 = CARTESIAN_POINT ( 'NONE',  ( -26.62500000000000000, 15.00000000000000000, 5.147263975624269829E-15 ) ) ;
#3215 = CARTESIAN_POINT ( 'NONE',  ( -22.58369382753686949, 3.450856862019664018, 22.18810071494536729 ) ) ;
#3216 = CARTESIAN_POINT ( 'NONE',  ( -22.98917640172397370, -1.635817020808683075, 16.81399521921594342 ) ) ;
#3217 = CARTESIAN_POINT ( 'NONE',  ( -26.61487773028947501, 8.770746713415119800, 0.6362419066912068377 ) ) ;
#3218 = CARTESIAN_POINT ( 'NONE',  ( 7.892821784336608637, -12.09999999999999964, -29.80643373951744834 ) ) ;
#3219 = CARTESIAN_POINT ( 'NONE',  ( 7.852642324678466679, 14.78421494571414918, -14.98650992682471106 ) ) ;
#3220 = ORIENTED_EDGE ( 'NONE', *, *, #4149, .T. ) ;
#3221 = EDGE_LOOP ( 'NONE', ( #5391, #5989 ) ) ;
#3222 = EDGE_LOOP ( 'NONE', ( #9411, #4451, #2970, #9004, #9629, #2270, #9297, #6008, #7808, #5327, #4057, #9689, #367, #4896, #4753, #8710 ) ) ;
#3223 = LINE ( 'NONE', #7125, #4147 ) ;
#3224 = PLANE ( 'NONE',  #6240 ) ;
#3225 = DIRECTION ( 'NONE',  ( -1.000000000000000000, 0.000000000000000000, 0.000000000000000000 ) ) ;
#3226 = CARTESIAN_POINT ( 'NONE',  ( -26.62500000000000000, 5.250000000000000000, 23.09999999999999787 ) ) ;
#3227 = EDGE_CURVE ( 'NONE', #2651, #8198, #3771, .T. ) ;
#3228 = CARTESIAN_POINT ( 'NONE',  ( 24.72874206994061197, 11.40509334219877147, 0.09499295234295461465 ) ) ;
#3229 = CARTESIAN_POINT ( 'NONE',  ( 23.43145459297613087, 12.40222395218703255, -19.66502945067561114 ) ) ;
#3230 = DIRECTION ( 'NONE',  ( -1.000000000000000000, -1.292857237214519939E-16, 0.000000000000000000 ) ) ;
#3231 = ORIENTED_EDGE ( 'NONE', *, *, #4223, .T. ) ;
#3232 = EDGE_LOOP ( 'NONE', ( #5766, #3835, #2193, #2949 ) ) ;
#3233 = EDGE_CURVE ( 'NONE', #9541, #8391, #2011, .T. ) ;
#3234 = CARTESIAN_POINT ( 'NONE',  ( -22.79868504781578409, 4.624950903203827401, 18.47548209755990811 ) ) ;
#3235 = CARTESIAN_POINT ( 'NONE',  ( 4.361707950657415012, 14.19700180411540025, -14.00000000000000000 ) ) ;
#3236 = CARTESIAN_POINT ( 'NONE',  ( -22.95788695130078239, -3.950876836390434299, 17.05530350685129903 ) ) ;
#3237 = CARTESIAN_POINT ( 'NONE',  ( -0.3593615776948227425, 14.81564146130313198, -14.74769393428231012 ) ) ;
#3238 = LINE ( 'NONE', #8674, #4687 ) ;
#3239 = DIRECTION ( 'NONE',  ( 1.000000000000000000, 0.000000000000000000, 0.000000000000000000 ) ) ;
#3240 = FACE_OUTER_BOUND ( 'NONE', #5034, .T. ) ;
#3241 = DIRECTION ( 'NONE',  ( 1.000000000000000000, 0.000000000000000000, 0.000000000000000000 ) ) ;
#3242 = ORIENTED_EDGE ( 'NONE', *, *, #984, .T. ) ;
#3243 = CARTESIAN_POINT ( 'NONE',  ( 18.17312819460621043, 11.99999999999999112, -5.608817230107199236E-09 ) ) ;
#3244 = AXIS2_PLACEMENT_3D ( 'NONE', #7517, #2936, #9695 ) ;
#3245 = ORIENTED_EDGE ( 'NONE', *, *, #1683, .T. ) ;
#3246 = LINE ( 'NONE', #1046, #1115 ) ;
#3247 = AXIS2_PLACEMENT_3D ( 'NONE', #5383, #7662, #8457 ) ;
#3248 = CARTESIAN_POINT ( 'NONE',  ( 3.721420894131206136, 15.03976057183638382, -25.02058814878456516 ) ) ;
#3249 = ADVANCED_FACE ( 'NONE', ( #5308 ), #3482, .F. ) ;
#3250 = CARTESIAN_POINT ( 'NONE',  ( -5.361673041148020680, -13.72504964617814771, -36.28577433917993744 ) ) ;
#3251 = CARTESIAN_POINT ( 'NONE',  ( -18.56373422078697288, -14.99890811771228094, -37.28485273788132304 ) ) ;
#3252 = EDGE_CURVE ( 'NONE', #3699, #518, #6126, .T. ) ;
#3253 = DIRECTION ( 'NONE',  ( 0.5556174052149462916, -0.8314380909136952491, 0.000000000000000000 ) ) ;
#3254 = DIRECTION ( 'NONE',  ( -1.000000000000000000, 0.000000000000000000, 0.000000000000000000 ) ) ;
#3255 = ORIENTED_EDGE ( 'NONE', *, *, #924, .F. ) ;
#3256 = VERTEX_POINT ( 'NONE', #2652 ) ;
#3257 = ORIENTED_EDGE ( 'NONE', *, *, #918, .F. ) ;
#3258 = VECTOR ( 'NONE', #2592, 1000.000000000000000 ) ;
#3259 = ORIENTED_EDGE ( 'NONE', *, *, #8269, .T. ) ;
#3260 = EDGE_CURVE ( 'NONE', #3619, #3336, #6339, .T. ) ;
#3261 = EDGE_CURVE ( 'NONE', #6153, #8000, #5744, .T. ) ;
#3262 = FACE_OUTER_BOUND ( 'NONE', #6826, .T. ) ;
#3263 = CARTESIAN_POINT ( 'NONE',  ( 26.62500000000000000, -2.625000000000000000, 27.64663336986835063 ) ) ;
#3264 = CARTESIAN_POINT ( 'NONE',  ( -11.96499999999999986, -10.09999999999999964, -35.57131279431310134 ) ) ;
#3265 = CARTESIAN_POINT ( 'NONE',  ( 12.22901478587320057, 14.58540566807860017, -25.00000000000000000 ) ) ;
#3266 = CARTESIAN_POINT ( 'NONE',  ( -10.37500000000000000, -17.54325025195879917, -10.00000000000000000 ) ) ;
#3267 = VECTOR ( 'NONE', #7503, 1000.000000000000000 ) ;
#3268 = CARTESIAN_POINT ( 'NONE',  ( 9.010819090633891193, -11.09999999999999964, -29.30000000000000071 ) ) ;
#3269 = CARTESIAN_POINT ( 'NONE',  ( 11.70043750246819947, -10.09999999999999964, -30.22927167015964756 ) ) ;
#3270 = EDGE_LOOP ( 'NONE', ( #15, #3157, #2378, #9322, #1154, #1696, #8733, #661 ) ) ;
#3271 = ORIENTED_EDGE ( 'NONE', *, *, #6994, .T. ) ;
#3272 = ORIENTED_EDGE ( 'NONE', *, *, #2969, .F. ) ;
#3273 = AXIS2_PLACEMENT_3D ( 'NONE', #2555, #1921, #4922 ) ;
#3274 = DIRECTION ( 'NONE',  ( 0.000000000000000000, -1.000000000000000000, 0.000000000000000000 ) ) ;
#3275 = CARTESIAN_POINT ( 'NONE',  ( 24.95714645860080338, -12.21356952179253952, -4.734461050375110457E-12 ) ) ;
#3276 = CARTESIAN_POINT ( 'NONE',  ( -19.81532436575401235, 15.00011440415831210, -2.928115160658763187E-13 ) ) ;
#3277 = CARTESIAN_POINT ( 'NONE',  ( -16.57499999999999929, -5.250000000000000000, 22.05000000000000071 ) ) ;
#3278 = CARTESIAN_POINT ( 'NONE',  ( -22.60727957274181321, -4.298722558382439551, 21.33986245902077172 ) ) ;
#3279 = CARTESIAN_POINT ( 'NONE',  ( -15.15496396629137088, 14.97242445916600495, -37.02047843344016798 ) ) ;
#3280 = CARTESIAN_POINT ( 'NONE',  ( 9.546225644515295983, 13.81566563497680811, -24.99999999999996803 ) ) ;
#3281 = ORIENTED_EDGE ( 'NONE', *, *, #5548, .F. ) ;
#3282 = AXIS2_PLACEMENT_3D ( 'NONE', #2335, #1602, #4598 ) ;
#3283 = ORIENTED_EDGE ( 'NONE', *, *, #4041, .T. ) ;
#3284 = AXIS2_PLACEMENT_3D ( 'NONE', #5524, #4795, #8493 ) ;
#3285 = EDGE_CURVE ( 'NONE', #5978, #4249, #5038, .T. ) ;
#3286 = FACE_OUTER_BOUND ( 'NONE', #2521, .T. ) ;
#3287 = VECTOR ( 'NONE', #4082, 1000.000000000000000 ) ;
#3288 = CARTESIAN_POINT ( 'NONE',  ( 25.57747993853689650, 12.13506087069726114, 0.000000000000000000 ) ) ;
#3289 = CARTESIAN_POINT ( 'NONE',  ( -23.01532923582449541, -3.139838986715407732, 16.61962467163007418 ) ) ;
#3290 = CARTESIAN_POINT ( 'NONE',  ( -13.57500000000000107, -10.59999999999999964, 6.505745400281710999 ) ) ;
#3291 = CARTESIAN_POINT ( 'NONE',  ( -22.61056064706886914, 6.020955680658819809, 21.25456074419125585 ) ) ;
#3292 = CARTESIAN_POINT ( 'NONE',  ( -13.39993915504746091, -7.100000000000000533, -29.30000000000000071 ) ) ;
#3293 = CARTESIAN_POINT ( 'NONE',  ( 21.83654301190370006, -12.59234992599516012, -2.616132631985095160E-12 ) ) ;
#3294 = DIRECTION ( 'NONE',  ( 0.000000000000000000, 0.000000000000000000, 1.000000000000000000 ) ) ;
#3295 = CARTESIAN_POINT ( 'NONE',  ( 7.829014785873210869, 13.94727521435340023, -19.26490000000000080 ) ) ;
#3296 = AXIS2_PLACEMENT_3D ( 'NONE', #296, #7885, #3395 ) ;
#3297 = VERTEX_POINT ( 'NONE', #4126 ) ;
#3298 = DIRECTION ( 'NONE',  ( 0.000000000000000000, -1.000000000000000000, 0.000000000000000000 ) ) ;
#3299 = ORIENTED_EDGE ( 'NONE', *, *, #3362, .F. ) ;
#3300 = VECTOR ( 'NONE', #8711, 1000.000000000000227 ) ;
#3301 = EDGE_CURVE ( 'NONE', #1786, #6312, #7822, .T. ) ;
#3302 = VECTOR ( 'NONE', #5493, 1000.000000000000000 ) ;
#3303 = CARTESIAN_POINT ( 'NONE',  ( -23.29858959624625214, -12.64924272644070058, -1.216414242146891977 ) ) ;
#3304 = PLANE ( 'NONE',  #1073 ) ;
#3305 = CARTESIAN_POINT ( 'NONE',  ( 9.606755896520024152, -12.65753650824900767, 0.06046828927604753351 ) ) ;
#3306 = CARTESIAN_POINT ( 'NONE',  ( 13.69248782723805036, -13.44759065062063108, -28.05348798489265150 ) ) ;
#3307 = CARTESIAN_POINT ( 'NONE',  ( 20.62500000000000000, 2.625000000000000000, 20.55336663013174814 ) ) ;
#3308 = DIRECTION ( 'NONE',  ( 0.000000000000000000, 0.000000000000000000, -1.000000000000000000 ) ) ;
#3309 = ORIENTED_EDGE ( 'NONE', *, *, #2847, .T. ) ;
#3310 = ORIENTED_EDGE ( 'NONE', *, *, #7646, .T. ) ;
#3311 = EDGE_CURVE ( 'NONE', #8487, #5470, #8972, .T. ) ;
#3312 = ORIENTED_EDGE ( 'NONE', *, *, #3327, .F. ) ;
#3313 = ADVANCED_FACE ( 'NONE', ( #2603 ), #4222, .F. ) ;
#3314 = ORIENTED_EDGE ( 'NONE', *, *, #6937, .T. ) ;
#3315 = ORIENTED_EDGE ( 'NONE', *, *, #7234, .T. ) ;
#3316 = DIRECTION ( 'NONE',  ( 1.000000000000000000, 0.000000000000000000, 1.765621858500564986E-16 ) ) ;
#3317 = CARTESIAN_POINT ( 'NONE',  ( -26.62500000000000000, 2.625000000000000000, 18.55336663013169840 ) ) ;
#3318 = DIRECTION ( 'NONE',  ( 0.000000000000000000, 0.000000000000000000, -1.000000000000000000 ) ) ;
#3319 = CARTESIAN_POINT ( 'NONE',  ( -0.2170272926750824449, 15.00109743630298453, -25.11971194819617637 ) ) ;
#3320 = FACE_OUTER_BOUND ( 'NONE', #2412, .T. ) ;
#3321 = EDGE_CURVE ( 'NONE', #8451, #3705, #3484, .T. ) ;
#3322 = CYLINDRICAL_SURFACE ( 'NONE', #7941, 2.000000000000001776 ) ;
#3323 = DIRECTION ( 'NONE',  ( 1.000000000000000000, 0.000000000000000000, 0.000000000000000000 ) ) ;
#3324 = ORIENTED_EDGE ( 'NONE', *, *, #5787, .T. ) ;
#3325 = EDGE_LOOP ( 'NONE', ( #8423, #3114, #7782, #1351 ) ) ;
#3326 = ORIENTED_EDGE ( 'NONE', *, *, #9478, .T. ) ;
#3327 = EDGE_CURVE ( 'NONE', #6724, #6256, #1084, .T. ) ;
#3328 = CARTESIAN_POINT ( 'NONE',  ( -19.12649554331250101, -14.99981966397803923, 2.980156864938065885E-13 ) ) ;
#3329 = DIRECTION ( 'NONE',  ( -2.881657216719180031E-16, 0.000000000000000000, 1.000000000000000000 ) ) ;
#3330 = CARTESIAN_POINT ( 'NONE',  ( -26.62500000000000000, 11.00000000000000000, 2.602085213965209853E-15 ) ) ;
#3331 = CARTESIAN_POINT ( 'NONE',  ( 3.570122197767649830, 15.25135460600989923, -15.00000000000000000 ) ) ;
#3332 = CARTESIAN_POINT ( 'NONE',  ( -22.59226362629378926, -3.713375256638590027, 21.80827027378509086 ) ) ;
#3333 = CARTESIAN_POINT ( 'NONE',  ( 7.510917262751579671, 13.97160086425989434, -31.09373299667244339 ) ) ;
#3334 = PLANE ( 'NONE',  #3689 ) ;
#3335 = ORIENTED_EDGE ( 'NONE', *, *, #4829, .F. ) ;
#3336 = VERTEX_POINT ( 'NONE', #1031 ) ;
#3337 = CARTESIAN_POINT ( 'NONE',  ( 20.62500000000000000, 5.250000000000000000, 25.10000000000000142 ) ) ;
#3338 = CARTESIAN_POINT ( 'NONE',  ( -13.96814575050796137, 28.10000000000000142, -19.72792206135790138 ) ) ;
#3339 = CARTESIAN_POINT ( 'NONE',  ( -26.62500000000000000, 2.625000000000000000, 26.59663336986829663 ) ) ;
#3340 = CARTESIAN_POINT ( 'NONE',  ( -13.47165296021643854, -14.94736363513018595, -7.633775967250297612 ) ) ;
#3341 = CARTESIAN_POINT ( 'NONE',  ( -22.58107534783634662, 7.098779642977167903, 22.33709660486617565 ) ) ;
#3342 = CARTESIAN_POINT ( 'NONE',  ( 5.297386856978960168, -2.602085213965209853E-15, -36.29999999999999716 ) ) ;
#3343 = CARTESIAN_POINT ( 'NONE',  ( 21.88395278773360175, -12.00000000000000000, 0.9174602402679669089 ) ) ;
#3344 = DIRECTION ( 'NONE',  ( 0.000000000000000000, 0.000000000000000000, -1.000000000000000000 ) ) ;
#3345 = CARTESIAN_POINT ( 'NONE',  ( 22.62500000000000000, -8.000000000000000000, 5.204170427930419706E-15 ) ) ;
#3346 = ORIENTED_EDGE ( 'NONE', *, *, #739, .F. ) ;
#3347 = DIRECTION ( 'NONE',  ( 1.000000000000000000, 0.000000000000000000, 0.000000000000000000 ) ) ;
#3348 = ORIENTED_EDGE ( 'NONE', *, *, #261, .T. ) ;
#3349 = DIRECTION ( 'NONE',  ( 0.000000000000000000, 0.000000000000000000, -1.000000000000000000 ) ) ;
#3350 = DIRECTION ( 'NONE',  ( 0.000000000000000000, 0.000000000000000000, -1.000000000000000000 ) ) ;
#3351 = LINE ( 'NONE', #6356, #932 ) ;
#3352 = CARTESIAN_POINT ( 'NONE',  ( -5.859847155337635449, -14.73615230317654756, -35.38508938594729614 ) ) ;
#3353 = LINE ( 'NONE', #7897, #6597 ) ;
#3354 = DIRECTION ( 'NONE',  ( 0.000000000000000000, 0.000000000000000000, -1.000000000000000000 ) ) ;
#3355 = VERTEX_POINT ( 'NONE', #4918 ) ;
#3356 = ORIENTED_EDGE ( 'NONE', *, *, #4388, .F. ) ;
#3357 = EDGE_LOOP ( 'NONE', ( #2771, #6323, #16, #7210 ) ) ;
#3358 = AXIS2_PLACEMENT_3D ( 'NONE', #8841, #6574, #2881 ) ;
#3359 = APPROVAL_PERSON_ORGANIZATION ( #7711, #4292, #4601 ) ;
#3360 = VERTEX_POINT ( 'NONE', #4019 ) ;
#3361 = VERTEX_POINT ( 'NONE', #7032 ) ;
#3362 = EDGE_CURVE ( 'NONE', #5583, #1209, #2551, .T. ) ;
#3364 = CARTESIAN_POINT ( 'NONE',  ( -24.62500000000000000, -8.000000000000000000, -37.79999999999999716 ) ) ;
#3363 = CIRCLE ( 'NONE', #4612, 8.000000000000000000 ) ;
#3365 = DIRECTION ( 'NONE',  ( 2.891205793294678326E-16, 0.000000000000000000, -1.000000000000000000 ) ) ;
#3366 = CARTESIAN_POINT ( 'NONE',  ( -26.56629774481235273, -8.537783448335144243, 1.108328661421050354 ) ) ;
#3367 = CARTESIAN_POINT ( 'NONE',  ( -0.4720117682309167839, 14.72068346670954320, -25.35980205250307762 ) ) ;
#3368 = DIRECTION ( 'NONE',  ( 0.000000000000000000, 0.000000000000000000, -1.000000000000000000 ) ) ;
#3369 = FACE_OUTER_BOUND ( 'NONE', #5079, .T. ) ;
#3370 = ORIENTED_EDGE ( 'NONE', *, *, #3690, .F. ) ;
#3371 = ORIENTED_EDGE ( 'NONE', *, *, #1560, .T. ) ;
#3372 = EDGE_LOOP ( 'NONE', ( #5686, #1230, #7438, #5868 ) ) ;
#3373 = B_SPLINE_CURVE_WITH_KNOTS ( 'NONE', 3,
 ( #1322, #1466, #4313, #5004 ),
 .UNSPECIFIED., .F., .F.,
 ( 4, 4 ),
 ( 0.5311812221511289511, 0.5832684240881640392 ),
 .UNSPECIFIED. ) ;
#3374 = AXIS2_PLACEMENT_3D ( 'NONE', #9323, #3347, #5707 ) ;
#3375 = PLANE ( 'NONE',  #6814 ) ;
#3376 = ADVANCED_FACE ( 'NONE', ( #8615, #3286 ), #1866, .T. ) ;
#3377 = FACE_BOUND ( 'NONE', #4670, .T. ) ;
#3378 = CARTESIAN_POINT ( 'NONE',  ( -21.17556862445265153, 15.00000000000000000, -4.000000000000000000 ) ) ;
#3379 = LOCAL_TIME ( 9, 51, 0.000000000000000000, #2887 ) ;
#3380 = CARTESIAN_POINT ( 'NONE',  ( 20.62500000000000000, 5.250000000000000000, 22.05000000000000071 ) ) ;
#3381 = ADVANCED_FACE ( 'NONE', ( #7880 ), #7134, .F. ) ;
#3382 = CARTESIAN_POINT ( 'NONE',  ( 23.43103606526178950, 11.92376514777218866, 0.2926866399623936355 ) ) ;
#3383 = CARTESIAN_POINT ( 'NONE',  ( 15.82692011569359458, 13.24186303047716606, -26.75222949385491589 ) ) ;
#3384 = CARTESIAN_POINT ( 'NONE',  ( 21.88400352261160009, 12.00000000000000000, 0.9174568067895551016 ) ) ;
#3385 = VERTEX_POINT ( 'NONE', #2705 ) ;
#3386 = EDGE_LOOP ( 'NONE', ( #959, #5715, #5634, #4341 ) ) ;
#3387 = EDGE_CURVE ( 'NONE', #429, #2183, #9412, .T. ) ;
#3388 = DIRECTION ( 'NONE',  ( 0.000000000000000000, 0.000000000000000000, -1.000000000000000000 ) ) ;
#3389 = EDGE_CURVE ( 'NONE', #8475, #4742, #449, .T. ) ;
#3390 = EDGE_CURVE ( 'NONE', #6479, #5519, #7331, .T. ) ;
#3391 = FACE_OUTER_BOUND ( 'NONE', #7985, .T. ) ;
#3392 = CARTESIAN_POINT ( 'NONE',  ( -22.96217730083852260, -3.911440176478332198, 17.02162225943740381 ) ) ;
#3393 = DIRECTION ( 'NONE',  ( 0.000000000000000000, 0.000000000000000000, -1.000000000000000000 ) ) ;
#3394 = CARTESIAN_POINT ( 'NONE',  ( -22.58431972368069296, 7.016168471908403426, 22.15250195280150791 ) ) ;
#3395 = DIRECTION ( 'NONE',  ( -0.7071067811865274777, 0.000000000000000000, 0.7071067811865675568 ) ) ;
#3396 = LINE ( 'NONE', #2403, #5434 ) ;
#3397 = CARTESIAN_POINT ( 'NONE',  ( 8.257832940088253082, 14.89974150526260566, -25.00000000000000355 ) ) ;
#3398 = DIRECTION ( 'NONE',  ( 0.000000000000000000, 0.000000000000000000, -1.000000000000000000 ) ) ;
#3399 = ORIENTED_EDGE ( 'NONE', *, *, #2729, .T. ) ;
#3400 = CARTESIAN_POINT ( 'NONE',  ( -19.62500000000000000, -15.00000000000000000, -4.000000000000000000 ) ) ;
#3401 = FACE_BOUND ( 'NONE', #9387, .T. ) ;
#3402 = CARTESIAN_POINT ( 'NONE',  ( -13.57500000000000107, -7.902763757320330207, 5.519797205070839929 ) ) ;
#3403 = CARTESIAN_POINT ( 'NONE',  ( -5.412408580487493737, -13.72701600866198568, -36.29784743669790004 ) ) ;
#3404 = CARTESIAN_POINT ( 'NONE',  ( 13.71340210317154451, -13.44563394975202719, -28.04146780179884857 ) ) ;
#3405 = CARTESIAN_POINT ( 'NONE',  ( -9.969448724536020379, -13.00000000000000000, -0.2792407799438629823 ) ) ;
#3406 = CARTESIAN_POINT ( 'NONE',  ( -14.70261314302103983, -2.602085213965209853E-15, -37.10000000000000142 ) ) ;
#3407 = VERTEX_POINT ( 'NONE', #7284 ) ;
#3408 = VERTEX_POINT ( 'NONE', #5008 ) ;
#3409 = ORIENTED_EDGE ( 'NONE', *, *, #5840, .T. ) ;
#3410 = ORIENTED_EDGE ( 'NONE', *, *, #924, .T. ) ;
#3411 = VECTOR ( 'NONE', #2813, 1000.000000000000000 ) ;
#3412 = ORIENTED_EDGE ( 'NONE', *, *, #7820, .F. ) ;
#3413 = EDGE_CURVE ( 'NONE', #5233, #6842, #3652, .T. ) ;
#3414 = FACE_BOUND ( 'NONE', #7695, .T. ) ;
#3415 = CARTESIAN_POINT ( 'NONE',  ( -6.625000000000000000, 12.00000000000000000, 4.921975212510399587E-15 ) ) ;
#3416 = CARTESIAN_POINT ( 'NONE',  ( 7.675000000000000711, -10.09999999999999964, -29.90188843073610059 ) ) ;
#3417 = CARTESIAN_POINT ( 'NONE',  ( -1.073589405905972516, 14.52106653368987565, -25.95092420461915950 ) ) ;
#3418 = FACE_OUTER_BOUND ( 'NONE', #711, .T. ) ;
#3419 = AXIS2_PLACEMENT_3D ( 'NONE', #7225, #489, #9741 ) ;
#3420 = VERTEX_POINT ( 'NONE', #2060 ) ;
#3421 = ORIENTED_EDGE ( 'NONE', *, *, #7485, .F. ) ;
#3422 = ORIENTED_EDGE ( 'NONE', *, *, #8350, .T. ) ;
#3423 = AXIS2_PLACEMENT_3D ( 'NONE', #4784, #7103, #6461 ) ;
#3424 =( BOUNDED_SURFACE ( )  B_SPLINE_SURFACE ( 3, 2, ( 
 ( #5857, #6694, #5904 ),
 ( #8910, #9668, #3693 ),
 ( #2219, #558, #9712 ),
 ( #5071, #6648, #5952 ),
 ( #6547, #2167, #1298 ),
 ( #2121, #5116, #3594 ),
 ( #2954, #8184, #6600 ),
 ( #4239, #2860, #5757 ),
 ( #1388, #8962, #3545 ),
 ( #8770, #8130, #4330 ),
 ( #1439, #4431, #7990 ),
 ( #1249, #7256, #8865 ),
 ( #512, #3646, #1341 ),
 ( #4377, #7297, #2910 ),
 ( #3498, #6503, #5167 ),
 ( #9522, #7395, #7441 ),
 ( #656, #2074, #2760 ),
 ( #700, #2024, #5025 ),
 ( #8042, #604, #4284 ),
 ( #9568, #2809, #8085 ) ),
 .UNSPECIFIED., .F., .F., .T. ) 
 B_SPLINE_SURFACE_WITH_KNOTS ( ( 4, 2, 2, 2, 2, 2, 2, 2, 2, 4 ),
 ( 3, 3 ),
 ( -2.168404344971009831E-19, 0.001008596082846610056, 0.002017192165693219678, 0.003025788248539835155, 0.003530086289963140292, 0.004034384331386444561, 0.005042980414233060038, 0.006051576497079670311, 0.007060172579926280584, 0.008068768662772889122 ),
 ( 0.000000000000000000, 1.000000000000000000 ),
 .UNSPECIFIED. ) 
 GEOMETRIC_REPRESENTATION_ITEM ( )  RATIONAL_B_SPLINE_SURFACE ( (
 ( 1.000000000000000000, 0.8112421851755610147, 1.000000000000000000),
 ( 1.000000000000000000, 0.8108900903738479604, 1.000000000000000000),
 ( 1.000000000000000000, 0.8099056661844570293, 1.000000000000000000),
 ( 1.000000000000000000, 0.8069027871952489939, 1.000000000000000000),
 ( 1.000000000000000000, 0.8048531065405680751, 1.000000000000000000),
 ( 1.000000000000000000, 0.7999773124332489882, 1.000000000000000000),
 ( 1.000000000000000000, 0.7971548410795969986, 1.000000000000000000),
 ( 1.000000000000000000, 0.7923750125859050364, 1.000000000000000000),
 ( 1.000000000000000000, 0.7906844728727919769, 1.000000000000000000),
 ( 1.000000000000000000, 0.7871914399796079431, 1.000000000000000000),
 ( 1.000000000000000000, 0.7853807292172659826, 1.000000000000000000),
 ( 1.000000000000000000, 0.7797536885944830187, 1.000000000000000000),
 ( 1.000000000000000000, 0.7757113433748880071, 1.000000000000000000),
 ( 1.000000000000000000, 0.7671791897211790445, 1.000000000000000000),
 ( 1.000000000000000000, 0.7627510114001999630, 1.000000000000000000),
 ( 1.000000000000000000, 0.7534749351392679984, 1.000000000000000000),
 ( 1.000000000000000000, 0.7485810382810019759, 1.000000000000000000),
 ( 1.000000000000000000, 0.7386024664764639924, 1.000000000000000000),
 ( 1.000000000000000000, 0.7334865824118460553, 1.000000000000000000),
 ( 1.000000000000000000, 0.7281701387334759135, 1.000000000000000000) ) ) 
 REPRESENTATION_ITEM ( '' )  SURFACE ( )  );
#3425 = EDGE_CURVE ( 'NONE', #6112, #8779, #646, .T. ) ;
#3426 = CARTESIAN_POINT ( 'NONE',  ( -25.26264215611814734, -11.00000000000000000, 2.602085213965209853E-15 ) ) ;
#3427 = AXIS2_PLACEMENT_3D ( 'NONE', #4201, #4848, #3365 ) ;
#3428 = DIRECTION ( 'NONE',  ( -1.000000000000000000, 9.221531102568229315E-32, 0.000000000000000000 ) ) ;
#3429 = CARTESIAN_POINT ( 'NONE',  ( -26.39753464796950055, -10.98540631289591829, -0.6618021042986319546 ) ) ;
#3430 = CARTESIAN_POINT ( 'NONE',  ( 11.52366262185832113, 14.64827129083561985, -25.00000000000000000 ) ) ;
#3431 = CARTESIAN_POINT ( 'NONE',  ( -22.61054191885428111, -4.477893742033461244, 21.25504475275499772 ) ) ;
#3432 = CARTESIAN_POINT ( 'NONE',  ( 19.47031216433749279, 12.85975898719697241, -24.01818752753977293 ) ) ;
#3433 = ORIENTED_EDGE ( 'NONE', *, *, #7771, .T. ) ;
#3434 = AXIS2_PLACEMENT_3D ( 'NONE', #7628, #6191, #8419 ) ;
#3435 = EDGE_CURVE ( 'NONE', #4104, #5381, #5500, .T. ) ;
#3436 = EDGE_LOOP ( 'NONE', ( #5227, #4857, #8600, #3113, #2757, #4803, #7797, #5291 ) ) ;
#3437 = CARTESIAN_POINT ( 'NONE',  ( -23.16053390593259920, 10.09999999999999964, -9.849999999999999645 ) ) ;
#3438 = CARTESIAN_POINT ( 'NONE',  ( -26.62499999999999645, -9.472582013362213615, 0.08507738946093230947 ) ) ;
#3439 = CARTESIAN_POINT ( 'NONE',  ( 13.26131578747432016, 14.49189343498346005, -15.00000000000000000 ) ) ;
#3440 = CARTESIAN_POINT ( 'NONE',  ( -14.61609185359243490, 2.153672527735163822, -37.96290169320125329 ) ) ;
#3441 = CARTESIAN_POINT ( 'NONE',  ( 26.62500000000000000, -11.12083830918276028, -12.03976285529073920 ) ) ;
#3442 = CIRCLE ( 'NONE', #8166, 1.049999999999998934 ) ;
#3443 = DIRECTION ( 'NONE',  ( -1.000000000000000000, 8.428143491639869250E-33, -1.765621858500564986E-16 ) ) ;
#3444 = CARTESIAN_POINT ( 'NONE',  ( 17.40195570098176603, -4.795305268898253814, -26.81693897114938352 ) ) ;
#3445 = CARTESIAN_POINT ( 'NONE',  ( 4.329014785873204652, 14.25538444722800691, -25.61966641670498390 ) ) ;
#3446 = CYLINDRICAL_SURFACE ( 'NONE', #3532, 1.049999999999998934 ) ;
#3447 = ORIENTED_EDGE ( 'NONE', *, *, #9533, .T. ) ;
#3448 = LINE ( 'NONE', #1977, #6360 ) ;
#3449 = EDGE_CURVE ( 'NONE', #9014, #7132, #8223, .T. ) ;
#3450 = AXIS2_PLACEMENT_3D ( 'NONE', #4188, #4835, #9327 ) ;
#3451 = VECTOR ( 'NONE', #3393, 1000.000000000000000 ) ;
#3452 = EDGE_CURVE ( 'NONE', #9171, #9127, #8025, .T. ) ;
#3453 = AXIS2_PLACEMENT_3D ( 'NONE', #9625, #2127, #7446 ) ;
#3454 = CARTESIAN_POINT ( 'NONE',  ( 9.010819090633880535, 10.84535857606642040, -29.30000000000000071 ) ) ;
#3455 = CARTESIAN_POINT ( 'NONE',  ( 5.029014785873200388, 17.98421494571415025, -15.00000000000000000 ) ) ;
#3456 = CARTESIAN_POINT ( 'NONE',  ( 10.45990622344019094, -12.38264758575035707, 0.2131146129494499442 ) ) ;
#3457 = CIRCLE ( 'NONE', #4241, 3.200000000000000622 ) ;
#3458 = CARTESIAN_POINT ( 'NONE',  ( 4.855252331011701727, -14.16394744967348984, -32.15627568250004487 ) ) ;
#3459 = CARTESIAN_POINT ( 'NONE',  ( 10.61169042115223959, 13.80351761209909967, 0.000000000000000000 ) ) ;
#3460 = DIRECTION ( 'NONE',  ( 2.518897925470369735E-49, -7.509625437129029427E-17, -1.000000000000000000 ) ) ;
#3461 = ORIENTED_EDGE ( 'NONE', *, *, #4328, .T. ) ;
#3462 = VECTOR ( 'NONE', #1432, 1000.000000000000000 ) ;
#3463 = ORIENTED_EDGE ( 'NONE', *, *, #444, .T. ) ;
#3464 = ORIENTED_EDGE ( 'NONE', *, *, #5609, .F. ) ;
#3465 = ORIENTED_EDGE ( 'NONE', *, *, #3435, .T. ) ;
#3466 = VERTEX_POINT ( 'NONE', #7475 ) ;
#3467 = DIRECTION ( 'NONE',  ( 0.000000000000000000, -1.000000000000000000, 0.000000000000000000 ) ) ;
#3468 = DIRECTION ( 'NONE',  ( -4.217769853387634384E-34, -1.000000000000000000, -6.684511119632269602E-17 ) ) ;
#3469 = CARTESIAN_POINT ( 'NONE',  ( -25.64017108923854593, -10.62730677378877964, 0.2815678500503793202 ) ) ;
#3470 = CARTESIAN_POINT ( 'NONE',  ( -0.4092126723200024130, 14.76826142303893086, -25.29952641907891220 ) ) ;
#3471 = CIRCLE ( 'NONE', #6901, 1.049999999999998934 ) ;
#3472 = VERTEX_POINT ( 'NONE', #731 ) ;
#3473 = VERTEX_POINT ( 'NONE', #7381 ) ;
#3474 = DIRECTION ( 'NONE',  ( 0.000000000000000000, 0.000000000000000000, 1.000000000000000000 ) ) ;
#3475 = DIRECTION ( 'NONE',  ( -9.221531102568229315E-32, -1.000000000000000000, 5.222823368532319275E-16 ) ) ;
#3476 = CARTESIAN_POINT ( 'NONE',  ( 7.129014785873209803, 19.28421494571415096, -25.00000000000000000 ) ) ;
#3477 = DIRECTION ( 'NONE',  ( 0.7071067811865425767, -3.693093820828797310E-16, -0.7071067811865525687 ) ) ;
#3478 = CARTESIAN_POINT ( 'NONE',  ( 12.79408860122199698, 13.59437439085961330, -25.64886017199424018 ) ) ;
#3479 = CARTESIAN_POINT ( 'NONE',  ( -12.62368728420742769, 14.93184164281095860, -36.68883389142259688 ) ) ;
#3480 = CARTESIAN_POINT ( 'NONE',  ( 12.69164007445266940, 13.65104352635179197, -14.45830607551855351 ) ) ;
#3481 = B_SPLINE_CURVE_WITH_KNOTS ( 'NONE', 3,
 ( #7001, #259, #3251, #6849, #8384, #108, #3110, #9123, #2373, #2721, #515, #2675, #8635, #1982, #1202, #8535, #5565, #6464, #1885, #5616, #2617, #7992, #4978, #9381, #5669, #9481, #466, #7258, #3352, #8727, #8686, #4189, #4890, #3500, #7151, #4837, #7203, #6506, #4242, #4038, #3458, #5712, #8583, #414, #9430, #1932, #1151, #6357, #9524, #1251, #4141, #7051, #1780, #7896, #4933, #5515, #7843, #4786, #3306, #7945, #3404, #6408, #2566, #7792, #1050, #310, #6306, #9328, #1833, #1105, #4093, #7105, #364, #2123, #1300, #6549, #8868, #8235, #4286, #7443, #8087, #2912, #606, #8772, #4379, #6741, #4476, #1391, #1343, #5812, #8822, #9622, #2763, #7299, #4333, #8912, #8133, #2811 ),
 .UNSPECIFIED., .F., .F.,
 ( 4, 2, 1, 1, 1, 1, 1, 2, 2, 1, 1, 1, 1, 1, 2, 2, 1, 1, 1, 1, 2, 2, 1, 1, 1, 1, 1, 2, 2, 2, 1, 1, 1, 1, 1, 2, 2, 2, 1, 1, 1, 1, 1, 1, 2, 2, 2, 2, 1, 1, 1, 1, 1, 2, 2, 2, 2, 1, 1, 1, 1, 1, 2, 2, 2, 1, 1, 2, 2, 4 ),
 ( 0.000000000000000000, 0.03125000000000984629, 0.04687500000001475209, 0.05468750000001712519, 0.05859375000001822847, 0.06054687500001869338, 0.06152343750001894318, 0.06201171875001897094, 0.06250000000001899869, 0.09375000000002278733, 0.1093750000000246886, 0.1171875000000256878, 0.1210937500000261458, 0.1230468750000263956, 0.1240234375000264788, 0.1250000000000265621, 0.1875000000000277556, 0.2187500000000283940, 0.2343750000000287825, 0.2421875000000289491, 0.2460937500000290601, 0.2500000000000291434, 0.3125000000000306422, 0.3437500000000314193, 0.3593750000000318079, 0.3671875000000319189, 0.3710937500000319189, 0.3730468750000318634, 0.3750000000000318079, 0.4375000000000293654, 0.4687500000000281442, 0.4843750000000275335, 0.4921875000000272005, 0.4960937500000269784, 0.4980468750000268674, 0.4990234375000267009, 0.5000000000000265343, 0.5625000000000214273, 0.5937500000000188738, 0.6093750000000176525, 0.6171875000000172085, 0.6210937500000169864, 0.6230468750000168754, 0.6240234375000168754, 0.6245117187500167644, 0.6250000000000167644, 0.6875000000000173195, 0.7187500000000176525, 0.7343750000000178746, 0.7421875000000179856, 0.7460937500000182077, 0.7480468750000184297, 0.7490234375000184297, 0.7495117187500184297, 0.7500000000000184297, 0.8125000000000108802, 0.8437500000000072164, 0.8593750000000053291, 0.8671875000000044409, 0.8710937500000041078, 0.8730468750000041078, 0.8740234375000039968, 0.8745117187500039968, 0.8750000000000038858, 0.9062500000000034417, 0.9218750000000031086, 0.9296875000000028866, 0.9335937500000028866, 0.9375000000000027756, 1.000000000000000000 ),
 .UNSPECIFIED. ) ;
#3482 = B_SPLINE_SURFACE_WITH_KNOTS ( 'NONE', 3, 1, ( 
 ( #3093, #9104 ),
 ( #2357, #5352 ),
 ( #4175, #4870 ),
 ( #1136, #290 ),
 ( #7773, #4816 ),
 ( #1815, #6290 ) ),
 .UNSPECIFIED., .F., .F., .F.,
 ( 4, 2, 4 ),
 ( 2, 2 ),
 ( -0.09551258113718089082, 0.5116974141758969807, 1.079600292504605985 ),
 ( 0.000000000000000000, 1.000000000000000000 ),
 .UNSPECIFIED. ) ;
#3483 = ORIENTED_EDGE ( 'NONE', *, *, #4582, .T. ) ;
#3484 = LINE ( 'NONE', #9508, #4720 ) ;
#3486 = EDGE_CURVE ( 'NONE', #1946, #53, #3725, .T. ) ;
#3485 = DIRECTION ( 'NONE',  ( 0.000000000000000000, 0.000000000000000000, -1.000000000000000000 ) ) ;
#3487 = CARTESIAN_POINT ( 'NONE',  ( -22.79976710485390612, -4.623188988793393683, 18.46535966489289038 ) ) ;
#3489 = B_SPLINE_CURVE_WITH_KNOTS ( 'NONE', 3,
 ( #7502, #9203, #4487, #3190, #3975, #8928, #4444, #759, #4724, #7455, #7673, #6760, #6015, #4773, #715, #21, #3020, #7729, #2972, #195, #938, #6986, #2502, #3237, #2447, #6237, #5504, #5971, #4022, #3930, #6941, #7776, #6190, #8980 ),
 .UNSPECIFIED., .F., .F.,
 ( 4, 2, 2, 1, 1, 1, 2, 2, 2, 2, 1, 1, 2, 2, 2, 2, 1, 2, 2, 4 ),
 ( 0.000000000000000000, 0.1250000000000262013, 0.1875000000000394407, 0.2187500000000446587, 0.2343750000000456579, 0.2421875000000461575, 0.2460937500000450195, 0.2500000000000439093, 0.3750000000000252021, 0.4375000000000159317, 0.4687500000000104361, 0.4843750000000083822, 0.4921875000000075495, 0.5000000000000067724, 0.6249999999999955591, 0.6874999999999900080, 0.7187499999999878986, 0.7343749999999867883, 0.7499999999999857891, 1.000000000000000000 ),
 .UNSPECIFIED. ) ;
#3488 = CARTESIAN_POINT ( 'NONE',  ( 26.62500000000000000, 8.000000000000000000, 23.09999999999999787 ) ) ;
#3490 = CYLINDRICAL_SURFACE ( 'NONE', #7386, 1.499999999999999556 ) ;
#3491 = CARTESIAN_POINT ( 'NONE',  ( 12.22901478587320057, 14.58540566807860017, -15.00000000000000000 ) ) ;
#3492 = LINE ( 'NONE', #1093, #3613 ) ;
#3493 = DIRECTION ( 'NONE',  ( 0.000000000000000000, 0.000000000000000000, -1.000000000000000000 ) ) ;
#3494 = ORIENTED_EDGE ( 'NONE', *, *, #9652, .F. ) ;
#3495 = CARTESIAN_POINT ( 'NONE',  ( 19.13882745303157051, 12.89685001661866792, -25.51493394246815072 ) ) ;
#3496 = DIRECTION ( 'NONE',  ( 3.469446951953615175E-16, 0.000000000000000000, -1.000000000000000000 ) ) ;
#3497 = EDGE_CURVE ( 'NONE', #2271, #5523, #543, .T. ) ;
#3498 = CARTESIAN_POINT ( 'NONE',  ( -26.23859775632510249, 9.712810463680041195, 0.6441078416052180566 ) ) ;
#3499 = CARTESIAN_POINT ( 'NONE',  ( 10.58002825669928448, -12.34709333974648260, 0.2425585312338915389 ) ) ;
#3500 = CARTESIAN_POINT ( 'NONE',  ( 0.4615905846560239834, -14.43742652267627058, -33.66314948594870060 ) ) ;
#3501 = EDGE_CURVE ( 'NONE', #4135, #8099, #5794, .T. ) ;
#3502 = CARTESIAN_POINT ( 'NONE',  ( 15.16288150211629926, -12.35434379282020068, -28.30548701801705036 ) ) ;
#3503 = DIRECTION ( 'NONE',  ( -0.7071067811865515695, -3.693093820828747513E-16, -0.7071067811865435759 ) ) ;
#3504 = ORIENTED_EDGE ( 'NONE', *, *, #628, .T. ) ;
#3505 = CARTESIAN_POINT ( 'NONE',  ( 12.22901478587320057, 18.28421494571415451, -25.00000000000000000 ) ) ;
#3506 = EDGE_CURVE ( 'NONE', #9542, #9530, #627, .T. ) ;
#3507 = VERTEX_POINT ( 'NONE', #5843 ) ;
#3508 = ORIENTED_EDGE ( 'NONE', *, *, #1949, .F. ) ;
#3509 = UNCERTAINTY_MEASURE_WITH_UNIT (LENGTH_MEASURE( 1.000000000000000082E-05 ), #4458, 'distance_accuracy_value', 'NONE');
#3510 = ORIENTED_EDGE ( 'NONE', *, *, #4102, .F. ) ;
#3511 = ADVANCED_FACE ( 'NONE', ( #4462 ), #4271, .T. ) ;
#3512 = ORIENTED_EDGE ( 'NONE', *, *, #6069, .F. ) ;
#3513 = DIRECTION ( 'NONE',  ( -1.765621858500564986E-16, -8.587739980083199972E-17, 1.000000000000000000 ) ) ;
#3514 = CARTESIAN_POINT ( 'NONE',  ( 11.41276958974766487, 12.13175499857915973, 0.4998494651442011438 ) ) ;
#3515 = CARTESIAN_POINT ( 'NONE',  ( 22.62500000000000000, 12.00000000000000000, 23.09999999999999787 ) ) ;
#3516 = EDGE_CURVE ( 'NONE', #1126, #808, #9055, .T. ) ;
#3517 = CARTESIAN_POINT ( 'NONE',  ( -21.23503939425938469, -12.00000000000000178, 8.605745400281714197 ) ) ;
#3518 = VECTOR ( 'NONE', #1459, 1000.000000000000000 ) ;
#3519 = CARTESIAN_POINT ( 'NONE',  ( 20.62500000000000000, 2.625000000000000000, 28.69663336986829805 ) ) ;
#3520 = ORIENTED_EDGE ( 'NONE', *, *, #1116, .F. ) ;
#3521 = ORIENTED_EDGE ( 'NONE', *, *, #4502, .F. ) ;
#3522 = EDGE_CURVE ( 'NONE', #8107, #318, #8947, .T. ) ;
#3523 = CARTESIAN_POINT ( 'NONE',  ( -19.62500000000000000, -7.900000000000000355, -20.00000000000000000 ) ) ;
#3524 = CARTESIAN_POINT ( 'NONE',  ( -23.57499999999999929, 8.000000000000000000, -37.79999999999999716 ) ) ;
#3525 = CARTESIAN_POINT ( 'NONE',  ( -23.02445639404651700, 2.497103327073067813, 16.55336663013169840 ) ) ;
#3526 = PLANE ( 'NONE',  #7309 ) ;
#3527 = DIRECTION ( 'NONE',  ( 0.000000000000000000, -1.000000000000000000, 0.000000000000000000 ) ) ;
#3529 = AXIS2_PLACEMENT_3D ( 'NONE', #1879, #4136, #409 ) ;
#3528 = CARTESIAN_POINT ( 'NONE',  ( 4.329014785873204652, 14.46146924074409945, -14.70042232084986189 ) ) ;
#3530 = EDGE_CURVE ( 'NONE', #7615, #2725, #6292, .T. ) ;
#3531 = ORIENTED_EDGE ( 'NONE', *, *, #915, .T. ) ;
#3532 = AXIS2_PLACEMENT_3D ( 'NONE', #407, #9516, #4972 ) ;
#3533 = DIRECTION ( 'NONE',  ( 1.000000000000000000, 0.000000000000000000, 2.881657216719184962E-16 ) ) ;
#3534 = DIRECTION ( 'NONE',  ( 0.000000000000000000, -1.000000000000000000, 0.000000000000000000 ) ) ;
#3535 = CARTESIAN_POINT ( 'NONE',  ( 13.16965708596491957, 13.49610295378893987, -14.00000000000000000 ) ) ;
#3536 = LINE ( 'NONE', #8225, #4072 ) ;
#3537 = CARTESIAN_POINT ( 'NONE',  ( 5.029014785873200388, 19.28421494571415096, -25.00000000000000000 ) ) ;
#3538 = LINE ( 'NONE', #5749, #4251 ) ;
#3539 = DIRECTION ( 'NONE',  ( 0.000000000000000000, 0.000000000000000000, 1.000000000000000000 ) ) ;
#3540 = CARTESIAN_POINT ( 'NONE',  ( -22.64274064696089894, 2.625000000000000000, 20.55336663013170195 ) ) ;
#3541 = ORIENTED_EDGE ( 'NONE', *, *, #2680, .T. ) ;
#3542 = CARTESIAN_POINT ( 'NONE',  ( 25.31909719891174149, 12.16883917339349175, -18.09350114482492344 ) ) ;
#3543 = EDGE_CURVE ( 'NONE', #7995, #8735, #2836, .T. ) ;
#3544 = CARTESIAN_POINT ( 'NONE',  ( -25.81809971959246752, -10.44535047934325256, -0.4817834931139634014 ) ) ;
#3545 = CARTESIAN_POINT ( 'NONE',  ( -25.73357842861905098, 11.60337120205300110, -0.8677904006843299989 ) ) ;
#3546 = EDGE_CURVE ( 'NONE', #5045, #3897, #3178, .T. ) ;
#3547 = CARTESIAN_POINT ( 'NONE',  ( -6.241856007122080996, 13.75833531549072930, -36.49180732755505119 ) ) ;
#3548 = FACE_OUTER_BOUND ( 'NONE', #1547, .T. ) ;
#3549 = CARTESIAN_POINT ( 'NONE',  ( 19.13882745303229171, -12.89685001661616681, -25.51493394246933022 ) ) ;
#3550 = DIRECTION ( 'NONE',  ( 0.000000000000000000, 0.000000000000000000, 1.000000000000000000 ) ) ;
#3551 = LINE ( 'NONE', #5815, #8336 ) ;
#3552 = VERTEX_POINT ( 'NONE', #975 ) ;
#3553 = CARTESIAN_POINT ( 'NONE',  ( 12.67500000000000071, -10.09999999999999964, -9.849999999999999645 ) ) ;
#3554 = ORIENTED_EDGE ( 'NONE', *, *, #6504, .F. ) ;
#3555 = ORIENTED_EDGE ( 'NONE', *, *, #1273, .F. ) ;
#3556 = ORIENTED_EDGE ( 'NONE', *, *, #6988, .F. ) ;
#3557 = ADVANCED_FACE ( 'NONE', ( #2252 ), #4560, .F. ) ;
#3558 = AXIS2_PLACEMENT_3D ( 'NONE', #9170, #7641, #6904 ) ;
#3559 = EDGE_CURVE ( 'NONE', #6302, #5057, #5246, .T. ) ;
#3560 = ORIENTED_EDGE ( 'NONE', *, *, #2519, .F. ) ;
#3561 = CARTESIAN_POINT ( 'NONE',  ( 17.62500000000000000, -12.00000000000000000, 23.09999999999999787 ) ) ;
#3562 = CARTESIAN_POINT ( 'NONE',  ( 10.89261443381108130, 12.25886357683936900, 0.3272008356150523101 ) ) ;
#3563 = CARTESIAN_POINT ( 'NONE',  ( -25.65857481272872676, -7.485050599425742135, 6.141782594091123038 ) ) ;
#3564 = LINE ( 'NONE', #1406, #7075 ) ;
#3565 = CARTESIAN_POINT ( 'NONE',  ( 20.37076997924080146, -12.76646718822799897, 0.000000000000000000 ) ) ;
#3566 = ORIENTED_EDGE ( 'NONE', *, *, #7485, .T. ) ;
#3567 = ORIENTED_EDGE ( 'NONE', *, *, #791, .F. ) ;
#3568 = VECTOR ( 'NONE', #5147, 1000.000000000000000 ) ;
#3569 = EDGE_CURVE ( 'NONE', #4403, #580, #1302, .T. ) ;
#3570 = VERTEX_POINT ( 'NONE', #5344 ) ;
#3571 = EDGE_CURVE ( 'NONE', #5036, #5920, #4608, .T. ) ;
#3572 = LINE ( 'NONE', #8746, #6024 ) ;
#3573 = VECTOR ( 'NONE', #85, 1000.000000000000000 ) ;
#3574 = LINE ( 'NONE', #8890, #7029 ) ;
#3575 = CARTESIAN_POINT ( 'NONE',  ( -26.84991221830399866, -12.00000000000000000, 6.505745400281710999 ) ) ;
#3576 = DIRECTION ( 'NONE',  ( -0.7465930852246059901, -0.6652809670318280411, 0.000000000000000000 ) ) ;
#3577 = CARTESIAN_POINT ( 'NONE',  ( 12.50049188501881225, 13.80953828564112662, -25.33654093445321109 ) ) ;
#3578 = CARTESIAN_POINT ( 'NONE',  ( -16.06767082723745332, 14.98241801908649329, -37.11264058341644301 ) ) ;
#3579 = VECTOR ( 'NONE', #899, 1000.000000000000000 ) ;
#3580 = ORIENTED_EDGE ( 'NONE', *, *, #6997, .F. ) ;
#3581 = DIRECTION ( 'NONE',  ( 0.000000000000000000, 1.000000000000000000, 0.000000000000000000 ) ) ;
#3582 = LINE ( 'NONE', #7382, #9580 ) ;
#3583 = CARTESIAN_POINT ( 'NONE',  ( -22.87476507408923609, -4.456364139305001082, 17.74930395408512496 ) ) ;
#3584 = FACE_OUTER_BOUND ( 'NONE', #302, .T. ) ;
#3585 = CARTESIAN_POINT ( 'NONE',  ( 8.278496873418923485, -11.66718864081343376, -29.63622345639826605 ) ) ;
#3586 = CARTESIAN_POINT ( 'NONE',  ( 8.282295850159679063, 14.91516259938647870, -15.00000000000000000 ) ) ;
#3587 = CARTESIAN_POINT ( 'NONE',  ( 7.675000000000000711, 10.09999999999999964, -33.09999999999999432 ) ) ;
#3588 = DIRECTION ( 'NONE',  ( 0.000000000000000000, 1.000000000000000000, 0.000000000000000000 ) ) ;
#3589 = VERTEX_POINT ( 'NONE', #1651 ) ;
#3590 = CARTESIAN_POINT ( 'NONE',  ( 24.40428867060940021, 11.37960573136030185, -19.76927952217929629 ) ) ;
#3591 = VECTOR ( 'NONE', #6587, 1000.000000000000000 ) ;
#3592 = CARTESIAN_POINT ( 'NONE',  ( -26.59496624354117245, -8.721671624989800975, 0.09277612500340960688 ) ) ;
#3593 = CIRCLE ( 'NONE', #2968, 2.000000000000001776 ) ;
#3594 = CARTESIAN_POINT ( 'NONE',  ( -24.89842205948449916, 12.14945700914992166, -1.049819003049963895 ) ) ;
#3595 = CARTESIAN_POINT ( 'NONE',  ( 2.446505206100060725, 13.33800401148121395, -34.05973532298520468 ) ) ;
#3596 = CARTESIAN_POINT ( 'NONE',  ( 17.27221317297076553, 4.940905216999467164, -26.90818098346819909 ) ) ;
#3597 = CARTESIAN_POINT ( 'NONE',  ( 26.59394517240726330, -12.00514301669487160, -13.27769568808602507 ) ) ;
#3598 = B_SPLINE_CURVE_WITH_KNOTS ( 'NONE', 3,
 ( #8248, #577, #716, #8981, #2234, #3563, #1498, #6563, #9584, #8204, #8882, #4300, #2827, #1453 ),
 .UNSPECIFIED., .F., .F.,
 ( 4, 2, 2, 1, 1, 2, 2, 4 ),
 ( 0.000000000000000000, 0.2499999999999878986, 0.3749999999999818479, 0.4374999999999785172, 0.4687499999999754641, 0.4843749999999745759, 0.4999999999999736322, 1.000000000000000000 ),
 .UNSPECIFIED. ) ;
#3599 = DIRECTION ( 'NONE',  ( -2.881657216719184962E-16, 7.509625437129029427E-17, 1.000000000000000000 ) ) ;
#3600 = DIRECTION ( 'NONE',  ( -1.000000000000000000, 1.317361586081176046E-32, 0.000000000000000000 ) ) ;
#3601 = ORIENTED_EDGE ( 'NONE', *, *, #8744, .F. ) ;
#3602 = LINE ( 'NONE', #3553, #3681 ) ;
#3603 = VERTEX_POINT ( 'NONE', #7661 ) ;
#3604 = ORIENTED_EDGE ( 'NONE', *, *, #4841, .T. ) ;
#3605 = EDGE_CURVE ( 'NONE', #471, #4440, #848, .T. ) ;
#3606 = ORIENTED_EDGE ( 'NONE', *, *, #4099, .T. ) ;
#3607 = AXIS2_PLACEMENT_3D ( 'NONE', #3064, #9074, #854 ) ;
#3608 = AXIS2_PLACEMENT_3D ( 'NONE', #7064, #4049, #3999 ) ;
#3609 = ORIENTED_EDGE ( 'NONE', *, *, #1754, .T. ) ;
#3610 = CYLINDRICAL_SURFACE ( 'NONE', #555, 3.200000000000000622 ) ;
#3611 = CARTESIAN_POINT ( 'NONE',  ( 15.12500000000000000, -2.625000000000000000, 27.64663336986830089 ) ) ;
#3612 = LINE ( 'NONE', #5186, #9737 ) ;
#3613 = VECTOR ( 'NONE', #8624, 1000.000000000000000 ) ;
#3614 = B_SPLINE_CURVE_WITH_KNOTS ( 'NONE', 3,
 ( #969, #3956, #6510, #8240, #611, #5177, #3700, #5223, #5032, #1305, #6701, #7448, #707, #4338, #6608, #9627, #5764, #4291, #8048, #3654, #8193, #9722, #2963, #7352, #2917, #2129 ),
 .UNSPECIFIED., .F., .F.,
 ( 4, 1, 1, 1, 1, 1, 2, 2, 1, 1, 1, 1, 2, 2, 1, 2, 2, 4 ),
 ( 0.000000000000000000, 0.1249999999999827915, 0.1874999999999741873, 0.2187499999999690248, 0.2343749999999664435, 0.2421874999999662492, 0.2460937499999661660, 0.2499999999999661382, 0.3749999999999688027, 0.4374999999999708566, 0.4687499999999718558, 0.4843749999999732436, 0.4921874999999739098, 0.4999999999999745759, 0.6249999999999796829, 0.6874999999999830136, 0.7499999999999864553, 1.000000000000000000 ),
 .UNSPECIFIED. ) ;
#3615 = CYLINDRICAL_SURFACE ( 'NONE', #9112, 6.999999999999999112 ) ;
#3616 = ADVANCED_FACE ( 'NONE', ( #4652 ), #3104, .T. ) ;
#3617 = CARTESIAN_POINT ( 'NONE',  ( -10.37500000000000000, -15.01285539730230489, -6.799999999999998046 ) ) ;
#3618 = ORIENTED_EDGE ( 'NONE', *, *, #2369, .T. ) ;
#3619 = VERTEX_POINT ( 'NONE', #9400 ) ;
#3620 = EDGE_CURVE ( 'NONE', #419, #8475, #3223, .T. ) ;
#3621 = AXIS2_PLACEMENT_3D ( 'NONE', #5702, #8032, #1239 ) ;
#3622 = ORIENTED_EDGE ( 'NONE', *, *, #9044, .F. ) ;
#3623 = VECTOR ( 'NONE', #7573, 1000.000000000000000 ) ;
#3624 = CARTESIAN_POINT ( 'NONE',  ( -21.67069441603599955, -8.000000000000000000, 5.443076293720570114 ) ) ;
#3625 = AXIS2_PLACEMENT_3D ( 'NONE', #2693, #4056, #4905 ) ;
#3626 = ADVANCED_FACE ( 'NONE', ( #5636 ), #3375, .F. ) ;
#3627 = CARTESIAN_POINT ( 'NONE',  ( -22.57499999999999929, -7.250000000000000000, 22.90966211655832652 ) ) ;
#3628 = DIRECTION ( 'NONE',  ( 1.000000000000000000, 0.000000000000000000, 2.881657216719184962E-16 ) ) ;
#3629 = DIRECTION ( 'NONE',  ( 1.000000000000000000, 0.000000000000000000, 0.000000000000000000 ) ) ;
#3630 = ADVANCED_FACE ( 'NONE', ( #7869 ), #1787, .T. ) ;
#3631 = CARTESIAN_POINT ( 'NONE',  ( -25.21872556028795387, 11.96275856012861993, -0.9875861867095301339 ) ) ;
#3632 = CARTESIAN_POINT ( 'NONE',  ( 13.03082388778310019, 13.50887079926379997, -25.89277785975019341 ) ) ;
#3633 = CARTESIAN_POINT ( 'NONE',  ( -26.62500000000000000, -5.250000000000000000, 24.15000000000000213 ) ) ;
#3634 = EDGE_LOOP ( 'NONE', ( #7030, #1259, #9163, #1243 ) ) ;
#3635 = CARTESIAN_POINT ( 'NONE',  ( -25.86047760221804737, -8.896992887099653302, 5.094270707131153486 ) ) ;
#3636 = CARTESIAN_POINT ( 'NONE',  ( 7.892821782178219614, 12.09999999999999964, -31.98578938135694827 ) ) ;
#3637 = CARTESIAN_POINT ( 'NONE',  ( -22.64565371430855834, -3.166699415847367582, 20.49641151010762385 ) ) ;
#3638 = CARTESIAN_POINT ( 'NONE',  ( -17.73932361996335061, 15.00000000000000000, -28.95674419190220306 ) ) ;
#3639 = CARTESIAN_POINT ( 'NONE',  ( 3.024999999999999911, 4.000000000000000000, -9.849999999999999645 ) ) ;
#3640 = FACE_OUTER_BOUND ( 'NONE', #7415, .T. ) ;
#3641 = DIRECTION ( 'NONE',  ( -1.000000000000000000, 0.000000000000000000, -2.478176394252580155E-16 ) ) ;
#3642 = LINE ( 'NONE', #1433, #1650 ) ;
#3643 = ORIENTED_EDGE ( 'NONE', *, *, #7659, .F. ) ;
#3644 = CARTESIAN_POINT ( 'NONE',  ( 23.38337386567772214, 12.40856459690540881, -21.24420880696559877 ) ) ;
#3645 = CARTESIAN_POINT ( 'NONE',  ( -25.68100743404470165, -10.59159834352341889, 0.2958721078051324560 ) ) ;
#3646 = CARTESIAN_POINT ( 'NONE',  ( -25.98108663323755607, 10.22068340119449381, -0.4068944670649409789 ) ) ;
#3647 = CARTESIAN_POINT ( 'NONE',  ( -5.461667673318202354, 13.72892856793975724, -36.30959496082614635 ) ) ;
#3648 = LINE ( 'NONE', #5759, #5006 ) ;
#3649 = CARTESIAN_POINT ( 'NONE',  ( 25.17560767170445146, -12.18601519517456033, -16.06807950492974868 ) ) ;
#3650 = CARTESIAN_POINT ( 'NONE',  ( -19.62500000000000000, -7.900000000000000355, -20.00000000000000000 ) ) ;
#3651 = CARTESIAN_POINT ( 'NONE',  ( -16.57499999999999929, -2.625000000000000000, 17.50336663013170124 ) ) ;
#3652 = B_SPLINE_CURVE_WITH_KNOTS ( 'NONE', 3,
 ( #2154, #9751, #1327, #5940, #6535, #2893, #2848, #8897, #2941, #3677, #5892, #2207, #5206, #4317, #4419 ),
 .UNSPECIFIED., .F., .F.,
 ( 4, 1, 2, 2, 2, 2, 2, 4 ),
 ( 0.000000000000000000, 0.1249999999999988343, 0.1874999999999982514, 0.2499999999999976685, 0.3749999999999980571, 0.4999999999999984457, 0.7499999999999992228, 1.000000000000000000 ),
 .UNSPECIFIED. ) ;
#3653 = VERTEX_POINT ( 'NONE', #9453 ) ;
#3654 = CARTESIAN_POINT ( 'NONE',  ( 26.62500000000000355, -9.775746610901492772, 0.2155830598104733209 ) ) ;
#3655 = VERTEX_POINT ( 'NONE', #1753 ) ;
#3656 = ORIENTED_EDGE ( 'NONE', *, *, #7342, .F. ) ;
#3657 = ORIENTED_EDGE ( 'NONE', *, *, #7784, .F. ) ;
#3658 = EDGE_LOOP ( 'NONE', ( #5730, #7798, #3081, #5777, #3463, #1539, #4279, #8641, #115, #581 ) ) ;
#3659 = CARTESIAN_POINT ( 'NONE',  ( 0.9290147858732039632, 18.28421494571415451, -25.00000000000000000 ) ) ;
#3660 = CARTESIAN_POINT ( 'NONE',  ( 11.97937814962957503, 12.03457141191533175, 0.7366896675148918439 ) ) ;
#3661 = LINE ( 'NONE', #6761, #3267 ) ;
#3662 = DIRECTION ( 'NONE',  ( 1.000000000000000000, 0.000000000000000000, 0.000000000000000000 ) ) ;
#3663 = ORIENTED_EDGE ( 'NONE', *, *, #5548, .T. ) ;
#3664 = EDGE_LOOP ( 'NONE', ( #1926, #9311, #1935, #6757, #1217, #1125, #4868 ) ) ;
#3665 = VERTEX_POINT ( 'NONE', #2697 ) ;
#3666 = EDGE_CURVE ( 'NONE', #3792, #2163, #8703, .T. ) ;
#3667 = CARTESIAN_POINT ( 'NONE',  ( -0.2944331577962674973, -0.6713044231705219689, -35.79999999999999716 ) ) ;
#3668 = DIRECTION ( 'NONE',  ( 0.000000000000000000, 1.000000000000000000, 0.000000000000000000 ) ) ;
#3669 = CARTESIAN_POINT ( 'NONE',  ( 4.329014785873204652, 15.63421494571415060, -25.00000000000000000 ) ) ;
#3670 = DIRECTION ( 'NONE',  ( 0.000000000000000000, 0.000000000000000000, 1.000000000000000000 ) ) ;
#3671 = CARTESIAN_POINT ( 'NONE',  ( 7.074999999999299405, -10.09999999999999964, -33.70000000000065654 ) ) ;
#3672 = CARTESIAN_POINT ( 'NONE',  ( 12.43152349696331704, 13.89098140305704021, -25.26022751190681248 ) ) ;
#3673 = CARTESIAN_POINT ( 'NONE',  ( 12.22901478587320057, 14.49486514259852044, -14.99592521518851918 ) ) ;
#3674 = VECTOR ( 'NONE', #2000, 1000.000000000000000 ) ;
#3675 = VERTEX_POINT ( 'NONE', #4756 ) ;
#3676 = EDGE_CURVE ( 'NONE', #7669, #4826, #1021, .T. ) ;
#3677 = CARTESIAN_POINT ( 'NONE',  ( -23.19467569613413005, -11.57882774607790743, 6.505745400281712776 ) ) ;
#3678 = ADVANCED_FACE ( 'NONE', ( #2485 ), #280, .T. ) ;
#3679 = FACE_OUTER_BOUND ( 'NONE', #6614, .T. ) ;
#3680 = CARTESIAN_POINT ( 'NONE',  ( 20.62500000000000000, -2.625000000000000000, 17.50336663013170124 ) ) ;
#3681 = VECTOR ( 'NONE', #6655, 1000.000000000000114 ) ;
#3682 = DIRECTION ( 'NONE',  ( 0.000000000000000000, 7.509625437129029427E-17, -1.000000000000000000 ) ) ;
#3683 = FACE_BOUND ( 'NONE', #1003, .T. ) ;
#3684 = CARTESIAN_POINT ( 'NONE',  ( -13.57500000000000284, 14.94911571498207614, -4.000000000000014211 ) ) ;
#3685 = DIRECTION ( 'NONE',  ( -2.164016633576080066E-32, 1.000000000000000000, 7.509625437129029427E-17 ) ) ;
#3686 = ORIENTED_EDGE ( 'NONE', *, *, #7171, .T. ) ;
#3687 = CARTESIAN_POINT ( 'NONE',  ( 20.90426216776634760, 11.77159014294985973, -24.00277199231119951 ) ) ;
#3688 = EDGE_CURVE ( 'NONE', #808, #895, #7811, .T. ) ;
#3689 = AXIS2_PLACEMENT_3D ( 'NONE', #393, #6384, #1372 ) ;
#3690 = EDGE_CURVE ( 'NONE', #730, #5039, #541, .T. ) ;
#3691 = EDGE_CURVE ( 'NONE', #4233, #6498, #1275, .T. ) ;
#3692 = CARTESIAN_POINT ( 'NONE',  ( -12.92092350367469500, 14.93752845313556143, -8.749861383540379123 ) ) ;
#3693 = CARTESIAN_POINT ( 'NONE',  ( -22.96368532365235282, 12.68377223143131971, -1.227924077143769832 ) ) ;
#3694 = CARTESIAN_POINT ( 'NONE',  ( 11.66858389385816075, 12.66650098825340542, -30.23616565355329300 ) ) ;
#3695 = CARTESIAN_POINT ( 'NONE',  ( 14.73315957917333385, 7.790287583372143665, -28.56643309724214319 ) ) ;
#3696 = CARTESIAN_POINT ( 'NONE',  ( 16.16742263089329867, -12.25815608898370002, -27.67572101558275222 ) ) ;
#3697 = CARTESIAN_POINT ( 'NONE',  ( -26.84991221830399866, -12.00000000000000000, 6.505745400281710999 ) ) ;
#3698 = CARTESIAN_POINT ( 'NONE',  ( -26.62500000000000000, -2.600000000000000089, -37.10000000000000142 ) ) ;
#3699 = VERTEX_POINT ( 'NONE', #2839 ) ;
#3700 = CARTESIAN_POINT ( 'NONE',  ( 26.62499999999999289, -8.699018695786216782, 0.6568968328039362925 ) ) ;
#3701 = EDGE_LOOP ( 'NONE', ( #9725, #712, #446, #4650, #6754, #7679, #666 ) ) ;
#3702 = ORIENTED_EDGE ( 'NONE', *, *, #7213, .T. ) ;
#3703 = EDGE_LOOP ( 'NONE', ( #9385, #8614, #6245, #6414 ) ) ;
#3704 = B_SPLINE_CURVE_WITH_KNOTS ( 'NONE', 3,
 ( #4005, #9394, #4854, #1124, #8651, #6269, #9296, #5530, #1797, #4802, #7806, #9122, #852, #1674, #3843, #7501, #6014, #5323, #3797, #3061, #6758, #3109, #8383, #3158, #2322, #3890, #9022, #6848, #3752, #61, #2971, #2413, #107, #4584, #5408, #5970, #951, #8979, #6154, #5366, #6058, #9167, #6900, #1495, #2232, #4486, #9072, #8430, #159, #4678, #2274, #1629, #8341, #1591, #1540, #6806, #7685, #4535, #3942, #4630, #8246, #7593, #6951, #6106, #5228, #2372, #758, #20, #7551, #3019, #7638, #896, #5273, #8291, #811, #363, #8633, #2616, #3989, #4932, #4140, #1102, #3250, #8582, #3403, #5615, #9429, #7739, #208, #3204, #4037, #998, #9380, #5564, #7000, #6407, #258, #2672, #5668, #4889, #1201 ),
 .UNSPECIFIED., .F., .F.,
 ( 4, 2, 2, 2, 1, 1, 1, 1, 2, 2, 2, 2, 2, 1, 1, 1, 1, 1, 1, 2, 2, 2, 2, 2, 1, 1, 1, 1, 1, 2, 2, 2, 2, 2, 1, 1, 1, 1, 1, 2, 2, 2, 2, 1, 1, 1, 1, 2, 2, 2, 2, 1, 1, 1, 1, 2, 2, 2, 2, 1, 1, 1, 2, 2, 2, 4 ),
 ( 0.000000000000000000, 0.06249999999991789901, 0.09374999999987676524, 0.1093749999998562816, 0.1171874999998459704, 0.1210937499998408079, 0.1230468749998382683, 0.1240234374998369499, 0.1245117187498363254, 0.1249999999998357009, 0.1874999999997356559, 0.2187499999996855571, 0.2343749999996605771, 0.2421874999996480038, 0.2460937499996417310, 0.2480468749996384559, 0.2490234374996367905, 0.2495117187496359579, 0.2497558593746355693, 0.2498779296871354028, 0.2499999999996352362, 0.3124999999996514455, 0.3437499999996594391, 0.3593749999996635469, 0.3671874999996656563, 0.3710937499996667110, 0.3730468749996673217, 0.3740234374996675992, 0.3745117187496677658, 0.3747558593746677658, 0.3749999999996677658, 0.4374999999996950217, 0.4687499999997086220, 0.4843749999997155053, 0.4921874999997188360, 0.4960937499997205569, 0.4980468749997215561, 0.4990234374997219446, 0.4995117187497222222, 0.4997558593747223887, 0.4999999999997225553, 0.5624999999997541966, 0.5937499999997700728, 0.6093749999997779554, 0.6171874999997818412, 0.6210937499997838396, 0.6230468749997849498, 0.6240234374997856159, 0.6249999999997861710, 0.6874999999998212541, 0.7187499999998389066, 0.7343749999998476774, 0.7421874999998520073, 0.7460937499998542277, 0.7480468749998554490, 0.7490234374998561151, 0.7499999999998566702, 0.8124999999998921973, 0.8437499999999100719, 0.8593749999999190647, 0.8671874999999235056, 0.8710937499999257261, 0.8730468749999268363, 0.8749999999999279465, 0.9374999999999639178, 1.000000000000000000 ),
 .UNSPECIFIED. ) ;
#3705 = VERTEX_POINT ( 'NONE', #6528 ) ;
#3706 = LINE ( 'NONE', #5040, #9363 ) ;
#3707 = DIRECTION ( 'NONE',  ( 0.000000000000000000, 0.000000000000000000, -1.000000000000000000 ) ) ;
#3708 = DIRECTION ( 'NONE',  ( 0.000000000000000000, -1.000000000000000000, 0.000000000000000000 ) ) ;
#3709 = DIRECTION ( 'NONE',  ( 1.000000000000000000, 0.000000000000000000, 2.881657216719184962E-16 ) ) ;
#3710 = CARTESIAN_POINT ( 'NONE',  ( -22.57500000000000284, 0.000000000000000000, 23.09999999999999787 ) ) ;
#3711 = ORIENTED_EDGE ( 'NONE', *, *, #2840, .F. ) ;
#3712 = ORIENTED_EDGE ( 'NONE', *, *, #4712, .T. ) ;
#3713 = ORIENTED_EDGE ( 'NONE', *, *, #5782, .F. ) ;
#3714 = EDGE_CURVE ( 'NONE', #6767, #8735, #3572, .T. ) ;
#3715 = CARTESIAN_POINT ( 'NONE',  ( 24.68178614603548837, -11.43647211943083519, 1.000000000000003775 ) ) ;
#3716 = CARTESIAN_POINT ( 'NONE',  ( 3.649014785873204936, 16.14421494571415039, -25.00000000000000000 ) ) ;
#3717 = CARTESIAN_POINT ( 'NONE',  ( -22.90212902264745054, 0.9171483304680057014, 17.50992661159519415 ) ) ;
#3718 = VECTOR ( 'NONE', #8471, 1000.000000000000000 ) ;
#3719 = CARTESIAN_POINT ( 'NONE',  ( 24.45948868023662470, 11.55462442898490671, 0.9755835669648705855 ) ) ;
#3720 = CARTESIAN_POINT ( 'NONE',  ( -26.62500000000000000, 10.67871917582951902, -0.5595730586098359716 ) ) ;
#3721 = LINE ( 'NONE', #7472, #6678 ) ;
#3722 = ORIENTED_EDGE ( 'NONE', *, *, #3285, .T. ) ;
#3723 = EDGE_CURVE ( 'NONE', #4855, #266, #488, .T. ) ;
#3724 = VECTOR ( 'NONE', #6676, 1000.000000000000000 ) ;
#3725 = LINE ( 'NONE', #1284, #6457 ) ;
#3726 = LINE ( 'NONE', #8999, #8924 ) ;
#3727 = CARTESIAN_POINT ( 'NONE',  ( 16.62500000000000000, -12.00000000000000000, 15.00000000000000000 ) ) ;
#3728 = CARTESIAN_POINT ( 'NONE',  ( -26.58130259014060215, 8.000000000000000000, 1.321357987355054053 ) ) ;
#3729 = DIRECTION ( 'NONE',  ( -1.000000000000000000, 0.000000000000000000, -1.765621858500564986E-16 ) ) ;
#3730 = CARTESIAN_POINT ( 'NONE',  ( -15.85370546864774788, 14.98518995130041986, -17.84236234321799941 ) ) ;
#3731 = VERTEX_POINT ( 'NONE', #4996 ) ;
#3732 = CARTESIAN_POINT ( 'NONE',  ( -13.70095664271233993, 13.95508110029466131, -37.85770627432349755 ) ) ;
#3733 = VECTOR ( 'NONE', #6037, 1000.000000000000000 ) ;
#3734 = EDGE_CURVE ( 'NONE', #471, #3507, #9691, .T. ) ;
#3735 =( BOUNDED_SURFACE ( )  B_SPLINE_SURFACE ( 3, 2, ( 
 ( #3535, #7930, #3439 ),
 ( #7240, #5846, #1236 ),
 ( #8119, #8713, #4966 ),
 ( #1377, #7977, #7383 ) ),
 .UNSPECIFIED., .F., .F., .T. ) 
 B_SPLINE_SURFACE_WITH_KNOTS ( ( 4, 4 ),
 ( 3, 3 ),
 ( 0.02014957080572564799, 0.02562091645294005057 ),
 ( 0.000000000000000000, 1.000000000000000000 ),
 .UNSPECIFIED. ) 
 GEOMETRIC_REPRESENTATION_ITEM ( )  RATIONAL_B_SPLINE_SURFACE ( (
 ( 1.000000000000000000, 0.7071067811865480168, 1.000000000000000000),
 ( 1.000000000000000000, 0.7071067811865480168, 1.000000000000000000),
 ( 1.000000000000000000, 0.7071067811865480168, 1.000000000000000000),
 ( 1.000000000000000000, 0.7071067811865480168, 1.000000000000000000) ) ) 
 REPRESENTATION_ITEM ( '' )  SURFACE ( )  );
#3736 = CARTESIAN_POINT ( 'NONE',  ( -25.31330832907829986, -10.96438480331002019, 0.1470167721200012212 ) ) ;
#3737 = CARTESIAN_POINT ( 'NONE',  ( -22.62256308275784633, 12.00000000000000000, -0.2792407799438629823 ) ) ;
#3738 = CARTESIAN_POINT ( 'NONE',  ( 24.37324885753259807, 11.38328365247816976, -19.80150412638678503 ) ) ;
#3739 = CARTESIAN_POINT ( 'NONE',  ( 17.30399333602018785, 4.905240811799567169, -26.88589770484751540 ) ) ;
#3740 = AXIS2_PLACEMENT_3D ( 'NONE', #8810, #8758, #3485 ) ;
#3741 = EDGE_CURVE ( 'NONE', #4866, #7592, #6180, .T. ) ;
#3742 = DIRECTION ( 'NONE',  ( 0.000000000000000000, -1.000000000000000000, 0.000000000000000000 ) ) ;
#3743 = CARTESIAN_POINT ( 'NONE',  ( -16.77758210804959660, 14.30925732166360476, -1.769752440554527295 ) ) ;
#3744 = VERTEX_POINT ( 'NONE', #534 ) ;
#3745 = DIRECTION ( 'NONE',  ( -0.000000000000000000, 1.000000000000000000, 0.000000000000000000 ) ) ;
#3746 = VERTEX_POINT ( 'NONE', #2783 ) ;
#3747 = EDGE_CURVE ( 'NONE', #240, #7949, #4771, .T. ) ;
#3748 = ORIENTED_EDGE ( 'NONE', *, *, #6010, .F. ) ;
#3749 = ORIENTED_EDGE ( 'NONE', *, *, #2456, .T. ) ;
#3750 = AXIS2_PLACEMENT_3D ( 'NONE', #691, #9656, #3682 ) ;
#3751 = ORIENTED_EDGE ( 'NONE', *, *, #9591, .F. ) ;
#3752 = CARTESIAN_POINT ( 'NONE',  ( 20.35349324792385062, -11.82991110907846455, -24.47570720224772955 ) ) ;
#3753 = CARTESIAN_POINT ( 'NONE',  ( 9.629818630782668976, 12.64972050061360598, 0.06335094970939292303 ) ) ;
#3754 = DIRECTION ( 'NONE',  ( 0.000000000000000000, 0.000000000000000000, -1.000000000000000000 ) ) ;
#3755 = LINE ( 'NONE', #24, #2821 ) ;
#3756 = CARTESIAN_POINT ( 'NONE',  ( 20.62500000000000000, -2.625000000000000000, 18.55336663013169840 ) ) ;
#3757 = CIRCLE ( 'NONE', #145, 1.049999999999998934 ) ;
#3758 = ORIENTED_EDGE ( 'NONE', *, *, #6137, .T. ) ;
#3759 = EDGE_LOOP ( 'NONE', ( #944, #8155, #8140, #3606, #2549, #287, #7770, #7404 ) ) ;
#3760 = ORIENTED_EDGE ( 'NONE', *, *, #3198, .T. ) ;
#3761 = VECTOR ( 'NONE', #9635, 1000.000000000000000 ) ;
#3762 = AXIS2_PLACEMENT_3D ( 'NONE', #7700, #220, #6262 ) ;
#3763 = VECTOR ( 'NONE', #3729, 1000.000000000000000 ) ;
#3764 = FACE_OUTER_BOUND ( 'NONE', #417, .T. ) ;
#3765 = CARTESIAN_POINT ( 'NONE',  ( 20.62500000000000000, -2.625000000000000000, 25.64663336986835063 ) ) ;
#3766 = VECTOR ( 'NONE', #1632, 1000.000000000000000 ) ;
#3767 = DIRECTION ( 'NONE',  ( 0.7071067811865420216, -5.275848315469720040E-17, -0.7071067811865531239 ) ) ;
#3768 = CARTESIAN_POINT ( 'NONE',  ( 20.62500000000000000, -5.250000000000000000, 25.10000000000000142 ) ) ;
#3769 = CARTESIAN_POINT ( 'NONE',  ( 18.87984255954659574, -12.00000000000000533, 0.07509912966627176056 ) ) ;
#3770 = DIRECTION ( 'NONE',  ( 0.000000000000000000, 0.000000000000000000, -1.000000000000000000 ) ) ;
#3771 = CIRCLE ( 'NONE', #5033, 1.000000000000000888 ) ;
#3772 = EDGE_LOOP ( 'NONE', ( #2135, #8973, #4589, #8348 ) ) ;
#3773 = VECTOR ( 'NONE', #786, 1000.000000000000000 ) ;
#3774 = CARTESIAN_POINT ( 'NONE',  ( 3.793208895965806349, 14.97387724213200144, -14.96474378901419300 ) ) ;
#3775 = AXIS2_PLACEMENT_3D ( 'NONE', #5597, #1916, #5696 ) ;
#3776 = PLANE ( 'NONE',  #5292 ) ;
#3777 = CARTESIAN_POINT ( 'NONE',  ( -13.96814575050796137, 10.09999999999999964, -19.72792206135790138 ) ) ;
#3778 = CARTESIAN_POINT ( 'NONE',  ( -11.07499999999999929, -2.625000000000000000, 27.64663336986830089 ) ) ;
#3779 = DIRECTION ( 'NONE',  ( 1.000000000000000000, 0.000000000000000000, 0.000000000000000000 ) ) ;
#3780 = CARTESIAN_POINT ( 'NONE',  ( 25.18088271149091284, 12.18534632837930509, -16.04733896209063460 ) ) ;
#3781 = EDGE_LOOP ( 'NONE', ( #6713, #3554 ) ) ;
#3782 = CARTESIAN_POINT ( 'NONE',  ( 17.70413376852268783, 13.05028767881759144, -26.60709739958652165 ) ) ;
#3783 = CARTESIAN_POINT ( 'NONE',  ( -22.94522844416940899, 4.055723236947269328, 17.15583509618342006 ) ) ;
#3784 = CARTESIAN_POINT ( 'NONE',  ( -25.24371285907839280, 11.02406534439860764, 0.1231061462892447389 ) ) ;
#3785 = CARTESIAN_POINT ( 'NONE',  ( 13.86251477660966103, 12.47340857578194395, -29.05541709623218338 ) ) ;
#3786 = CARTESIAN_POINT ( 'NONE',  ( 12.22901478587320057, 14.58540566807860017, -15.00000000000000000 ) ) ;
#3787 = CARTESIAN_POINT ( 'NONE',  ( -1.001821151730927006, -14.52374189596079113, -35.16616359416626381 ) ) ;
#3788 = LINE ( 'NONE', #6744, #9225 ) ;
#3789 = CARTESIAN_POINT ( 'NONE',  ( -11.07499999999999929, 2.625000000000000000, 27.64663336986830089 ) ) ;
#3790 = ORIENTED_EDGE ( 'NONE', *, *, #1579, .F. ) ;
#3791 = CARTESIAN_POINT ( 'NONE',  ( -11.07499999999999929, 8.572527594031470232E-16, 16.10000000000000142 ) ) ;
#3792 = VERTEX_POINT ( 'NONE', #4262 ) ;
#3793 = EDGE_LOOP ( 'NONE', ( #4101, #5632, #553, #9376 ) ) ;
#3794 = ADVANCED_FACE ( 'NONE', ( #9545 ), #5780, .F. ) ;
#3795 = EDGE_CURVE ( 'NONE', #8680, #3552, #7604, .T. ) ;
#3796 = ORIENTED_EDGE ( 'NONE', *, *, #1273, .T. ) ;
#3797 = CARTESIAN_POINT ( 'NONE',  ( 22.25432753745142023, -11.62337024041366895, -22.59966757691161021 ) ) ;
#3798 = CARTESIAN_POINT ( 'NONE',  ( 7.892821782178219614, 12.09999999999999964, -31.98578938135694827 ) ) ;
#3799 = ADVANCED_FACE ( 'NONE', ( #8012 ), #8889, .T. ) ;
#3800 = DIRECTION ( 'NONE',  ( 0.000000000000000000, 0.000000000000000000, -1.000000000000000000 ) ) ;
#3801 = DIRECTION ( 'NONE',  ( 0.000000000000000000, 0.000000000000000000, -1.000000000000000000 ) ) ;
#3802 = ORIENTED_EDGE ( 'NONE', *, *, #514, .T. ) ;
#3803 = ORIENTED_EDGE ( 'NONE', *, *, #7049, .F. ) ;
#3804 = ORIENTED_EDGE ( 'NONE', *, *, #8387, .T. ) ;
#3805 = EDGE_LOOP ( 'NONE', ( #1445, #2466, #1255 ) ) ;
#3806 = EDGE_CURVE ( 'NONE', #6560, #3675, #2889, .T. ) ;
#3807 = EDGE_CURVE ( 'NONE', #8196, #4111, #2048, .T. ) ;
#3808 = DIRECTION ( 'NONE',  ( 1.000000000000000000, 0.000000000000000000, 0.000000000000000000 ) ) ;
#3809 = LINE ( 'NONE', #5894, #9749 ) ;
#3810 = CARTESIAN_POINT ( 'NONE',  ( -22.93553206489474050, -1.122140826832776161, 17.23344115330963788 ) ) ;
#3811 = CARTESIAN_POINT ( 'NONE',  ( -22.81564465462724201, 0.6393258279972202640, 18.30567163644670359 ) ) ;
#3812 = LINE ( 'NONE', #77, #3986 ) ;
#3813 = CARTESIAN_POINT ( 'NONE',  ( -20.55999399519519955, 15.00000000000000000, -39.30000000000000426 ) ) ;
#3814 = SECURITY_CLASSIFICATION_LEVEL ( 'unclassified' ) ;
#3815 = DIRECTION ( 'NONE',  ( -2.881657216719180031E-16, 0.000000000000000000, 1.000000000000000000 ) ) ;
#3816 = ORIENTED_EDGE ( 'NONE', *, *, #3486, .F. ) ;
#3817 = B_SPLINE_CURVE_WITH_KNOTS ( 'NONE', 3,
 ( #3264, #7164, #4947, #425, #2579, #3416 ),
 .UNSPECIFIED., .F., .F.,
 ( 4, 2, 4 ),
 ( -0.06089425283554360246, 0.5000000000000000000, 1.031590230494396021 ),
 .UNSPECIFIED. ) ;
#3818 = DIRECTION ( 'NONE',  ( 1.000000000000000000, 0.000000000000000000, 2.881657216719184962E-16 ) ) ;
#3819 = DIRECTION ( 'NONE',  ( 0.000000000000000000, 0.000000000000000000, -1.000000000000000000 ) ) ;
#3820 = CARTESIAN_POINT ( 'NONE',  ( 26.62500000000000000, 11.00000000000000000, 5.204170427930419706E-15 ) ) ;
#3821 = FACE_OUTER_BOUND ( 'NONE', #904, .T. ) ;
#3822 = AXIS2_PLACEMENT_3D ( 'NONE', #2388, #2436, #5382 ) ;
#3823 = CARTESIAN_POINT ( 'NONE',  ( 26.62500000000000000, -11.00000000000000000, 5.204170427930419706E-15 ) ) ;
#3824 = CARTESIAN_POINT ( 'NONE',  ( -0.2944331577962674973, -0.6713044231705219689, -41.79999999999999716 ) ) ;
#3826 = CARTESIAN_POINT ( 'NONE',  ( -8.057959053682090200, 14.82099012769947954, -35.90121948098025229 ) ) ;
#3825 = VECTOR ( 'NONE', #788, 1000.000000000000000 ) ;
#3827 = VECTOR ( 'NONE', #519, 1000.000000000000000 ) ;
#3828 = CARTESIAN_POINT ( 'NONE',  ( -22.93553206492848062, 4.127859172942812016, 17.23344115305501845 ) ) ;
#3829 = PLANE ( 'NONE',  #1685 ) ;
#3830 = CARTESIAN_POINT ( 'NONE',  ( 20.37558118183813960, 11.82754920087231731, -24.45586789218384638 ) ) ;
#3831 = CARTESIAN_POINT ( 'NONE',  ( -19.62500000000000000, -15.00000000000000000, -4.000000000000000000 ) ) ;
#3832 = CARTESIAN_POINT ( 'NONE',  ( -10.35709542524180016, -14.88793001249383963, -36.35166141953894225 ) ) ;
#3833 = LINE ( 'NONE', #5172, #590 ) ;
#3834 = DIRECTION ( 'NONE',  ( -2.881657216719180031E-16, 0.000000000000000000, 1.000000000000000000 ) ) ;
#3835 = ORIENTED_EDGE ( 'NONE', *, *, #6325, .T. ) ;
#3836 = CARTESIAN_POINT ( 'NONE',  ( 26.62500000000000000, 8.745995489702890424, 0.6350578581105298381 ) ) ;
#3837 = ORIENTED_EDGE ( 'NONE', *, *, #2484, .T. ) ;
#3838 = ORIENTED_EDGE ( 'NONE', *, *, #806, .F. ) ;
#3839 = ADVANCED_FACE ( 'NONE', ( #1365 ), #2738, .T. ) ;
#3840 = EDGE_CURVE ( 'NONE', #5481, #7543, #8938, .T. ) ;
#3841 = CARTESIAN_POINT ( 'NONE',  ( -22.79000000000000270, 8.000000000000000000, -39.30000000000000426 ) ) ;
#3842 = EDGE_LOOP ( 'NONE', ( #5372, #8208, #9253, #371 ) ) ;
#3843 = CARTESIAN_POINT ( 'NONE',  ( 24.87459995725516038, -11.32527209671993695, -18.94034084999454848 ) ) ;
#3844 = CARTESIAN_POINT ( 'NONE',  ( -13.57500000000000107, 12.00000000000000000, -0.9999999999999890088 ) ) ;
#3845 = LOCAL_TIME ( 9, 51, 0.000000000000000000, #5203 ) ;
#3846 = CYLINDRICAL_SURFACE ( 'NONE', #778, 1.000000000000000000 ) ;
#3847 = CARTESIAN_POINT ( 'NONE',  ( -13.57500000000000107, 12.68377223398315934, -1.227924077994375862 ) ) ;
#3848 = EDGE_LOOP ( 'NONE', ( #2467, #1695, #4943, #1697 ) ) ;
#3849 = VERTEX_POINT ( 'NONE', #8060 ) ;
#3850 = ORIENTED_EDGE ( 'NONE', *, *, #6193, .F. ) ;
#3851 = ADVANCED_FACE ( 'NONE', ( #4307, #4406 ), #7419, .F. ) ;
#3852 = EDGE_LOOP ( 'NONE', ( #1878, #7355, #7019, #6011, #3164, #264, #2662, #218 ) ) ;
#3853 = CARTESIAN_POINT ( 'NONE',  ( -24.62500000000000000, 8.000000000000000000, -37.79999999999999716 ) ) ;
#3854 = CARTESIAN_POINT ( 'NONE',  ( -13.29743879124921513, -7.384371278168746500, -37.79372907018446881 ) ) ;
#3855 = CARTESIAN_POINT ( 'NONE',  ( -24.49373389049655003, -8.000000000000000000, 9.678233104402588438 ) ) ;
#3856 = CARTESIAN_POINT ( 'NONE',  ( -22.92760388992842024, -1.067428978035356302, 17.29752892306788326 ) ) ;
#3857 = CARTESIAN_POINT ( 'NONE',  ( -22.93880383462304806, 1.142983905203899475, 17.20707409733476467 ) ) ;
#3858 = EDGE_CURVE ( 'NONE', #6611, #8918, #4452, .T. ) ;
#3859 = CARTESIAN_POINT ( 'NONE',  ( 24.02043154105157186, 11.74902071842526752, 0.9202722787409807204 ) ) ;
#3860 = DIRECTION ( 'NONE',  ( -0.7071067811865420216, 3.693093820828800268E-16, 0.7071067811865531239 ) ) ;
#3861 = EDGE_LOOP ( 'NONE', ( #4688, #1997 ) ) ;
#3862 = CALENDAR_DATE ( 2026, 22, 5 ) ;
#3863 = PLANE ( 'NONE',  #1802 ) ;
#3864 = EDGE_CURVE ( 'NONE', #3958, #6611, #8082, .T. ) ;
#3865 = VERTEX_POINT ( 'NONE', #7512 ) ;
#3866 = EDGE_CURVE ( 'NONE', #8489, #2770, #1174, .T. ) ;
#3867 = DIRECTION ( 'NONE',  ( 0.000000000000000000, 0.000000000000000000, -1.000000000000000000 ) ) ;
#3868 = CARTESIAN_POINT ( 'NONE',  ( -18.96243208418365001, 13.72092680300196577, -38.29419305298579701 ) ) ;
#3869 = FACE_OUTER_BOUND ( 'NONE', #1396, .T. ) ;
#3870 = CARTESIAN_POINT ( 'NONE',  ( -70.47777777777828589, -7.400000000000000355, 23.09999999999999787 ) ) ;
#3871 = CARTESIAN_POINT ( 'NONE',  ( 7.129014785873209803, 19.28421494571415096, -25.00000000000000000 ) ) ;
#3872 = CARTESIAN_POINT ( 'NONE',  ( 22.62500000000000000, -8.000000000000000000, 23.09999999999999787 ) ) ;
#3873 = CARTESIAN_POINT ( 'NONE',  ( -10.18077748135635296, 14.88356859426509970, -37.33196238566973335 ) ) ;
#3874 = VECTOR ( 'NONE', #3503, 1000.000000000000000 ) ;
#3875 = CARTESIAN_POINT ( 'NONE',  ( -22.79054943109191456, 4.624990926769288357, 18.56079554847738322 ) ) ;
#3876 = CARTESIAN_POINT ( 'NONE',  ( -24.64984578777735180, 11.45976847930980114, -0.05245163425610911700 ) ) ;
#3877 = CARTESIAN_POINT ( 'NONE',  ( 25.18152553820055317, 11.28974210217489293, -18.37538254447281005 ) ) ;
#3878 = CARTESIAN_POINT ( 'NONE',  ( 7.675000000000000711, 10.09999999999999964, -10.00000000000000000 ) ) ;
#3879 = CARTESIAN_POINT ( 'NONE',  ( -10.18077748137982930, -14.88356859425922707, -37.33196238567121128 ) ) ;
#3880 = VECTOR ( 'NONE', #2932, 1000.000000000000000 ) ;
#3881 = PLANE ( 'NONE',  #1668 ) ;
#3882 = FACE_OUTER_BOUND ( 'NONE', #4384, .T. ) ;
#3883 = ORIENTED_EDGE ( 'NONE', *, *, #5362, .T. ) ;
#3884 = CARTESIAN_POINT ( 'NONE',  ( -24.52817181825960091, -10.59262455020602012, 6.498369950487740354 ) ) ;
#3885 = ORIENTED_EDGE ( 'NONE', *, *, #1571, .T. ) ;
#3886 = AXIS2_PLACEMENT_3D ( 'NONE', #8884, #2140, #7272 ) ;
#3887 = CARTESIAN_POINT ( 'NONE',  ( -22.00289453795956973, -14.32379000772470157, -1.774596669241561342 ) ) ;
#3888 = AXIS2_PLACEMENT_3D ( 'NONE', #5502, #1032, #6393 ) ;
#3889 = CARTESIAN_POINT ( 'NONE',  ( 3.918192073520383456, 14.88993500392967562, -25.05874203307186932 ) ) ;
#3890 = CARTESIAN_POINT ( 'NONE',  ( 20.40270929862376903, -11.82464544935123918, -24.43145351048783454 ) ) ;
#3891 = CARTESIAN_POINT ( 'NONE',  ( -21.05653770288405013, 8.434924871185872419, -35.79999999999999716 ) ) ;
#3892 = CARTESIAN_POINT ( 'NONE',  ( 9.599583189851220055, 13.81108172929512001, -14.00000000000000000 ) ) ;
#3893 = LINE ( 'NONE', #7505, #891 ) ;
#3894 = ORIENTED_EDGE ( 'NONE', *, *, #6690, .T. ) ;
#3895 = ORIENTED_EDGE ( 'NONE', *, *, #2674, .T. ) ;
#3896 = EDGE_LOOP ( 'NONE', ( #179, #7509, #5189, #8643 ) ) ;
#3897 = VERTEX_POINT ( 'NONE', #170 ) ;
#3898 = EDGE_CURVE ( 'NONE', #5178, #4448, #2545, .T. ) ;
#3899 = CIRCLE ( 'NONE', #295, 1.049999999999998934 ) ;
#3900 = VERTEX_POINT ( 'NONE', #6913 ) ;
#3901 = DIRECTION ( 'NONE',  ( 0.000000000000000000, 0.000000000000000000, -1.000000000000000000 ) ) ;
#3902 = DIRECTION ( 'NONE',  ( 0.000000000000000000, 0.000000000000000000, -1.000000000000000000 ) ) ;
#3903 = VECTOR ( 'NONE', #8031, 1000.000000000000000 ) ;
#3904 = FACE_OUTER_BOUND ( 'NONE', #1739, .T. ) ;
#3905 = CARTESIAN_POINT ( 'NONE',  ( -22.94522844416225027, -1.194276763002392272, 17.15583509623480296 ) ) ;
#3906 = CARTESIAN_POINT ( 'NONE',  ( -22.98967002942432813, 1.636441228433349382, 16.80984373700557555 ) ) ;
#3907 = CARTESIAN_POINT ( 'NONE',  ( -14.70261314302103983, -2.602085213965209853E-15, -29.30000000000000071 ) ) ;
#3908 = CARTESIAN_POINT ( 'NONE',  ( -25.87284951123395160, -8.000000000000000000, 5.433257696160829653 ) ) ;
#3909 = ORIENTED_EDGE ( 'NONE', *, *, #806, .T. ) ;
#3910 = ORIENTED_EDGE ( 'NONE', *, *, #5047, .T. ) ;
#3911 = CIRCLE ( 'NONE', #9439, 2.000000000000001776 ) ;
#3912 = AXIS2_PLACEMENT_3D ( 'NONE', #7705, #8548, #6965 ) ;
#3913 = EDGE_CURVE ( 'NONE', #4866, #6611, #4940, .T. ) ;
#3914 = CARTESIAN_POINT ( 'NONE',  ( 3.649193721605132001, 15.12355299721169644, -14.99255739784660335 ) ) ;
#3915 = ADVANCED_FACE ( 'NONE', ( #3764 ), #5423, .F. ) ;
#3916 = DIRECTION ( 'NONE',  ( -0.7071067811865480168, 0.7071067811865470176, 0.000000000000000000 ) ) ;
#3917 = CARTESIAN_POINT ( 'NONE',  ( -19.62500000000000000, -10.09999999999999964, -20.00000000000000000 ) ) ;
#3918 = VECTOR ( 'NONE', #3600, 1000.000000000000000 ) ;
#3919 = LINE ( 'NONE', #925, #4559 ) ;
#3920 = EDGE_CURVE ( 'NONE', #6560, #3211, #9178, .T. ) ;
#3921 = CARTESIAN_POINT ( 'NONE',  ( -22.57944399946043390, -3.359215352737736637, 22.44657085964206544 ) ) ;
#3922 = CARTESIAN_POINT ( 'NONE',  ( 25.36039710025908178, 12.16260538214495490, -15.37701883040947060 ) ) ;
#3923 = CARTESIAN_POINT ( 'NONE',  ( 16.23158591793325556, 13.20270028907871840, -27.63418319074551377 ) ) ;
#3924 = VECTOR ( 'NONE', #6282, 1000.000000000000000 ) ;
#3925 = ORIENTED_EDGE ( 'NONE', *, *, #3543, .F. ) ;
#3926 = AXIS2_PLACEMENT_3D ( 'NONE', #5364, #4783, #7589 ) ;
#3927 = CARTESIAN_POINT ( 'NONE',  ( -23.02445639404651700, 2.881276986846120547, 16.55336663013169485 ) ) ;
#3928 = DIRECTION ( 'NONE',  ( 0.000000000000000000, 0.000000000000000000, 1.000000000000000000 ) ) ;
#3929 = CARTESIAN_POINT ( 'NONE',  ( -23.02271788771851391, -2.882497325211516692, 16.56567422838516990 ) ) ;
#3930 = CARTESIAN_POINT ( 'NONE',  ( -0.2091544629874589889, 15.01419806329106876, -14.88743512997058183 ) ) ;
#3931 = DIRECTION ( 'NONE',  ( 1.000000000000000000, 0.000000000000000000, 0.000000000000000000 ) ) ;
#3932 = CIRCLE ( 'NONE', #2981, 6.999999999999999112 ) ;
#3933 = FACE_BOUND ( 'NONE', #9736, .T. ) ;
#3934 = CARTESIAN_POINT ( 'NONE',  ( -18.57500000000000284, 12.00000000000000000, 23.09999999999999787 ) ) ;
#3935 = CARTESIAN_POINT ( 'NONE',  ( -22.62256308275784633, 13.00000000000000000, -0.2792407799438629823 ) ) ;
#3936 = ORIENTED_EDGE ( 'NONE', *, *, #6934, .T. ) ;
#3937 = DIRECTION ( 'NONE',  ( 1.000000000000000000, 0.000000000000000000, 2.881657216719184962E-16 ) ) ;
#3938 = EDGE_LOOP ( 'NONE', ( #960, #1197, #8754, #9435, #3433 ) ) ;
#3939 = EDGE_CURVE ( 'NONE', #5329, #5558, #7273, .T. ) ;
#3940 = PLANE ( 'NONE',  #9286 ) ;
#3941 = ORIENTED_EDGE ( 'NONE', *, *, #8484, .T. ) ;
#3942 = CARTESIAN_POINT ( 'NONE',  ( 8.189400351351299179, -12.94704228149566916, -31.85880671519116092 ) ) ;
#3943 = CARTESIAN_POINT ( 'NONE',  ( 9.674999999999998934, -10.09999999999999964, 13.64553149005146082 ) ) ;
#3944 = DIRECTION ( 'NONE',  ( 0.000000000000000000, 0.000000000000000000, -1.000000000000000000 ) ) ;
#3945 = DIRECTION ( 'NONE',  ( 0.000000000000000000, -1.000000000000000000, 0.000000000000000000 ) ) ;
#3946 = ORIENTED_EDGE ( 'NONE', *, *, #6994, .F. ) ;
#3947 = VERTEX_POINT ( 'NONE', #9739 ) ;
#3948 = EDGE_LOOP ( 'NONE', ( #8875, #4494, #7006, #1905 ) ) ;
#3949 = ORIENTED_EDGE ( 'NONE', *, *, #5362, .F. ) ;
#3950 = ORIENTED_EDGE ( 'NONE', *, *, #3311, .F. ) ;
#3951 = DIRECTION ( 'NONE',  ( 1.000000000000000000, 0.000000000000000000, 0.000000000000000000 ) ) ;
#3952 = CARTESIAN_POINT ( 'NONE',  ( -14.53808965681239407, -2.563751553055152232, -37.95339912219959189 ) ) ;
#3953 = DIRECTION ( 'NONE',  ( 0.5999999999999999778, -0.8000000000000000444, 0.000000000000000000 ) ) ;
#3954 = CARTESIAN_POINT ( 'NONE',  ( -22.94656273757998832, -1.204769795233924246, 17.14519226705261090 ) ) ;
#3955 = CARTESIAN_POINT ( 'NONE',  ( -26.60825865433592341, 8.558008410952659517, 0.8196646488002202746 ) ) ;
#3956 = CARTESIAN_POINT ( 'NONE',  ( 26.62500000000000711, -8.161188643895032513, 0.9194060790890277168 ) ) ;
#3957 = DIRECTION ( 'NONE',  ( 0.000000000000000000, 0.000000000000000000, 1.000000000000000000 ) ) ;
#3958 = VERTEX_POINT ( 'NONE', #2331 ) ;
#3959 = ORIENTED_EDGE ( 'NONE', *, *, #4115, .F. ) ;
#3960 = VERTEX_POINT ( 'NONE', #3029 ) ;
#3961 = ADVANCED_FACE ( 'NONE', ( #5334 ), #4495, .F. ) ;
#3962 = CARTESIAN_POINT ( 'NONE',  ( -18.57500000000000284, -8.000000000000000000, 23.09999999999999787 ) ) ;
#3963 = CARTESIAN_POINT ( 'NONE',  ( 26.62500000000000000, -5.250000000000000000, 25.10000000000000142 ) ) ;
#3964 = CARTESIAN_POINT ( 'NONE',  ( -21.85674754639507000, 14.99999999999996980, 4.336808689942016947E-15 ) ) ;
#3965 = LINE ( 'NONE', #6975, #4552 ) ;
#3966 = LINE ( 'NONE', #8314, #9124 ) ;
#3967 = CARTESIAN_POINT ( 'NONE',  ( 24.65373606126465589, 12.25149489744641151, -17.39423161413158070 ) ) ;
#3968 = CYLINDRICAL_SURFACE ( 'NONE', #714, 1.999999999999998224 ) ;
#3969 = EDGE_CURVE ( 'NONE', #2044, #4937, #5550, .T. ) ;
#3970 = ORIENTED_EDGE ( 'NONE', *, *, #678, .F. ) ;
#3971 = EDGE_CURVE ( 'NONE', #8946, #3407, #2285, .T. ) ;
#3972 = DIRECTION ( 'NONE',  ( -1.000000000000000000, 0.000000000000000000, 0.000000000000000000 ) ) ;
#3973 = CARTESIAN_POINT ( 'NONE',  ( -26.58130259014060215, -8.000000000000000000, 1.321357987355049834 ) ) ;
#3974 = CARTESIAN_POINT ( 'NONE',  ( -22.90212902268615736, -4.332851669305810560, 17.50992661121930993 ) ) ;
#3975 = CARTESIAN_POINT ( 'NONE',  ( -0.8711959680036535092, 14.54133331322146994, -14.25020124100559471 ) ) ;
#3976 = DIRECTION ( 'NONE',  ( 0.000000000000000000, -8.673617379884035472E-17, -1.000000000000000000 ) ) ;
#3977 = DIRECTION ( 'NONE',  ( -1.000000000000000000, 0.000000000000000000, 0.000000000000000000 ) ) ;
#3978 = CARTESIAN_POINT ( 'NONE',  ( 21.09021370720482125, -11.99999999999999112, 0.2345862877125787227 ) ) ;
#3979 = DIRECTION ( 'NONE',  ( -1.000000000000000000, 0.000000000000000000, 0.000000000000000000 ) ) ;
#3980 = ADVANCED_FACE ( 'NONE', ( #118 ), #4643, .F. ) ;
#3981 = ORIENTED_EDGE ( 'NONE', *, *, #5068, .T. ) ;
#3982 = CARTESIAN_POINT ( 'NONE',  ( -24.18491745666284842, -9.475357003913030596, 9.730388396368679693 ) ) ;
#3983 = VERTEX_POINT ( 'NONE', #7648 ) ;
#3984 = ADVANCED_FACE ( 'NONE', ( #908 ), #2242, .F. ) ;
#3985 = EDGE_CURVE ( 'NONE', #3983, #2870, #9018, .T. ) ;
#3986 = VECTOR ( 'NONE', #6029, 1000.000000000000000 ) ;
#3987 = CARTESIAN_POINT ( 'NONE',  ( -23.80390023186744841, 9.639914138498129503, -41.79999999999999716 ) ) ;
#3988 = CARTESIAN_POINT ( 'NONE',  ( 3.747694141532829981, 15.01377643228238057, -25.02602672451648758 ) ) ;
#3989 = CARTESIAN_POINT ( 'NONE',  ( -4.453971908624882126, -13.68884391544589541, -36.06543568521949794 ) ) ;
#3990 = DIRECTION ( 'NONE',  ( -1.000000000000000000, 0.000000000000000000, -1.765621858500564986E-16 ) ) ;
#3991 = CARTESIAN_POINT ( 'NONE',  ( 21.67500000000000071, 1.734723475976804925E-15, 13.64553149005146082 ) ) ;
#3992 = FACE_OUTER_BOUND ( 'NONE', #8538, .T. ) ;
#3993 = VECTOR ( 'NONE', #5529, 1000.000000000000000 ) ;
#3994 = ORIENTED_EDGE ( 'NONE', *, *, #1101, .T. ) ;
#3995 = ORIENTED_EDGE ( 'NONE', *, *, #9283, .F. ) ;
#3996 = ORIENTED_EDGE ( 'NONE', *, *, #4561, .F. ) ;
#3997 = EDGE_LOOP ( 'NONE', ( #6311, #9449, #3656, #6213 ) ) ;
#3998 = CIRCLE ( 'NONE', #5260, 1.834999999999999742 ) ;
#3999 = DIRECTION ( 'NONE',  ( -1.000000000000000000, 0.000000000000000000, 0.000000000000000000 ) ) ;
#4000 = FACE_BOUND ( 'NONE', #9187, .T. ) ;
#4001 = CARTESIAN_POINT ( 'NONE',  ( -22.57673876550737901, 3.276810093101504506, 22.68167246284903626 ) ) ;
#4002 = CARTESIAN_POINT ( 'NONE',  ( -23.16053390593259920, 15.00000000000000000, -7.000000000000000000 ) ) ;
#4003 = DIRECTION ( 'NONE',  ( 1.000000000000000000, 0.000000000000000000, 0.000000000000000000 ) ) ;
#4004 = FACE_OUTER_BOUND ( 'NONE', #9698, .T. ) ;
#4005 = CARTESIAN_POINT ( 'NONE',  ( 26.62500000000000000, -11.12083830918276028, -12.03976285529073920 ) ) ;
#4006 = EDGE_LOOP ( 'NONE', ( #6441, #2116, #5647, #5328, #9140 ) ) ;
#4007 = ORIENTED_EDGE ( 'NONE', *, *, #7844, .F. ) ;
#4008 = ORIENTED_EDGE ( 'NONE', *, *, #7060, .F. ) ;
#4009 = CARTESIAN_POINT ( 'NONE',  ( -10.27752471476109974, -10.87707415206944006, 2.602085213965209853E-15 ) ) ;
#4010 = CARTESIAN_POINT ( 'NONE',  ( 25.18231851146959954, -12.18520486924025903, 7.806255641895628769E-15 ) ) ;
#4011 = CARTESIAN_POINT ( 'NONE',  ( -10.27752471476109974, 10.87707415206944006, 2.602085213965209853E-15 ) ) ;
#4012 = CARTESIAN_POINT ( 'NONE',  ( -26.62500000000000000, -11.00000000000000000, -4.000000000000000000 ) ) ;
#4013 = CARTESIAN_POINT ( 'NONE',  ( 22.58570401745160439, 11.99999999999999467, 0.2869032494206341655 ) ) ;
#4014 = CARTESIAN_POINT ( 'NONE',  ( -11.68015346606984828, 14.91240637804714986, -36.54288476790257079 ) ) ;
#4015 = CARTESIAN_POINT ( 'NONE',  ( 7.829014785873200211, 15.63421494571415060, -25.00000000000000000 ) ) ;
#4016 = ORIENTED_EDGE ( 'NONE', *, *, #3123, .F. ) ;
#4017 = EDGE_CURVE ( 'NONE', #3746, #730, #8591, .T. ) ;
#4018 = ORIENTED_EDGE ( 'NONE', *, *, #630, .F. ) ;
#4019 = CARTESIAN_POINT ( 'NONE',  ( 15.12500000000000000, -5.250000000000000000, 22.05000000000000071 ) ) ;
#4020 = PLANE ( 'NONE',  #6416 ) ;
#4021 = DIRECTION ( 'NONE',  ( 1.000000000000000000, 0.000000000000000000, 2.881657216719184962E-16 ) ) ;
#4022 = CARTESIAN_POINT ( 'NONE',  ( -0.2174552979580794965, 15.00035190534232932, -14.87986490267542727 ) ) ;
#4023 = CARTESIAN_POINT ( 'NONE',  ( -22.58067744823539513, 7.109076028648398271, 22.36245956366473919 ) ) ;
#4024 = LINE ( 'NONE', #3292, #7704 ) ;
#4025 = EDGE_CURVE ( 'NONE', #1906, #5431, #7800, .T. ) ;
#4026 = CARTESIAN_POINT ( 'NONE',  ( 9.674999999999998934, 10.09999999999999964, -29.30000000000000071 ) ) ;
#4027 = CARTESIAN_POINT ( 'NONE',  ( -6.625000000000000000, 8.000000000000000000, 4.621590195025239791E-15 ) ) ;
#4028 = CARTESIAN_POINT ( 'NONE',  ( 20.62500000000000000, 2.625000000000000000, 18.55336663013169840 ) ) ;
#4029 = ORIENTED_EDGE ( 'NONE', *, *, #572, .T. ) ;
#4030 = CARTESIAN_POINT ( 'NONE',  ( 19.65804414715000092, 12.00000000000000000, 0.9909437790724500150 ) ) ;
#4031 = CIRCLE ( 'NONE', #5287, 1.049999999999998934 ) ;
#4032 = ORIENTED_EDGE ( 'NONE', *, *, #2644, .T. ) ;
#4033 = CARTESIAN_POINT ( 'NONE',  ( -19.62500000000000000, -15.00000000000000000, -37.52380000000000138 ) ) ;
#4034 = EDGE_CURVE ( 'NONE', #9530, #2770, #1118, .T. ) ;
#4035 = CIRCLE ( 'NONE', #2784, 2.000000000000001776 ) ;
#4036 = FACE_OUTER_BOUND ( 'NONE', #7088, .T. ) ;
#4037 = CARTESIAN_POINT ( 'NONE',  ( -11.48231153749456013, -13.91131858543656996, -37.52010679411532834 ) ) ;
#4038 = CARTESIAN_POINT ( 'NONE',  ( 3.217107062651081151, -14.27367254273659825, -32.75894767936102880 ) ) ;
#4039 = CC_DESIGN_DATE_AND_TIME_ASSIGNMENT ( #8218, #640, ( #2004 ) ) ;
#4040 = CARTESIAN_POINT ( 'NONE',  ( 26.62499999999999645, -12.00109074666345776, -12.03976285529074453 ) ) ;
#4041 = EDGE_CURVE ( 'NONE', #1678, #2443, #1061, .T. ) ;
#4042 = CARTESIAN_POINT ( 'NONE',  ( -10.37500000000000000, -10.09999999999998366, -10.00000000000000178 ) ) ;
#4043 = ORIENTED_EDGE ( 'NONE', *, *, #1294, .F. ) ;
#4044 = EDGE_LOOP ( 'NONE', ( #889, #9032, #7599, #1450 ) ) ;
#4045 = ORIENTED_EDGE ( 'NONE', *, *, #6332, .T. ) ;
#4046 = AXIS2_PLACEMENT_3D ( 'NONE', #6109, #5232, #5326 ) ;
#4047 = ORIENTED_EDGE ( 'NONE', *, *, #697, .F. ) ;
#4048 = ORIENTED_EDGE ( 'NONE', *, *, #7757, .F. ) ;
#4049 = DIRECTION ( 'NONE',  ( 0.000000000000000000, 0.000000000000000000, -1.000000000000000000 ) ) ;
#4050 = CARTESIAN_POINT ( 'NONE',  ( -13.57500000000001350, -14.94911571498207792, -4.000000000000007105 ) ) ;
#4051 = CARTESIAN_POINT ( 'NONE',  ( -26.39373958516579677, -9.295392679372277200, 0.8090003959778958587 ) ) ;
#4052 = CARTESIAN_POINT ( 'NONE',  ( -0.5037083709208334259, 14.69776319537492704, -25.39026024509691837 ) ) ;
#4053 = CARTESIAN_POINT ( 'NONE',  ( -13.57500000000000284, -14.94911571498207614, -6.799999999999998046 ) ) ;
#4054 = AXIS2_PLACEMENT_3D ( 'NONE', #8494, #1743, #1792 ) ;
#4055 = CARTESIAN_POINT ( 'NONE',  ( -23.16053390593274841, 28.10000000000000142, -23.53553390593269867 ) ) ;
#4056 = DIRECTION ( 'NONE',  ( 1.765621858500564986E-16, 0.000000000000000000, -1.000000000000000000 ) ) ;
#4057 = ORIENTED_EDGE ( 'NONE', *, *, #6035, .T. ) ;
#4058 = VERTEX_POINT ( 'NONE', #4900 ) ;
#4059 = EDGE_LOOP ( 'NONE', ( #2831, #2396, #1145, #4045, #39, #372 ) ) ;
#4060 = AXIS2_PLACEMENT_3D ( 'NONE', #1770, #4968, #351 ) ;
#4061 = CARTESIAN_POINT ( 'NONE',  ( -10.43261184457493940, 28.10000000000000142, -29.19238815542515297 ) ) ;
#4062 = CARTESIAN_POINT ( 'NONE',  ( 24.49654806806704954, -12.27112645248695877, 4.751591444700380619E-12 ) ) ;
#4063 = CARTESIAN_POINT ( 'NONE',  ( -13.00159855185754054, 10.94879558308002032, 2.602085213965209853E-15 ) ) ;
#4064 = CARTESIAN_POINT ( 'NONE',  ( -24.62500000000000000, -8.000000000000000000, -33.09999999999999432 ) ) ;
#4065 = CARTESIAN_POINT ( 'NONE',  ( -26.62500000000000000, 5.250000000000000000, 23.09999999999999787 ) ) ;
#4066 = CARTESIAN_POINT ( 'NONE',  ( -12.53658596234192579, 14.93013642245446526, -36.67579021570971065 ) ) ;
#4067 = CARTESIAN_POINT ( 'NONE',  ( 8.625000000000000000, 15.00000000000000000, 5.147263975624269829E-15 ) ) ;
#4068 = VERTEX_POINT ( 'NONE', #1791 ) ;
#4069 = AXIS2_PLACEMENT_3D ( 'NONE', #1847, #6320, #4851 ) ;
#4070 = ORIENTED_EDGE ( 'NONE', *, *, #4453, .F. ) ;
#4071 = AXIS2_PLACEMENT_3D ( 'NONE', #6420, #1793, #4902 ) ;
#4072 = VECTOR ( 'NONE', #5942, 1000.000000000000000 ) ;
#4073 = DIRECTION ( 'NONE',  ( 1.000000000000000000, 0.000000000000000000, 0.000000000000000000 ) ) ;
#4074 = CIRCLE ( 'NONE', #479, 1.049999999999998934 ) ;
#4075 = CARTESIAN_POINT ( 'NONE',  ( -1.103799111338961803, 15.52315283082424990, -15.00000000000000000 ) ) ;
#4076 = LINE ( 'NONE', #4818, #4886 ) ;
#4077 = CARTESIAN_POINT ( 'NONE',  ( -14.41845047126158263, 3.362180552386139887, -37.93901217708919660 ) ) ;
#4078 = CARTESIAN_POINT ( 'NONE',  ( -22.57944399946042324, 7.140784647262265139, 22.44657085964205478 ) ) ;
#4079 = ADVANCED_FACE ( 'NONE', ( #3414, #1742 ), #3213, .F. ) ;
#4080 = DIRECTION ( 'NONE',  ( 1.000000000000000000, 0.000000000000000000, 0.000000000000000000 ) ) ;
#4081 = DIRECTION ( 'NONE',  ( -1.000000000000000000, 0.000000000000000000, -1.765621858500564986E-16 ) ) ;
#4082 = DIRECTION ( 'NONE',  ( 1.000000000000000000, 0.000000000000000000, 0.000000000000000000 ) ) ;
#4083 = DIRECTION ( 'NONE',  ( -1.000000000000000000, 0.000000000000000000, 0.000000000000000000 ) ) ;
#4084 = VECTOR ( 'NONE', #4876, 1000.000000000000000 ) ;
#4085 = ORIENTED_EDGE ( 'NONE', *, *, #3569, .T. ) ;
#4086 = DIRECTION ( 'NONE',  ( -2.881657216719180031E-16, 0.000000000000000000, 1.000000000000000000 ) ) ;
#4087 = VERTEX_POINT ( 'NONE', #373 ) ;
#4088 = VECTOR ( 'NONE', #8018, 1000.000000000000000 ) ;
#4089 = EDGE_CURVE ( 'NONE', #3472, #860, #2035, .T. ) ;
#4090 = CARTESIAN_POINT ( 'NONE',  ( -24.44370003326559626, -11.57254781956279999, -0.09848024568920860089 ) ) ;
#4091 = DIRECTION ( 'NONE',  ( 0.000000000000000000, 1.000000000000000000, 0.000000000000000000 ) ) ;
#4092 = CARTESIAN_POINT ( 'NONE',  ( -23.16053390593274841, -15.00000000000000000, -23.53553390593269867 ) ) ;
#4093 = CARTESIAN_POINT ( 'NONE',  ( 19.39551342662031885, -12.86797614836710757, -24.08283577248531415 ) ) ;
#4094 = CARTESIAN_POINT ( 'NONE',  ( -10.43261184457493940, 10.09999999999999964, -29.19238815542515297 ) ) ;
#4095 = DIRECTION ( 'NONE',  ( 0.000000000000000000, 0.000000000000000000, 1.000000000000000000 ) ) ;
#4096 = ORIENTED_EDGE ( 'NONE', *, *, #6390, .T. ) ;
#4097 = EDGE_LOOP ( 'NONE', ( #6556, #4530 ) ) ;
#4098 = ORIENTED_EDGE ( 'NONE', *, *, #643, .T. ) ;
#4099 = EDGE_CURVE ( 'NONE', #1409, #3744, #8331, .T. ) ;
#4100 = B_SPLINE_CURVE_WITH_KNOTS ( 'NONE', 3,
 ( #5016, #8122, #1380, #831 ),
 .UNSPECIFIED., .F., .F.,
 ( 4, 4 ),
 ( 0.000000000000000000, 1.000000000000000000 ),
 .UNSPECIFIED. ) ;
#4101 = ORIENTED_EDGE ( 'NONE', *, *, #3795, .T. ) ;
#4102 = EDGE_CURVE ( 'NONE', #3212, #1409, #933, .T. ) ;
#4103 = EDGE_CURVE ( 'NONE', #4895, #4754, #2473, .T. ) ;
#4104 = VERTEX_POINT ( 'NONE', #8543 ) ;
#4105 = LINE ( 'NONE', #2627, #7227 ) ;
#4106 = CARTESIAN_POINT ( 'NONE',  ( -10.43261184457519875, -14.88244887111398107, -16.19238815542514942 ) ) ;
#4107 = CARTESIAN_POINT ( 'NONE',  ( -26.42048248049301407, -9.208962981736709352, 0.8431407523609427690 ) ) ;
#4108 = DIRECTION ( 'NONE',  ( 1.000000000000000000, 5.296865575501690521E-16, 0.000000000000000000 ) ) ;
#4109 = DIRECTION ( 'NONE',  ( 1.000000000000000000, 0.000000000000000000, 0.000000000000000000 ) ) ;
#4110 = DIRECTION ( 'NONE',  ( 0.000000000000000000, 0.7071067811865480168, -0.7071067811865470176 ) ) ;
#4111 = VERTEX_POINT ( 'NONE', #6418 ) ;
#4112 = ORIENTED_EDGE ( 'NONE', *, *, #4582, .F. ) ;
#4113 = ORIENTED_EDGE ( 'NONE', *, *, #4953, .T. ) ;
#4114 = EDGE_CURVE ( 'NONE', #7108, #7113, #3911, .T. ) ;
#4115 = EDGE_CURVE ( 'NONE', #5793, #2227, #309, .T. ) ;
#4116 = CARTESIAN_POINT ( 'NONE',  ( -18.78208254401995347, -14.99917817821591903, -4.000000000000000000 ) ) ;
#4117 = CARTESIAN_POINT ( 'NONE',  ( 24.84746962085980115, -11.32575236365476101, 1.000000000000000000 ) ) ;
#4118 = CARTESIAN_POINT ( 'NONE',  ( -23.90028431222575023, 14.99999999999996980, 4.336808689942016947E-15 ) ) ;
#4119 = DIRECTION ( 'NONE',  ( 1.292857237214519939E-16, -1.000000000000000000, 0.000000000000000000 ) ) ;
#4120 = CARTESIAN_POINT ( 'NONE',  ( -22.60619291135169462, -4.246058250921957544, 21.36899673205079964 ) ) ;
#4121 = CARTESIAN_POINT ( 'NONE',  ( -12.17017559700303941, 14.92276527140191966, -36.61996114827945092 ) ) ;
#4122 = CARTESIAN_POINT ( 'NONE',  ( -13.57499999999999218, 14.36975283211268817, -1.917162780038006442 ) ) ;
#4123 = ADVANCED_FACE ( 'NONE', ( #2577 ), #5679, .T. ) ;
#4124 = ORIENTED_EDGE ( 'NONE', *, *, #1874, .F. ) ;
#4125 = VERTEX_POINT ( 'NONE', #4689 ) ;
#4126 = CARTESIAN_POINT ( 'NONE',  ( -11.07499999999999929, 5.250000000000000000, 22.05000000000000071 ) ) ;
#4127 = CARTESIAN_POINT ( 'NONE',  ( 20.62500000000000000, 5.250000000000000000, 24.15000000000000213 ) ) ;
#4128 = CARTESIAN_POINT ( 'NONE',  ( 26.62500000000000000, -14.16799923439410058, -14.20101887020063991 ) ) ;
#4129 = CARTESIAN_POINT ( 'NONE',  ( -11.07499999999999929, -5.250000000000000000, 23.09999999999999787 ) ) ;
#4130 = CARTESIAN_POINT ( 'NONE',  ( -26.62500000000000000, -15.00000000000000000, -39.30000000000000426 ) ) ;
#4131 = DIRECTION ( 'NONE',  ( 3.003850174851609799E-16, 7.509625437129029427E-17, -1.000000000000000000 ) ) ;
#4132 = DIRECTION ( 'NONE',  ( 0.000000000000000000, 0.000000000000000000, -1.000000000000000000 ) ) ;
#4133 = CARTESIAN_POINT ( 'NONE',  ( 8.173906407564910381, 14.85707488057328618, -25.00204108581861107 ) ) ;
#4134 = DIRECTION ( 'NONE',  ( -0.7071067811865515695, -3.693093820828747513E-16, -0.7071067811865435759 ) ) ;
#4135 = VERTEX_POINT ( 'NONE', #9389 ) ;
#4136 = DIRECTION ( 'NONE',  ( -1.000000000000000000, 0.000000000000000000, 0.000000000000000000 ) ) ;
#4137 = CARTESIAN_POINT ( 'NONE',  ( 5.029014785873200388, 19.28421494571415096, -25.00000000000000000 ) ) ;
#4138 = B_SPLINE_CURVE_WITH_KNOTS ( 'NONE', 3,
 ( #5992, #3039, #7619, #6830, #1517, #6039, #5346, #4655, #4606, #5253 ),
 .UNSPECIFIED., .F., .F.,
 ( 4, 3, 3, 4 ),
 ( -1.408243417947971928E-06, 0.000000000000000000, 0.002265012504599069835, 0.003647575632598130252 ),
 .UNSPECIFIED. ) ;
#4139 = CARTESIAN_POINT ( 'NONE',  ( 19.65802983197199794, -12.00000000000000000, 0.9909439493390830300 ) ) ;
#4140 = CARTESIAN_POINT ( 'NONE',  ( -5.187850735825068504, -13.71826960209045154, -36.24422939073981098 ) ) ;
#4141 = CARTESIAN_POINT ( 'NONE',  ( 9.712617940471668376, -13.79889477296946154, -30.12724948124318303 ) ) ;
#4142 = FACE_OUTER_BOUND ( 'NONE', #2534, .T. ) ;
#4143 = DIRECTION ( 'NONE',  ( 0.000000000000000000, -1.000000000000000000, 0.000000000000000000 ) ) ;
#4144 = ORIENTED_EDGE ( 'NONE', *, *, #4764, .F. ) ;
#4145 = ORIENTED_EDGE ( 'NONE', *, *, #3516, .T. ) ;
#4146 = ORIENTED_EDGE ( 'NONE', *, *, #6207, .F. ) ;
#4147 = VECTOR ( 'NONE', #1176, 1000.000000000000000 ) ;
#4148 = VECTOR ( 'NONE', #6182, 1000.000000000000000 ) ;
#4149 = EDGE_CURVE ( 'NONE', #6438, #2443, #4105, .T. ) ;
#4150 = ORIENTED_EDGE ( 'NONE', *, *, #6878, .F. ) ;
#4151 = EDGE_LOOP ( 'NONE', ( #4340, #6704 ) ) ;
#4153 = DIRECTION ( 'NONE',  ( -1.000000000000000000, 0.000000000000000000, 0.000000000000000000 ) ) ;
#4152 = VECTOR ( 'NONE', #2700, 1000.000000000000000 ) ;
#4154 = DIRECTION ( 'NONE',  ( 0.000000000000000000, -1.084202172485504434E-16, 1.000000000000000000 ) ) ;
#4155 = CARTESIAN_POINT ( 'NONE',  ( 7.892821782178219614, 12.09999999999999964, -31.98578938135694827 ) ) ;
#4156 = CARTESIAN_POINT ( 'NONE',  ( -0.4705438861472133749, 14.72177661539304694, -25.35839275308400431 ) ) ;
#4157 = DIRECTION ( 'NONE',  ( 1.000000000000000000, 0.000000000000000000, 0.000000000000000000 ) ) ;
#4158 = CARTESIAN_POINT ( 'NONE',  ( -0.07239137861977100463, 15.46844551391894917, -25.00000000000000000 ) ) ;
#4159 = ORIENTED_EDGE ( 'NONE', *, *, #1282, .T. ) ;
#4160 = ORIENTED_EDGE ( 'NONE', *, *, #3913, .F. ) ;
#4161 = ADVANCED_FACE ( 'NONE', ( #3262 ), #5625, .F. ) ;
#4162 = VERTEX_POINT ( 'NONE', #9288 ) ;
#4163 = AXIS2_PLACEMENT_3D ( 'NONE', #2054, #7232, #5741 ) ;
#4164 = CARTESIAN_POINT ( 'NONE',  ( -15.68237869131491635, -14.98895488141927501, -2.358947473118077993E-12 ) ) ;
#4165 = ADVANCED_FACE ( 'NONE', ( #2526 ), #8645, .F. ) ;
#4166 = CARTESIAN_POINT ( 'NONE',  ( -11.07499999999999929, 0.000000000000000000, 30.09999999999999787 ) ) ;
#4167 = FACE_OUTER_BOUND ( 'NONE', #7168, .T. ) ;
#4168 = CARTESIAN_POINT ( 'NONE',  ( -19.62500000000000000, 14.25140568865274027, -39.30000000000000426 ) ) ;
#4169 = EDGE_CURVE ( 'NONE', #9434, #9014, #1104, .T. ) ;
#4170 = LINE ( 'NONE', #2489, #2355 ) ;
#4171 = CARTESIAN_POINT ( 'NONE',  ( 1.193836398067702254, 14.39552823779073165, -33.43058143445396269 ) ) ;
#4172 = CARTESIAN_POINT ( 'NONE',  ( -13.57499999999999396, 14.46853049369696542, -2.088827211018668084 ) ) ;
#4173 = ORIENTED_EDGE ( 'NONE', *, *, #2006, .T. ) ;
#4174 = ORIENTED_EDGE ( 'NONE', *, *, #9493, .F. ) ;
#4175 = CARTESIAN_POINT ( 'NONE',  ( 1.637829418935814907, 12.09999999999999964, -32.30531719236735455 ) ) ;
#4176 = CARTESIAN_POINT ( 'NONE',  ( -26.62446486782982902, -9.341137940072918866, 0.1803188229577266100 ) ) ;
#4177 = CARTESIAN_POINT ( 'NONE',  ( -22.80980135340383441, -4.616674461263931661, 18.36388136611780197 ) ) ;
#4178 = CARTESIAN_POINT ( 'NONE',  ( -10.58624186376588305, -14.88641137001409653, -9.999999999999996447 ) ) ;
#4179 = CARTESIAN_POINT ( 'NONE',  ( -22.61472118038633994, 5.761303580651919276, 21.14674672995809601 ) ) ;
#4180 = FACE_OUTER_BOUND ( 'NONE', #625, .T. ) ;
#4181 = CARTESIAN_POINT ( 'NONE',  ( -26.62500000000000000, -15.00000000000000000, -4.000000000000000000 ) ) ;
#4182 = LINE ( 'NONE', #4925, #3287 ) ;
#4183 = LINE ( 'NONE', #6400, #1806 ) ;
#4184 = ORIENTED_EDGE ( 'NONE', *, *, #5356, .T. ) ;
#4185 = CARTESIAN_POINT ( 'NONE',  ( -13.96814575050796137, 10.09999999999999964, -19.72792206135790138 ) ) ;
#4186 = CARTESIAN_POINT ( 'NONE',  ( -23.95642740487875244, -12.51451051382839985, -1.171503504609461732 ) ) ;
#4187 = DIRECTION ( 'NONE',  ( 0.5999999999999999778, 0.8000000000000000444, 0.000000000000000000 ) ) ;
#4188 = CARTESIAN_POINT ( 'NONE',  ( -24.62500000000000000, -8.000000000000000000, -37.79999999999999716 ) ) ;
#4189 = CARTESIAN_POINT ( 'NONE',  ( -0.9880953509763595877, -14.51656891220667767, -34.10569344290107097 ) ) ;
#4190 = AXIS2_PLACEMENT_3D ( 'NONE', #8637, #7846, #416 ) ;
#4191 = CARTESIAN_POINT ( 'NONE',  ( -1.824999999999999956, -4.150795011477494302E-15, -39.30000000000000426 ) ) ;
#4192 = B_SPLINE_CURVE_WITH_KNOTS ( 'NONE', 3,
 ( #8072, #8171, #4420, #7432, #7239, #500 ),
 .UNSPECIFIED., .F., .F.,
 ( 4, 2, 4 ),
 ( 0.1153068019266422078, 0.5041822430629669949, 0.8468987743921969624 ),
 .UNSPECIFIED. ) ;
#4193 = DIRECTION ( 'NONE',  ( 0.000000000000000000, 2.710505431213755169E-16, 1.000000000000000000 ) ) ;
#4194 = EDGE_LOOP ( 'NONE', ( #5890, #1135 ) ) ;
#4195 = ORIENTED_EDGE ( 'NONE', *, *, #1156, .T. ) ;
#4196 = ORIENTED_EDGE ( 'NONE', *, *, #1221, .F. ) ;
#4197 = ORIENTED_EDGE ( 'NONE', *, *, #3387, .F. ) ;
#4198 = VECTOR ( 'NONE', #6124, 1000.000000000000000 ) ;
#4199 = EDGE_LOOP ( 'NONE', ( #2524, #4205 ) ) ;
#4200 = DIRECTION ( 'NONE',  ( 1.000000000000000000, 0.000000000000000000, 0.000000000000000000 ) ) ;
#4201 = CARTESIAN_POINT ( 'NONE',  ( -13.57500000000000107, 0.000000000000000000, 23.09999999999999787 ) ) ;
#4202 = CARTESIAN_POINT ( 'NONE',  ( -25.51811770118380451, -10.76078613277587159, 0.2283532096146928536 ) ) ;
#4203 = LINE ( 'NONE', #5682, #7341 ) ;
#4204 = CIRCLE ( 'NONE', #756, 1.049999999999998934 ) ;
#4205 = ORIENTED_EDGE ( 'NONE', *, *, #1670, .F. ) ;
#4206 = ORIENTED_EDGE ( 'NONE', *, *, #335, .F. ) ;
#4207 = EDGE_LOOP ( 'NONE', ( #6113, #8934, #1896, #4492 ) ) ;
#4208 = AXIS2_PLACEMENT_3D ( 'NONE', #4663, #6792, #7671 ) ;
#4209 = EDGE_CURVE ( 'NONE', #379, #3731, #7411, .T. ) ;
#4210 = CARTESIAN_POINT ( 'NONE',  ( -13.00159855185047952, -10.94879558307486001, 2.602085213965209853E-15 ) ) ;
#4211 = VECTOR ( 'NONE', #2578, 1000.000000000000000 ) ;
#4212 = DIRECTION ( 'NONE',  ( 1.000000000000000000, 0.000000000000000000, 2.881657216719180031E-16 ) ) ;
#4213 = DIRECTION ( 'NONE',  ( 0.000000000000000000, 0.000000000000000000, 1.000000000000000000 ) ) ;
#4214 = FACE_OUTER_BOUND ( 'NONE', #676, .T. ) ;
#4215 = CYLINDRICAL_SURFACE ( 'NONE', #7553, 1.049999999999998934 ) ;
#4216 = CARTESIAN_POINT ( 'NONE',  ( -1.818297829461007042, 14.56117153710756540, -34.35539437532316498 ) ) ;
#4217 = CARTESIAN_POINT ( 'NONE',  ( 4.329014785873204652, 14.25577883293260939, -14.38187232595402421 ) ) ;
#4218 = VECTOR ( 'NONE', #4820, 1000.000000000000000 ) ;
#4219 = ADVANCED_FACE ( 'NONE', ( #1942 ), #2038, .F. ) ;
#4220 = VERTEX_POINT ( 'NONE', #5922 ) ;
#4221 = EDGE_CURVE ( 'NONE', #7734, #9127, #5772, .T. ) ;
#4222 = CYLINDRICAL_SURFACE ( 'NONE', #3775, 1.000000000000000000 ) ;
#4223 = EDGE_CURVE ( 'NONE', #3675, #9488, #9114, .T. ) ;
#4224 = FACE_OUTER_BOUND ( 'NONE', #5272, .T. ) ;
#4225 = LINE ( 'NONE', #648, #4407 ) ;
#4226 = CARTESIAN_POINT ( 'NONE',  ( -12.25301619873282988, 9.591059991262435247, -37.64116148972755127 ) ) ;
#4227 = DIRECTION ( 'NONE',  ( 0.000000000000000000, 0.7469998888252566971, 0.6648241617864487640 ) ) ;
#4228 = AXIS2_PLACEMENT_3D ( 'NONE', #5096, #584, #4213 ) ;
#4229 = DIRECTION ( 'NONE',  ( 2.881657216719180031E-16, 0.000000000000000000, -1.000000000000000000 ) ) ;
#4230 = CARTESIAN_POINT ( 'NONE',  ( 21.67500000000000071, 1.734723475976804925E-15, -23.20588489187539949 ) ) ;
#4231 = CARTESIAN_POINT ( 'NONE',  ( -11.96499999999999986, -10.09999999999999964, -35.57131279431310134 ) ) ;
#4232 = CYLINDRICAL_SURFACE ( 'NONE', #2573, 20.00000000000000000 ) ;
#4233 = VERTEX_POINT ( 'NONE', #1404 ) ;
#4234 = CARTESIAN_POINT ( 'NONE',  ( 26.59359191899175201, 11.12464644838921934, -13.28568560374769980 ) ) ;
#4235 = CIRCLE ( 'NONE', #7713, 1.000000000000000888 ) ;
#4236 = VECTOR ( 'NONE', #1357, 1000.000000000000000 ) ;
#4237 = EDGE_CURVE ( 'NONE', #6310, #419, #8002, .T. ) ;
#4238 = PLANE ( 'NONE',  #8661 ) ;
#4239 = CARTESIAN_POINT ( 'NONE',  ( -25.00539769523860301, 11.21734476221679877, 0.04543431450217440271 ) ) ;
#4240 = CARTESIAN_POINT ( 'NONE',  ( 8.061541932353810225, 12.95672731918723741, -31.91384681345635954 ) ) ;
#4241 = AXIS2_PLACEMENT_3D ( 'NONE', #9329, #2676, #5617 ) ;
#4242 = CARTESIAN_POINT ( 'NONE',  ( 2.094757462843172657, -14.34380666741393462, -33.14363640716428705 ) ) ;
#4243 = CARTESIAN_POINT ( 'NONE',  ( 17.16012841395664879, -13.10651337456584109, -25.84031627329820324 ) ) ;
#4244 = DIRECTION ( 'NONE',  ( 1.000000000000000000, 0.000000000000000000, 2.881657216719184962E-16 ) ) ;
#4245 = ORIENTED_EDGE ( 'NONE', *, *, #2099, .T. ) ;
#4246 = DIRECTION ( 'NONE',  ( 1.000000000000000000, 0.000000000000000000, 0.000000000000000000 ) ) ;
#4247 = VECTOR ( 'NONE', #6686, 1000.000000000000000 ) ;
#4248 = ORIENTED_EDGE ( 'NONE', *, *, #1036, .F. ) ;
#4249 = VERTEX_POINT ( 'NONE', #6661 ) ;
#4250 = VERTEX_POINT ( 'NONE', #4299 ) ;
#4251 = VECTOR ( 'NONE', #7243, 1000.000000000000000 ) ;
#4252 = VECTOR ( 'NONE', #3581, 1000.000000000000000 ) ;
#4253 = ORIENTED_EDGE ( 'NONE', *, *, #6150, .T. ) ;
#4254 = FACE_OUTER_BOUND ( 'NONE', #8287, .T. ) ;
#4255 = PLANE ( 'NONE',  #2343 ) ;
#4256 = LINE ( 'NONE', #7215, #4211 ) ;
#4257 = CARTESIAN_POINT ( 'NONE',  ( -24.24945459298538353, -11.65512523496530051, -0.1324871904430428293 ) ) ;
#4258 = CYLINDRICAL_SURFACE ( 'NONE', #2296, 3.200000000000000622 ) ;
#4259 = VECTOR ( 'NONE', #1164, 1000.000000000000000 ) ;
#4260 = EDGE_LOOP ( 'NONE', ( #7691, #8957, #8691, #8987, #2939 ) ) ;
#4261 = ORIENTED_EDGE ( 'NONE', *, *, #559, .T. ) ;
#4262 = CARTESIAN_POINT ( 'NONE',  ( -26.62500000000000000, 2.600000000000000089, -37.10000000000000142 ) ) ;
#4263 = CARTESIAN_POINT ( 'NONE',  ( -22.60805933592007122, -6.162251218229899408, 21.30100048768709087 ) ) ;
#4264 = CARTESIAN_POINT ( 'NONE',  ( -23.01532923582448475, 2.110161012789579349, 16.61962467176507019 ) ) ;
#4265 = CARTESIAN_POINT ( 'NONE',  ( 10.81812077693265906, 14.70904383322612219, -25.00000000000000000 ) ) ;
#4266 = EDGE_CURVE ( 'NONE', #7645, #7262, #5084, .T. ) ;
#4267 = CARTESIAN_POINT ( 'NONE',  ( 12.34596748502151975, 14.02200900057231792, -25.16331704676003511 ) ) ;
#4268 = DIRECTION ( 'NONE',  ( 0.000000000000000000, -1.000000000000000000, 0.000000000000000000 ) ) ;
#4269 = ORIENTED_EDGE ( 'NONE', *, *, #1670, .T. ) ;
#4270 = EDGE_CURVE ( 'NONE', #4742, #9171, #5825, .T. ) ;
#4271 = PLANE ( 'NONE',  #142 ) ;
#4272 = DIRECTION ( 'NONE',  ( 1.000000000000000000, 0.000000000000000000, 2.881657216719184962E-16 ) ) ;
#4273 = CARTESIAN_POINT ( 'NONE',  ( -22.74221251054351356, -4.567107163707562201, 19.09808804293582085 ) ) ;
#4274 = LINE ( 'NONE', #7931, #7866 ) ;
#4275 = CYLINDRICAL_SURFACE ( 'NONE', #4533, 1.049999999999998934 ) ;
#4276 = CARTESIAN_POINT ( 'NONE',  ( -16.57499999999999929, -2.625000000000000000, 18.55336663013169840 ) ) ;
#4277 = CARTESIAN_POINT ( 'NONE',  ( 13.22901478587319879, 14.49486514259852044, -20.00000000000000000 ) ) ;
#4278 = CARTESIAN_POINT ( 'NONE',  ( 9.674999999999998934, 10.09999999999999964, -31.19659787680119933 ) ) ;
#4279 = ORIENTED_EDGE ( 'NONE', *, *, #9076, .T. ) ;
#4280 = FACE_OUTER_BOUND ( 'NONE', #6656, .T. ) ;
#4281 = EDGE_CURVE ( 'NONE', #9434, #524, #8881, .T. ) ;
#4282 = ADVANCED_FACE ( 'NONE', ( #9633 ), #4255, .T. ) ;
#4283 = CARTESIAN_POINT ( 'NONE',  ( -22.91199948483015092, -11.99914153647505444, -0.9997138454918149675 ) ) ;
#4284 = CARTESIAN_POINT ( 'NONE',  ( -27.58799846505769793, 7.958666454552010272, 0.3471111818160080298 ) ) ;
#4285 = CARTESIAN_POINT ( 'NONE',  ( 10.55465560883613740, -12.35453181731397798, 0.2362009175911792824 ) ) ;
#4286 = CARTESIAN_POINT ( 'NONE',  ( 23.24306984255327890, -12.42465322757329460, -19.88595988552842186 ) ) ;
#4287 = EDGE_CURVE ( 'NONE', #7500, #8000, #8796, .T. ) ;
#4288 = CARTESIAN_POINT ( 'NONE',  ( 26.33113146233149848, -11.15565314616271841, -15.14991514362639968 ) ) ;
#4289 = CARTESIAN_POINT ( 'NONE',  ( -26.62500000000000000, -7.100000000000000533, -36.29999999999999716 ) ) ;
#4290 = ORIENTED_EDGE ( 'NONE', *, *, #4025, .F. ) ;
#4291 = CARTESIAN_POINT ( 'NONE',  ( 26.62500000000000000, -9.440653468857238551, 0.3368297955003975441 ) ) ;
#4292 = APPROVAL ( #2435, '未指定' ) ;
#4293 = VERTEX_POINT ( 'NONE', #6474 ) ;
#4294 = EDGE_CURVE ( 'NONE', #5793, #2921, #2204, .T. ) ;
#4295 = ORIENTED_EDGE ( 'NONE', *, *, #7546, .F. ) ;
#4296 = ORIENTED_EDGE ( 'NONE', *, *, #7659, .T. ) ;
#4297 = ORIENTED_EDGE ( 'NONE', *, *, #9301, .F. ) ;
#4298 = CARTESIAN_POINT ( 'NONE',  ( -26.62500000000000000, 10.09999999999999964, -9.849999999999999645 ) ) ;
#4299 = CARTESIAN_POINT ( 'NONE',  ( 3.649014785873204936, 16.14421494571415039, -15.00000000000000000 ) ) ;
#4300 = CARTESIAN_POINT ( 'NONE',  ( -25.75742282212560141, -7.618132245326361129, 5.830556259100703187 ) ) ;
#4301 = CARTESIAN_POINT ( 'NONE',  ( 15.12500000000000000, 0.000000000000000000, 23.09999999999999787 ) ) ;
#4302 = AXIS2_PLACEMENT_3D ( 'NONE', #2639, #4955, #6224 ) ;
#4303 = DIRECTION ( 'NONE',  ( 0.000000000000000000, -1.000000000000000000, 0.000000000000000000 ) ) ;
#4304 = ORIENTED_EDGE ( 'NONE', *, *, #444, .F. ) ;
#4305 = VERTEX_POINT ( 'NONE', #3290 ) ;
#4306 = VECTOR ( 'NONE', #6219, 1000.000000000000000 ) ;
#4307 = FACE_BOUND ( 'NONE', #7755, .T. ) ;
#4308 = CARTESIAN_POINT ( 'NONE',  ( 8.679014785873198079, 15.63421494571415060, -25.00000000000000000 ) ) ;
#4309 = PLANE ( 'NONE',  #472 ) ;
#4310 = FACE_OUTER_BOUND ( 'NONE', #5258, .T. ) ;
#4311 = ADVANCED_FACE ( 'NONE', ( #1497 ), #8292, .T. ) ;
#4312 = CARTESIAN_POINT ( 'NONE',  ( 12.30841246639646869, 14.10421737739790338, -25.11843354744632961 ) ) ;
#4313 = CARTESIAN_POINT ( 'NONE',  ( 11.70043750253782200, 10.09999999999999964, -30.22927167012525018 ) ) ;
#4315 = AXIS2_PLACEMENT_3D ( 'NONE', #7876, #2647, #1811 ) ;
#4314 = CARTESIAN_POINT ( 'NONE',  ( -1.155324610415570774, 14.52448115156835406, -24.99999999999996803 ) ) ;
#4316 = EDGE_LOOP ( 'NONE', ( #8192, #6362, #9063, #8463, #3711, #5090, #4352, #4196, #7339, #1002, #6855, #3066, #5560 ) ) ;
#4317 = CARTESIAN_POINT ( 'NONE',  ( -21.60188045512622423, -12.00000000000000178, 6.505745400281713664 ) ) ;
#4318 = CARTESIAN_POINT ( 'NONE',  ( 20.62500000000000000, 2.625000000000000000, 29.64663336986835063 ) ) ;
#4319 = CARTESIAN_POINT ( 'NONE',  ( -22.81564465462905034, -4.610674172010035043, 18.30567163650487217 ) ) ;
#4320 = CYLINDRICAL_SURFACE ( 'NONE', #8299, 2.000000000000001776 ) ;
#4321 = DIRECTION ( 'NONE',  ( -1.000000000000000000, 0.000000000000000000, 0.000000000000000000 ) ) ;
#4322 = DIRECTION ( 'NONE',  ( 0.000000000000000000, 0.000000000000000000, -1.000000000000000000 ) ) ;
#4323 = EDGE_CURVE ( 'NONE', #8838, #4542, #3489, .T. ) ;
#4324 = FACE_BOUND ( 'NONE', #3848, .T. ) ;
#4325 = FACE_OUTER_BOUND ( 'NONE', #2815, .T. ) ;
#4326 = ORIENTED_EDGE ( 'NONE', *, *, #7788, .T. ) ;
#4327 = CARTESIAN_POINT ( 'NONE',  ( 24.43444758962652941, 12.27972048237094072, -19.72062263500495405 ) ) ;
#4328 = EDGE_CURVE ( 'NONE', #6935, #5045, #6747, .T. ) ;
#4329 = CARTESIAN_POINT ( 'NONE',  ( -12.49089501379522815, 14.92925949280089171, -9.209672588733480936 ) ) ;
#4330 = CARTESIAN_POINT ( 'NONE',  ( -25.98550289468619923, 11.38925323846350146, -0.7964177461544879044 ) ) ;
#4331 = EDGE_CURVE ( 'NONE', #1726, #615, #8524, .T. ) ;
#4332 = CARTESIAN_POINT ( 'NONE',  ( -5.238654370423503792, 13.72025277465809445, -36.25637335468118749 ) ) ;
#4333 = CARTESIAN_POINT ( 'NONE',  ( 25.30764426930738864, -12.16928908502773510, -15.57572801989350886 ) ) ;
#4334 = CARTESIAN_POINT ( 'NONE',  ( 25.29906244294154760, -11.27605323092913991, -18.13600817114114960 ) ) ;
#4335 = FACE_OUTER_BOUND ( 'NONE', #5181, .T. ) ;
#4336 = CARTESIAN_POINT ( 'NONE',  ( 0.9290147858732039632, 19.28421494571415096, -25.00000000000000000 ) ) ;
#4337 = ORIENTED_EDGE ( 'NONE', *, *, #3301, .T. ) ;
#4338 = CARTESIAN_POINT ( 'NONE',  ( 26.62499999999999289, -9.351120713471740231, 0.3716122376596061039 ) ) ;
#4339 = ORIENTED_EDGE ( 'NONE', *, *, #6867, .T. ) ;
#4340 = ORIENTED_EDGE ( 'NONE', *, *, #2352, .F. ) ;
#4341 = ORIENTED_EDGE ( 'NONE', *, *, #8438, .F. ) ;
#4342 = EDGE_CURVE ( 'NONE', #8978, #9121, #293, .T. ) ;
#4343 = AXIS2_PLACEMENT_3D ( 'NONE', #1268, #5874, #5828 ) ;
#4344 = EDGE_CURVE ( 'NONE', #1649, #4068, #4274, .T. ) ;
#4345 = ORIENTED_EDGE ( 'NONE', *, *, #7840, .T. ) ;
#4346 = DIRECTION ( 'NONE',  ( 1.000000000000000000, 0.000000000000000000, 2.881657216719184962E-16 ) ) ;
#4347 = CARTESIAN_POINT ( 'NONE',  ( 11.01734406727459437, 12.22635127097436403, 0.3656090471592497448 ) ) ;
#4348 = CARTESIAN_POINT ( 'NONE',  ( 8.679014785873198079, 15.63421494571415060, -15.00000000000000000 ) ) ;
#4349 = LINE ( 'NONE', #8482, #7236 ) ;
#4350 = DIRECTION ( 'NONE',  ( -1.000000000000000000, 0.000000000000000000, 0.000000000000000000 ) ) ;
#4351 = ORIENTED_EDGE ( 'NONE', *, *, #6392, .F. ) ;
#4352 = ORIENTED_EDGE ( 'NONE', *, *, #6637, .F. ) ;
#4353 = AXIS2_PLACEMENT_3D ( 'NONE', #6253, #5714, #3550 ) ;
#4354 = ORIENTED_EDGE ( 'NONE', *, *, #2747, .T. ) ;
#4355 = CARTESIAN_POINT ( 'NONE',  ( -26.62500000000000000, -2.625000000000000000, 20.55336663013170195 ) ) ;
#4356 = CIRCLE ( 'NONE', #9241, 12.00000000000000000 ) ;
#4357 = DIRECTION ( 'NONE',  ( 0.8000000000000000444, -0.5999999999999999778, 0.000000000000000000 ) ) ;
#4358 = CARTESIAN_POINT ( 'NONE',  ( 12.22901478587320057, 18.28421494571415451, -15.00000000000000000 ) ) ;
#4359 = DIRECTION ( 'NONE',  ( -0.6652809670318280411, 0.7465930852246059901, 0.000000000000000000 ) ) ;
#4360 = CARTESIAN_POINT ( 'NONE',  ( 12.31774203623873731, 14.08303971443509894, -25.12966433831442004 ) ) ;
#4361 = CARTESIAN_POINT ( 'NONE',  ( 4.329014785873204652, 14.61047937500280369, -14.82986633944382504 ) ) ;
#4362 = AXIS2_PLACEMENT_3D ( 'NONE', #9330, #4839, #955 ) ;
#4363 = ORIENTED_EDGE ( 'NONE', *, *, #6852, .T. ) ;
#4364 = CARTESIAN_POINT ( 'NONE',  ( -25.79146423042338654, -9.102446480130199191, 5.145423778929949066 ) ) ;
#4365 = DIRECTION ( 'NONE',  ( -2.312964634635744929E-16, 0.000000000000000000, 1.000000000000000000 ) ) ;
#4366 = CARTESIAN_POINT ( 'NONE',  ( -22.79491459295525146, -4.624683101954608411, 18.51523825311423366 ) ) ;
#4367 = FACE_OUTER_BOUND ( 'NONE', #8743, .T. ) ;
#4368 = CARTESIAN_POINT ( 'NONE',  ( -25.89720774447075158, -8.103426060940028819, 5.341209296556019837 ) ) ;
#4369 = DIRECTION ( 'NONE',  ( 1.000000000000000000, 0.000000000000000000, 0.000000000000000000 ) ) ;
#4370 = CARTESIAN_POINT ( 'NONE',  ( -13.57500000000000107, -8.768250222726480914, 5.088209185381279198 ) ) ;
#4371 = CARTESIAN_POINT ( 'NONE',  ( 7.675000000000000711, -7.100000000000000533, -36.29999999999999716 ) ) ;
#4372 = ORIENTED_EDGE ( 'NONE', *, *, #7891, .T. ) ;
#4373 = CARTESIAN_POINT ( 'NONE',  ( 26.00349391983355218, 11.19388992144394024, -16.37470872419229906 ) ) ;
#4374 = CIRCLE ( 'NONE', #3888, 1.049999999999998934 ) ;
#4375 = CARTESIAN_POINT ( 'NONE',  ( -25.84377326067534852, -10.38441971753785964, 0.3781960415407560339 ) ) ;
#4376 = CIRCLE ( 'NONE', #6257, 1.000000000000000888 ) ;
#4377 = CARTESIAN_POINT ( 'NONE',  ( -26.12332815907909733, 9.943399602979379637, 0.5529552723697019889 ) ) ;
#4378 = CARTESIAN_POINT ( 'NONE',  ( 10.56797049483293982, -12.35062475368353496, 0.2395305234483489643 ) ) ;
#4379 = CARTESIAN_POINT ( 'NONE',  ( 23.94413449848557107, -12.33928114454701408, -18.77251649870120431 ) ) ;
#4380 = AXIS2_PLACEMENT_3D ( 'NONE', #9608, #8170, #8117 ) ;
#4381 = CARTESIAN_POINT ( 'NONE',  ( 21.76515566497689846, -11.67736401409513824, -23.15934521014814962 ) ) ;
#4382 = CARTESIAN_POINT ( 'NONE',  ( 12.22901478587320057, 14.49486514259852044, -14.99592521518851918 ) ) ;
#4383 = CARTESIAN_POINT ( 'NONE',  ( 26.62500000000000000, 2.625000000000000000, 18.55336663013169840 ) ) ;
#4384 = EDGE_LOOP ( 'NONE', ( #8858, #4763 ) ) ;
#4385 = CARTESIAN_POINT ( 'NONE',  ( 26.62500000000000355, 9.465872037266841232, 0.3272366072829801520 ) ) ;
#4386 = EDGE_LOOP ( 'NONE', ( #5126, #56, #1824, #2376, #8826, #8200, #2508, #8253 ) ) ;
#4387 = ORIENTED_EDGE ( 'NONE', *, *, #7161, .F. ) ;
#4388 = EDGE_CURVE ( 'NONE', #1852, #1082, #5175, .T. ) ;
#4389 = VECTOR ( 'NONE', #5436, 1000.000000000000000 ) ;
#4390 = ORIENTED_EDGE ( 'NONE', *, *, #8546, .T. ) ;
#4391 = VECTOR ( 'NONE', #4934, 1000.000000000000000 ) ;
#4392 = ORIENTED_EDGE ( 'NONE', *, *, #5182, .F. ) ;
#4393 = DIRECTION ( 'NONE',  ( 2.881657216719184962E-16, -7.509625437129029427E-17, -1.000000000000000000 ) ) ;
#4394 = CARTESIAN_POINT ( 'NONE',  ( 10.66390726892450935, 12.32279267401897727, 0.2641237837604782368 ) ) ;
#4395 = DIRECTION ( 'NONE',  ( 0.000000000000000000, 0.000000000000000000, -1.000000000000000000 ) ) ;
#4396 = VECTOR ( 'NONE', #5267, 1000.000000000000000 ) ;
#4397 = CARTESIAN_POINT ( 'NONE',  ( -1.070985214126795926, 15.52145826415290131, -15.00000000000000000 ) ) ;
#4398 = DIRECTION ( 'NONE',  ( 0.000000000000000000, 0.000000000000000000, -1.000000000000000000 ) ) ;
#4399 = ORIENTED_EDGE ( 'NONE', *, *, #2824, .F. ) ;
#4400 = ORIENTED_EDGE ( 'NONE', *, *, #628, .F. ) ;
#4401 = CIRCLE ( 'NONE', #2838, 1.049999999999998934 ) ;
#4402 = EDGE_CURVE ( 'NONE', #3355, #8700, #5653, .T. ) ;
#4403 = VERTEX_POINT ( 'NONE', #3488 ) ;
#4404 = AXIS2_PLACEMENT_3D ( 'NONE', #4277, #3539, #5898 ) ;
#4405 = EDGE_CURVE ( 'NONE', #2330, #2080, #9019, .T. ) ;
#4406 = FACE_OUTER_BOUND ( 'NONE', #9679, .T. ) ;
#4407 = VECTOR ( 'NONE', #6639, 1000.000000000000000 ) ;
#4408 = CARTESIAN_POINT ( 'NONE',  ( -22.66453524020094790, -1.448872383318616786, 20.17226437228593738 ) ) ;
#4409 = EDGE_CURVE ( 'NONE', #3705, #2083, #6884, .T. ) ;
#4410 = LINE ( 'NONE', #8062, #4867 ) ;
#4411 = CARTESIAN_POINT ( 'NONE',  ( -26.62500000000000000, 15.00000000000000000, -39.30000000000000426 ) ) ;
#4412 = DIRECTION ( 'NONE',  ( 1.000000000000000000, 0.000000000000000000, 4.956352788505160310E-16 ) ) ;
#4413 = CARTESIAN_POINT ( 'NONE',  ( 12.28665278067712130, 14.16011654124930708, -25.09158770483463030 ) ) ;
#4414 = CARTESIAN_POINT ( 'NONE',  ( -16.11750752527024844, 14.98290683311570426, -37.11729713738127145 ) ) ;
#4415 = CARTESIAN_POINT ( 'NONE',  ( 12.29612476570977186, 14.13388297314570607, -14.89644680442344260 ) ) ;
#4416 = EDGE_CURVE ( 'NONE', #2271, #1946, #2897, .T. ) ;
#4417 = EDGE_CURVE ( 'NONE', #7098, #9081, #1562, .T. ) ;
#4418 = EDGE_LOOP ( 'NONE', ( #7926, #5234, #3356, #2481 ) ) ;
#4419 = CARTESIAN_POINT ( 'NONE',  ( -21.29923514659235195, -12.00000000000000000, 6.505745400281710999 ) ) ;
#4420 = CARTESIAN_POINT ( 'NONE',  ( 1.246912619490196050, 12.09999999999999964, -32.41642022523459588 ) ) ;
#4421 = DIRECTION ( 'NONE',  ( 0.000000000000000000, 0.000000000000000000, -1.000000000000000000 ) ) ;
#4422 = EDGE_CURVE ( 'NONE', #6948, #7262, #3536, .T. ) ;
#4423 = CARTESIAN_POINT ( 'NONE',  ( -25.88149274113349918, -8.034404220148790188, 5.402638204559149671 ) ) ;
#4424 = CARTESIAN_POINT ( 'NONE',  ( -15.85370546864774788, -14.98518995130041986, -17.84236234321799941 ) ) ;
#4425 = CARTESIAN_POINT ( 'NONE',  ( -16.57499999999999929, -2.625000000000000000, 28.69663336986829805 ) ) ;
#4426 = FACE_OUTER_BOUND ( 'NONE', #2377, .T. ) ;
#4427 = ORIENTED_EDGE ( 'NONE', *, *, #8258, .F. ) ;
#4428 = CARTESIAN_POINT ( 'NONE',  ( 20.32946951420209913, 12.76533469070311888, -23.27448429404925179 ) ) ;
#4429 =( BOUNDED_CURVE ( )  B_SPLINE_CURVE ( 3, ( #4555, #3077, #3174, #3908 ),
 .UNSPECIFIED., .F., .T. ) 
 B_SPLINE_CURVE_WITH_KNOTS ( ( 4, 4 ),
 ( 1.291176917018844073, 1.295675850083360059 ),
 .UNSPECIFIED. ) 
 CURVE ( )  GEOMETRIC_REPRESENTATION_ITEM ( )  RATIONAL_B_SPLINE_CURVE ( ( 1.000000000000000000, 0.9999983133008180092, 0.9999983133008180092, 1.000000000000000000 ) ) 
 REPRESENTATION_ITEM ( '' )  );
#4430 = CARTESIAN_POINT ( 'NONE',  ( -25.98550289468590080, -11.38925323846378035, -0.7964177461545839387 ) ) ;
#4431 = CARTESIAN_POINT ( 'NONE',  ( -25.54112211021335810, 10.75381358589539715, -0.5846045286320226131 ) ) ;
#4432 = CARTESIAN_POINT ( 'NONE',  ( 14.59896634192094567, 12.40577804766533454, -28.62764796087376595 ) ) ;
#4433 = DIRECTION ( 'NONE',  ( 0.000000000000000000, 0.000000000000000000, -1.000000000000000000 ) ) ;
#4434 = CARTESIAN_POINT ( 'NONE',  ( 19.54362398273585200, -11.91602493008227981, -25.18389228565299831 ) ) ;
#4435 = CARTESIAN_POINT ( 'NONE',  ( -13.49649023082927890, 14.96088833646641980, -13.12850976917092005 ) ) ;
#4436 = DIRECTION ( 'NONE',  ( 0.000000000000000000, -1.000000000000000000, 0.000000000000000000 ) ) ;
#4437 = ORIENTED_EDGE ( 'NONE', *, *, #1951, .T. ) ;
#4438 = LINE ( 'NONE', #567, #9359 ) ;
#4439 = ORIENTED_EDGE ( 'NONE', *, *, #4089, .T. ) ;
#4440 = VERTEX_POINT ( 'NONE', #6539 ) ;
#4441 = VERTEX_POINT ( 'NONE', #3680 ) ;
#4442 = ORIENTED_EDGE ( 'NONE', *, *, #6625, .F. ) ;
#4443 = DIRECTION ( 'NONE',  ( 0.000000000000000000, 0.000000000000000000, -1.000000000000000000 ) ) ;
#4444 = CARTESIAN_POINT ( 'NONE',  ( -0.8201874071187995607, 14.55331774979522486, -14.30077187413826678 ) ) ;
#4445 = LINE ( 'NONE', #8834, #2022 ) ;
#4446 = CARTESIAN_POINT ( 'NONE',  ( -22.62256308275784633, -12.00000000000000000, -0.2792407799438650362 ) ) ;
#4447 = CARTESIAN_POINT ( 'NONE',  ( 18.17312819401014679, -13.00000000567215963, 0.000000000000000000 ) ) ;
#4448 = VERTEX_POINT ( 'NONE', #6589 ) ;
#4449 = ORIENTED_EDGE ( 'NONE', *, *, #5968, .T. ) ;
#4450 = ADVANCED_FACE ( 'NONE', ( #7334 ), #2064, .T. ) ;
#4451 = ORIENTED_EDGE ( 'NONE', *, *, #5295, .T. ) ;
#4452 = LINE ( 'NONE', #5735, #5236 ) ;
#4453 = EDGE_CURVE ( 'NONE', #6221, #7905, #7433, .T. ) ;
#4454 = CARTESIAN_POINT ( 'NONE',  ( 9.674999999999998934, -10.09999999999999964, -29.30000000000000071 ) ) ;
#4455 = CARTESIAN_POINT ( 'NONE',  ( -22.69026397586656429, 1.043998751068189401, 19.77987121948661908 ) ) ;
#4456 = CARTESIAN_POINT ( 'NONE',  ( -26.62500000000000000, 2.625000000000000000, 16.55336663013170195 ) ) ;
#4457 = CARTESIAN_POINT ( 'NONE',  ( 7.675000000000000711, 10.09999999999999964, -9.849999999999999645 ) ) ;
#4458 =( LENGTH_UNIT ( ) NAMED_UNIT ( * ) SI_UNIT ( .MILLI., .METRE. ) );
#4459 = CARTESIAN_POINT ( 'NONE',  ( 7.892821782178219614, 12.09999999999999964, -29.30000000000000071 ) ) ;
#4460 = VERTEX_POINT ( 'NONE', #2944 ) ;
#4461 = EDGE_CURVE ( 'NONE', #4491, #8921, #9564, .T. ) ;
#4462 = FACE_OUTER_BOUND ( 'NONE', #5722, .T. ) ;
#4463 = EDGE_CURVE ( 'NONE', #8778, #9649, #2896, .T. ) ;
#4464 = DIRECTION ( 'NONE',  ( 0.000000000000000000, 0.000000000000000000, -1.000000000000000000 ) ) ;
#4465 = AXIS2_PLACEMENT_3D ( 'NONE', #725, #4599, #7611 ) ;
#4466 = DIRECTION ( 'NONE',  ( 0.000000000000000000, 0.000000000000000000, -1.000000000000000000 ) ) ;
#4467 = DIRECTION ( 'NONE',  ( 0.000000000000000000, 0.000000000000000000, -1.000000000000000000 ) ) ;
#4468 = CARTESIAN_POINT ( 'NONE',  ( -19.62500000000000000, 15.00000000000000000, -2.775557561562889773E-14 ) ) ;
#4469 = DIRECTION ( 'NONE',  ( -1.000000000000000000, 0.000000000000000000, 0.000000000000000000 ) ) ;
#4470 = ORIENTED_EDGE ( 'NONE', *, *, #2786, .T. ) ;
#4471 = CARTESIAN_POINT ( 'NONE',  ( -0.07098521412679600906, 18.28421494571415451, -25.00000000000000000 ) ) ;
#4472 = VECTOR ( 'NONE', #460, 1000.000000000000000 ) ;
#4473 = CARTESIAN_POINT ( 'NONE',  ( -25.11183918117210112, -11.13567917473013935, 0.07829923352458231789 ) ) ;
#4474 = CARTESIAN_POINT ( 'NONE',  ( -24.19335834277600128, 11.67946967121185331, -0.1425048495514172897 ) ) ;
#4475 = DIRECTION ( 'NONE',  ( 2.478176394252581634E-16, 0.000000000000000000, -1.000000000000000000 ) ) ;
#4476 = CARTESIAN_POINT ( 'NONE',  ( 23.95586013000310999, -12.33784194004949697, -18.75217111131824410 ) ) ;
#4477 = DIRECTION ( 'NONE',  ( 0.000000000000000000, 0.000000000000000000, -1.000000000000000000 ) ) ;
#4478 = CYLINDRICAL_SURFACE ( 'NONE', #4979, 1.049999999999998934 ) ;
#4479 = LINE ( 'NONE', #609, #1566 ) ;
#4480 = EDGE_LOOP ( 'NONE', ( #9463, #1853, #9680, #1449 ) ) ;
#4481 = CARTESIAN_POINT ( 'NONE',  ( 26.62500000000000355, 10.24595943168963075, 0.08907773117653566830 ) ) ;
#4482 = EDGE_LOOP ( 'NONE', ( #8007, #1080, #166, #3494 ) ) ;
#4483 = EDGE_LOOP ( 'NONE', ( #2768, #3804, #7961, #8434, #7112, #6669, #3128, #9388, #8059, #5573 ) ) ;
#4484 = ORIENTED_EDGE ( 'NONE', *, *, #3620, .T. ) ;
#4485 = ORIENTED_EDGE ( 'NONE', *, *, #8513, .T. ) ;
#4486 = CARTESIAN_POINT ( 'NONE',  ( 14.54209662844437112, -12.41105595152730068, -28.66128746610122491 ) ) ;
#4487 = CARTESIAN_POINT ( 'NONE',  ( -0.9809436136092231084, 14.52390563697989911, -14.14124995739390833 ) ) ;
#4488 = DIRECTION ( 'NONE',  ( -1.000000000000000000, 0.000000000000000000, -3.469446951953614189E-16 ) ) ;
#4489 = CARTESIAN_POINT ( 'NONE',  ( -24.22841636547413557, -11.66434476250809560, -0.1362796232957781128 ) ) ;
#4490 = DIRECTION ( 'NONE',  ( 0.000000000000000000, 0.000000000000000000, -1.000000000000000000 ) ) ;
#4491 = VERTEX_POINT ( 'NONE', #1516 ) ;
#4492 = ORIENTED_EDGE ( 'NONE', *, *, #4929, .T. ) ;
#4493 = ORIENTED_EDGE ( 'NONE', *, *, #1524, .F. ) ;
#4494 = ORIENTED_EDGE ( 'NONE', *, *, #2974, .T. ) ;
#4495 = CYLINDRICAL_SURFACE ( 'NONE', #58, 8.000000000000000000 ) ;
#4496 = DIRECTION ( 'NONE',  ( -2.164016633576080066E-32, 1.000000000000000000, 7.509625437129029427E-17 ) ) ;
#4497 = CARTESIAN_POINT ( 'NONE',  ( -22.64274064696089894, 2.625000000000000000, 20.55336663013170195 ) ) ;
#4498 = AXIS2_PLACEMENT_3D ( 'NONE', #3650, #8870, #6508 ) ;
#4499 = CARTESIAN_POINT ( 'NONE',  ( 23.42804291708245046, 11.93668189369638988, 0.8398705068701322052 ) ) ;
#4500 = CARTESIAN_POINT ( 'NONE',  ( -24.51908135469474814, -7.902763757320330207, 9.591693595492580826 ) ) ;
#4501 = DIRECTION ( 'NONE',  ( -1.079438565345102177E-14, 0.000000000000000000, -1.000000000000000000 ) ) ;
#4502 = EDGE_CURVE ( 'NONE', #4673, #1893, #5143, .T. ) ;
#4503 = ORIENTED_EDGE ( 'NONE', *, *, #7595, .T. ) ;
#4504 = AXIS2_PLACEMENT_3D ( 'NONE', #7966, #3475, #3428 ) ;
#4505 = DIRECTION ( 'NONE',  ( 0.000000000000000000, 0.000000000000000000, -1.000000000000000000 ) ) ;
#4506 = CARTESIAN_POINT ( 'NONE',  ( -0.07239137861977100463, 15.46844551391894917, -15.00000000000000000 ) ) ;
#4507 = CARTESIAN_POINT ( 'NONE',  ( 7.829014785873200211, 15.63421494571415060, -15.00000000000000000 ) ) ;
#4508 = DIRECTION ( 'NONE',  ( 0.000000000000000000, 0.7071067811865480168, -0.7071067811865470176 ) ) ;
#4509 = CARTESIAN_POINT ( 'NONE',  ( -22.58098954362761646, -3.398997358107836320, 22.34249898884133501 ) ) ;
#4510 = CARTESIAN_POINT ( 'NONE',  ( 24.99490269868724113, 12.20882269116767915, -16.58570519405904165 ) ) ;
#4511 = VERTEX_POINT ( 'NONE', #594 ) ;
#4512 = CARTESIAN_POINT ( 'NONE',  ( -7.857957375440803638, 14.81471553034377386, -36.87487044345181175 ) ) ;
#4513 = EDGE_CURVE ( 'NONE', #2258, #5416, #1229, .T. ) ;
#4514 = CIRCLE ( 'NONE', #5130, 4.000000000000000000 ) ;
#4515 = B_SPLINE_CURVE_WITH_KNOTS ( 'NONE', 3,
 ( #7842, #5514, #307, #9214, #2460, #5460, #8479, #1732, #8534, #1779, #4785, #1048, #3305, #6305, #2720, #7202, #8911, #1299, #3456, #513, #4285, #4378, #1390, #3499, #9621, #2810, #6548, #5758, #8043, #2911, #8771, #7396, #5905, #8086, #8132, #657, #5026 ),
 .UNSPECIFIED., .F., .F.,
 ( 4, 2, 2, 1, 1, 1, 1, 2, 2, 2, 2, 1, 1, 1, 2, 2, 2, 1, 1, 1, 1, 2, 2, 4 ),
 ( 0.000000000000000000, 0.1249999999999503175, 0.1874999999999252542, 0.2187499999999125144, 0.2343749999999066302, 0.2421874999999028555, 0.2460937499999018285, 0.2480468749999013012, 0.2499999999999008016, 0.3749999999999387712, 0.4374999999999569789, 0.4687499999999654721, 0.4843749999999695244, 0.4921874999999713562, 0.4960937499999718003, 0.4999999999999722444, 0.6249999999999661382, 0.6874999999999630296, 0.7187499999999614753, 0.7343749999999612532, 0.7421874999999605871, 0.7460937499999610312, 0.7499999999999614753, 1.000000000000000000 ),
 .UNSPECIFIED. ) ;
#4516 = VECTOR ( 'NONE', #4187, 1000.000000000000000 ) ;
#4517 = EDGE_CURVE ( 'NONE', #1726, #8242, #1958, .T. ) ;
#4518 = ADVANCED_FACE ( 'NONE', ( #3584 ), #5895, .F. ) ;
#4519 = CARTESIAN_POINT ( 'NONE',  ( -22.94158610947228283, 4.083598126097639280, 17.18491563555560830 ) ) ;
#4520 = CARTESIAN_POINT ( 'NONE',  ( -26.32092707647800012, 9.496722150361430081, 0.7294691456647963701 ) ) ;
#4521 = CARTESIAN_POINT ( 'NONE',  ( 23.44236242853058982, 11.49007271989058054, -21.16418099350971715 ) ) ;
#4522 = CARTESIAN_POINT ( 'NONE',  ( -24.62500000000000000, 8.000000000000000000, -37.79999999999999716 ) ) ;
#4523 = VECTOR ( 'NONE', #1844, 1000.000000000000000 ) ;
#4524 = CARTESIAN_POINT ( 'NONE',  ( -3.517879973720624776, -14.64576237967706085, -34.83518185394499511 ) ) ;
#4525 = LINE ( 'NONE', #2363, #9553 ) ;
#4526 = CARTESIAN_POINT ( 'NONE',  ( -20.08022943300535701, 14.32378970714607824, -1.774596569048685346 ) ) ;
#4527 = EDGE_CURVE ( 'NONE', #7368, #9617, #4035, .T. ) ;
#4528 = ORIENTED_EDGE ( 'NONE', *, *, #7052, .T. ) ;
#4529 = CARTESIAN_POINT ( 'NONE',  ( 26.62500000000000000, 8.556935524472638832, 0.7239140920174060856 ) ) ;
#4530 = ORIENTED_EDGE ( 'NONE', *, *, #8808, .F. ) ;
#4531 = ORIENTED_EDGE ( 'NONE', *, *, #8676, .F. ) ;
#4532 = EDGE_CURVE ( 'NONE', #2725, #1937, #3726, .T. ) ;
#4533 = AXIS2_PLACEMENT_3D ( 'NONE', #8813, #8121, #7434 ) ;
#4534 = VERTEX_POINT ( 'NONE', #5797 ) ;
#4535 = CARTESIAN_POINT ( 'NONE',  ( 8.199044668462795116, -12.94631022088963590, -31.85464983892231317 ) ) ;
#4536 = CARTESIAN_POINT ( 'NONE',  ( 9.615447359212158318, 12.65458919698346385, 0.06154785688148201733 ) ) ;
#4537 = CARTESIAN_POINT ( 'NONE',  ( -10.62712255461673827, 12.09999999999999964, -37.37460308772480033 ) ) ;
#4538 = CARTESIAN_POINT ( 'NONE',  ( -26.46000000000000085, 8.000000000000000000, -39.30000000000000426 ) ) ;
#4539 = DIRECTION ( 'NONE',  ( 0.000000000000000000, 0.000000000000000000, -1.000000000000000000 ) ) ;
#4540 = B_SPLINE_CURVE_WITH_KNOTS ( 'NONE', 3,
 ( #3798, #7688, #6107, #4537 ),
 .UNSPECIFIED., .F., .F.,
 ( 4, 4 ),
 ( 0.4987561283057240225, 0.8063589842322839152 ),
 .UNSPECIFIED. ) ;
#4541 = CIRCLE ( 'NONE', #304, 20.00000000000000000 ) ;
#4542 = VERTEX_POINT ( 'NONE', #4506 ) ;
#4543 = ORIENTED_EDGE ( 'NONE', *, *, #3449, .F. ) ;
#4544 = ORIENTED_EDGE ( 'NONE', *, *, #7213, .F. ) ;
#4545 = ORIENTED_EDGE ( 'NONE', *, *, #1221, .T. ) ;
#4546 = CIRCLE ( 'NONE', #5805, 2.000000000000001776 ) ;
#4547 = VECTOR ( 'NONE', #9731, 1000.000000000000000 ) ;
#4548 = AXIS2_PLACEMENT_3D ( 'NONE', #99, #6195, #3834 ) ;
#4549 = CARTESIAN_POINT ( 'NONE',  ( 23.53874349524465970, -11.89456262489011529, 0.8650607160161134512 ) ) ;
#4550 = DIRECTION ( 'NONE',  ( 0.000000000000000000, -1.000000000000000000, 0.000000000000000000 ) ) ;
#4551 = LINE ( 'NONE', #2243, #905 ) ;
#4552 = VECTOR ( 'NONE', #5437, 1000.000000000000000 ) ;
#4553 = CARTESIAN_POINT ( 'NONE',  ( -22.87476507408243265, 0.7936358606642599511, 17.74930395415603712 ) ) ;
#4554 = DIRECTION ( 'NONE',  ( 0.000000000000000000, -1.000000000000000000, 0.000000000000000000 ) ) ;
#4555 = CARTESIAN_POINT ( 'NONE',  ( -25.84821093924980318, -7.902763757320330207, 5.519797205070839929 ) ) ;
#4556 = CARTESIAN_POINT ( 'NONE',  ( -19.62500000000000000, -15.00000000000000000, -27.07106781186555011 ) ) ;
#4557 = CIRCLE ( 'NONE', #5194, 1.049999999999998934 ) ;
#4558 = ORIENTED_EDGE ( 'NONE', *, *, #386, .F. ) ;
#4559 = VECTOR ( 'NONE', #6930, 1000.000000000000000 ) ;
#4560 = PLANE ( 'NONE',  #337 ) ;
#4561 = EDGE_CURVE ( 'NONE', #3507, #7834, #4651, .T. ) ;
#4562 = CARTESIAN_POINT ( 'NONE',  ( 18.17312819401014679, -13.00000000000000000, 1.000000000000000000 ) ) ;
#4563 = DIRECTION ( 'NONE',  ( 0.000000000000000000, -1.000000000000000000, 0.000000000000000000 ) ) ;
#4564 = DIRECTION ( 'NONE',  ( 1.000000000000000000, 0.000000000000000000, 2.881657216719184962E-16 ) ) ;
#4565 = DIRECTION ( 'NONE',  ( 0.000000000000000000, 0.000000000000000000, -1.000000000000000000 ) ) ;
#4566 = DIRECTION ( 'NONE',  ( 0.000000000000000000, 0.000000000000000000, -1.000000000000000000 ) ) ;
#4567 = CARTESIAN_POINT ( 'NONE',  ( 17.64056985570545066, 12.11181398882250093, -26.65274198843194853 ) ) ;
#4568 = ADVANCED_FACE ( 'NONE', ( #4367 ), #4320, .F. ) ;
#4569 = CARTESIAN_POINT ( 'NONE',  ( -22.68897674179325818, 4.213560168283281726, 19.79291135640615806 ) ) ;
#4570 = PLANE ( 'NONE',  #447 ) ;
#4571 = CARTESIAN_POINT ( 'NONE',  ( 20.28950258640709592, 11.83676978988086148, -24.53304325923692275 ) ) ;
#4572 = DIRECTION ( 'NONE',  ( 0.000000000000000000, 0.000000000000000000, 1.000000000000000000 ) ) ;
#4573 = FACE_OUTER_BOUND ( 'NONE', #3701, .T. ) ;
#4574 = ADVANCED_FACE ( 'NONE', ( #2157 ), #922, .T. ) ;
#4575 = DIRECTION ( 'NONE',  ( 0.000000000000000000, 0.000000000000000000, -1.000000000000000000 ) ) ;
#4576 = DIRECTION ( 'NONE',  ( 0.000000000000000000, 0.000000000000000000, -1.000000000000000000 ) ) ;
#4577 = ORIENTED_EDGE ( 'NONE', *, *, #7060, .T. ) ;
#4578 = DIRECTION ( 'NONE',  ( -2.881657216719184962E-16, 7.509625437129029427E-17, 1.000000000000000000 ) ) ;
#4579 = ORIENTED_EDGE ( 'NONE', *, *, #4998, .T. ) ;
#4580 = ORIENTED_EDGE ( 'NONE', *, *, #1919, .T. ) ;
#4581 = CARTESIAN_POINT ( 'NONE',  ( -20.11666767661217747, -14.32379000772481348, -1.774596669241595759 ) ) ;
#4582 = EDGE_CURVE ( 'NONE', #5978, #8107, #4356, .T. ) ;
#4583 = CARTESIAN_POINT ( 'NONE',  ( 3.933116884129101987, 14.88195869114695569, -25.06120163070149687 ) ) ;
#4584 = CARTESIAN_POINT ( 'NONE',  ( 17.72254072177797113, -12.10484421125865850, -26.59394904537838400 ) ) ;
#4585 = CARTESIAN_POINT ( 'NONE',  ( 3.024999999999999911, 10.09999999999999964, -33.09999999999999432 ) ) ;
#4586 = DIRECTION ( 'NONE',  ( 0.6539012242937309871, 3.951483333003795327E-16, 0.7565799289349141032 ) ) ;
#4587 = EDGE_CURVE ( 'NONE', #8776, #29, #2951, .T. ) ;
#4588 = CARTESIAN_POINT ( 'NONE',  ( 15.12500000000000000, 0.000000000000000000, 23.09999999999999787 ) ) ;
#4589 = ORIENTED_EDGE ( 'NONE', *, *, #3449, .T. ) ;
#4590 = ORIENTED_EDGE ( 'NONE', *, *, #7250, .F. ) ;
#4591 = VERTEX_POINT ( 'NONE', #7570 ) ;
#4592 = ORIENTED_EDGE ( 'NONE', *, *, #6573, .T. ) ;
#4593 = B_SPLINE_SURFACE_WITH_KNOTS ( 'NONE', 2, 1, ( 
 ( #1730, #4732 ),
 ( #7737, #996 ),
 ( #4033, #8380 ) ),
 .UNSPECIFIED., .F., .F., .F.,
 ( 3, 3 ),
 ( 2, 2 ),
 ( 0.01897316060473875146, 1.000000000000000000 ),
 ( 0.000000000000000000, 1.000000000000000000 ),
 .UNSPECIFIED. ) ;
#4594 = CARTESIAN_POINT ( 'NONE',  ( -26.62500000000000000, 2.625000000000000000, 27.64663336986830089 ) ) ;
#4595 = CARTESIAN_POINT ( 'NONE',  ( -22.57500000000000284, 7.250000000000000000, 23.09999999999999787 ) ) ;
#4596 = DIRECTION ( 'NONE',  ( 0.000000000000000000, -7.242684271981950757E-17, 1.000000000000000000 ) ) ;
#4597 = CARTESIAN_POINT ( 'NONE',  ( -22.95974235211900805, -1.309607930859913116, 17.04006978415850071 ) ) ;
#4598 = DIRECTION ( 'NONE',  ( 0.000000000000000000, 0.000000000000000000, -1.000000000000000000 ) ) ;
#4599 = DIRECTION ( 'NONE',  ( 1.000000000000000000, 0.000000000000000000, 0.000000000000000000 ) ) ;
#4600 = CARTESIAN_POINT ( 'NONE',  ( -0.07098521412679639764, 15.46836889292180039, -25.00000000000000000 ) ) ;
#4601 = APPROVAL_ROLE ( '' ) ;
#4602 = DIRECTION ( 'NONE',  ( 1.000000000000000000, 0.000000000000000000, 2.881657216719180031E-16 ) ) ;
#4603 = ORIENTED_EDGE ( 'NONE', *, *, #8096, .T. ) ;
#4604 = DIRECTION ( 'NONE',  ( -1.000000000000000000, 0.000000000000000000, 0.000000000000000000 ) ) ;
#4605 = CARTESIAN_POINT ( 'NONE',  ( 22.58570401745162926, -11.99999999999998579, 0.2869032494206397721 ) ) ;
#4606 = CARTESIAN_POINT ( 'NONE',  ( 3.110228397150250235, 15.28111667604485113, -15.00000000000000000 ) ) ;
#4607 = LINE ( 'NONE', #7620, #7549 ) ;
#4608 = CIRCLE ( 'NONE', #1324, 1.999999999999998224 ) ;
#4609 = CARTESIAN_POINT ( 'NONE',  ( -23.16053390593274841, 15.00000000000000000, -23.53553390593269867 ) ) ;
#4610 = CARTESIAN_POINT ( 'NONE',  ( 21.66003598305571032, 12.61234737695561847, -21.89264278054015023 ) ) ;
#4611 = CARTESIAN_POINT ( 'NONE',  ( -17.29264573336124755, 14.99291452750208009, -37.21682414285059792 ) ) ;
#4612 = AXIS2_PLACEMENT_3D ( 'NONE', #1446, #2867, #662 ) ;
#4613 = CARTESIAN_POINT ( 'NONE',  ( -22.66453524020095855, 3.801127616662847153, 20.17226437229952296 ) ) ;
#4614 = DIRECTION ( 'NONE',  ( -2.881657216719180031E-16, 0.000000000000000000, 1.000000000000000000 ) ) ;
#4615 = EDGE_CURVE ( 'NONE', #1948, #5268, #6717, .T. ) ;
#4616 = CARTESIAN_POINT ( 'NONE',  ( 24.67387461135572835, 11.34851402292317779, -19.29929781857989823 ) ) ;
#4617 = CARTESIAN_POINT ( 'NONE',  ( 11.22901478587319879, 19.28421494571415096, -15.00000000000000000 ) ) ;
#4618 = CARTESIAN_POINT ( 'NONE',  ( -13.70095664271334002, -13.95508110029263982, -37.85770627432365387 ) ) ;
#4619 = B_SPLINE_CURVE_WITH_KNOTS ( 'NONE', 3,
 ( #586, #1421, #2844, #1280, #2886, #4413, #8845, #4312, #2150, #4360, #494, #4267, #5886, #3672, #8113, #2100, #3577, #5148, #9503, #2742, #1370, #5739, #7426, #9602, #7280, #7376, #639, #3478, #9549, #6485, #6532, #3632, #6630 ),
 .UNSPECIFIED., .F., .F.,
 ( 4, 2, 2, 1, 1, 2, 2, 2, 2, 1, 1, 2, 2, 2, 2, 1, 2, 2, 4 ),
 ( 0.000000000000000000, 0.1250000000000070499, 0.1875000000000097422, 0.2187500000000116573, 0.2343750000000119904, 0.2421875000000116851, 0.2500000000000113798, 0.3749999999999619749, 0.4374999999999372724, 0.4687499999999280020, 0.4843749999999225619, 0.4921874999999175659, 0.4999999999999125699, 0.6249999999999530376, 0.6874999999999733546, 0.7187499999999810152, 0.7343749999999827915, 0.7499999999999845679, 1.000000000000000000 ),
 .UNSPECIFIED. ) ;
#4620 = DIRECTION ( 'NONE',  ( 1.000000000000000000, 0.000000000000000000, 2.881657216719184962E-16 ) ) ;
#4621 = DIRECTION ( 'NONE',  ( 0.000000000000000000, 1.000000000000000000, 0.000000000000000000 ) ) ;
#4622 = ORIENTED_EDGE ( 'NONE', *, *, #3233, .T. ) ;
#4623 = DIRECTION ( 'NONE',  ( -1.000000000000000000, 0.000000000000000000, 0.000000000000000000 ) ) ;
#4624 = ORIENTED_EDGE ( 'NONE', *, *, #169, .T. ) ;
#4625 = CIRCLE ( 'NONE', #3374, 1.999999999999998224 ) ;
#4626 = ADVANCED_FACE ( 'NONE', ( #6176 ), #8311, .T. ) ;
#4627 = EDGE_CURVE ( 'NONE', #4830, #5178, #7510, .T. ) ;
#4628 = CARTESIAN_POINT ( 'NONE',  ( -20.57547961585883201, -14.32379000772478328, -1.774596669241587099 ) ) ;
#4629 = CARTESIAN_POINT ( 'NONE',  ( 4.265704676440853937, 14.78421494571415096, -25.09270283050765826 ) ) ;
#4630 = CARTESIAN_POINT ( 'NONE',  ( 8.182974898767335858, -12.94752990827525352, -31.86157560821224877 ) ) ;
#4631 = CARTESIAN_POINT ( 'NONE',  ( -26.62500000000000000, -9.598315762216030222, 6.973962995481640288E-15 ) ) ;
#4632 = VECTOR ( 'NONE', #1094, 1000.000000000000000 ) ;
#4633 = DIRECTION ( 'NONE',  ( 0.000000000000000000, -5.421010862427519212E-16, -1.000000000000000000 ) ) ;
#4634 = CARTESIAN_POINT ( 'NONE',  ( 20.62500000000000000, 2.625000000000000000, 27.64663336986835063 ) ) ;
#4635 = EDGE_LOOP ( 'NONE', ( #6511, #2419, #1326, #1184 ) ) ;
#4636 = ORIENTED_EDGE ( 'NONE', *, *, #5907, .T. ) ;
#4637 = ORIENTED_EDGE ( 'NONE', *, *, #6072, .F. ) ;
#4638 = ORIENTED_EDGE ( 'NONE', *, *, #5102, .T. ) ;
#4639 = ADVANCED_FACE ( 'NONE', ( #6784 ), #2389, .F. ) ;
#4640 = VERTEX_POINT ( 'NONE', #8362 ) ;
#4641 = ADVANCED_FACE ( 'NONE', ( #9190 ), #3776, .T. ) ;
#4642 = EDGE_CURVE ( 'NONE', #7063, #345, #4204, .T. ) ;
#4643 = PLANE ( 'NONE',  #1625 ) ;
#4644 = CARTESIAN_POINT ( 'NONE',  ( -14.51126222071811434, -2.765883350849170252, -37.95019576342665601 ) ) ;
#4645 = CARTESIAN_POINT ( 'NONE',  ( -70.47777777777828589, -12.00000000000000000, 23.09999999999999787 ) ) ;
#4646 = CARTESIAN_POINT ( 'NONE',  ( -22.57500000000000284, -36.63153466595210261, 23.09999999999999787 ) ) ;
#4647 = CARTESIAN_POINT ( 'NONE',  ( -22.95788695126979917, 1.299123163351333154, 17.05530350708340492 ) ) ;
#4648 = DIRECTION ( 'NONE',  ( 0.000000000000000000, 0.000000000000000000, -1.000000000000000000 ) ) ;
#4649 = CARTESIAN_POINT ( 'NONE',  ( 1.436660135228410073, 15.38382434811869892, -25.00000000000000000 ) ) ;
#4650 = ORIENTED_EDGE ( 'NONE', *, *, #4831, .F. ) ;
#4651 = B_SPLINE_CURVE_WITH_KNOTS ( 'NONE', 3,
 ( #8173, #3638, #1429, #1378 ),
 .UNSPECIFIED., .F., .F.,
 ( 4, 4 ),
 ( 0.000000000000000000, 0.008000123665385850194 ),
 .UNSPECIFIED. ) ;
#4652 = FACE_OUTER_BOUND ( 'NONE', #7156, .T. ) ;
#4653 = AXIS2_PLACEMENT_3D ( 'NONE', #4588, #8250, #6766 ) ;
#4654 = DIRECTION ( 'NONE',  ( 0.000000000000000000, 0.000000000000000000, 1.000000000000000000 ) ) ;
#4655 = CARTESIAN_POINT ( 'NONE',  ( 2.650276262001404870, 15.30999064354070072, -15.00000000000000000 ) ) ;
#4656 = LINE ( 'NONE', #7572, #5498 ) ;
#4657 = CARTESIAN_POINT ( 'NONE',  ( -23.16053390593269867, -15.00000000000000000, -20.00000000000000000 ) ) ;
#4658 = CARTESIAN_POINT ( 'NONE',  ( 25.71632433262518802, 12.11730911118188381, -13.27053411512793701 ) ) ;
#4659 = CARTESIAN_POINT ( 'NONE',  ( -19.01692035916533285, 14.99999999997369393, -38.29999999705322722 ) ) ;
#4660 = AXIS2_PLACEMENT_3D ( 'NONE', #3207, #3254, #8483 ) ;
#4661 = ORIENTED_EDGE ( 'NONE', *, *, #3080, .F. ) ;
#4662 = CARTESIAN_POINT ( 'NONE',  ( -22.64274064696089894, 2.625000000000000000, 20.55336663013170195 ) ) ;
#4663 = CARTESIAN_POINT ( 'NONE',  ( 20.62500000000000000, -2.625000000000000000, 27.64663336986835063 ) ) ;
#4664 = CARTESIAN_POINT ( 'NONE',  ( -22.92823539904992103, -4.182012618207187060, 17.29132734103372471 ) ) ;
#4665 = DIRECTION ( 'NONE',  ( -1.734723475976805122E-15, -3.469446951953610245E-15, 1.000000000000000000 ) ) ;
#4666 = CARTESIAN_POINT ( 'NONE',  ( -22.57500000000000284, 2.625000000000000000, 27.64663336986830089 ) ) ;
#4667 = AXIS2_PLACEMENT_3D ( 'NONE', #8604, #9402, #7079 ) ;
#4668 = DIRECTION ( 'NONE',  ( 0.000000000000000000, 0.000000000000000000, -1.000000000000000000 ) ) ;
#4669 = CARTESIAN_POINT ( 'NONE',  ( 13.13744632142985935, 13.49906635955071899, -26.00000000000000000 ) ) ;
#4670 = EDGE_LOOP ( 'NONE', ( #7358, #3950 ) ) ;
#4671 = FACE_BOUND ( 'NONE', #8695, .T. ) ;
#4672 = AXIS2_PLACEMENT_3D ( 'NONE', #4931, #8725, #9479 ) ;
#4673 = VERTEX_POINT ( 'NONE', #3963 ) ;
#4674 = DESIGN_CONTEXT ( 'detailed design', #570, 'design' ) ;
#4675 = FACE_OUTER_BOUND ( 'NONE', #5176, .T. ) ;
#4676 = VECTOR ( 'NONE', #4770, 1000.000000000000000 ) ;
#4677 = VERTEX_POINT ( 'NONE', #41 ) ;
#4678 = CARTESIAN_POINT ( 'NONE',  ( 9.982934795869132572, -12.80645417767147443, -31.05601893931764934 ) ) ;
#4679 = DIRECTION ( 'NONE',  ( 0.000000000000000000, 0.000000000000000000, -1.000000000000000000 ) ) ;
#4680 = CARTESIAN_POINT ( 'NONE',  ( -26.62500000000000000, -2.625000000000000000, 18.55336663013169840 ) ) ;
#4681 = DIRECTION ( 'NONE',  ( 0.000000000000000000, 0.000000000000000000, -1.000000000000000000 ) ) ;
#4682 = EDGE_CURVE ( 'NONE', #1054, #8099, #9095, .T. ) ;
#4683 = ORIENTED_EDGE ( 'NONE', *, *, #4416, .T. ) ;
#4684 = ORIENTED_EDGE ( 'NONE', *, *, #3747, .F. ) ;
#4685 = ORIENTED_EDGE ( 'NONE', *, *, #3840, .F. ) ;
#4686 = ORIENTED_EDGE ( 'NONE', *, *, #8069, .T. ) ;
#4687 = VECTOR ( 'NONE', #7777, 1000.000000000000000 ) ;
#4688 = ORIENTED_EDGE ( 'NONE', *, *, #6246, .F. ) ;
#4689 = CARTESIAN_POINT ( 'NONE',  ( 9.010819090633880535, 10.84535857606642040, -29.30000000000000071 ) ) ;
#4690 = CARTESIAN_POINT ( 'NONE',  ( -13.74436593435627074, -6.116908253784502314, -37.85374320781569679 ) ) ;
#4691 = VECTOR ( 'NONE', #503, 1000.000000000000000 ) ;
#4692 = CARTESIAN_POINT ( 'NONE',  ( 7.675000000000000711, -10.09999999999999964, -29.90188843073610059 ) ) ;
#4693 = CARTESIAN_POINT ( 'NONE',  ( -22.79868504790591288, -0.6250490967967369249, 18.47548209667214536 ) ) ;
#4694 = CYLINDRICAL_SURFACE ( 'NONE', #3912, 1.049999999999998934 ) ;
#4695 = FACE_OUTER_BOUND ( 'NONE', #8300, .T. ) ;
#4696 = EDGE_CURVE ( 'NONE', #2230, #3849, #183, .T. ) ;
#4697 = DIRECTION ( 'NONE',  ( -2.164016633576080066E-32, 1.000000000000000000, 7.509625437129029427E-17 ) ) ;
#4698 = EDGE_LOOP ( 'NONE', ( #152, #971, #3981, #857 ) ) ;
#4699 = ORIENTED_EDGE ( 'NONE', *, *, #8403, .T. ) ;
#4700 = ORIENTED_EDGE ( 'NONE', *, *, #6332, .F. ) ;
#4701 = CIRCLE ( 'NONE', #1902, 20.00000000000000000 ) ;
#4702 = AXIS2_PLACEMENT_3D ( 'NONE', #324, #7162, #4153 ) ;
#4703 = EDGE_CURVE ( 'NONE', #4882, #6948, #6086, .T. ) ;
#4704 = CIRCLE ( 'NONE', #7867, 1.000000000000000000 ) ;
#4705 = CIRCLE ( 'NONE', #485, 24.00000000000000000 ) ;
#4706 = ADVANCED_FACE ( 'NONE', ( #4708 ), #3224, .F. ) ;
#4707 = DIRECTION ( 'NONE',  ( -1.000000000000000000, 0.000000000000000000, 0.000000000000000000 ) ) ;
#4708 = FACE_OUTER_BOUND ( 'NONE', #4635, .T. ) ;
#4709 = B_SPLINE_CURVE_WITH_KNOTS ( 'NONE', 3,
 ( #5808, #1525, #8819, #3, #2218, #7440, #9619, #3692, #1339, #4329, #6599, #2859, #6693, #5856, #8864, #3003, #9007, #2120 ),
 .UNSPECIFIED., .F., .F.,
 ( 4, 2, 2, 2, 2, 2, 2, 2, 4 ),
 ( 8.673617379884035472E-19, 0.0006249400523786970184, 0.001249880104757393169, 0.001874820157136089429, 0.002499760209514785472, 0.003124700261893481514, 0.003749640314272177991, 0.004374580366650874033, 0.004999520419029570076 ),
 .UNSPECIFIED. ) ;
#4710 = CARTESIAN_POINT ( 'NONE',  ( -12.92707508024641783, 14.94821963888474059, -3.999999999990544897 ) ) ;
#4711 = AXIS2_PLACEMENT_3D ( 'NONE', #511, #3496, #1148 ) ;
#4712 = EDGE_CURVE ( 'NONE', #5768, #4677, #7858, .T. ) ;
#4713 = CARTESIAN_POINT ( 'NONE',  ( -18.21811974579579996, 13.12500000000000000, -35.79999999999999716 ) ) ;
#4714 = EDGE_CURVE ( 'NONE', #3865, #7851, #2486, .T. ) ;
#4715 = CARTESIAN_POINT ( 'NONE',  ( 20.62500000000000000, 2.625000000000000000, 19.60336663013169911 ) ) ;
#4716 = CARTESIAN_POINT ( 'NONE',  ( 24.09423878131937613, 12.32083105476188756, -18.50737524965559189 ) ) ;
#4717 = CARTESIAN_POINT ( 'NONE',  ( 7.732911556936735487, 13.95465449349612896, -24.99999999999996803 ) ) ;
#4718 = AXIS2_PLACEMENT_3D ( 'NONE', #9051, #8313, #6831 ) ;
#4719 = ORIENTED_EDGE ( 'NONE', *, *, #4897, .T. ) ;
#4720 = VECTOR ( 'NONE', #7237, 1000.000000000000000 ) ;
#4721 = CARTESIAN_POINT ( 'NONE',  ( -22.94669191840915445, 4.044211776670119107, 17.14416196782559965 ) ) ;
#4722 = CARTESIAN_POINT ( 'NONE',  ( -26.61665975916256244, -8.840078675385264262, 0.5778894521024356967 ) ) ;
#4723 = CARTESIAN_POINT ( 'NONE',  ( 22.82088355718304840, -14.16799923439410058, -30.97828103410475009 ) ) ;
#4724 = CARTESIAN_POINT ( 'NONE',  ( -0.7943154388968760582, 14.56048778206340621, -14.32633112721297231 ) ) ;
#4725 = CARTESIAN_POINT ( 'NONE',  ( 9.674999999999998934, -10.09999999999999964, -9.849999999999999645 ) ) ;
#4726 = VECTOR ( 'NONE', #6250, 1000.000000000000000 ) ;
#4727 = CARTESIAN_POINT ( 'NONE',  ( -16.57499999999999929, 2.625000000000000000, 29.64663336986829734 ) ) ;
#4728 = CARTESIAN_POINT ( 'NONE',  ( -24.67078623079815003, -7.531719009246336860, 9.085876167000130010 ) ) ;
#4729 = VERTEX_POINT ( 'NONE', #1564 ) ;
#4730 = FACE_OUTER_BOUND ( 'NONE', #695, .T. ) ;
#4731 = ORIENTED_EDGE ( 'NONE', *, *, #9156, .F. ) ;
#4732 = CARTESIAN_POINT ( 'NONE',  ( 25.75185937550569903, -12.11275902115842129, -2.081668171172170091E-14 ) ) ;
#4733 = ORIENTED_EDGE ( 'NONE', *, *, #8556, .T. ) ;
#4734 = CARTESIAN_POINT ( 'NONE',  ( -12.78957441343229995, 14.93697127157749982, -31.54935072428249754 ) ) ;
#4735 = CYLINDRICAL_SURFACE ( 'NONE', #7850, 1.834999999999999742 ) ;
#4736 = DIRECTION ( 'NONE',  ( -1.000000000000000000, 0.000000000000000000, 0.000000000000000000 ) ) ;
#4737 = CARTESIAN_POINT ( 'NONE',  ( -24.08416730868039934, -7.100000000000000533, -33.09999999999999432 ) ) ;
#4738 = ADVANCED_FACE ( 'NONE', ( #9048 ), #6759, .F. ) ;
#4739 = ORIENTED_EDGE ( 'NONE', *, *, #920, .T. ) ;
#4740 = ORIENTED_EDGE ( 'NONE', *, *, #4331, .F. ) ;
#4741 = ORIENTED_EDGE ( 'NONE', *, *, #3898, .T. ) ;
#4742 = VERTEX_POINT ( 'NONE', #1022 ) ;
#4743 =( BOUNDED_SURFACE ( )  B_SPLINE_SURFACE ( 3, 2, ( 
 ( #4885, #462, #7893 ),
 ( #5024, #4283, #305 ),
 ( #3303, #9325, #7942 ),
 ( #4186, #2563, #1199 ),
 ( #411, #7199, #5562 ),
 ( #8580, #1829, #4090 ),
 ( #7102, #7148, #9711 ),
 ( #2261, #7394, #2909 ),
 ( #8183, #7343, #4473 ),
 ( #4430, #655, #3736 ),
 ( #557, #602, #2953 ),
 ( #5215, #3544, #3645 ),
 ( #7487, #9667, #4375 ),
 ( #5999, #1438, #2073 ),
 ( #5261, #9566, #8232 ),
 ( #5070, #5903, #699 ),
 ( #1480, #3592, #5165 ),
 ( #7295, #8084, #5950 ),
 ( #8908, #6736, #6546 ),
 ( #2807, #743, #8961 ) ),
 .UNSPECIFIED., .F., .F., .T. ) 
 B_SPLINE_SURFACE_WITH_KNOTS ( ( 4, 2, 2, 2, 2, 2, 2, 2, 2, 4 ),
 ( 3, 3 ),
 ( 0.000000000000000000, 0.001008596082846610056, 0.002017192165693219678, 0.003025788248539829951, 0.003530086289963135088, 0.004034384331386439357, 0.005042980414233049630, 0.006051576497079659903, 0.007060172579926270175, 0.008068768662772889122 ),
 ( 0.000000000000000000, 1.000000000000000000 ),
 .UNSPECIFIED. ) 
 GEOMETRIC_REPRESENTATION_ITEM ( )  RATIONAL_B_SPLINE_SURFACE ( (
 ( 1.000000000000000000, 0.8112421851755610147, 1.000000000000000000),
 ( 1.000000000000000000, 0.8108900903739320043, 1.000000000000000000),
 ( 1.000000000000000000, 0.8099056661843450078, 1.000000000000000000),
 ( 1.000000000000000000, 0.8069027871953619035, 1.000000000000000000),
 ( 1.000000000000000000, 0.8048531065404940232, 1.000000000000000000),
 ( 1.000000000000000000, 0.7999773124333250385, 1.000000000000000000),
 ( 1.000000000000000000, 0.7971548410796159834, 1.000000000000000000),
 ( 1.000000000000000000, 0.7923750125858950444, 1.000000000000000000),
 ( 1.000000000000000000, 0.7906844728728380511, 1.000000000000000000),
 ( 1.000000000000000000, 0.7871914399795609807, 1.000000000000000000),
 ( 1.000000000000000000, 0.7853807292173039523, 1.000000000000000000),
 ( 1.000000000000000000, 0.7797536885944089668, 1.000000000000000000),
 ( 1.000000000000000000, 0.7757113433748880071, 1.000000000000000000),
 ( 1.000000000000000000, 0.7671791897211790445, 1.000000000000000000),
 ( 1.000000000000000000, 0.7627510114001999630, 1.000000000000000000),
 ( 1.000000000000000000, 0.7534749351392679984, 1.000000000000000000),
 ( 1.000000000000000000, 0.7485810382810019759, 1.000000000000000000),
 ( 1.000000000000000000, 0.7386024664764639924, 1.000000000000000000),
 ( 1.000000000000000000, 0.7334865824118450561, 1.000000000000000000),
 ( 1.000000000000000000, 0.7281701387334759135, 1.000000000000000000) ) ) 
 REPRESENTATION_ITEM ( '' )  SURFACE ( )  );
#4744 = CARTESIAN_POINT ( 'NONE',  ( -16.57499999999999929, 2.625000000000000000, 18.55336663013169840 ) ) ;
#4745 = CARTESIAN_POINT ( 'NONE',  ( -14.70261314302101852, 2.428612866367529932E-13, -37.97280655551545436 ) ) ;
#4746 = CARTESIAN_POINT ( 'NONE',  ( -11.07499999999999929, 0.000000000000000000, 23.09999999999999787 ) ) ;
#4747 = ADVANCED_FACE ( 'NONE', ( #6329, #3377 ), #4910, .T. ) ;
#4748 = CARTESIAN_POINT ( 'NONE',  ( -0.2429414238206660248, 14.96073721272604651, -25.14338080622605887 ) ) ;
#4749 = CARTESIAN_POINT ( 'NONE',  ( -26.58130259014060215, 8.000000000000000000, 1.321357987355054053 ) ) ;
#4750 = DIRECTION ( 'NONE',  ( 0.000000000000000000, 0.000000000000000000, -1.000000000000000000 ) ) ;
#4751 = CARTESIAN_POINT ( 'NONE',  ( -25.16583269131960066, -7.100000000000000533, -36.29999999999999716 ) ) ;
#4752 = VERTEX_POINT ( 'NONE', #4166 ) ;
#4753 = ORIENTED_EDGE ( 'NONE', *, *, #5699, .F. ) ;
#4754 = VERTEX_POINT ( 'NONE', #2002 ) ;
#4755 = ADVANCED_FACE ( 'NONE', ( #6379 ), #7761, .F. ) ;
#4756 = CARTESIAN_POINT ( 'NONE',  ( 8.679014785873198079, 15.63421494571415060, -25.00000000000000000 ) ) ;
#4757 = DIRECTION ( 'NONE',  ( 0.000000000000000000, 1.000000000000000000, 0.000000000000000000 ) ) ;
#4758 = CARTESIAN_POINT ( 'NONE',  ( -25.26264215611284669, 14.99999999999996980, 4.336808689942016947E-15 ) ) ;
#4759 = DIRECTION ( 'NONE',  ( 0.000000000000000000, 0.000000000000000000, -1.000000000000000000 ) ) ;
#4760 = CARTESIAN_POINT ( 'NONE',  ( 24.57340646212752944, 11.49952854635237287, 0.1593877136048495735 ) ) ;
#4761 = CARTESIAN_POINT ( 'NONE',  ( 7.618526329343135117, 13.96340660654069410, -31.04813479020932476 ) ) ;
#4762 = CARTESIAN_POINT ( 'NONE',  ( -13.57500000000000284, 14.71387350916236159, -2.633902267928532659 ) ) ;
#4763 = ORIENTED_EDGE ( 'NONE', *, *, #1083, .F. ) ;
#4764 = EDGE_CURVE ( 'NONE', #5268, #1948, #2633, .T. ) ;
#4765 = EDGE_LOOP ( 'NONE', ( #5965, #8266, #4245, #316 ) ) ;
#4766 = B_SPLINE_CURVE_WITH_KNOTS ( 'NONE', 3,
 ( #760, #7412, #1405, #8150 ),
 .UNSPECIFIED., .F., .F.,
 ( 4, 4 ),
 ( 0.000000000000000000, 0.005327370713955700658 ),
 .UNSPECIFIED. ) ;
#4767 = B_SPLINE_CURVE_WITH_KNOTS ( 'NONE', 3,
 ( #605, #5711, #5809, #2075, #1342, #5117, #465, #6601, #560, #9669, #8821, #6462, #7298, #9480, #8726, #2025, #4977, #5072, #3547, #2861, #3647, #1981, #7991, #4332, #6649, #1440, #7346, #8866, #3595, #6505, #5858, #2168, #2122, #5169, #1250, #4240, #7257, #8185, #9523, #2761, #3095, #6740, #9058, #6094, #3694, #8371, #7627, #1617, #3785, #6001, #6837, #745, #884, #4432, #147, #94, #838, #5, #9713, #7442, #1527, #9009, #2309, #7535, #4571, #3006, #3830, #5310, #3147, #8324, #8964, #7489, #6794, #5263, #4521, #8234, #7579, #3738, #6141, #4616, #2263, #8279, #1576, #5217, #796, #701, #3877, #9107, #6047, #6887, #6695, #2399, #2955 ),
 .UNSPECIFIED., .F., .F.,
 ( 4, 2, 2, 2, 1, 1, 2, 2, 2, 2, 1, 1, 1, 1, 1, 2, 2, 2, 2, 2, 1, 1, 1, 1, 1, 1, 2, 2, 2, 2, 2, 1, 1, 1, 1, 2, 2, 2, 2, 2, 1, 1, 1, 1, 1, 1, 2, 2, 2, 2, 2, 1, 1, 1, 1, 2, 2, 2, 2, 4 ),
 ( 0.000000000000000000, 0.06250000000001065814, 0.09375000000001597333, 0.1093750000000186101, 0.1171875000000199007, 0.1210937500000205530, 0.1230468750000208583, 0.1250000000000211497, 0.1875000000000295042, 0.2187500000000336398, 0.2343750000000357492, 0.2421875000000368316, 0.2460937500000373868, 0.2480468750000376643, 0.2490234375000378308, 0.2495117187500379419, 0.2500000000000380251, 0.3750000000000639488, 0.4375000000000768829, 0.4687500000000833222, 0.4843750000000865419, 0.4921875000000881517, 0.4960937500000890399, 0.4980468750000893730, 0.4990234375000895395, 0.4995117187500896505, 0.4997558593750895950, 0.5000000000000895950, 0.5625000000000978106, 0.5937500000001019185, 0.6093750000001039169, 0.6171875000001049161, 0.6210937500001054712, 0.6230468750001058043, 0.6240234375001059153, 0.6245117187501060263, 0.6250000000001061373, 0.6875000000001253442, 0.7187500000001350031, 0.7343750000001397771, 0.7421875000001421085, 0.7460937500001432188, 0.7480468750001437739, 0.7490234375001442180, 0.7495117187501445510, 0.7497558593751448841, 0.7498779296876448841, 0.7500000000001448841, 0.8125000000000971445, 0.8437500000000732747, 0.8593750000000612843, 0.8671875000000554001, 0.8710937500000525135, 0.8730468750000511813, 0.8740234375000505151, 0.8745117187500502931, 0.8750000000000500711, 0.9062500000000376366, 0.9375000000000252021, 1.000000000000000000 ),
 .UNSPECIFIED. ) ;
#4768 = EDGE_CURVE ( 'NONE', #4534, #7834, #9352, .T. ) ;
#4769 = DIRECTION ( 'NONE',  ( 1.000000000000000000, 0.000000000000000000, 2.881657216719184962E-16 ) ) ;
#4770 = DIRECTION ( 'NONE',  ( 1.000000000000000000, 0.000000000000000000, 2.881657216719184962E-16 ) ) ;
#4771 = CIRCLE ( 'NONE', #3358, 1.049999999999998934 ) ;
#4772 = LINE ( 'NONE', #6940, #1712 ) ;
#4773 = CARTESIAN_POINT ( 'NONE',  ( -0.6641638626501515930, 14.60598428869121612, -14.45396809360505408 ) ) ;
#4774 = CARTESIAN_POINT ( 'NONE',  ( -22.60619291135162356, 6.253941749086741275, 21.36899673205585160 ) ) ;
#4775 = CARTESIAN_POINT ( 'NONE',  ( -13.96814575050796137, 28.10000000000000142, -19.72792206135790138 ) ) ;
#4776 = LINE ( 'NONE', #8574, #1672 ) ;
#4777 = DIRECTION ( 'NONE',  ( 0.000000000000000000, 0.000000000000000000, 1.000000000000000000 ) ) ;
#4778 = ORIENTED_EDGE ( 'NONE', *, *, #18, .T. ) ;
#4779 = DIRECTION ( 'NONE',  ( 1.000000000000000000, 8.381007514813920223E-33, 0.000000000000000000 ) ) ;
#4780 = ORIENTED_EDGE ( 'NONE', *, *, #4938, .F. ) ;
#4781 = B_SPLINE_CURVE_WITH_KNOTS ( 'NONE', 3,
 ( #301, #6455, #2716, #8722 ),
 .UNSPECIFIED., .F., .F.,
 ( 4, 4 ),
 ( 0.000000000000000000, 1.000000000000000000 ),
 .UNSPECIFIED. ) ;
#4782 = AXIS2_PLACEMENT_3D ( 'NONE', #6321, #4246, #6268 ) ;
#4783 = DIRECTION ( 'NONE',  ( 1.000000000000000000, 0.000000000000000000, 0.000000000000000000 ) ) ;
#4784 = CARTESIAN_POINT ( 'NONE',  ( -24.62500000000000000, 8.000000000000000000, -39.30000000000000426 ) ) ;
#4785 = CARTESIAN_POINT ( 'NONE',  ( 9.602825571682206629, -12.65887051958078757, 0.05998362014204079717 ) ) ;
#4786 = CARTESIAN_POINT ( 'NONE',  ( 13.67035516862535260, -13.44966048166644512, -28.06619863580546692 ) ) ;
#4787 = CARTESIAN_POINT ( 'NONE',  ( 25.75185937730834951, -12.11275902092788037, -12.62870287827042048 ) ) ;
#4788 = DIRECTION ( 'NONE',  ( 0.000000000000000000, 0.000000000000000000, -1.000000000000000000 ) ) ;
#4789 = AXIS2_PLACEMENT_3D ( 'NONE', #8202, #7313, #1451 ) ;
#4790 = ORIENTED_EDGE ( 'NONE', *, *, #2181, .F. ) ;
#4791 = VERTEX_POINT ( 'NONE', #5587 ) ;
#4792 = VERTEX_POINT ( 'NONE', #5637 ) ;
#4793 = ORIENTED_EDGE ( 'NONE', *, *, #9216, .T. ) ;
#4794 = VERTEX_POINT ( 'NONE', #8659 ) ;
#4795 = DIRECTION ( 'NONE',  ( 0.3401922683575349660, 0.000000000000000000, 0.9403559010022507492 ) ) ;
#4796 = CARTESIAN_POINT ( 'NONE',  ( -12.97826646303846942, -8.128859805664649940, -37.74859961624391502 ) ) ;
#4797 = CARTESIAN_POINT ( 'NONE',  ( -25.56936241168824608, -10.70603225352903642, 0.2501922096963117292 ) ) ;
#4798 = LINE ( 'NONE', #7165, #8302 ) ;
#4799 = B_SPLINE_CURVE_WITH_KNOTS ( 'NONE', 3,
 ( #8547, #7117, #271, #5476, #7013, #1945, #1012, #7217, #8497, #1745 ),
 .UNSPECIFIED., .F., .F.,
 ( 4, 2, 2, 2, 4 ),
 ( 0.000000000000000000, 0.2500000000000000000, 0.5000000000000000000, 0.7500000000000000000, 1.000000000000000000 ),
 .UNSPECIFIED. ) ;
#4800 = CARTESIAN_POINT ( 'NONE',  ( -26.60600963412181841, 8.497127371482612546, 0.8732464142259946938 ) ) ;
#4801 = CARTESIAN_POINT ( 'NONE',  ( -13.57500000000000107, -8.768250222726480914, 6.088209185381289856 ) ) ;
#4802 = CARTESIAN_POINT ( 'NONE',  ( 24.99783317301820773, -11.31100289339837239, -18.71084440202438515 ) ) ;
#4803 = ORIENTED_EDGE ( 'NONE', *, *, #4342, .F. ) ;
#4804 = ORIENTED_EDGE ( 'NONE', *, *, #17, .T. ) ;
#4805 = ORIENTED_EDGE ( 'NONE', *, *, #5732, .T. ) ;
#4806 = DIRECTION ( 'NONE',  ( -0.7071067811865424657, 0.000000000000000000, 0.7071067811865525687 ) ) ;
#4807 = CARTESIAN_POINT ( 'NONE',  ( 24.04016173059189754, -11.74791800399659003, 0.2639003686427346396 ) ) ;
#4808 = CARTESIAN_POINT ( 'NONE',  ( -18.78208254402115429, 14.99917817821591903, -4.000000000004720668 ) ) ;
#4809 = CYLINDRICAL_SURFACE ( 'NONE', #797, 1.049999999999998934 ) ;
#4810 = CARTESIAN_POINT ( 'NONE',  ( 24.51110374053974539, 11.53282638720867936, 0.9821760184301228103 ) ) ;
#4811 = CARTESIAN_POINT ( 'NONE',  ( -10.69505366697223891, 14.88984955195424931, -36.37968872553794597 ) ) ;
#4812 = CARTESIAN_POINT ( 'NONE',  ( 13.16965708596491957, 13.49610295378893987, -26.00000000000000000 ) ) ;
#4813 = ORIENTED_EDGE ( 'NONE', *, *, #1951, .F. ) ;
#4814 = ORIENTED_EDGE ( 'NONE', *, *, #5068, .F. ) ;
#4815 = VECTOR ( 'NONE', #4788, 1000.000000000000000 ) ;
#4816 = CARTESIAN_POINT ( 'NONE',  ( -9.037135919540320472, -12.09999999999999964, -35.10392274404124890 ) ) ;
#4817 = CARTESIAN_POINT ( 'NONE',  ( -16.57499999999999929, -5.250000000000000000, 24.15000000000000213 ) ) ;
#4818 = CARTESIAN_POINT ( 'NONE',  ( -23.16053390593274841, -7.900000000000000355, -23.53553390593269867 ) ) ;
#4819 = CARTESIAN_POINT ( 'NONE',  ( -13.15086198166965659, -14.94174480684140427, -8.405866266036813528 ) ) ;
#4820 = DIRECTION ( 'NONE',  ( -1.000000000000000000, 0.000000000000000000, 0.000000000000000000 ) ) ;
#4821 = ADVANCED_FACE ( 'NONE', ( #7919, #4956 ), #7172, .F. ) ;
#4822 = DIRECTION ( 'NONE',  ( 3.469446951953615175E-16, 0.000000000000000000, -1.000000000000000000 ) ) ;
#4823 = LINE ( 'NONE', #1092, #2303 ) ;
#4824 = DIRECTION ( 'NONE',  ( 1.000000000000000000, 0.000000000000000000, 0.000000000000000000 ) ) ;
#4825 = DIRECTION ( 'NONE',  ( -2.164016633576080066E-32, 1.000000000000000000, 0.000000000000000000 ) ) ;
#4826 = VERTEX_POINT ( 'NONE', #6429 ) ;
#4827 = CYLINDRICAL_SURFACE ( 'NONE', #1338, 1.000000000000000000 ) ;
#4828 = CIRCLE ( 'NONE', #6075, 1.000000000000000888 ) ;
#4829 = EDGE_CURVE ( 'NONE', #4293, #8997, #9454, .T. ) ;
#4830 = VERTEX_POINT ( 'NONE', #8704 ) ;
#4831 = EDGE_CURVE ( 'NONE', #6702, #318, #275, .T. ) ;
#4832 = CARTESIAN_POINT ( 'NONE',  ( 15.12500000000000000, 0.000000000000000000, 23.09999999999999787 ) ) ;
#4833 = AXIS2_PLACEMENT_3D ( 'NONE', #7325, #2197, #2785 ) ;
#4834 = CARTESIAN_POINT ( 'NONE',  ( -26.84991221830399866, -8.900000000000000355, 6.640297038308728972 ) ) ;
#4835 = DIRECTION ( 'NONE',  ( 0.000000000000000000, 0.000000000000000000, 1.000000000000000000 ) ) ;
#4836 = EDGE_CURVE ( 'NONE', #4441, #6525, #1531, .T. ) ;
#4837 = CARTESIAN_POINT ( 'NONE',  ( 0.8049377272113840132, -14.41793945930049681, -33.55485356012788856 ) ) ;
#4838 = CARTESIAN_POINT ( 'NONE',  ( 20.62500000000000000, -2.625000000000000000, 20.55336663013170195 ) ) ;
#4839 = DIRECTION ( 'NONE',  ( 0.000000000000000000, 0.000000000000000000, 1.000000000000000000 ) ) ;
#4840 = ORIENTED_EDGE ( 'NONE', *, *, #7049, .T. ) ;
#4841 = EDGE_CURVE ( 'NONE', #7507, #7997, #3574, .T. ) ;
#4842 = EDGE_LOOP ( 'NONE', ( #3060, #8789, #3995, #1679, #8036, #7862, #5066, #1684 ) ) ;
#4843 = ORIENTED_EDGE ( 'NONE', *, *, #9046, .T. ) ;
#4844 = AXIS2_PLACEMENT_3D ( 'NONE', #1888, #4892, #8537 ) ;
#4845 = ORIENTED_EDGE ( 'NONE', *, *, #688, .F. ) ;
#4846 = ORIENTED_EDGE ( 'NONE', *, *, #3486, .T. ) ;
#4847 = CARTESIAN_POINT ( 'NONE',  ( 20.62500000000000000, 2.625000000000000000, 16.55336663013170195 ) ) ;
#4848 = DIRECTION ( 'NONE',  ( 1.000000000000000000, 0.000000000000000000, 2.891205793294680298E-16 ) ) ;
#4849 = DIRECTION ( 'NONE',  ( 1.000000000000000000, 0.000000000000000000, 0.000000000000000000 ) ) ;
#4850 = CARTESIAN_POINT ( 'NONE',  ( -0.9863022923106872231, 14.52501617889651619, -25.86382417837376835 ) ) ;
#4851 = DIRECTION ( 'NONE',  ( -4.336808689942017736E-16, 0.000000000000000000, 1.000000000000000000 ) ) ;
#4852 = CIRCLE ( 'NONE', #5630, 1.999999999999998224 ) ;
#4853 = CYLINDRICAL_SURFACE ( 'NONE', #65, 1.049999999999998934 ) ;
#4854 = CARTESIAN_POINT ( 'NONE',  ( 26.48289040505322944, -11.13791115774126794, -14.54776478705333531 ) ) ;
#4855 = VERTEX_POINT ( 'NONE', #7466 ) ;
#4856 = ORIENTED_EDGE ( 'NONE', *, *, #8496, .T. ) ;
#4857 = ORIENTED_EDGE ( 'NONE', *, *, #6988, .T. ) ;
#4858 = AXIS2_PLACEMENT_3D ( 'NONE', #2360, #8280, #3976 ) ;
#4859 = CARTESIAN_POINT ( 'NONE',  ( -21.17556862445150401, -15.00000000000000000, -4.000000000000000000 ) ) ;
#4860 = DIRECTION ( 'NONE',  ( 1.000000000000000000, 0.000000000000000000, 0.000000000000000000 ) ) ;
#4861 = DIRECTION ( 'NONE',  ( 0.000000000000000000, 1.000000000000000000, 0.000000000000000000 ) ) ;
#4862 = CARTESIAN_POINT ( 'NONE',  ( 7.129014785873200033, 17.98421494571415025, -25.00000000000000000 ) ) ;
#4863 = DIRECTION ( 'NONE',  ( 1.000000000000000000, 0.000000000000000000, 2.881657216719184962E-16 ) ) ;
#4864 = CARTESIAN_POINT ( 'NONE',  ( 1.086033548330709975, 14.40177545771291889, -33.46519622856491338 ) ) ;
#4865 = CARTESIAN_POINT ( 'NONE',  ( 11.44533923317412061, 14.65904712452367953, -25.00000000000000000 ) ) ;
#4866 = VERTEX_POINT ( 'NONE', #1461 ) ;
#4867 = VECTOR ( 'NONE', #3628, 1000.000000000000000 ) ;
#4868 = ORIENTED_EDGE ( 'NONE', *, *, #7787, .T. ) ;
#4869 = AXIS2_PLACEMENT_3D ( 'NONE', #5325, #8344, #3160 ) ;
#4870 = CARTESIAN_POINT ( 'NONE',  ( 1.637829418935814907, -12.09999999999999964, -32.30531719236735455 ) ) ;
#4871 = VECTOR ( 'NONE', #4436, 1000.000000000000000 ) ;
#4872 = CARTESIAN_POINT ( 'NONE',  ( 4.361707950657415900, 14.19700180411540735, -15.00000000000000000 ) ) ;
#4873 = CARTESIAN_POINT ( 'NONE',  ( 20.62500000000000000, 2.625000000000000000, 18.55336663013169840 ) ) ;
#4874 = CARTESIAN_POINT ( 'NONE',  ( -13.57500000000000284, -14.94911571498207614, -6.799999999999998046 ) ) ;
#4875 = CARTESIAN_POINT ( 'NONE',  ( 16.62500000000000000, -7.000000000000000000, 13.50000000000000000 ) ) ;
#4876 = DIRECTION ( 'NONE',  ( 0.000000000000000000, 0.000000000000000000, -1.000000000000000000 ) ) ;
#4877 = EDGE_CURVE ( 'NONE', #8475, #8049, #723, .T. ) ;
#4878 = DIRECTION ( 'NONE',  ( -2.881657216719180031E-16, 0.000000000000000000, 1.000000000000000000 ) ) ;
#4879 = DIRECTION ( 'NONE',  ( -1.079438565345100126E-14, -7.461176240760458925E-17, -1.000000000000000000 ) ) ;
#4880 = CARTESIAN_POINT ( 'NONE',  ( -26.62500000000000000, 5.250000000000000000, 23.09999999999999787 ) ) ;
#4881 = VECTOR ( 'NONE', #9704, 1000.000000000000000 ) ;
#4882 = VERTEX_POINT ( 'NONE', #5834 ) ;
#4883 = CARTESIAN_POINT ( 'NONE',  ( 21.14211530881434697, 12.00000000000000000, 0.9495190443379208922 ) ) ;
#4884 = VECTOR ( 'NONE', #6580, 1000.000000000000114 ) ;
#4885 = CARTESIAN_POINT ( 'NONE',  ( -22.62256308275784633, -12.68377223398315934, -1.227924077994377861 ) ) ;
#4886 = VECTOR ( 'NONE', #194, 1000.000000000000000 ) ;
#4887 = FACE_OUTER_BOUND ( 'NONE', #6610, .T. ) ;
#4888 = ADVANCED_FACE ( 'NONE', ( #8110 ), #4999, .F. ) ;
#4889 = CARTESIAN_POINT ( 'NONE',  ( -18.52955667410282103, -14.00000000000000000, -38.30000000000000426 ) ) ;
#4890 = CARTESIAN_POINT ( 'NONE',  ( -0.02027270469478906212, -14.46429338974348511, -33.81286528931671143 ) ) ;
#4891 = DIRECTION ( 'NONE',  ( -1.000000000000000000, 0.000000000000000000, 0.000000000000000000 ) ) ;
#4892 = DIRECTION ( 'NONE',  ( 1.000000000000000000, 0.000000000000000000, 0.000000000000000000 ) ) ;
#4893 = VERTEX_POINT ( 'NONE', #2096 ) ;
#4894 = EDGE_LOOP ( 'NONE', ( #2736, #4145, #6895, #1488 ) ) ;
#4895 = VERTEX_POINT ( 'NONE', #3716 ) ;
#4896 = ORIENTED_EDGE ( 'NONE', *, *, #4237, .F. ) ;
#4897 = EDGE_CURVE ( 'NONE', #3385, #3744, #7421, .T. ) ;
#4898 = EDGE_CURVE ( 'NONE', #7110, #4058, #9692, .T. ) ;
#4899 = VERTEX_POINT ( 'NONE', #1366 ) ;
#4900 = CARTESIAN_POINT ( 'NONE',  ( 9.674999999999998934, -10.09999999999999964, -31.19659787680119933 ) ) ;
#4901 = FACE_OUTER_BOUND ( 'NONE', #7365, .T. ) ;
#4902 = DIRECTION ( 'NONE',  ( 1.000000000000000000, 0.000000000000000000, 0.000000000000000000 ) ) ;
#4903 = CARTESIAN_POINT ( 'NONE',  ( -1.009578360670749575, 14.52313583840078515, -25.88701566164810330 ) ) ;
#4904 = CARTESIAN_POINT ( 'NONE',  ( 3.024999999999999911, -14.28421494571413852, -10.00000000000000000 ) ) ;
#4905 = DIRECTION ( 'NONE',  ( 0.000000000000000000, -1.000000000000000000, 0.000000000000000000 ) ) ;
#4906 = ORIENTED_EDGE ( 'NONE', *, *, #6861, .T. ) ;
#4907 = ORIENTED_EDGE ( 'NONE', *, *, #4615, .T. ) ;
#4908 = ORIENTED_EDGE ( 'NONE', *, *, #7940, .F. ) ;
#4909 = CARTESIAN_POINT ( 'NONE',  ( -25.26264215611814734, -15.00000000000000000, -4.000000000000000000 ) ) ;
#4910 = PLANE ( 'NONE',  #4993 ) ;
#4911 = LINE ( 'NONE', #1704, #8010 ) ;
#4912 = LINE ( 'NONE', #1369, #7464 ) ;
#4913 = LINE ( 'NONE', #5003, #4088 ) ;
#4914 = CARTESIAN_POINT ( 'NONE',  ( 13.75626073844887465, 13.44162024074421957, -28.01679029374603047 ) ) ;
#4915 = FACE_OUTER_BOUND ( 'NONE', #5593, .T. ) ;
#4916 = ORIENTED_EDGE ( 'NONE', *, *, #9349, .F. ) ;
#4917 = ORIENTED_EDGE ( 'NONE', *, *, #3723, .T. ) ;
#4918 = CARTESIAN_POINT ( 'NONE',  ( -14.53289302001721950, -2.600000000000000089, -36.29999999999999716 ) ) ;
#4919 = CARTESIAN_POINT ( 'NONE',  ( 2.585465371245924793, 15.31849053174179787, -15.00000000000000000 ) ) ;
#4920 = CARTESIAN_POINT ( 'NONE',  ( -26.46000000000000085, -8.000000000000000000, -39.30000000000000426 ) ) ;
#4921 = CARTESIAN_POINT ( 'NONE',  ( -13.50299674357499491, 6.824792216648612353, -37.82154754647125117 ) ) ;
#4922 = DIRECTION ( 'NONE',  ( 2.891205793294678326E-16, 0.000000000000000000, -1.000000000000000000 ) ) ;
#4923 = CARTESIAN_POINT ( 'NONE',  ( -10.37500000000000000, 10.10000000000000142, -10.00000000000001421 ) ) ;
#4924 = CARTESIAN_POINT ( 'NONE',  ( -26.62500000000000000, 5.250000000000000000, 21.10000000000000142 ) ) ;
#4925 = CARTESIAN_POINT ( 'NONE',  ( -19.62500000000000000, -15.00000000000000000, -7.000000000000000000 ) ) ;
#4926 = DIRECTION ( 'NONE',  ( -1.000000000000000000, 0.000000000000000000, 0.000000000000000000 ) ) ;
#4927 = ORIENTED_EDGE ( 'NONE', *, *, #7296, .T. ) ;
#4928 = CARTESIAN_POINT ( 'NONE',  ( -26.62500000000000000, -15.00000000000000000, -4.000000000000000000 ) ) ;
#4929 = EDGE_CURVE ( 'NONE', #5938, #1054, #5199, .T. ) ;
#4930 = DIRECTION ( 'NONE',  ( -1.000000000000000000, 0.000000000000000000, 0.000000000000000000 ) ) ;
#4931 = CARTESIAN_POINT ( 'NONE',  ( -19.62500000000000000, 15.00000000000000000, -39.30000000000000426 ) ) ;
#4932 = CARTESIAN_POINT ( 'NONE',  ( -4.943901499298412716, -13.70863097302570210, -36.18540294445774919 ) ) ;
#4933 = CARTESIAN_POINT ( 'NONE',  ( 13.30673476277768685, -13.48349414247197764, -28.27308753381937123 ) ) ;
#4934 = DIRECTION ( 'NONE',  ( 0.000000000000000000, 0.000000000000000000, -1.000000000000000000 ) ) ;
#4935 = LINE ( 'NONE', #5672, #1051 ) ;
#4936 = ORIENTED_EDGE ( 'NONE', *, *, #6878, .T. ) ;
#4937 = VERTEX_POINT ( 'NONE', #3524 ) ;
#4938 = EDGE_CURVE ( 'NONE', #3675, #757, #679, .T. ) ;
#4939 = EDGE_LOOP ( 'NONE', ( #9298, #5770 ) ) ;
#4940 = CIRCLE ( 'NONE', #8555, 16.00000000000000000 ) ;
#4941 = AXIS2_PLACEMENT_3D ( 'NONE', #2214, #2803, #8905 ) ;
#4942 = ORIENTED_EDGE ( 'NONE', *, *, #5522, .T. ) ;
#4943 = ORIENTED_EDGE ( 'NONE', *, *, #2249, .T. ) ;
#4945 = CARTESIAN_POINT ( 'NONE',  ( 7.675000000000000711, 10.09999999999999964, -33.09999999999999432 ) ) ;
#4944 = VECTOR ( 'NONE', #101, 1000.000000000000000 ) ;
#4946 = PLANE ( 'NONE',  #2170 ) ;
#4947 = CARTESIAN_POINT ( 'NONE',  ( -5.566543928871499958, -10.09999999999999964, -34.35288263336240533 ) ) ;
#4948 = CARTESIAN_POINT ( 'NONE',  ( -0.8986140774457072045, 14.53603138484580448, -25.77659327252110444 ) ) ;
#4949 = ADVANCED_FACE ( 'NONE', ( #2984 ), #8991, .T. ) ;
#4950 = ORIENTED_EDGE ( 'NONE', *, *, #4422, .T. ) ;
#4951 = EDGE_LOOP ( 'NONE', ( #3959, #6752, #1635, #8974, #7837, #3567 ) ) ;
#4952 = EDGE_LOOP ( 'NONE', ( #4637, #9299, #7304, #9172 ) ) ;
#4953 = EDGE_CURVE ( 'NONE', #2230, #9312, #9270, .T. ) ;
#4954 = EDGE_CURVE ( 'NONE', #5519, #755, #6529, .T. ) ;
#4955 = DIRECTION ( 'NONE',  ( -1.000000000000000000, 0.000000000000000000, -2.881657216719180031E-16 ) ) ;
#4956 = FACE_OUTER_BOUND ( 'NONE', #3222, .T. ) ;
#4957 = CARTESIAN_POINT ( 'NONE',  ( -23.16053390593259920, 10.09999999999999964, -7.000000000000000000 ) ) ;
#4958 = DIRECTION ( 'NONE',  ( 0.000000000000000000, 0.000000000000000000, 1.000000000000000000 ) ) ;
#4959 = CARTESIAN_POINT ( 'NONE',  ( 24.68205776585339706, 11.43629060657969987, 0.9999999782100439383 ) ) ;
#4960 = CARTESIAN_POINT ( 'NONE',  ( -5.714689113108552654, 14.73054992436907007, -35.35100586344218243 ) ) ;
#4961 = CARTESIAN_POINT ( 'NONE',  ( 12.81769107144323705, 13.58337371123674409, -14.32656241292293942 ) ) ;
#4962 = EDGE_LOOP ( 'NONE', ( #3663, #2795, #8298, #1941 ) ) ;
#4963 = EDGE_CURVE ( 'NONE', #6512, #3603, #445, .T. ) ;
#4964 = DIRECTION ( 'NONE',  ( 0.000000000000000000, -0.7469998888252638025, 0.6648241617864407704 ) ) ;
#4965 = LINE ( 'NONE', #8851, #7999 ) ;
#4966 = CARTESIAN_POINT ( 'NONE',  ( 9.627731881091570187, 14.81235149570611931, -15.00000000000000000 ) ) ;
#4967 = DIRECTION ( 'NONE',  ( -1.000000000000000000, 0.000000000000000000, 0.000000000000000000 ) ) ;
#4968 = DIRECTION ( 'NONE',  ( 1.000000000000000000, 0.000000000000000000, 0.000000000000000000 ) ) ;
#4969 = CARTESIAN_POINT ( 'NONE',  ( -9.969448724536020379, -12.68377223398315934, -1.227924077994375862 ) ) ;
#4970 = CARTESIAN_POINT ( 'NONE',  ( -24.53001319065535313, 12.31049989418531965, -1.103499964728432037 ) ) ;
#4971 = CARTESIAN_POINT ( 'NONE',  ( 4.329014785873204652, 14.60969618171102091, -25.17049144155310358 ) ) ;
#4972 = DIRECTION ( 'NONE',  ( 0.000000000000000000, 0.000000000000000000, -1.000000000000000000 ) ) ;
#4973 = ORIENTED_EDGE ( 'NONE', *, *, #7417, .T. ) ;
#4974 = CARTESIAN_POINT ( 'NONE',  ( 21.10525806178310049, 12.67693674693000006, -3.109366620250145330E-13 ) ) ;
#4975 = FACE_OUTER_BOUND ( 'NONE', #8401, .T. ) ;
#4976 = DIRECTION ( 'NONE',  ( -1.000000000000000000, 0.000000000000000000, -2.881657216719184962E-16 ) ) ;
#4977 = CARTESIAN_POINT ( 'NONE',  ( -7.575683807301936135, 13.80463114020368387, -36.78631360348963852 ) ) ;
#4978 = CARTESIAN_POINT ( 'NONE',  ( -9.849848536986584691, -14.87027406739455060, -36.23811056778260564 ) ) ;
#4979 = AXIS2_PLACEMENT_3D ( 'NONE', #6891, #1620, #9718 ) ;
#4980 = CARTESIAN_POINT ( 'NONE',  ( 15.22793454112941802, -13.30245533673971714, -28.26573395555858781 ) ) ;
#4981 = LINE ( 'NONE', #4289, #894 ) ;
#4982 = ORIENTED_EDGE ( 'NONE', *, *, #8381, .T. ) ;
#4983 = ORIENTED_EDGE ( 'NONE', *, *, #6874, .T. ) ;
#4984 = EDGE_LOOP ( 'NONE', ( #5131, #4528, #8390, #369, #5706 ) ) ;
#4985 = ORIENTED_EDGE ( 'NONE', *, *, #8504, .T. ) ;
#4986 = ORIENTED_EDGE ( 'NONE', *, *, #6937, .F. ) ;
#4987 = EDGE_CURVE ( 'NONE', #3603, #6512, #6873, .T. ) ;
#4988 = DIRECTION ( 'NONE',  ( 1.000000000000000000, 0.000000000000000000, 1.765621858500564986E-16 ) ) ;
#4989 = DIRECTION ( 'NONE',  ( 0.000000000000000000, 0.000000000000000000, -1.000000000000000000 ) ) ;
#4990 = LINE ( 'NONE', #9442, #913 ) ;
#4991 = CARTESIAN_POINT ( 'NONE',  ( -25.30014402194064971, -10.98714383039758857, 0.1380174900571106422 ) ) ;
#4992 = CARTESIAN_POINT ( 'NONE',  ( -24.46557450237215292, -8.103426060940028819, 9.770281504007389373 ) ) ;
#4993 = AXIS2_PLACEMENT_3D ( 'NONE', #1222, #4212, #3329 ) ;
#4994 = ORIENTED_EDGE ( 'NONE', *, *, #3913, .T. ) ;
#4995 = EDGE_LOOP ( 'NONE', ( #6211, #1254 ) ) ;
#4996 = CARTESIAN_POINT ( 'NONE',  ( -13.96814575050770024, -14.95551785225860009, -32.72792206135789428 ) ) ;
#4997 = CIRCLE ( 'NONE', #1691, 1.999999999999998224 ) ;
#4998 = EDGE_CURVE ( 'NONE', #4855, #1070, #6081, .T. ) ;
#4999 = PLANE ( 'NONE',  #6083 ) ;
#5000 = DIRECTION ( 'NONE',  ( -8.587739980083199972E-17, -1.000000000000000000, -8.587739980083199972E-17 ) ) ;
#5001 = DIRECTION ( 'NONE',  ( 1.000000000000000000, 0.000000000000000000, 2.881657216719184962E-16 ) ) ;
#5002 = EDGE_CURVE ( 'NONE', #470, #6363, #4551, .T. ) ;
#5003 = CARTESIAN_POINT ( 'NONE',  ( -26.62500000000000000, 5.250000000000000000, 24.15000000000000213 ) ) ;
#5004 = CARTESIAN_POINT ( 'NONE',  ( 12.67500000000000071, 10.09999999999999964, -29.70912988879059924 ) ) ;
#5005 = CARTESIAN_POINT ( 'NONE',  ( 12.48456162095171074, 13.82699202086466528, -14.68082423748690957 ) ) ;
#5006 = VECTOR ( 'NONE', #702, 1000.000000000000000 ) ;
#5007 = ORIENTED_EDGE ( 'NONE', *, *, #5708, .F. ) ;
#5008 = CARTESIAN_POINT ( 'NONE',  ( 25.40308702607475055, -12.15719045456846104, 0.000000000000000000 ) ) ;
#5009 = EDGE_CURVE ( 'NONE', #318, #9312, #1506, .T. ) ;
#5010 = EDGE_CURVE ( 'NONE', #5365, #8921, #173, .T. ) ;
#5011 = CARTESIAN_POINT ( 'NONE',  ( -23.57499999999999929, -8.000000000000000000, -33.09999999999999432 ) ) ;
#5012 = CARTESIAN_POINT ( 'NONE',  ( 7.129014785873200033, 17.98421494571415025, -25.00000000000000000 ) ) ;
#5013 = DIRECTION ( 'NONE',  ( 1.000000000000000000, 0.000000000000000000, 2.881657216719184962E-16 ) ) ;
#5014 = DIRECTION ( 'NONE',  ( 0.000000000000000000, 0.000000000000000000, -1.000000000000000000 ) ) ;
#5015 = AXIS2_PLACEMENT_3D ( 'NONE', #5110, #876, #4563 ) ;
#5016 = CARTESIAN_POINT ( 'NONE',  ( -10.62712255461673827, -12.09999999999999964, -35.34377173803619598 ) ) ;
#5017 = AXIS2_PLACEMENT_3D ( 'NONE', #1930, #3350, #6355 ) ;
#5018 = CARTESIAN_POINT ( 'NONE',  ( 3.176357042976834855, 15.00000000000000000, -37.52380000000000138 ) ) ;
#5019 = CARTESIAN_POINT ( 'NONE',  ( -19.62500000000000000, 15.00000000000000000, -14.07106781186551991 ) ) ;
#5020 = ORIENTED_EDGE ( 'NONE', *, *, #9578, .F. ) ;
#5021 = FACE_OUTER_BOUND ( 'NONE', #5684, .T. ) ;
#5022 = VECTOR ( 'NONE', #5870, 1000.000000000000000 ) ;
#5023 = AXIS2_PLACEMENT_3D ( 'NONE', #1347, #10, #3010 ) ;
#5024 = CARTESIAN_POINT ( 'NONE',  ( -22.96368532365240256, -12.68377223143209775, -1.227924077144021853 ) ) ;
#5025 = CARTESIAN_POINT ( 'NONE',  ( -27.56654623471040111, 8.276995421061171143, 0.2410015263129540175 ) ) ;
#5026 = CARTESIAN_POINT ( 'NONE',  ( 12.49798334620739837, -12.00000000000000000, 1.000000000000000000 ) ) ;
#5027 = CIRCLE ( 'NONE', #1894, 1.049999999999998934 ) ;
#5028 = CARTESIAN_POINT ( 'NONE',  ( -23.16053390593259920, 28.10000000000000142, -10.53553390593270045 ) ) ;
#5029 = CARTESIAN_POINT ( 'NONE',  ( 23.67562408248669925, -12.37225126641410000, -19.24076401655394974 ) ) ;
#5030 = DIRECTION ( 'NONE',  ( 0.000000000000000000, 0.000000000000000000, 1.000000000000000000 ) ) ;
#5031 = ORIENTED_EDGE ( 'NONE', *, *, #9716, .T. ) ;
#5032 = CARTESIAN_POINT ( 'NONE',  ( 26.62499999999999645, -8.711404234989771567, 0.6510561530079210790 ) ) ;
#5033 = AXIS2_PLACEMENT_3D ( 'NONE', #6983, #3972, #8369 ) ;
#5034 = EDGE_LOOP ( 'NONE', ( #8222, #2735, #1711, #6473 ) ) ;
#5035 = ORIENTED_EDGE ( 'NONE', *, *, #2580, .T. ) ;
#5036 = VERTEX_POINT ( 'NONE', #3765 ) ;
#5037 = VECTOR ( 'NONE', #5602, 1000.000000000000000 ) ;
#5038 = CIRCLE ( 'NONE', #2208, 4.000000000000000000 ) ;
#5039 = VERTEX_POINT ( 'NONE', #3031 ) ;
#5040 = CARTESIAN_POINT ( 'NONE',  ( -28.14150632011529751, 11.54238195154679936, -39.30000000000000426 ) ) ;
#5041 = DIRECTION ( 'NONE',  ( 0.000000000000000000, 0.000000000000000000, 1.000000000000000000 ) ) ;
#5042 = CARTESIAN_POINT ( 'NONE',  ( -13.57500000000001528, -14.93414364101008118, -3.600944573864030662 ) ) ;
#5043 = CARTESIAN_POINT ( 'NONE',  ( -22.90198650383194945, -11.36458766290639133, 8.605745400281708868 ) ) ;
#5044 = CARTESIAN_POINT ( 'NONE',  ( -11.07499999999999929, -2.625000000000000000, 27.64663336986830089 ) ) ;
#5045 = VERTEX_POINT ( 'NONE', #822 ) ;
#5046 = ORIENTED_EDGE ( 'NONE', *, *, #6817, .F. ) ;
#5047 = EDGE_CURVE ( 'NONE', #289, #2327, #5734, .T. ) ;
#5048 = DIRECTION ( 'NONE',  ( -0.7806247497997997886, 0.6249999999999998890, 0.000000000000000000 ) ) ;
#5049 = DIRECTION ( 'NONE',  ( -1.000000000000000000, 0.000000000000000000, 0.000000000000000000 ) ) ;
#5050 = CARTESIAN_POINT ( 'NONE',  ( -25.87284951123395160, -8.000000000000000000, 5.433257696160829653 ) ) ;
#5051 = CARTESIAN_POINT ( 'NONE',  ( 7.129014785873209803, 19.28421494571415096, -25.00000000000000000 ) ) ;
#5052 = DIRECTION ( 'NONE',  ( 0.000000000000000000, 0.000000000000000000, 1.000000000000000000 ) ) ;
#5053 = CARTESIAN_POINT ( 'NONE',  ( 12.31395890382203184, 14.09143277855845966, -14.87485993736101086 ) ) ;
#5054 = EDGE_CURVE ( 'NONE', #7312, #6412, #1978, .T. ) ;
#5055 = B_SPLINE_SURFACE_WITH_KNOTS ( 'NONE', 3, 1, ( 
 ( #3189, #7672 ),
 ( #8523, #4128 ),
 ( #5599, #4723 ),
 ( #7034, #1033 ),
 ( #2501, #7137 ) ),
 .UNSPECIFIED., .F., .F., .F.,
 ( 4, 1, 4 ),
 ( 2, 2 ),
 ( 0.000000000000000000, 0.09958894902927599435, 1.000000000000000000 ),
 ( 0.000000000000000000, 1.000000000000000000 ),
 .UNSPECIFIED. ) ;
#5056 = ADVANCED_FACE ( 'NONE', ( #6370 ), #1121, .T. ) ;
#5057 = VERTEX_POINT ( 'NONE', #2630 ) ;
#5058 = DIRECTION ( 'NONE',  ( 0.000000000000000000, 0.000000000000000000, 1.000000000000000000 ) ) ;
#5059 = FACE_BOUND ( 'NONE', #6271, .T. ) ;
#5060 = CARTESIAN_POINT ( 'NONE',  ( -20.55999399519519955, 15.00000000000000000, -35.79999999999999716 ) ) ;
#5061 = DIRECTION ( 'NONE',  ( 1.000000000000000000, -8.587739980083199972E-17, 0.000000000000000000 ) ) ;
#5062 = CARTESIAN_POINT ( 'NONE',  ( -13.57500000000000284, 14.94911571498207614, -18.76190000000001490 ) ) ;
#5063 = CARTESIAN_POINT ( 'NONE',  ( -13.96814575050796137, -14.95551785225860009, -19.72792206135790138 ) ) ;
#5064 = LINE ( 'NONE', #8228, #3763 ) ;
#5065 = DIRECTION ( 'NONE',  ( 0.000000000000000000, 0.000000000000000000, -1.000000000000000000 ) ) ;
#5066 = ORIENTED_EDGE ( 'NONE', *, *, #6258, .T. ) ;
#5067 = DIRECTION ( 'NONE',  ( 0.000000000000000000, 0.000000000000000000, -1.000000000000000000 ) ) ;
#5068 = EDGE_CURVE ( 'NONE', #9542, #8489, #4203, .T. ) ;
#5069 = EDGE_CURVE ( 'NONE', #2779, #27, #4798, .T. ) ;
#5070 = CARTESIAN_POINT ( 'NONE',  ( -27.37462006939399828, -9.224052514321440910, -0.07468417144047040379 ) ) ;
#5071 = CARTESIAN_POINT ( 'NONE',  ( -23.68988283501805014, 11.86459062398952113, -0.2192963671901894951 ) ) ;
#5072 = CARTESIAN_POINT ( 'NONE',  ( -6.686979100434184531, 13.77414571614377614, -36.59165246503035007 ) ) ;
#5073 = CARTESIAN_POINT ( 'NONE',  ( 16.05351940617955009, 6.308550444176270311, -27.73275948131055557 ) ) ;
#5074 = CARTESIAN_POINT ( 'NONE',  ( 18.12711504229469739, -12.06257607916120023, -26.29766253434505074 ) ) ;
#5075 = PLANE ( 'NONE',  #267 ) ;
#5076 = DIRECTION ( 'NONE',  ( 0.000000000000000000, -1.000000000000000000, 0.000000000000000000 ) ) ;
#5077 = ORIENTED_EDGE ( 'NONE', *, *, #9424, .F. ) ;
#5078 = CARTESIAN_POINT ( 'NONE',  ( 26.62500000000000000, 9.507997347253539289, 0.3114121839210791109 ) ) ;
#5079 = EDGE_LOOP ( 'NONE', ( #667, #1308, #917, #9489, #8346 ) ) ;
#5080 = ORIENTED_EDGE ( 'NONE', *, *, #1116, .T. ) ;
#5081 = ORIENTED_EDGE ( 'NONE', *, *, #5674, .F. ) ;
#5082 = EDGE_LOOP ( 'NONE', ( #368, #1412, #7167, #9626, #5371 ) ) ;
#5083 = CYLINDRICAL_SURFACE ( 'NONE', #4789, 20.00000000000000000 ) ;
#5084 = LINE ( 'NONE', #8054, #9750 ) ;
#5085 = CARTESIAN_POINT ( 'NONE',  ( -1.824999999999999956, -4.150795011477494302E-15, -41.79999999999999716 ) ) ;
#5086 = CARTESIAN_POINT ( 'NONE',  ( -23.61463487999703048, -10.82253093888914819, 8.605745400281714197 ) ) ;
#5087 = AXIS2_PLACEMENT_3D ( 'NONE', #3624, #632, #7323 ) ;
#5088 = DIRECTION ( 'NONE',  ( -2.164016633576080066E-32, -1.000000000000000000, 7.509625437129029427E-17 ) ) ;
#5089 = VECTOR ( 'NONE', #1371, 1000.000000000000000 ) ;
#5090 = ORIENTED_EDGE ( 'NONE', *, *, #6739, .T. ) ;
#5091 = ORIENTED_EDGE ( 'NONE', *, *, #6207, .T. ) ;
#5092 = ORIENTED_EDGE ( 'NONE', *, *, #6377, .T. ) ;
#5093 = AXIS2_PLACEMENT_3D ( 'NONE', #5124, #9575, #1349 ) ;
#5094 = DIRECTION ( 'NONE',  ( -1.000000000000000000, 0.000000000000000000, 0.000000000000000000 ) ) ;
#5095 = DIRECTION ( 'NONE',  ( -1.000000000000000000, 0.000000000000000000, -1.765621858500564986E-16 ) ) ;
#5096 = CARTESIAN_POINT ( 'NONE',  ( -19.62500000000000000, 15.00000000000000000, -39.30000000000000426 ) ) ;
#5097 = CARTESIAN_POINT ( 'NONE',  ( -26.62500000000000000, -5.250000000000000000, 23.09999999999999787 ) ) ;
#5098 = CARTESIAN_POINT ( 'NONE',  ( 7.675000000000000711, 7.100000000000000533, -33.09999999999999432 ) ) ;
#5099 = DATE_AND_TIME ( #2937, #2594 ) ;
#5101 = CARTESIAN_POINT ( 'NONE',  ( 12.34676717976739369, 14.02028731778611004, -14.83573489868212647 ) ) ;
#5100 = AXIS2_PLACEMENT_3D ( 'NONE', #3659, #2087, #1263 ) ;
#5102 = EDGE_CURVE ( 'NONE', #3653, #3407, #4799, .T. ) ;
#5103 = ORIENTED_EDGE ( 'NONE', *, *, #9226, .F. ) ;
#5104 = CARTESIAN_POINT ( 'NONE',  ( -25.82998730934128773, -8.995567511548852480, 5.113812478055937305 ) ) ;
#5105 = CC_DESIGN_APPROVAL ( #1698, ( #9377 ) ) ;
#5106 = DIRECTION ( 'NONE',  ( 0.000000000000000000, 0.000000000000000000, -1.000000000000000000 ) ) ;
#5107 = FACE_OUTER_BOUND ( 'NONE', #382, .T. ) ;
#5108 = EDGE_CURVE ( 'NONE', #750, #755, #7750, .T. ) ;
#5109 = DIRECTION ( 'NONE',  ( 1.000000000000000000, 0.000000000000000000, 0.000000000000000000 ) ) ;
#5110 = CARTESIAN_POINT ( 'NONE',  ( 16.62500000000000000, 8.500000000000000000, 15.00000000000000000 ) ) ;
#5111 = FACE_OUTER_BOUND ( 'NONE', #1788, .T. ) ;
#5112 = DIRECTION ( 'NONE',  ( 1.317361586081176046E-32, 1.000000000000000000, -7.461176240760458925E-17 ) ) ;
#5113 = DIRECTION ( 'NONE',  ( 0.000000000000000000, 0.000000000000000000, -1.000000000000000000 ) ) ;
#5114 = ORIENTED_EDGE ( 'NONE', *, *, #5002, .F. ) ;
#5115 = CARTESIAN_POINT ( 'NONE',  ( -26.62500000000000000, -7.100000000000000533, -36.29999999999999716 ) ) ;
#5116 = CARTESIAN_POINT ( 'NONE',  ( -24.54423707532180643, 11.52036079404442503, -0.8401202646812773178 ) ) ;
#5117 = CARTESIAN_POINT ( 'NONE',  ( -13.69743564619625253, 13.95302812836740181, -37.84824016761973553 ) ) ;
#5118 = CARTESIAN_POINT ( 'NONE',  ( 12.67500000000000071, 10.09999999999999964, -29.70912988879059924 ) ) ;
#5119 = ADVANCED_FACE ( 'NONE', ( #8933 ), #1314, .F. ) ;
#5120 = CARTESIAN_POINT ( 'NONE',  ( 24.43444758962577978, -12.27972048236479807, -19.72062263500649237 ) ) ;
#5121 = LINE ( 'NONE', #7994, #3874 ) ;
#5122 = CARTESIAN_POINT ( 'NONE',  ( 25.75185937549460036, 12.11275902115984060, -12.03976285529073920 ) ) ;
#5123 = ORIENTED_EDGE ( 'NONE', *, *, #7654, .T. ) ;
#5124 = CARTESIAN_POINT ( 'NONE',  ( -26.62500000000000000, 2.625000000000000000, 27.64663336986830089 ) ) ;
#5125 = ADVANCED_FACE ( 'NONE', ( #2734 ), #6524, .T. ) ;
#5126 = ORIENTED_EDGE ( 'NONE', *, *, #8484, .F. ) ;
#5127 = ORIENTED_EDGE ( 'NONE', *, *, #1401, .T. ) ;
#5128 = EDGE_LOOP ( 'NONE', ( #523, #2550, #946, #4544 ) ) ;
#5129 = ADVANCED_FACE ( 'NONE', ( #718 ), #4258, .F. ) ;
#5130 = AXIS2_PLACEMENT_3D ( 'NONE', #9734, #855, #4490 ) ;
#5131 = ORIENTED_EDGE ( 'NONE', *, *, #741, .F. ) ;
#5132 = CARTESIAN_POINT ( 'NONE',  ( -16.56062007662914937, -15.00000000000000000, -23.06437992337090037 ) ) ;
#5133 = CARTESIAN_POINT ( 'NONE',  ( 10.74113673789054957, 12.30081320715759929, 0.2847172405398895045 ) ) ;
#5134 = DIRECTION ( 'NONE',  ( 0.000000000000000000, -0.9486832980505136570, -0.3162277660168383853 ) ) ;
#5135 = ADVANCED_FACE ( 'NONE', ( #1995 ), #5622, .T. ) ;
#5136 = CARTESIAN_POINT ( 'NONE',  ( -24.20870783507606561, -11.67289956849750965, -0.1397999000880992271 ) ) ;
#5137 = CARTESIAN_POINT ( 'NONE',  ( 22.56627866080124889, -12.50566558229479952, 0.000000000000000000 ) ) ;
#5138 = ORIENTED_EDGE ( 'NONE', *, *, #7716, .T. ) ;
#5139 = ORIENTED_EDGE ( 'NONE', *, *, #7603, .T. ) ;
#5140 = VECTOR ( 'NONE', #5030, 1000.000000000000000 ) ;
#5141 = ORIENTED_EDGE ( 'NONE', *, *, #181, .T. ) ;
#5142 = CARTESIAN_POINT ( 'NONE',  ( 7.025000000000000355, -3.785867267333419618E-15, -9.849999999999999645 ) ) ;
#5143 = CIRCLE ( 'NONE', #5450, 1.999999999999998224 ) ;
#5144 = DIRECTION ( 'NONE',  ( 0.000000000000000000, 0.000000000000000000, 1.000000000000000000 ) ) ;
#5145 = DIRECTION ( 'NONE',  ( 0.000000000000000000, 0.000000000000000000, 1.000000000000000000 ) ) ;
#5146 = FACE_OUTER_BOUND ( 'NONE', #5765, .T. ) ;
#5147 = DIRECTION ( 'NONE',  ( 0.000000000000000000, 1.000000000000000000, 8.587739980083199972E-17 ) ) ;
#5148 = CARTESIAN_POINT ( 'NONE',  ( 12.52107996876044815, 13.78851351418496662, -25.35901458306098633 ) ) ;
#5149 = APPLICATION_PROTOCOL_DEFINITION ( 'international standard', 'config_control_design', 1994, #570 ) ;
#5150 = CARTESIAN_POINT ( 'NONE',  ( 12.77571711309609803, 13.60327464766476169, -14.37020469143763179 ) ) ;
#5151 = CIRCLE ( 'NONE', #2318, 1.999999999999998224 ) ;
#5152 = ORIENTED_EDGE ( 'NONE', *, *, #1294, .T. ) ;
#5153 = CIRCLE ( 'NONE', #7047, 16.00000000000000000 ) ;
#5154 = DIRECTION ( 'NONE',  ( 0.000000000000000000, 0.000000000000000000, -1.000000000000000000 ) ) ;
#5155 = DIRECTION ( 'NONE',  ( -1.000000000000000000, 0.000000000000000000, -2.312964634635744929E-16 ) ) ;
#5156 = CARTESIAN_POINT ( 'NONE',  ( 20.62500000000000000, 5.250000000000000000, 23.09999999999999787 ) ) ;
#5157 = DIRECTION ( 'NONE',  ( 0.000000000000000000, 0.000000000000000000, -1.000000000000000000 ) ) ;
#5158 = FACE_OUTER_BOUND ( 'NONE', #6052, .T. ) ;
#5159 = DIRECTION ( 'NONE',  ( 0.000000000000000000, 0.000000000000000000, -1.000000000000000000 ) ) ;
#5160 = LINE ( 'NONE', #8177, #3462 ) ;
#5161 = LINE ( 'NONE', #4371, #5410 ) ;
#5162 = ORIENTED_EDGE ( 'NONE', *, *, #4402, .T. ) ;
#5163 = DIRECTION ( 'NONE',  ( 1.000000000000000000, 0.000000000000000000, 0.000000000000000000 ) ) ;
#5164 = CIRCLE ( 'NONE', #9101, 1.834999999999999742 ) ;
#5165 = CARTESIAN_POINT ( 'NONE',  ( -26.48993482744620209, -8.979899622083811650, 0.9335664954569939944 ) ) ;
#5166 = VECTOR ( 'NONE', #5883, 1000.000000000000000 ) ;
#5167 = CARTESIAN_POINT ( 'NONE',  ( -27.14411235225714947, 9.824785313660800767, -0.2749284378869240042 ) ) ;
#5168 = EDGE_CURVE ( 'NONE', #9396, #5401, #8153, .T. ) ;
#5169 = CARTESIAN_POINT ( 'NONE',  ( 7.285027128217929082, 13.01464428627954817, -32.24228020708759601 ) ) ;
#5170 = DIRECTION ( 'NONE',  ( 1.000000000000000000, 0.000000000000000000, 0.000000000000000000 ) ) ;
#5171 = CARTESIAN_POINT ( 'NONE',  ( 25.80335592520723154, -12.10722739096306810, -16.94481186510500947 ) ) ;
#5172 = CARTESIAN_POINT ( 'NONE',  ( 9.674999999999998934, -10.09999999999999964, -29.30000000000000071 ) ) ;
#5173 = CARTESIAN_POINT ( 'NONE',  ( -16.80312223162709273, 14.30951632912338312, -1.769838776374452305 ) ) ;
#5174 = AXIS2_PLACEMENT_3D ( 'NONE', #274, #6372, #5580 ) ;
#5175 = CIRCLE ( 'NONE', #5806, 1.000000000000000888 ) ;
#5176 = EDGE_LOOP ( 'NONE', ( #903, #1595, #6633, #6657 ) ) ;
#5177 = CARTESIAN_POINT ( 'NONE',  ( 26.62499999999999645, -8.681193064607072074, 0.6653300850992810433 ) ) ;
#5178 = VERTEX_POINT ( 'NONE', #9495 ) ;
#5179 = ORIENTED_EDGE ( 'NONE', *, *, #1468, .T. ) ;
#5180 = TOROIDAL_SURFACE ( 'NONE', #4548, 8.000000000000000000, 4.000000000000000000 ) ;
#5181 = EDGE_LOOP ( 'NONE', ( #3504, #8765, #2678, #1534 ) ) ;
#5182 = EDGE_CURVE ( 'NONE', #7785, #29, #9748, .T. ) ;
#5183 = ORIENTED_EDGE ( 'NONE', *, *, #614, .T. ) ;
#5184 = CYLINDRICAL_SURFACE ( 'NONE', #5100, 1.000000000000000000 ) ;
#5185 = CARTESIAN_POINT ( 'NONE',  ( 9.834758946219530173, 12.58104326433842957, 0.09187677889902839956 ) ) ;
#5186 = CARTESIAN_POINT ( 'NONE',  ( 16.62500000000000000, -12.00000000000000000, 1.321308170842024117E-15 ) ) ;
#5187 = DIRECTION ( 'NONE',  ( 1.000000000000000000, 0.000000000000000000, 0.000000000000000000 ) ) ;
#5188 = CARTESIAN_POINT ( 'NONE',  ( -24.49373389049655003, -8.000000000000000000, 9.678233104402588438 ) ) ;
#5189 = ORIENTED_EDGE ( 'NONE', *, *, #3311, .T. ) ;
#5190 = ORIENTED_EDGE ( 'NONE', *, *, #9724, .T. ) ;
#5191 = AXIS2_PLACEMENT_3D ( 'NONE', #3778, #5210, #4467 ) ;
#5192 = ADVANCED_FACE ( 'NONE', ( #5728 ), #6619, .F. ) ;
#5193 = ORIENTED_EDGE ( 'NONE', *, *, #2297, .T. ) ;
#5194 = AXIS2_PLACEMENT_3D ( 'NONE', #2161, #2802, #597 ) ;
#5195 = EDGE_CURVE ( 'NONE', #229, #4087, #8057, .T. ) ;
#5196 = EDGE_CURVE ( 'NONE', #8242, #6702, #217, .T. ) ;
#5197 = CARTESIAN_POINT ( 'NONE',  ( 26.62500000000000000, 2.625000000000000000, 18.55336663013169840 ) ) ;
#5198 = VECTOR ( 'NONE', #9180, 1000.000000000000000 ) ;
#5199 = LINE ( 'NONE', #9546, #3098 ) ;
#5200 = CARTESIAN_POINT ( 'NONE',  ( -22.79202669408863358, 0.6250147648350460328, 18.54530439086737559 ) ) ;
#5201 = FACE_OUTER_BOUND ( 'NONE', #763, .T. ) ;
#5202 = CARTESIAN_POINT ( 'NONE',  ( 17.49299878580431411, -4.693134695930723410, -26.75249045983784768 ) ) ;
#5203 = COORDINATED_UNIVERSAL_TIME_OFFSET ( 8, 0, .AHEAD. ) ;
#5204 = CARTESIAN_POINT ( 'NONE',  ( 23.98512827848530193, -12.33712229117620041, 0.000000000000000000 ) ) ;
#5205 = ORIENTED_EDGE ( 'NONE', *, *, #8197, .F. ) ;
#5206 = CARTESIAN_POINT ( 'NONE',  ( -21.90117345637667512, -11.96955209778423779, 6.505745400281714552 ) ) ;
#5207 = FACE_BOUND ( 'NONE', #3221, .T. ) ;
#5208 = CARTESIAN_POINT ( 'NONE',  ( -24.32095916129012281, -8.739222769770693233, 10.03584651735122080 ) ) ;
#5209 = CARTESIAN_POINT ( 'NONE',  ( 15.12500000000000000, 8.572527594031470232E-16, 30.09999999999999787 ) ) ;
#5210 = DIRECTION ( 'NONE',  ( 1.000000000000000000, 0.000000000000000000, 0.000000000000000000 ) ) ;
#5211 = DIRECTION ( 'NONE',  ( 0.000000000000000000, -7.509625437129029427E-17, -1.000000000000000000 ) ) ;
#5212 = CARTESIAN_POINT ( 'NONE',  ( -26.62500000000000000, -14.32379000772443867, -1.774596669241474967 ) ) ;
#5213 = ORIENTED_EDGE ( 'NONE', *, *, #3866, .F. ) ;
#5214 = CARTESIAN_POINT ( 'NONE',  ( 15.72163923373035033, 13.25326636881105991, -26.83643129719260045 ) ) ;
#5215 = CARTESIAN_POINT ( 'NONE',  ( -26.44546365250829822, -10.92327016355276115, -0.6410900545175769460 ) ) ;
#5216 = CARTESIAN_POINT ( 'NONE',  ( -23.86567022804529259, 11.80301765336038677, -0.1936174582521738019 ) ) ;
#5217 = CARTESIAN_POINT ( 'NONE',  ( 24.87473007768593547, 11.32525727647074021, -18.94010238844327887 ) ) ;
#5218 = CARTESIAN_POINT ( 'NONE',  ( 17.28864392908570835, 4.922466257359364938, -26.89666406518645658 ) ) ;
#5219 = CARTESIAN_POINT ( 'NONE',  ( 3.486771986968446146, -14.26187129166052792, -33.72724101193558965 ) ) ;
#5220 = CARTESIAN_POINT ( 'NONE',  ( 3.024999999999999911, 4.000000000000000000, -38.70134312298129942 ) ) ;
#5221 = CARTESIAN_POINT ( 'NONE',  ( -16.59882255516914284, 14.30738705930173005, -1.769129019767234912 ) ) ;
#5222 = ORIENTED_EDGE ( 'NONE', *, *, #5879, .T. ) ;
#5223 = CARTESIAN_POINT ( 'NONE',  ( 26.62499999999999289, -8.706474517272759783, 0.6533795022079600390 ) ) ;
#5224 = EDGE_LOOP ( 'NONE', ( #83, #1127, #931, #3749, #8539, #5633, #3461, #1004 ) ) ;
#5225 = ORIENTED_EDGE ( 'NONE', *, *, #6146, .F. ) ;
#5226 = VERTEX_POINT ( 'NONE', #8206 ) ;
#5227 = ORIENTED_EDGE ( 'NONE', *, *, #8554, .T. ) ;
#5228 = CARTESIAN_POINT ( 'NONE',  ( 3.623015139711939447, -13.26560419977721139, -33.64635022838393041 ) ) ;
#5229 = CARTESIAN_POINT ( 'NONE',  ( 5.029014785873200388, 19.28421494571415096, -25.00000000000000000 ) ) ;
#5230 = CARTESIAN_POINT ( 'NONE',  ( 13.13744632142985935, 13.49906635955071899, -14.00000000000000000 ) ) ;
#5231 = CARTESIAN_POINT ( 'NONE',  ( -26.84991221830399866, -7.902763757320330207, 5.519797205070839929 ) ) ;
#5232 = DIRECTION ( 'NONE',  ( -4.337326540498584776E-45, -8.751044821824960386E-31, 1.000000000000000000 ) ) ;
#5233 = VERTEX_POINT ( 'NONE', #8152 ) ;
#5234 = ORIENTED_EDGE ( 'NONE', *, *, #2241, .F. ) ;
#5235 = ORIENTED_EDGE ( 'NONE', *, *, #9663, .F. ) ;
#5236 = VECTOR ( 'NONE', #3119, 1000.000000000000000 ) ;
#5237 = CARTESIAN_POINT ( 'NONE',  ( 7.675000000000000711, 10.09999999999999964, -9.849999999999999645 ) ) ;
#5238 = ADVANCED_FACE ( 'NONE', ( #7363 ), #9398, .F. ) ;
#5239 = CARTESIAN_POINT ( 'NONE',  ( -22.77996727352878992, -0.6280828139306395830, 18.67342132601282501 ) ) ;
#5240 = CARTESIAN_POINT ( 'NONE',  ( -22.96217730079803943, 1.338559823175032193, 17.02162225972978504 ) ) ;
#5241 = CARTESIAN_POINT ( 'NONE',  ( 24.38606363298586643, 11.59149703347361005, 0.9671904181090502650 ) ) ;
#5242 = EDGE_CURVE ( 'NONE', #9541, #7108, #531, .T. ) ;
#5243 = CARTESIAN_POINT ( 'NONE',  ( 20.04922956825598490, -1.824475706734955516, -24.78013805141004156 ) ) ;
#5244 = DIRECTION ( 'NONE',  ( 9.221531102568230410E-32, 1.000000000000000000, -5.222823368532319275E-16 ) ) ;
#5245 = EDGE_CURVE ( 'NONE', #9660, #1490, #6665, .T. ) ;
#5246 = B_SPLINE_CURVE_WITH_KNOTS ( 'NONE', 3,
 ( #1607, #9094, #828, #5250 ),
 .UNSPECIFIED., .F., .F.,
 ( 4, 4 ),
 ( 0.000000000000000000, 1.000000000000000000 ),
 .UNSPECIFIED. ) ;
#5247 = AXIS2_PLACEMENT_3D ( 'NONE', #6531, #4958, #8749 ) ;
#5248 = EDGE_LOOP ( 'NONE', ( #3541, #6981, #1776, #6387, #1016, #8640, #3712, #4577, #3162, #9331, #2916, #2328, #2832, #2818, #8138, #164, #2727, #5676, #6472, #5570 ) ) ;
#5249 = ADVANCED_FACE ( 'NONE', ( #579 ), #2927, .T. ) ;
#5250 = CARTESIAN_POINT ( 'NONE',  ( -26.62500000000000000, 10.67871917582951902, -0.5595730586098359716 ) ) ;
#5251 = DIRECTION ( 'NONE',  ( 0.000000000000000000, 0.000000000000000000, -1.000000000000000000 ) ) ;
#5252 = VECTOR ( 'NONE', #8285, 1000.000000000000000 ) ;
#5253 = CARTESIAN_POINT ( 'NONE',  ( 3.570122197767649830, 15.25135460600989923, -15.00000000000000000 ) ) ;
#5254 = EDGE_CURVE ( 'NONE', #3947, #2635, #7364, .T. ) ;
#5255 = DIRECTION ( 'NONE',  ( 1.000000000000000000, 0.000000000000000000, 0.000000000000000000 ) ) ;
#5256 = CARTESIAN_POINT ( 'NONE',  ( 17.62500000000000000, 8.500000000000000000, 15.00000000000000000 ) ) ;
#5257 = CARTESIAN_POINT ( 'NONE',  ( -16.57499999999999929, 2.625000000000000000, 25.64663336986829734 ) ) ;
#5258 = EDGE_LOOP ( 'NONE', ( #3242, #4590, #6968, #3604 ) ) ;
#5259 = CARTESIAN_POINT ( 'NONE',  ( -0.07098521412679610620, 19.28421494571415096, -25.00000000000000000 ) ) ;
#5260 = AXIS2_PLACEMENT_3D ( 'NONE', #6707, #4443, #9730 ) ;
#5261 = CARTESIAN_POINT ( 'NONE',  ( -27.14411235225714947, -9.824785313661081432, -0.2749284378870175405 ) ) ;
#5262 = DIRECTION ( 'NONE',  ( 0.000000000000000000, 0.000000000000000000, 1.000000000000000000 ) ) ;
#5263 = CARTESIAN_POINT ( 'NONE',  ( 22.33051368840521178, 11.61532873483929684, -22.55068167123403455 ) ) ;
#5264 = LINE ( 'NONE', #4725, #7530 ) ;
#5265 = CARTESIAN_POINT ( 'NONE',  ( -19.01692035916890333, -14.99999999997370814, -38.29999999705322011 ) ) ;
#5266 = DIRECTION ( 'NONE',  ( 2.478176394252581634E-16, 0.000000000000000000, -1.000000000000000000 ) ) ;
#5267 = DIRECTION ( 'NONE',  ( -1.765621858500564986E-16, 0.000000000000000000, 1.000000000000000000 ) ) ;
#5268 = VERTEX_POINT ( 'NONE', #3519 ) ;
#5269 = LINE ( 'NONE', #945, #5880 ) ;
#5270 = ORIENTED_EDGE ( 'NONE', *, *, #7714, .F. ) ;
#5271 = ORIENTED_EDGE ( 'NONE', *, *, #3559, .F. ) ;
#5272 = EDGE_LOOP ( 'NONE', ( #8435, #7708, #8349, #617, #6326, #9344, #5453, #498 ) ) ;
#5273 = CARTESIAN_POINT ( 'NONE',  ( 1.486461777364523673, -13.39472094580559158, -34.36807948412901226 ) ) ;
#5274 = CARTESIAN_POINT ( 'NONE',  ( 9.611381795549476692, 12.65596762211462512, 0.06104201627694233467 ) ) ;
#5275 = DIRECTION ( 'NONE',  ( -0.7071067811865480168, 0.7071067811865470176, -6.412382716585820093E-17 ) ) ;
#5276 = CARTESIAN_POINT ( 'NONE',  ( -11.07499999999999929, -5.250000000000000000, 24.15000000000000213 ) ) ;
#5277 = PLANE ( 'NONE',  #2794 ) ;
#5278 = ORIENTED_EDGE ( 'NONE', *, *, #8320, .T. ) ;
#5279 = ORIENTED_EDGE ( 'NONE', *, *, #2472, .T. ) ;
#5280 = ORIENTED_EDGE ( 'NONE', *, *, #1928, .F. ) ;
#5281 = ORIENTED_EDGE ( 'NONE', *, *, #7370, .T. ) ;
#5282 = EDGE_CURVE ( 'NONE', #7995, #4250, #5596, .T. ) ;
#5283 = CARTESIAN_POINT ( 'NONE',  ( 20.62500000000000000, 2.625000000000000000, 18.55336663013169840 ) ) ;
#5284 = EDGE_CURVE ( 'NONE', #1057, #397, #7829, .T. ) ;
#5285 = CARTESIAN_POINT ( 'NONE',  ( -22.78562091998146499, -0.6257542975323568957, 18.61289010784393838 ) ) ;
#5286 = CARTESIAN_POINT ( 'NONE',  ( -22.94873845135376911, 1.222174459455164675, 17.12784908032590181 ) ) ;
#5287 = AXIS2_PLACEMENT_3D ( 'NONE', #7492, #801, #748 ) ;
#5288 = CARTESIAN_POINT ( 'NONE',  ( 23.97454674295752142, 11.76578134275981036, 0.9141913855911684150 ) ) ;
#5289 = CARTESIAN_POINT ( 'NONE',  ( -22.62256308275784633, 12.68377223398315934, -1.227924077994377861 ) ) ;
#5290 = CARTESIAN_POINT ( 'NONE',  ( 4.428687323202460391, 15.19475616449375011, -25.00000000000000000 ) ) ;
#5291 = ORIENTED_EDGE ( 'NONE', *, *, #675, .F. ) ;
#5292 = AXIS2_PLACEMENT_3D ( 'NONE', #6828, #1703, #6876 ) ;
#5293 = EDGE_CURVE ( 'NONE', #4125, #7634, #8433, .T. ) ;
#5294 = CARTESIAN_POINT ( 'NONE',  ( 4.329014785873204652, 14.78421494571413852, -14.90923280789883876 ) ) ;
#5295 = EDGE_CURVE ( 'NONE', #1559, #5719, #815, .T. ) ;
#5296 = EDGE_CURVE ( 'NONE', #7207, #9115, #1538, .T. ) ;
#5297 = DIRECTION ( 'NONE',  ( 1.000000000000000000, 0.000000000000000000, 2.891205793294680298E-16 ) ) ;
#5298 = FACE_OUTER_BOUND ( 'NONE', #610, .T. ) ;
#5299 = DIRECTION ( 'NONE',  ( 0.000000000000000000, 0.000000000000000000, 1.000000000000000000 ) ) ;
#5300 = DIRECTION ( 'NONE',  ( 1.000000000000000000, 0.000000000000000000, 0.000000000000000000 ) ) ;
#5301 = CARTESIAN_POINT ( 'NONE',  ( -26.46000000000000085, -8.000000000000000000, -37.79999999999999716 ) ) ;
#5302 = CARTESIAN_POINT ( 'NONE',  ( 3.167671483538915034, 14.28208442466090133, -32.80129964880799776 ) ) ;
#5303 = CIRCLE ( 'NONE', #4046, 1.049999999999998934 ) ;
#5304 = AXIS2_PLACEMENT_3D ( 'NONE', #4834, #1778, #412 ) ;
#5305 = EDGE_CURVE ( 'NONE', #9530, #9542, #3105, .T. ) ;
#5306 = CC_DESIGN_PERSON_AND_ORGANIZATION_ASSIGNMENT ( #8114, #2201, ( #2004 ) ) ;
#5307 = ADVANCED_FACE ( 'NONE', ( #6062 ), #5413, .T. ) ;
#5308 = FACE_OUTER_BOUND ( 'NONE', #5360, .T. ) ;
#5309 = CARTESIAN_POINT ( 'NONE',  ( -26.31730700063313222, 9.505996948774619426, 0.7258051790664653558 ) ) ;
#5310 = CARTESIAN_POINT ( 'NONE',  ( 20.38964025263534552, 11.82604360763490092, -24.44321147069696920 ) ) ;
#5311 = DIRECTION ( 'NONE',  ( 0.000000000000000000, -1.000000000000000000, -3.469446951953611033E-15 ) ) ;
#5312 = AXIS2_PLACEMENT_3D ( 'NONE', #3317, #529, #5726 ) ;
#5313 = CARTESIAN_POINT ( 'NONE',  ( -3.308591250585614763, -13.64675130606131859, -35.80267410557164709 ) ) ;
#5314 = FACE_OUTER_BOUND ( 'NONE', #8586, .T. ) ;
#5315 = CARTESIAN_POINT ( 'NONE',  ( -22.27479978062298827, 14.32379193020229025, -1.774597310067422828 ) ) ;
#5316 = VERTEX_POINT ( 'NONE', #25 ) ;
#5317 = LINE ( 'NONE', #2269, #4944 ) ;
#5318 = ORIENTED_EDGE ( 'NONE', *, *, #2118, .F. ) ;
#5319 = ORIENTED_EDGE ( 'NONE', *, *, #4270, .T. ) ;
#5320 = VECTOR ( 'NONE', #1618, 1000.000000000000000 ) ;
#5321 = CARTESIAN_POINT ( 'NONE',  ( -16.85161721634955967, -14.31000296805693672, -1.770000989352304765 ) ) ;
#5322 = CARTESIAN_POINT ( 'NONE',  ( 15.12500000000000000, 0.000000000000000000, 23.09999999999999787 ) ) ;
#5323 = CARTESIAN_POINT ( 'NONE',  ( 22.66417410692094236, -11.57772917673510626, -22.13202192334152230 ) ) ;
#5324 = FACE_OUTER_BOUND ( 'NONE', #8874, .T. ) ;
#5325 = CARTESIAN_POINT ( 'NONE',  ( 7.675000000000000711, 7.100000000000000533, -36.29999999999999716 ) ) ;
#5326 = DIRECTION ( 'NONE',  ( -1.000000000000000000, 4.956352788505168198E-15, 0.000000000000000000 ) ) ;
#5327 = ORIENTED_EDGE ( 'NONE', *, *, #918, .T. ) ;
#5328 = ORIENTED_EDGE ( 'NONE', *, *, #8607, .F. ) ;
#5329 = VERTEX_POINT ( 'NONE', #6851 ) ;
#5330 = ORIENTED_EDGE ( 'NONE', *, *, #3413, .F. ) ;
#5331 = VECTOR ( 'NONE', #8151, 1000.000000000000000 ) ;
#5332 = VECTOR ( 'NONE', #8833, 1000.000000000000000 ) ;
#5333 = AXIS2_PLACEMENT_3D ( 'NONE', #7245, #6451, #7193 ) ;
#5334 = FACE_OUTER_BOUND ( 'NONE', #4951, .T. ) ;
#5335 = DIRECTION ( 'NONE',  ( 2.478176394252581634E-16, 0.000000000000000000, -1.000000000000000000 ) ) ;
#5336 = CARTESIAN_POINT ( 'NONE',  ( -22.76008075825173194, -0.6531572356303655402, 18.89453406384578216 ) ) ;
#5337 = AXIS2_PLACEMENT_3D ( 'NONE', #9370, #3239, #7828 ) ;
#5338 = B_SPLINE_CURVE_WITH_KNOTS ( 'NONE', 2,
 ( #7596, #7554, #7640 ),
 .UNSPECIFIED., .F., .F.,
 ( 3, 3 ),
 ( 0.9118359533938630301, 0.9734491161897009803 ),
 .UNSPECIFIED. ) ;
#5339 = CARTESIAN_POINT ( 'NONE',  ( -22.69382120107899325, 1.006219403218245656, 19.72961487069325059 ) ) ;
#5340 = CARTESIAN_POINT ( 'NONE',  ( 7.675000000000000711, 2.600000000000000089, -36.29999999999999716 ) ) ;
#5341 = CARTESIAN_POINT ( 'NONE',  ( -15.85370546864755070, -14.98518995130041986, -30.84236234321799586 ) ) ;
#5342 = ORIENTED_EDGE ( 'NONE', *, *, #4768, .T. ) ;
#5343 = ADVANCED_FACE ( 'NONE', ( #9126 ), #7555, .T. ) ;
#5344 = CARTESIAN_POINT ( 'NONE',  ( -11.96499999999999986, 10.09999999999999964, -35.57131279429335535 ) ) ;
#5345 = CARTESIAN_POINT ( 'NONE',  ( 20.37076997953809965, 12.76646718819269921, 0.000000000000000000 ) ) ;
#5346 = CARTESIAN_POINT ( 'NONE',  ( 2.190270947607404928, 15.33797634325254933, -15.00000000000000000 ) ) ;
#5347 = CARTESIAN_POINT ( 'NONE',  ( -19.62500000000000000, 15.00000000000000000, -20.00000000000000000 ) ) ;
#5348 = DIRECTION ( 'NONE',  ( 0.000000000000000000, 0.000000000000000000, -1.000000000000000000 ) ) ;
#5349 = CARTESIAN_POINT ( 'NONE',  ( 22.62500000000000000, 12.00000000000000000, 23.09999999999999787 ) ) ;
#5350 = CARTESIAN_POINT ( 'NONE',  ( -16.63040470091250356, 14.98803646150028257, -38.16852825034281693 ) ) ;
#5351 = EDGE_CURVE ( 'NONE', #9639, #7063, #5303, .T. ) ;
#5352 = CARTESIAN_POINT ( 'NONE',  ( 5.469611402389619847, -12.09999999999999964, -30.94698572586899843 ) ) ;
#5353 = CARTESIAN_POINT ( 'NONE',  ( -26.02972033404642715, 10.09334384920393290, 0.4935780510719941505 ) ) ;
#5354 = DIRECTION ( 'NONE',  ( 4.336808689942017736E-16, 0.000000000000000000, -1.000000000000000000 ) ) ;
#5355 = FACE_OUTER_BOUND ( 'NONE', #3664, .T. ) ;
#5356 = EDGE_CURVE ( 'NONE', #5532, #6221, #1544, .T. ) ;
#5357 = DIRECTION ( 'NONE',  ( -1.000000000000000000, 0.000000000000000000, -1.765621858500564986E-16 ) ) ;
#5358 = FACE_OUTER_BOUND ( 'NONE', #4698, .T. ) ;
#5359 = CARTESIAN_POINT ( 'NONE',  ( -22.57500000000000284, -2.625000000000000000, 25.64663336986829734 ) ) ;
#5360 = EDGE_LOOP ( 'NONE', ( #4982, #5138, #4363, #8255, #2920, #1799, #8252, #1447, #5866, #1750 ) ) ;
#5361 = CARTESIAN_POINT ( 'NONE',  ( -25.92683258233285670, -8.526799543395446435, 5.110216015400032674 ) ) ;
#5362 = EDGE_CURVE ( 'NONE', #589, #8652, #2236, .T. ) ;
#5363 = VERTEX_POINT ( 'NONE', #110 ) ;
#5364 = CARTESIAN_POINT ( 'NONE',  ( -26.62500000000000000, -5.250000000000000000, 23.09999999999999787 ) ) ;
#5365 = VERTEX_POINT ( 'NONE', #6711 ) ;
#5366 = CARTESIAN_POINT ( 'NONE',  ( 14.86313639060855962, -12.38119846430062587, -28.47018911204235181 ) ) ;
#5367 = LINE ( 'NONE', #9276, #8642 ) ;
#5368 = CARTESIAN_POINT ( 'NONE',  ( -11.07499999999999929, 5.250000000000000000, 23.09999999999999787 ) ) ;
#5369 = DIRECTION ( 'NONE',  ( 1.000000000000000000, 0.000000000000000000, 0.000000000000000000 ) ) ;
#5370 = ORIENTED_EDGE ( 'NONE', *, *, #5406, .T. ) ;
#5371 = ORIENTED_EDGE ( 'NONE', *, *, #1437, .F. ) ;
#5372 = ORIENTED_EDGE ( 'NONE', *, *, #4987, .T. ) ;
#5373 = EDGE_LOOP ( 'NONE', ( #3722, #8970, #9210, #4112 ) ) ;
#5374 = DIRECTION ( 'NONE',  ( -1.765621858500564986E-16, -8.587739980083199972E-17, 1.000000000000000000 ) ) ;
#5375 = FACE_BOUND ( 'NONE', #9160, .T. ) ;
#5376 = DIRECTION ( 'NONE',  ( 0.000000000000000000, 0.000000000000000000, -1.000000000000000000 ) ) ;
#5377 = CARTESIAN_POINT ( 'NONE',  ( -22.99501154832937644, -1.718606185213780835, 16.77027262801753693 ) ) ;
#5378 = CARTESIAN_POINT ( 'NONE',  ( -23.00530566027708446, 1.888836565303239068, 16.69370410336285815 ) ) ;
#5379 = CARTESIAN_POINT ( 'NONE',  ( -23.16053390593259920, 28.10000000000000142, -10.53553390593270045 ) ) ;
#5380 = CARTESIAN_POINT ( 'NONE',  ( 3.024999999999999911, 4.000000000000000000, -38.70134312298129942 ) ) ;
#5381 = VERTEX_POINT ( 'NONE', #1500 ) ;
#5382 = DIRECTION ( 'NONE',  ( 0.000000000000000000, 0.000000000000000000, 1.000000000000000000 ) ) ;
#5383 = CARTESIAN_POINT ( 'NONE',  ( -26.62500000000000000, 2.625000000000000000, 27.64663336986830089 ) ) ;
#5384 = CARTESIAN_POINT ( 'NONE',  ( 20.62500000000000000, -5.250000000000000000, 23.09999999999999787 ) ) ;
#5385 = CARTESIAN_POINT ( 'NONE',  ( 16.62500000000000000, 7.000000000000000000, 13.50000000000000000 ) ) ;
#5386 = AXIS2_PLACEMENT_3D ( 'NONE', #6672, #2931, #2196 ) ;
#5387 = CYLINDRICAL_SURFACE ( 'NONE', #1895, 1.049999999999998934 ) ;
#5388 = DIRECTION ( 'NONE',  ( 0.000000000000000000, 0.000000000000000000, -1.000000000000000000 ) ) ;
#5390 = CARTESIAN_POINT ( 'NONE',  ( -18.41983870986729954, 13.99857898409380041, -38.27975541886329580 ) ) ;
#5389 = AXIS2_PLACEMENT_3D ( 'NONE', #8229, #2856, #5113 ) ;
#5391 = ORIENTED_EDGE ( 'NONE', *, *, #1282, .F. ) ;
#5392 = EDGE_CURVE ( 'NONE', #8540, #2330, #4514, .T. ) ;
#5393 = CIRCLE ( 'NONE', #4465, 1.049999999999998934 ) ;
#5394 = CARTESIAN_POINT ( 'NONE',  ( -22.67477080973293724, 3.997264402294263164, 20.00960839190724982 ) ) ;
#5395 = FACE_OUTER_BOUND ( 'NONE', #203, .T. ) ;
#5396 = CARTESIAN_POINT ( 'NONE',  ( -13.57500000000000107, -12.00000000000000000, -7.381296623649908807E-15 ) ) ;
#5397 = DIRECTION ( 'NONE',  ( -0.7806247497997998996, 0.6249999999999998890, 0.000000000000000000 ) ) ;
#5398 = CARTESIAN_POINT ( 'NONE',  ( -17.22970171601015110, -13.99293421933129977, -38.21451985893735070 ) ) ;
#5399 = DIRECTION ( 'NONE',  ( -1.000000000000000000, 4.998878423560750717E-31, -8.671671754904770207E-46 ) ) ;
#5400 = DIRECTION ( 'NONE',  ( 1.000000000000000000, 0.000000000000000000, 0.000000000000000000 ) ) ;
#5401 = VERTEX_POINT ( 'NONE', #1677 ) ;
#5402 = CARTESIAN_POINT ( 'NONE',  ( 7.818037896800961839, 15.00000000000000000, -32.01754607130295227 ) ) ;
#5403 = VERTEX_POINT ( 'NONE', #6018 ) ;
#5404 = VECTOR ( 'NONE', #6561, 999.9999999999998863 ) ;
#5405 = CARTESIAN_POINT ( 'NONE',  ( -19.62500000000000000, 15.00000000000000000, -39.30000000000000426 ) ) ;
#5406 = EDGE_CURVE ( 'NONE', #6312, #870, #5151, .T. ) ;
#5407 = EDGE_LOOP ( 'NONE', ( #1800, #8588, #5544, #3421 ) ) ;
#5408 = CARTESIAN_POINT ( 'NONE',  ( 17.18511315969697861, -12.15862926610404138, -26.97727847964733527 ) ) ;
#5409 = DIRECTION ( 'NONE',  ( 0.000000000000000000, 0.000000000000000000, -1.000000000000000000 ) ) ;
#5410 = VECTOR ( 'NONE', #5802, 1000.000000000000000 ) ;
#5411 = EDGE_CURVE ( 'NONE', #8210, #289, #3893, .T. ) ;
#5412 = CARTESIAN_POINT ( 'NONE',  ( -16.57499999999999929, 2.625000000000000000, 16.55336663013170195 ) ) ;
#5413 = CYLINDRICAL_SURFACE ( 'NONE', #4653, 6.999999999999999112 ) ;
#5414 = ORIENTED_EDGE ( 'NONE', *, *, #3807, .F. ) ;
#5415 = ADVANCED_FACE ( 'NONE', ( #8388 ), #2977, .F. ) ;
#5416 = VERTEX_POINT ( 'NONE', #5976 ) ;
#5417 = VERTEX_POINT ( 'NONE', #8983 ) ;
#5418 = ORIENTED_EDGE ( 'NONE', *, *, #2160, .F. ) ;
#5419 = ORIENTED_EDGE ( 'NONE', *, *, #3971, .T. ) ;
#5420 = EDGE_CURVE ( 'NONE', #9576, #750, #163, .T. ) ;
#5421 = ADVANCED_FACE ( 'NONE', ( #762 ), #5277, .F. ) ;
#5422 = ADVANCED_FACE ( 'NONE', ( #366 ), #5517, .T. ) ;
#5423 = CYLINDRICAL_SURFACE ( 'NONE', #7929, 1.049999999999998934 ) ;
#5424 = CYLINDRICAL_SURFACE ( 'NONE', #9252, 1.999999999999998224 ) ;
#5425 = CARTESIAN_POINT ( 'NONE',  ( 4.329014785873204652, 14.78421494571413852, -25.09076719210115058 ) ) ;
#5426 = CARTESIAN_POINT ( 'NONE',  ( -22.86110836625281095, -0.7443555321455148643, 17.87243290060776246 ) ) ;
#5427 = DIRECTION ( 'NONE',  ( 0.000000000000000000, -1.000000000000000000, 0.000000000000000000 ) ) ;
#5428 = CARTESIAN_POINT ( 'NONE',  ( 7.129014785873209803, 19.28421494571415096, -15.00000000000000000 ) ) ;
#5429 = CARTESIAN_POINT ( 'NONE',  ( 8.282295850159679063, 14.91516259938647870, -15.00000000000000000 ) ) ;
#5430 = ORIENTED_EDGE ( 'NONE', *, *, #3985, .F. ) ;
#5431 = VERTEX_POINT ( 'NONE', #4737 ) ;
#5432 = ORIENTED_EDGE ( 'NONE', *, *, #7180, .F. ) ;
#5433 = DATE_AND_TIME ( #6779, #9690 ) ;
#5434 = VECTOR ( 'NONE', #1038, 1000.000000000000000 ) ;
#5435 = DIRECTION ( 'NONE',  ( 1.000000000000000000, 0.000000000000000000, 0.000000000000000000 ) ) ;
#5436 = DIRECTION ( 'NONE',  ( 1.000000000000000000, 0.000000000000000000, 2.881657216719184962E-16 ) ) ;
#5437 = DIRECTION ( 'NONE',  ( -1.492235248152091785E-16, 5.222823368532319275E-16, 1.000000000000000000 ) ) ;
#5438 = CARTESIAN_POINT ( 'NONE',  ( 0.6954014708848779147, 14.42882284292601902, -26.00000000000000000 ) ) ;
#5439 = LINE ( 'NONE', #5349, #3825 ) ;
#5440 = CARTESIAN_POINT ( 'NONE',  ( -23.16053390593274841, 28.10000000000000142, -23.53553390593269867 ) ) ;
#5441 = AXIS2_PLACEMENT_3D ( 'NONE', #3034, #6220, #9184 ) ;
#5442 = VERTEX_POINT ( 'NONE', #7153 ) ;
#5443 = EDGE_CURVE ( 'NONE', #808, #7592, #8188, .T. ) ;
#5444 = CARTESIAN_POINT ( 'NONE',  ( -22.78848668920972287, 4.624820475798979480, 18.58252353975069227 ) ) ;
#5445 = CARTESIAN_POINT ( 'NONE',  ( 13.13744632142985935, 13.49906635955071899, -26.00000000000000000 ) ) ;
#5446 = CARTESIAN_POINT ( 'NONE',  ( -23.01750236873450817, -3.075662127896842790, 16.60369739264742961 ) ) ;
#5447 = DIRECTION ( 'NONE',  ( 1.000000000000000000, 0.000000000000000000, 0.000000000000000000 ) ) ;
#5448 = CARTESIAN_POINT ( 'NONE',  ( 3.024999999999999911, 14.28421494571413852, 0.000000000000000000 ) ) ;
#5449 = CARTESIAN_POINT ( 'NONE',  ( 3.024999999999999911, -4.000000000000000000, -38.70134312298129942 ) ) ;
#5450 = AXIS2_PLACEMENT_3D ( 'NONE', #2253, #2799, #9612 ) ;
#5451 = LINE ( 'NONE', #2450, #3718 ) ;
#5452 = FACE_OUTER_BOUND ( 'NONE', #2191, .T. ) ;
#5453 = ORIENTED_EDGE ( 'NONE', *, *, #2849, .T. ) ;
#5454 = AXIS2_PLACEMENT_3D ( 'NONE', #9413, #1716, #1867 ) ;
#5455 = EDGE_LOOP ( 'NONE', ( #6469, #613, #2036, #7449 ) ) ;
#5456 = EDGE_CURVE ( 'NONE', #8700, #2163, #4935, .T. ) ;
#5457 = CARTESIAN_POINT ( 'NONE',  ( -26.62500000000000000, 2.625000000000000000, 18.55336663013169840 ) ) ;
#5458 = VECTOR ( 'NONE', #3754, 1000.000000000000000 ) ;
#5459 = CARTESIAN_POINT ( 'NONE',  ( 3.903291561741170757, 14.89848886528487881, -25.05613644251995709 ) ) ;
#5460 = CARTESIAN_POINT ( 'NONE',  ( 9.460225621605479418, -12.70764579106073988, 0.04364597201067284965 ) ) ;
#5461 = FACE_OUTER_BOUND ( 'NONE', #8701, .T. ) ;
#5462 = DIRECTION ( 'NONE',  ( 0.000000000000000000, 0.000000000000000000, -1.000000000000000000 ) ) ;
#5463 = CARTESIAN_POINT ( 'NONE',  ( 24.84746962085980115, -11.32575236365477878, 1.000000000000000000 ) ) ;
#5464 = ORIENTED_EDGE ( 'NONE', *, *, #9482, .T. ) ;
#5465 = EDGE_LOOP ( 'NONE', ( #7955, #1586, #789, #8666 ) ) ;
#5466 = ORIENTED_EDGE ( 'NONE', *, *, #5282, .T. ) ;
#5467 = EDGE_LOOP ( 'NONE', ( #5270, #1353, #14, #4592 ) ) ;
#5468 = AXIS2_PLACEMENT_3D ( 'NONE', #1140, #454, #403 ) ;
#5469 = ADVANCED_FACE ( 'NONE', ( #1934 ), #7898, .F. ) ;
#5470 = VERTEX_POINT ( 'NONE', #1782 ) ;
#5471 = DIRECTION ( 'NONE',  ( 2.891205793294678326E-16, 0.000000000000000000, -1.000000000000000000 ) ) ;
#5472 = PLANE ( 'NONE',  #4054 ) ;
#5473 = VECTOR ( 'NONE', #6627, 1000.000000000000000 ) ;
#5474 = DIRECTION ( 'NONE',  ( 0.000000000000000000, 0.000000000000000000, -1.000000000000000000 ) ) ;
#5475 = VECTOR ( 'NONE', #2615, 1000.000000000000000 ) ;
#5476 = CARTESIAN_POINT ( 'NONE',  ( 7.829014785873200211, 14.04929161369878265, -14.45510846165617203 ) ) ;
#5477 = DIRECTION ( 'NONE',  ( 0.000000000000000000, 0.000000000000000000, 1.000000000000000000 ) ) ;
#5478 = ADVANCED_FACE ( 'NONE', ( #7107 ), #1107, .F. ) ;
#5479 = CARTESIAN_POINT ( 'NONE',  ( 1.246896989705511327, -12.09999999999999964, -32.41642466739844508 ) ) ;
#5480 = ORIENTED_EDGE ( 'NONE', *, *, #8607, .T. ) ;
#5481 = VERTEX_POINT ( 'NONE', #1736 ) ;
#5482 = EDGE_LOOP ( 'NONE', ( #7072, #6300, #2823, #1400 ) ) ;
#5483 = VECTOR ( 'NONE', #4110, 1000.000000000000000 ) ;
#5484 = AXIS2_PLACEMENT_3D ( 'NONE', #2873, #2137, #9537 ) ;
#5485 = EDGE_CURVE ( 'NONE', #1409, #4937, #2568, .T. ) ;
#5486 = CIRCLE ( 'NONE', #6116, 1.999999999999998224 ) ;
#5487 = EDGE_CURVE ( 'NONE', #4937, #2044, #7038, .T. ) ;
#5488 = VECTOR ( 'NONE', #4477, 1000.000000000000000 ) ;
#5489 = CARTESIAN_POINT ( 'NONE',  ( -15.68237869131489859, -14.98895488141520005, -4.000000000000000000 ) ) ;
#5490 = CARTESIAN_POINT ( 'NONE',  ( -10.62712255461673827, -12.09999999999999964, -29.30000000000000071 ) ) ;
#5491 = CARTESIAN_POINT ( 'NONE',  ( -23.97400160850795103, -12.50190443226899895, -1.167301477422987954 ) ) ;
#5492 = CIRCLE ( 'NONE', #8960, 1.049999999999998934 ) ;
#5493 = DIRECTION ( 'NONE',  ( 1.000000000000000000, 0.000000000000000000, 0.000000000000000000 ) ) ;
#5494 = CARTESIAN_POINT ( 'NONE',  ( 23.01810300570015144, 11.98543562041330013, 0.8430148220033509832 ) ) ;
#5495 = CARTESIAN_POINT ( 'NONE',  ( 9.435495842240968045, 13.82078736758720083, -30.24886609509293578 ) ) ;
#5496 = CARTESIAN_POINT ( 'NONE',  ( 21.14208669640299831, 12.00000000000000000, 0.9495200722982949371 ) ) ;
#5497 = ORIENTED_EDGE ( 'NONE', *, *, #5891, .F. ) ;
#5498 = VECTOR ( 'NONE', #5299, 1000.000000000000000 ) ;
#5499 = ORIENTED_EDGE ( 'NONE', *, *, #7119, .F. ) ;
#5500 = CIRCLE ( 'NONE', #9300, 1.834999999999999742 ) ;
#5501 = CARTESIAN_POINT ( 'NONE',  ( -22.86568325550535619, 4.490041541284322868, 17.83079178434534384 ) ) ;
#5502 = CARTESIAN_POINT ( 'NONE',  ( -16.57499999999999929, 2.625000000000000000, 18.55336663013169840 ) ) ;
#5503 = CARTESIAN_POINT ( 'NONE',  ( -22.97045262801935195, -3.831773585152702388, 16.95700386013773198 ) ) ;
#5504 = CARTESIAN_POINT ( 'NONE',  ( -0.2438360969445010074, 14.95923416291074659, -14.85563755363199867 ) ) ;
#5505 = DIRECTION ( 'NONE',  ( 0.000000000000000000, -1.000000000000000000, 0.000000000000000000 ) ) ;
#5506 = DIRECTION ( 'NONE',  ( 1.000000000000000000, 0.000000000000000000, 2.881657216719184962E-16 ) ) ;
#5507 = FACE_OUTER_BOUND ( 'NONE', #1622, .T. ) ;
#5508 = CARTESIAN_POINT ( 'NONE',  ( -19.96388415688172202, 14.32377401899282354, -1.774591339664266965 ) ) ;
#5509 = ORIENTED_EDGE ( 'NONE', *, *, #6309, .T. ) ;
#5510 = CARTESIAN_POINT ( 'NONE',  ( 19.64073744385634868, 12.84174184543522124, 3.252481307018230400E-13 ) ) ;
#5511 = ORIENTED_EDGE ( 'NONE', *, *, #9294, .F. ) ;
#5512 = DIRECTION ( 'NONE',  ( 1.000000000000000000, 0.000000000000000000, 0.000000000000000000 ) ) ;
#5513 = CARTESIAN_POINT ( 'NONE',  ( -23.16053390593269867, 15.00000000000000000, -20.00000000000000000 ) ) ;
#5514 = CARTESIAN_POINT ( 'NONE',  ( 8.844780686714134532, -12.92229609520740219, -1.129377263004835853E-18 ) ) ;
#5515 = CARTESIAN_POINT ( 'NONE',  ( 13.51500250944219594, -13.46415476383167409, -28.15502951214943650 ) ) ;
#5516 = FACE_OUTER_BOUND ( 'NONE', #3130, .T. ) ;
#5517 = PLANE ( 'NONE',  #432 ) ;
#5518 = ORIENTED_EDGE ( 'NONE', *, *, #8069, .F. ) ;
#5519 = VERTEX_POINT ( 'NONE', #5567 ) ;
#5520 = ORIENTED_EDGE ( 'NONE', *, *, #5392, .F. ) ;
#5521 = ORIENTED_EDGE ( 'NONE', *, *, #1863, .T. ) ;
#5522 = EDGE_CURVE ( 'NONE', #8644, #3211, #2620, .T. ) ;
#5523 = VERTEX_POINT ( 'NONE', #4042 ) ;
#5524 = CARTESIAN_POINT ( 'NONE',  ( -21.67069441603599955, 8.000000000000000000, 5.443076293720570114 ) ) ;
#5525 = CARTESIAN_POINT ( 'NONE',  ( -12.60020888290419094, -8.928046201355190448, -37.69351685557753484 ) ) ;
#5526 = CARTESIAN_POINT ( 'NONE',  ( -26.49858676485143505, -8.911994142074624037, 0.9604488241954771688 ) ) ;
#5527 = CARTESIAN_POINT ( 'NONE',  ( -0.2915846994145506743, 14.89436734268504559, -25.18833015083762916 ) ) ;
#5528 = CARTESIAN_POINT ( 'NONE',  ( -26.62295158214169177, 9.072519772800530902, 0.3809952252627356040 ) ) ;
#5529 = DIRECTION ( 'NONE',  ( 1.000000000000000000, 0.000000000000000000, 2.881657216719184962E-16 ) ) ;
#5530 = CARTESIAN_POINT ( 'NONE',  ( 25.22065129658173532, -11.28516088178874277, -18.27114406282468551 ) ) ;
#5531 = VERTEX_POINT ( 'NONE', #3406 ) ;
#5532 = VERTEX_POINT ( 'NONE', #7054 ) ;
#5533 = ORIENTED_EDGE ( 'NONE', *, *, #9199, .F. ) ;
#5534 = EDGE_CURVE ( 'NONE', #4111, #3466, #6954, .T. ) ;
#5535 = DIRECTION ( 'NONE',  ( 0.000000000000000000, 1.000000000000000000, 0.000000000000000000 ) ) ;
#5536 = ADVANCED_FACE ( 'NONE', ( #3992 ), #6359, .F. ) ;
#5537 = CARTESIAN_POINT ( 'NONE',  ( 23.05218785358684741, -12.44769176130730060, 7.795580549730890544E-13 ) ) ;
#5538 = CARTESIAN_POINT ( 'NONE',  ( -19.81532436575400169, 15.00011440415869934, -4.000000000000000000 ) ) ;
#5539 = CYLINDRICAL_SURFACE ( 'NONE', #7559, 1.999999999999998224 ) ;
#5540 = ADVANCED_FACE ( 'NONE', ( #6308 ), #2518, .F. ) ;
#5541 = CARTESIAN_POINT ( 'NONE',  ( -22.61056064706886204, -4.479044319341333846, 21.25456074419118835 ) ) ;
#5542 = CARTESIAN_POINT ( 'NONE',  ( -14.15614078116244734, 14.95923562868944856, -36.90540263311192604 ) ) ;
#5543 = DIRECTION ( 'NONE',  ( 0.000000000000000000, 0.000000000000000000, 1.000000000000000000 ) ) ;
#5544 = ORIENTED_EDGE ( 'NONE', *, *, #2824, .T. ) ;
#5545 = ORIENTED_EDGE ( 'NONE', *, *, #6150, .F. ) ;
#5546 = ADVANCED_FACE ( 'NONE', ( #211 ), #1153, .F. ) ;
#5547 = CARTESIAN_POINT ( 'NONE',  ( -24.62500000000000000, 8.000000000000000000, -37.79999999999999716 ) ) ;
#5548 = EDGE_CURVE ( 'NONE', #5962, #9284, #5760, .T. ) ;
#5549 = DIRECTION ( 'NONE',  ( -0.7071067811865435759, 0.000000000000000000, 0.7071067811865514585 ) ) ;
#5550 = CIRCLE ( 'NONE', #8393, 1.049999999999998934 ) ;
#5551 = CARTESIAN_POINT ( 'NONE',  ( -23.16053390593259920, -15.00000000000000000, -10.53553390593270045 ) ) ;
#5552 = CARTESIAN_POINT ( 'NONE',  ( -11.40572618037287000, -14.90609193108861419, -9.836699297309099421 ) ) ;
#5553 = DIRECTION ( 'NONE',  ( -1.000000000000000000, 0.000000000000000000, 0.000000000000000000 ) ) ;
#5554 = CARTESIAN_POINT ( 'NONE',  ( -11.07499999999999929, -2.625000000000000000, 17.50336663013170124 ) ) ;
#5555 = CARTESIAN_POINT ( 'NONE',  ( 21.14211530881614820, -12.00000000000000000, 0.9495190443431379412 ) ) ;
#5556 = CARTESIAN_POINT ( 'NONE',  ( 5.029014785873200388, 19.28421494571415096, -25.00000000000000000 ) ) ;
#5557 = LINE ( 'NONE', #3295, #5568 ) ;
#5558 = VERTEX_POINT ( 'NONE', #5463 ) ;
#5559 = CARTESIAN_POINT ( 'NONE',  ( 18.91570246359579954, 12.00000000000000000, 1.000000000657532029 ) ) ;
#5560 = ORIENTED_EDGE ( 'NONE', *, *, #2239, .F. ) ;
#5561 = AXIS2_PLACEMENT_3D ( 'NONE', #4801, #5579, #1066 ) ;
#5562 = CARTESIAN_POINT ( 'NONE',  ( -23.95111556109345230, -11.78292209836018145, -0.1851011795679525229 ) ) ;
#5563 = FACE_OUTER_BOUND ( 'NONE', #1763, .T. ) ;
#5564 = CARTESIAN_POINT ( 'NONE',  ( -12.33637310826021150, -13.92894633114082303, -37.65387550611863787 ) ) ;
#5565 = CARTESIAN_POINT ( 'NONE',  ( -12.92372107493567590, -14.93757580862921941, -36.73307411756529461 ) ) ;
#5566 = DIRECTION ( 'NONE',  ( 1.000000000000000000, 0.000000000000000000, 2.881657216719184962E-16 ) ) ;
#5567 = CARTESIAN_POINT ( 'NONE',  ( -23.16053390593259920, -15.00000000000000000, -7.000000000000000000 ) ) ;
#5568 = VECTOR ( 'NONE', #7888, 1000.000000000000000 ) ;
#5569 = ORIENTED_EDGE ( 'NONE', *, *, #2644, .F. ) ;
#5570 = ORIENTED_EDGE ( 'NONE', *, *, #8221, .T. ) ;
#5571 = ORIENTED_EDGE ( 'NONE', *, *, #5694, .T. ) ;
#5572 = ORIENTED_EDGE ( 'NONE', *, *, #1210, .T. ) ;
#5573 = ORIENTED_EDGE ( 'NONE', *, *, #5981, .F. ) ;
#5574 = CARTESIAN_POINT ( 'NONE',  ( 7.675000000000000711, -7.100000000000000533, -33.09999999999999432 ) ) ;
#5575 = CYLINDRICAL_SURFACE ( 'NONE', #5312, 2.000000000000001776 ) ;
#5576 = CARTESIAN_POINT ( 'NONE',  ( -26.32668149062122964, -9.481850996588972791, 0.7353438954969732100 ) ) ;
#5577 = CARTESIAN_POINT ( 'NONE',  ( -9.969448724536020379, 12.00000000000000000, -0.9999999999999890088 ) ) ;
#5578 = CARTESIAN_POINT ( 'NONE',  ( 5.297386856978960168, -2.602085213965209853E-15, -33.09999999999999432 ) ) ;
#5579 = DIRECTION ( 'NONE',  ( 1.000000000000000000, 0.000000000000000000, 0.000000000000000000 ) ) ;
#5580 = DIRECTION ( 'NONE',  ( 0.000000000000000000, 0.000000000000000000, -1.000000000000000000 ) ) ;
#5581 = ORIENTED_EDGE ( 'NONE', *, *, #9399, .T. ) ;
#5582 = ORIENTED_EDGE ( 'NONE', *, *, #2781, .F. ) ;
#5583 = VERTEX_POINT ( 'NONE', #9278 ) ;
#5584 = EDGE_CURVE ( 'NONE', #9030, #568, #8440, .T. ) ;
#5585 = EDGE_CURVE ( 'NONE', #5329, #9129, #5762, .T. ) ;
#5586 = CARTESIAN_POINT ( 'NONE',  ( -19.12649554331250101, -14.99981966397797883, -4.000000000000000000 ) ) ;
#5587 = CARTESIAN_POINT ( 'NONE',  ( 15.12500000000000000, -5.250000000000000000, 24.15000000000000213 ) ) ;
#5588 = CARTESIAN_POINT ( 'NONE',  ( -19.13203283571949953, 10.99982166713504128, 2.602085213965209853E-15 ) ) ;
#5589 = CARTESIAN_POINT ( 'NONE',  ( 12.67500000000000071, 10.09999999999999964, -29.70912988879059924 ) ) ;
#5590 = DIRECTION ( 'NONE',  ( 0.000000000000000000, 0.7071067811865480168, 0.7071067811865470176 ) ) ;
#5591 = CARTESIAN_POINT ( 'NONE',  ( -3.792249856436885391, 14.65156047680171625, -34.87942766089356894 ) ) ;
#5592 = PLANE ( 'NONE',  #4315 ) ;
#5593 = EDGE_LOOP ( 'NONE', ( #8078, #5606, #8503, #346, #9175 ) ) ;
#5594 = EDGE_CURVE ( 'NONE', #2029, #6544, #1303, .T. ) ;
#5595 = ORIENTED_EDGE ( 'NONE', *, *, #920, .F. ) ;
#5596 = CIRCLE ( 'NONE', #102, 0.8500000000000000888 ) ;
#5597 = CARTESIAN_POINT ( 'NONE',  ( -26.84991221830399866, -8.768250222726480914, 6.088209185381279198 ) ) ;
#5598 = LINE ( 'NONE', #2552, #4676 ) ;
#5599 = CARTESIAN_POINT ( 'NONE',  ( 22.82088355718304840, 14.16787163341028055, -30.97828103410475009 ) ) ;
#5600 = CARTESIAN_POINT ( 'NONE',  ( -13.57500000000000639, -14.94911571498207792, -7.011313499692463758 ) ) ;
#5601 = CARTESIAN_POINT ( 'NONE',  ( -22.60869494417797654, 6.127797261563999953, 21.30271727290488215 ) ) ;
#5602 = DIRECTION ( 'NONE',  ( 0.000000000000000000, -1.000000000000000000, 0.000000000000000000 ) ) ;
#5603 = DIRECTION ( 'NONE',  ( -1.765621858500564986E-16, 0.000000000000000000, 1.000000000000000000 ) ) ;
#5604 = LINE ( 'NONE', #1039, #2679 ) ;
#5605 = CARTESIAN_POINT ( 'NONE',  ( -12.78957441343256107, 14.93697127157749982, -18.54935072428250109 ) ) ;
#5606 = ORIENTED_EDGE ( 'NONE', *, *, #8438, .T. ) ;
#5607 = CARTESIAN_POINT ( 'NONE',  ( 18.87984255954692259, 12.00000000000247979, 0.07509912965945124419 ) ) ;
#5608 = AXIS2_PLACEMENT_3D ( 'NONE', #3697, #8190, #3742 ) ;
#5609 = EDGE_CURVE ( 'NONE', #8781, #9617, #8916, .T. ) ;
#5610 = CC_DESIGN_PERSON_AND_ORGANIZATION_ASSIGNMENT ( #8357, #8995, ( #6344 ) ) ;
#5611 = ADVANCED_FACE ( 'NONE', ( #4335 ), #5075, .F. ) ;
#5612 = FACE_BOUND ( 'NONE', #972, .T. ) ;
#5613 = VECTOR ( 'NONE', #3668, 1000.000000000000000 ) ;
#5614 = CARTESIAN_POINT ( 'NONE',  ( -11.07499999999999929, 2.625000000000000000, 26.59663336986829663 ) ) ;
#5615 = CARTESIAN_POINT ( 'NONE',  ( -6.627704753831268114, -13.77396481596354327, -36.58639938220462540 ) ) ;
#5616 = CARTESIAN_POINT ( 'NONE',  ( -12.69650097791359045, -14.93325311113349230, -36.69966946742128044 ) ) ;
#5617 = DIRECTION ( 'NONE',  ( 0.000000000000000000, 0.000000000000000000, 1.000000000000000000 ) ) ;
#5618 = DIRECTION ( 'NONE',  ( 0.5999999999999999778, -0.8000000000000000444, 0.000000000000000000 ) ) ;
#5619 = ORIENTED_EDGE ( 'NONE', *, *, #1344, .T. ) ;
#5620 = ORIENTED_EDGE ( 'NONE', *, *, #2471, .F. ) ;
#5621 = VERTEX_POINT ( 'NONE', #1984 ) ;
#5622 = TOROIDAL_SURFACE ( 'NONE', #2147, 51.90277777777829726, 4.000000000000000000 ) ;
#5623 = ORIENTED_EDGE ( 'NONE', *, *, #7531, .F. ) ;
#5624 = ORIENTED_EDGE ( 'NONE', *, *, #1579, .T. ) ;
#5625 = CYLINDRICAL_SURFACE ( 'NONE', #3762, 1.999999999999998224 ) ;
#5626 = DIRECTION ( 'NONE',  ( 1.000000000000000000, 0.000000000000000000, 2.881657216719184962E-16 ) ) ;
#5627 = CARTESIAN_POINT ( 'NONE',  ( -26.58130259014060215, -8.000000000000000000, 1.321357987355049834 ) ) ;
#5628 = CARTESIAN_POINT ( 'NONE',  ( -0.5808802855467759541, 14.64928788590922437, -25.46487361499023194 ) ) ;
#5629 = DIRECTION ( 'NONE',  ( -1.000000000000000000, 0.000000000000000000, 0.000000000000000000 ) ) ;
#5630 = AXIS2_PLACEMENT_3D ( 'NONE', #2732, #7065, #325 ) ;
#5631 = DIRECTION ( 'NONE',  ( 0.000000000000000000, 0.000000000000000000, -1.000000000000000000 ) ) ;
#5632 = ORIENTED_EDGE ( 'NONE', *, *, #335, .T. ) ;
#5633 = ORIENTED_EDGE ( 'NONE', *, *, #6739, .F. ) ;
#5634 = ORIENTED_EDGE ( 'NONE', *, *, #2711, .F. ) ;
#5635 = VECTOR ( 'NONE', #9059, 1000.000000000000000 ) ;
#5636 = FACE_OUTER_BOUND ( 'NONE', #3703, .T. ) ;
#5637 = CARTESIAN_POINT ( 'NONE',  ( -23.16053390593274841, 10.09999999999999964, -23.53553390593269867 ) ) ;
#5638 = CIRCLE ( 'NONE', #961, 1.999999999999998224 ) ;
#5639 = CARTESIAN_POINT ( 'NONE',  ( 26.62500000000000000, -2.625000000000000000, 29.64663336986835063 ) ) ;
#5640 = CARTESIAN_POINT ( 'NONE',  ( -26.62500000000000000, -10.09999999999999964, -9.849999999999999645 ) ) ;
#5641 = CARTESIAN_POINT ( 'NONE',  ( 23.53655509980410088, 12.38914736421510021, -6.858066739178019695E-13 ) ) ;
#5642 = CARTESIAN_POINT ( 'NONE',  ( 12.77882944597186032, 13.53312253300616774, -28.57919555189089422 ) ) ;
#5643 = CARTESIAN_POINT ( 'NONE',  ( 13.26131578747432016, 14.49189343498346005, -25.00000000000000000 ) ) ;
#5644 = VERTEX_POINT ( 'NONE', #2126 ) ;
#5645 = VECTOR ( 'NONE', #1653, 1000.000000000000000 ) ;
#5646 = EDGE_CURVE ( 'NONE', #5532, #8485, #4828, .T. ) ;
#5647 = ORIENTED_EDGE ( 'NONE', *, *, #1868, .F. ) ;
#5648 = AXIS2_PLACEMENT_3D ( 'NONE', #4397, #9585, #3662 ) ;
#5649 = DIRECTION ( 'NONE',  ( 1.000000000000000000, 0.000000000000000000, 4.956352788505160310E-16 ) ) ;
#5650 = VECTOR ( 'NONE', #9207, 1000.000000000000000 ) ;
#5651 = CARTESIAN_POINT ( 'NONE',  ( 2.523636507233419923, 14.32039042085527925, -14.00000000000000000 ) ) ;
#5652 = CARTESIAN_POINT ( 'NONE',  ( -22.94742484399945681, -4.038379268440646541, 17.13831620317984417 ) ) ;
#5653 = LINE ( 'NONE', #9415, #3451 ) ;
#5654 = DIRECTION ( 'NONE',  ( 0.000000000000000000, -1.000000000000000000, 0.000000000000000000 ) ) ;
#5655 = CARTESIAN_POINT ( 'NONE',  ( -26.62500000000000000, -2.625000000000000000, 25.64663336986829734 ) ) ;
#5656 = EDGE_CURVE ( 'NONE', #3209, #7849, #4981, .T. ) ;
#5657 = CARTESIAN_POINT ( 'NONE',  ( 18.72807189797893201, -3.307108203379213407, -25.84142809232882243 ) ) ;
#5658 = CARTESIAN_POINT ( 'NONE',  ( 7.957193314858329813, 14.78648927556785786, -25.01063011453181772 ) ) ;
#5659 = DIRECTION ( 'NONE',  ( 0.000000000000000000, 1.000000000000000000, 0.000000000000000000 ) ) ;
#5660 = AXIS2_PLACEMENT_3D ( 'NONE', #6346, #9205, #2608 ) ;
#5661 = ORIENTED_EDGE ( 'NONE', *, *, #2402, .T. ) ;
#5662 = CARTESIAN_POINT ( 'NONE',  ( 21.09021370720450861, 11.99999999999998579, 0.2345862877070933883 ) ) ;
#5663 = VECTOR ( 'NONE', #8800, 1000.000000000000000 ) ;
#5664 = DIRECTION ( 'NONE',  ( -2.881657216719180031E-16, 0.000000000000000000, 1.000000000000000000 ) ) ;
#5665 = CIRCLE ( 'NONE', #3450, 1.049999999999998934 ) ;
#5666 = EDGE_CURVE ( 'NONE', #1057, #1838, #5909, .T. ) ;
#5667 = DIRECTION ( 'NONE',  ( 0.000000000000000000, 1.000000000000000000, 0.000000000000000000 ) ) ;
#5668 = CARTESIAN_POINT ( 'NONE',  ( -17.32491387196874300, -13.99430801052488427, -38.23164961906999082 ) ) ;
#5669 = CARTESIAN_POINT ( 'NONE',  ( -6.813698625384311924, -14.77170234088349332, -35.60381491691888556 ) ) ;
#5670 = EDGE_CURVE ( 'NONE', #1159, #8210, #1484, .T. ) ;
#5671 = CARTESIAN_POINT ( 'NONE',  ( -13.57500000000001350, -14.94911571498207792, -4.000000000000007105 ) ) ;
#5672 = CARTESIAN_POINT ( 'NONE',  ( 7.675000000000000711, -2.600000000000000089, -37.10000000000000142 ) ) ;
#5673 = ORIENTED_EDGE ( 'NONE', *, *, #8741, .F. ) ;
#5674 = EDGE_CURVE ( 'NONE', #4104, #7043, #2723, .T. ) ;
#5675 = ORIENTED_EDGE ( 'NONE', *, *, #4323, .F. ) ;
#5676 = ORIENTED_EDGE ( 'NONE', *, *, #9424, .T. ) ;
#5677 = ORIENTED_EDGE ( 'NONE', *, *, #1692, .T. ) ;
#5678 = ORIENTED_EDGE ( 'NONE', *, *, #5254, .T. ) ;
#5679 = CYLINDRICAL_SURFACE ( 'NONE', #2822, 12.00000000000000000 ) ;
#5680 = CARTESIAN_POINT ( 'NONE',  ( 20.62500000000000000, -2.625000000000000000, 28.69663336986835134 ) ) ;
#5681 = CARTESIAN_POINT ( 'NONE',  ( -25.88951733535579436, -10.30904038439529558, 0.4080813489050034160 ) ) ;
#5682 = CARTESIAN_POINT ( 'NONE',  ( -26.62500000000000000, 2.625000000000000000, 17.50336663013170124 ) ) ;
#5683 = CARTESIAN_POINT ( 'NONE',  ( -26.62500000000000000, 9.598315762216030222, 8.415558119512320041E-15 ) ) ;
#5684 = EDGE_LOOP ( 'NONE', ( #6196, #6172, #6022, #542, #8985 ) ) ;
#5685 = ORIENTED_EDGE ( 'NONE', *, *, #4954, .T. ) ;
#5686 = ORIENTED_EDGE ( 'NONE', *, *, #8359, .T. ) ;
#5687 = CARTESIAN_POINT ( 'NONE',  ( -23.90028431221865191, -11.00000000000000000, 2.602085213965209853E-15 ) ) ;
#5688 = DIRECTION ( 'NONE',  ( 0.000000000000000000, 1.000000000000000000, 0.000000000000000000 ) ) ;
#5689 = CYLINDRICAL_SURFACE ( 'NONE', #6906, 1.049999999999998934 ) ;
#5690 = LINE ( 'NONE', #8798, #6825 ) ;
#5691 = CARTESIAN_POINT ( 'NONE',  ( -22.61045750571100399, -4.472698779249538070, 21.25722742853389136 ) ) ;
#5692 = CARTESIAN_POINT ( 'NONE',  ( 8.475530712847803017, 13.89714454982630620, -30.67820460557874185 ) ) ;
#5693 = LINE ( 'NONE', #3633, #1496 ) ;
#5694 = EDGE_CURVE ( 'NONE', #5963, #3792, #2172, .T. ) ;
#5695 = ORIENTED_EDGE ( 'NONE', *, *, #9543, .F. ) ;
#5696 = DIRECTION ( 'NONE',  ( 0.000000000000000000, 0.000000000000000000, -1.000000000000000000 ) ) ;
#5697 = CARTESIAN_POINT ( 'NONE',  ( -19.41730915840989624, 14.08511993352250968, -38.29939408716614224 ) ) ;
#5698 = DIRECTION ( 'NONE',  ( 0.000000000000000000, 0.000000000000000000, -1.000000000000000000 ) ) ;
#5699 = EDGE_CURVE ( 'NONE', #7998, #6310, #5121, .T. ) ;
#5700 = CARTESIAN_POINT ( 'NONE',  ( -13.63498672005990286, 6.447197739789536364, -37.83924852516373960 ) ) ;
#5701 = CARTESIAN_POINT ( 'NONE',  ( -26.62500000000000000, -2.625000000000000000, 17.50336663013170124 ) ) ;
#5702 = CARTESIAN_POINT ( 'NONE',  ( -23.16053390593269867, -7.900000000000000355, -20.00000000000000000 ) ) ;
#5703 = CARTESIAN_POINT ( 'NONE',  ( 17.31600542971448675, -4.891760573320423688, -26.87746353353540485 ) ) ;
#5704 = DIRECTION ( 'NONE',  ( 0.000000000000000000, 0.000000000000000000, -1.000000000000000000 ) ) ;
#5705 = DIRECTION ( 'NONE',  ( 0.000000000000000000, 0.000000000000000000, -1.000000000000000000 ) ) ;
#5706 = ORIENTED_EDGE ( 'NONE', *, *, #3569, .F. ) ;
#5707 = DIRECTION ( 'NONE',  ( 0.000000000000000000, 0.000000000000000000, -1.000000000000000000 ) ) ;
#5708 = EDGE_CURVE ( 'NONE', #29, #6715, #1830, .T. ) ;
#5709 = DIRECTION ( 'NONE',  ( 2.164016633576080066E-32, 1.000000000000000000, -6.684511119632269602E-17 ) ) ;
#5710 = CARTESIAN_POINT ( 'NONE',  ( -26.84991221830399866, -12.00000000000000000, 8.605745400281710644 ) ) ;
#5711 = CARTESIAN_POINT ( 'NONE',  ( -18.21636340925786257, 13.99898182296391980, -38.28566255343100266 ) ) ;
#5712 = CARTESIAN_POINT ( 'NONE',  ( 5.662980099790100752, -14.10795287116196484, -31.84852995778054918 ) ) ;
#5713 = DIRECTION ( 'NONE',  ( 0.000000000000000000, 0.000000000000000000, 1.000000000000000000 ) ) ;
#5714 = DIRECTION ( 'NONE',  ( -1.000000000000000000, 0.000000000000000000, 0.000000000000000000 ) ) ;
#5715 = ORIENTED_EDGE ( 'NONE', *, *, #8793, .T. ) ;
#5716 = ORIENTED_EDGE ( 'NONE', *, *, #8860, .F. ) ;
#5717 = EDGE_LOOP ( 'NONE', ( #1364, #8829, #5193, #7584, #5271 ) ) ;
#5718 =( GEOMETRIC_REPRESENTATION_CONTEXT ( 3 ) GLOBAL_UNCERTAINTY_ASSIGNED_CONTEXT ( ( #3509 ) ) GLOBAL_UNIT_ASSIGNED_CONTEXT ( ( #4458, #8801, #7470 ) ) REPRESENTATION_CONTEXT ( 'NONE', 'WORKASPACE' ) );
#5719 = VERTEX_POINT ( 'NONE', #7302 ) ;
#5720 = ADVANCED_FACE ( 'NONE', ( #7400 ), #2028, .F. ) ;
#5721 = ADVANCED_FACE ( 'NONE', ( #468 ), #6403, .T. ) ;
#5722 = EDGE_LOOP ( 'NONE', ( #5103, #4638, #2570, #5092 ) ) ;
#5723 = CARTESIAN_POINT ( 'NONE',  ( -13.57500000000000107, -12.00000000000000000, -0.9999999999999890088 ) ) ;
#5725 = CARTESIAN_POINT ( 'NONE',  ( 12.21451693150507190, 12.00864285297883249, 0.8483926823945817652 ) ) ;
#5724 = VECTOR ( 'NONE', #1603, 1000.000000000000000 ) ;
#5726 = DIRECTION ( 'NONE',  ( 0.000000000000000000, 0.000000000000000000, -1.000000000000000000 ) ) ;
#5727 = CARTESIAN_POINT ( 'NONE',  ( -25.50781145498443436, -10.77160432851788663, 0.2240367650380494513 ) ) ;
#5728 = FACE_OUTER_BOUND ( 'NONE', #2153, .T. ) ;
#5729 = ORIENTED_EDGE ( 'NONE', *, *, #322, .T. ) ;
#5730 = ORIENTED_EDGE ( 'NONE', *, *, #9709, .F. ) ;
#5731 = ADVANCED_FACE ( 'NONE', ( #2864 ), #5861, .F. ) ;
#5732 = EDGE_CURVE ( 'NONE', #1110, #229, #8136, .T. ) ;
#5733 = ADVANCED_FACE ( 'NONE', ( #9672 ), #2914, .F. ) ;
#5734 = B_SPLINE_CURVE_WITH_KNOTS ( 'NONE', 3,
 ( #74, #7909, #1900, #3265 ),
 .UNSPECIFIED., .F., .F.,
 ( 4, 4 ),
 ( 0.000000000000000000, 9.063217213256980365E-05 ),
 .UNSPECIFIED. ) ;
#5735 = CARTESIAN_POINT ( 'NONE',  ( -22.57500000000000284, -12.00000000000000000, -0.2792407799438650362 ) ) ;
#5736 = CARTESIAN_POINT ( 'NONE',  ( 24.26100398758280008, -12.30033339551306071, -3.719428397441574613E-13 ) ) ;
#5737 = CARTESIAN_POINT ( 'NONE',  ( -3.665181435659079945, 14.70810892306106155, -10.00000000000000000 ) ) ;
#5738 = CARTESIAN_POINT ( 'NONE',  ( 8.625000000000000000, -13.00000000000000000, 5.147263975624269829E-15 ) ) ;
#5739 = CARTESIAN_POINT ( 'NONE',  ( 12.57418576364885610, 13.73782152621800101, -25.41657955268355806 ) ) ;
#5740 = LINE ( 'NONE', #9504, #5089 ) ;
#5741 = DIRECTION ( 'NONE',  ( -1.000000000000000000, 2.881657216719175101E-16, 0.000000000000000000 ) ) ;
#5742 = EDGE_CURVE ( 'NONE', #7402, #8935, #9401, .T. ) ;
#5743 = ORIENTED_EDGE ( 'NONE', *, *, #7537, .T. ) ;
#5744 = LINE ( 'NONE', #6489, #3300 ) ;
#5745 = CARTESIAN_POINT ( 'NONE',  ( -19.52203081776398008, 14.16896436340138443, -38.28929579766867164 ) ) ;
#5746 = CARTESIAN_POINT ( 'NONE',  ( -22.79648619820201461, -4.624293337407427984, 18.49903186948349187 ) ) ;
#5747 = CARTESIAN_POINT ( 'NONE',  ( -12.48916702234651410, -14.92922522301570609, -9.211189145957423108 ) ) ;
#5748 = CARTESIAN_POINT ( 'NONE',  ( -16.57499999999999929, -5.250000000000000000, 23.09999999999999787 ) ) ;
#5749 = CARTESIAN_POINT ( 'NONE',  ( 8.625000000000000000, 12.00000000000000000, 1.000000000000000000 ) ) ;
#5750 = CARTESIAN_POINT ( 'NONE',  ( -16.57499999999999929, 2.625000000000000000, 27.64663336986830089 ) ) ;
#5751 = CARTESIAN_POINT ( 'NONE',  ( -24.08416730868039934, -7.100000000000000533, -30.13015151901650057 ) ) ;
#5752 = EDGE_LOOP ( 'NONE', ( #8335, #2293, #1292, #4008 ) ) ;
#5753 = CARTESIAN_POINT ( 'NONE',  ( 26.44970116535245808, 12.02388938599342438, -14.51175551886000115 ) ) ;
#5754 = ADVANCED_FACE ( 'NONE', ( #5314 ), #3881, .T. ) ;
#5755 = PRODUCT_DEFINITION_SHAPE ( 'NONE', 'NONE',  #2004 ) ;
#5756 = PLANE ( 'NONE',  #7872 ) ;
#5757 = CARTESIAN_POINT ( 'NONE',  ( -25.60050388142850153, 11.70545318651144129, -0.9018177288371389544 ) ) ;
#5758 = CARTESIAN_POINT ( 'NONE',  ( 11.29702144314537371, -12.15815919160813330, 0.4586633066597607944 ) ) ;
#5759 = CARTESIAN_POINT ( 'NONE',  ( 20.62500000000000000, 5.250000000000000000, 21.10000000000000142 ) ) ;
#5760 = CIRCLE ( 'NONE', #4660, 1.049999999999998934 ) ;
#5761 = CARTESIAN_POINT ( 'NONE',  ( 20.32946951419600268, -12.76533469070379923, -23.27448429404525143 ) ) ;
#5762 = LINE ( 'NONE', #7206, #9710 ) ;
#5763 = ORIENTED_EDGE ( 'NONE', *, *, #9349, .T. ) ;
#5764 = CARTESIAN_POINT ( 'NONE',  ( 26.62500000000000000, -9.435159490741162003, 0.3389357489990298400 ) ) ;
#5765 = EDGE_LOOP ( 'NONE', ( #7390, #8097, #2420, #9346 ) ) ;
#5766 = ORIENTED_EDGE ( 'NONE', *, *, #1091, .T. ) ;
#5767 = EDGE_CURVE ( 'NONE', #9121, #9129, #6098, .T. ) ;
#5768 = VERTEX_POINT ( 'NONE', #8327 ) ;
#5769 = VECTOR ( 'NONE', #5688, 1000.000000000000000 ) ;
#5770 = ORIENTED_EDGE ( 'NONE', *, *, #5296, .T. ) ;
#5771 = DIRECTION ( 'NONE',  ( 0.000000000000000000, 0.000000000000000000, -1.000000000000000000 ) ) ;
#5772 = LINE ( 'NONE', #4945, #4236 ) ;
#5773 = CARTESIAN_POINT ( 'NONE',  ( -13.57500000000001883, -14.64083436317564768, -2.447574233392959986 ) ) ;
#5774 = CARTESIAN_POINT ( 'NONE',  ( 26.62500000000000000, -2.625000000000000000, 20.55336663013170195 ) ) ;
#5775 = CARTESIAN_POINT ( 'NONE',  ( -24.47537342104070035, -8.069014806742250911, 9.739655752156160418 ) ) ;
#5776 = AXIS2_PLACEMENT_3D ( 'NONE', #9383, #3354, #7742 ) ;
#5777 = ORIENTED_EDGE ( 'NONE', *, *, #4409, .T. ) ;
#5778 = ORIENTED_EDGE ( 'NONE', *, *, #2976, .F. ) ;
#5779 = EDGE_CURVE ( 'NONE', #4220, #5403, #105, .T. ) ;
#5780 = PLANE ( 'NONE',  #7294 ) ;
#5781 = CIRCLE ( 'NONE', #2806, 24.00000000000000000 ) ;
#5782 = EDGE_CURVE ( 'NONE', #7709, #1893, #6144, .T. ) ;
#5783 = DIRECTION ( 'NONE',  ( 0.000000000000000000, 0.000000000000000000, 1.000000000000000000 ) ) ;
#5784 = CARTESIAN_POINT ( 'NONE',  ( -10.43261184457519875, -7.900000000000000355, -16.19238815542514942 ) ) ;
#5785 = EDGE_CURVE ( 'NONE', #7634, #7110, #3833, .T. ) ;
#5786 = CARTESIAN_POINT ( 'NONE',  ( -13.57500000000000284, 14.94911571498207614, -4.000000000000014211 ) ) ;
#5787 = EDGE_CURVE ( 'NONE', #6525, #4441, #2780, .T. ) ;
#5788 = CARTESIAN_POINT ( 'NONE',  ( -13.57500000000000639, 10.09999999999999964, -33.09999999999998721 ) ) ;
#5789 = DIRECTION ( 'NONE',  ( 1.000000000000000000, 0.000000000000000000, 0.000000000000000000 ) ) ;
#5790 = FACE_OUTER_BOUND ( 'NONE', #4260, .T. ) ;
#5791 = CIRCLE ( 'NONE', #2180, 1.000000000000000000 ) ;
#5792 = EDGE_CURVE ( 'NONE', #7405, #6621, #887, .T. ) ;
#5793 = VERTEX_POINT ( 'NONE', #9012 ) ;
#5794 = LINE ( 'NONE', #8071, #13 ) ;
#5795 = PLANE ( 'NONE',  #1864 ) ;
#5796 = CARTESIAN_POINT ( 'NONE',  ( 26.62500000000000000, -5.250000000000000000, 23.09999999999999787 ) ) ;
#5797 = CARTESIAN_POINT ( 'NONE',  ( -13.96814575050770024, 10.09999999999999964, -32.72792206135789428 ) ) ;
#5798 = DIRECTION ( 'NONE',  ( -1.000000000000000000, 0.000000000000000000, 0.000000000000000000 ) ) ;
#5799 = AXIS2_PLACEMENT_3D ( 'NONE', #3266, #9232, #4157 ) ;
#5800 = CARTESIAN_POINT ( 'NONE',  ( 9.502498615738659282, 14.81843322184451850, -15.00000000000000000 ) ) ;
#5801 = LINE ( 'NONE', #6593, #4247 ) ;
#5802 = DIRECTION ( 'NONE',  ( -1.000000000000000000, 0.000000000000000000, -1.765621858500564986E-16 ) ) ;
#5803 = ORIENTED_EDGE ( 'NONE', *, *, #742, .F. ) ;
#5804 = CARTESIAN_POINT ( 'NONE',  ( 26.59394517240819766, 12.00514301669285722, -13.27769568808641232 ) ) ;
#5805 = AXIS2_PLACEMENT_3D ( 'NONE', #4666, #6143, #747 ) ;
#5806 = AXIS2_PLACEMENT_3D ( 'NONE', #7978, #6447, #4967 ) ;
#5807 = AXIS2_PLACEMENT_3D ( 'NONE', #660, #8871, #749 ) ;
#5808 = CARTESIAN_POINT ( 'NONE',  ( -13.57500000000000284, 14.94911571498207614, -6.800000000000013145 ) ) ;
#5809 = CARTESIAN_POINT ( 'NONE',  ( -17.02268362569018834, 13.99240937565823550, -38.20966908995534084 ) ) ;
#5810 = EDGE_CURVE ( 'NONE', #242, #4460, #1701, .T. ) ;
#5811 = VECTOR ( 'NONE', #9755, 1000.000000000000000 ) ;
#5812 = CARTESIAN_POINT ( 'NONE',  ( 24.88113147514896539, -12.22305290603155825, -16.85532762677233976 ) ) ;
#5813 = CARTESIAN_POINT ( 'NONE',  ( 26.01361273541942154, -12.08022637587094472, -16.34247992424431928 ) ) ;
#5814 = CARTESIAN_POINT ( 'NONE',  ( 18.17312819401014679, -13.00000000567215963, 0.000000000000000000 ) ) ;
#5815 = CARTESIAN_POINT ( 'NONE',  ( -26.62500000000000000, 2.600000000000000089, -36.29999999999999716 ) ) ;
#5816 = ORIENTED_EDGE ( 'NONE', *, *, #6571, .T. ) ;
#5817 = CARTESIAN_POINT ( 'NONE',  ( 26.62499999999998934, 10.27215452388242234, 0.08329920412750578540 ) ) ;
#5818 = AXIS2_PLACEMENT_3D ( 'NONE', #6104, #9120, #6404 ) ;
#5819 = EDGE_LOOP ( 'NONE', ( #7601, #3483, #1680, #3155 ) ) ;
#5820 = ORIENTED_EDGE ( 'NONE', *, *, #1350, .T. ) ;
#5821 = VERTEX_POINT ( 'NONE', #98 ) ;
#5822 = CIRCLE ( 'NONE', #1577, 4.000000000000000000 ) ;
#5823 = EDGE_LOOP ( 'NONE', ( #5820, #7511, #843, #7028 ) ) ;
#5824 = DIRECTION ( 'NONE',  ( 0.000000000000000000, 0.000000000000000000, 1.000000000000000000 ) ) ;
#5825 = LINE ( 'NONE', #477, #6275 ) ;
#5826 = PLANE ( 'NONE',  #288 ) ;
#5827 = CARTESIAN_POINT ( 'NONE',  ( 20.62500000000000000, 2.625000000000000000, 18.55336663013169840 ) ) ;
#5828 = DIRECTION ( 'NONE',  ( 1.000000000000000000, 0.000000000000000000, 0.000000000000000000 ) ) ;
#5829 = ORIENTED_EDGE ( 'NONE', *, *, #4587, .F. ) ;
#5830 = EDGE_LOOP ( 'NONE', ( #5127, #6869, #5997, #2928, #1503 ) ) ;
#5831 = EDGE_LOOP ( 'NONE', ( #7938, #8389, #9186, #6847, #9386 ) ) ;
#5832 = ADVANCED_FACE ( 'NONE', ( #1532 ), #3099, .T. ) ;
#5833 = DIRECTION ( 'NONE',  ( 0.000000000000000000, 0.000000000000000000, -1.000000000000000000 ) ) ;
#5834 = CARTESIAN_POINT ( 'NONE',  ( -25.16583269131955092, 7.100000000000000533, -33.09999999999999432 ) ) ;
#5835 = FACE_OUTER_BOUND ( 'NONE', #4842, .T. ) ;
#5836 = CYLINDRICAL_SURFACE ( 'NONE', #8256, 1.049999999999998934 ) ;
#5837 = CARTESIAN_POINT ( 'NONE',  ( -13.57500000000000107, -10.59999999999999964, 6.505745400281710999 ) ) ;
#5838 = APPROVAL_STATUS ( 'not_yet_approved' ) ;
#5839 = CARTESIAN_POINT ( 'NONE',  ( 12.28667360683504306, 14.15971266733606448, -14.90817735257053833 ) ) ;
#5840 = EDGE_CURVE ( 'NONE', #2635, #9396, #4525, .T. ) ;
#5841 = ORIENTED_EDGE ( 'NONE', *, *, #3252, .T. ) ;
#5842 = ADVANCED_FACE ( 'NONE', ( #5358 ), #4478, .F. ) ;
#5843 = CARTESIAN_POINT ( 'NONE',  ( -19.62500000000000000, 15.00000000000000000, -27.07106781186555011 ) ) ;
#5844 = EDGE_CURVE ( 'NONE', #9115, #7207, #436, .T. ) ;
#5845 = FACE_OUTER_BOUND ( 'NONE', #4995, .T. ) ;
#5846 = CARTESIAN_POINT ( 'NONE',  ( 11.35875368983045597, 13.66278967854121795, -15.00000000000316724 ) ) ;
#5847 = DIRECTION ( 'NONE',  ( 0.000000000000000000, 0.000000000000000000, -1.000000000000000000 ) ) ;
#5848 = CARTESIAN_POINT ( 'NONE',  ( -13.57500000000000107, -8.103426060940028819, 5.341209296556019837 ) ) ;
#5849 = DIRECTION ( 'NONE',  ( 1.000000000000000000, 0.000000000000000000, 2.881657216719184962E-16 ) ) ;
#5850 = CARTESIAN_POINT ( 'NONE',  ( -16.57499999999999929, 5.250000000000000000, 25.10000000000000142 ) ) ;
#5851 = PLANE ( 'NONE',  #6666 ) ;
#5852 = ORIENTED_EDGE ( 'NONE', *, *, #3227, .F. ) ;
#5853 = CARTESIAN_POINT ( 'NONE',  ( 24.97799718031565064, 12.21094930979831972, -16.62823798630414984 ) ) ;
#5854 = EDGE_CURVE ( 'NONE', #6724, #1649, #4031, .T. ) ;
#5855 = EDGE_CURVE ( 'NONE', #1583, #6703, #3788, .T. ) ;
#5856 = CARTESIAN_POINT ( 'NONE',  ( -11.40967630594238891, 14.90618159534853682, -9.835263037705082922 ) ) ;
#5857 = CARTESIAN_POINT ( 'NONE',  ( -22.62256308275784633, 12.00000000000000000, -0.2792407799438634819 ) ) ;
#5858 = CARTESIAN_POINT ( 'NONE',  ( 5.366616283387926067, 13.15007645964497129, -33.00600408565445321 ) ) ;
#5859 = CARTESIAN_POINT ( 'NONE',  ( -1.070985214126795926, 15.52145826415290131, -25.00000000000000000 ) ) ;
#5860 = CARTESIAN_POINT ( 'NONE',  ( 26.00349391983310099, -11.19388992144394024, -16.37470872419389778 ) ) ;
#5861 = PLANE ( 'NONE',  #4498 ) ;
#5862 = PLANE ( 'NONE',  #5807 ) ;
#5863 = ORIENTED_EDGE ( 'NONE', *, *, #6386, .F. ) ;
#5864 = CARTESIAN_POINT ( 'NONE',  ( 26.62499999999999289, 10.22846072654526139, 0.09299323584363607120 ) ) ;
#5865 = ORIENTED_EDGE ( 'NONE', *, *, #8243, .F. ) ;
#5866 = ORIENTED_EDGE ( 'NONE', *, *, #8359, .F. ) ;
#5867 = EDGE_LOOP ( 'NONE', ( #6198, #2282 ) ) ;
#5868 = ORIENTED_EDGE ( 'NONE', *, *, #2059, .T. ) ;
#5869 = LINE ( 'NONE', #5723, #1186 ) ;
#5870 = DIRECTION ( 'NONE',  ( 0.000000000000000000, -1.000000000000000000, 0.000000000000000000 ) ) ;
#5871 = DIRECTION ( 'NONE',  ( 0.000000000000000000, -1.000000000000000000, 0.000000000000000000 ) ) ;
#5872 = CYLINDRICAL_SURFACE ( 'NONE', #1103, 2.000000000000001776 ) ;
#5873 = AXIS2_PLACEMENT_3D ( 'NONE', #5283, #7561, #820 ) ;
#5874 = DIRECTION ( 'NONE',  ( 0.000000000000000000, 0.000000000000000000, 1.000000000000000000 ) ) ;
#5875 = CIRCLE ( 'NONE', #8863, 1.049999999999998934 ) ;
#5876 = ORIENTED_EDGE ( 'NONE', *, *, #7588, .F. ) ;
#5877 = ORIENTED_EDGE ( 'NONE', *, *, #8146, .T. ) ;
#5878 = VERTEX_POINT ( 'NONE', #6797 ) ;
#5879 = EDGE_CURVE ( 'NONE', #3744, #2215, #52, .T. ) ;
#5880 = VECTOR ( 'NONE', #3937, 1000.000000000000000 ) ;
#5881 = DIRECTION ( 'NONE',  ( 1.000000000000000000, 0.000000000000000000, 2.881657216719184962E-16 ) ) ;
#5882 = CARTESIAN_POINT ( 'NONE',  ( -22.65436443002225531, -1.722136854712487564, 20.34278366677378358 ) ) ;
#5883 = DIRECTION ( 'NONE',  ( -1.079438565345100126E-14, -7.461176240760458925E-17, -1.000000000000000000 ) ) ;
#5884 = CARTESIAN_POINT ( 'NONE',  ( -19.62500000000000000, -15.00000000000000000, -37.29999999999999716 ) ) ;
#5885 = DIRECTION ( 'NONE',  ( 1.000000000000000000, 0.000000000000000000, 2.881657216719184962E-16 ) ) ;
#5886 = CARTESIAN_POINT ( 'NONE',  ( 12.37642732121575051, 13.96876893922422980, -25.19826994946727083 ) ) ;
#5887 = CARTESIAN_POINT ( 'NONE',  ( 0.6954014708849909354, 14.42882284292795880, -14.00000000000000000 ) ) ;
#5889 = AXIS2_PLACEMENT_3D ( 'NONE', #2021, #8127, #1293 ) ;
#5888 = CARTESIAN_POINT ( 'NONE',  ( 12.82126068894411830, 13.58177126794161893, -14.32285737510847490 ) ) ;
#5890 = ORIENTED_EDGE ( 'NONE', *, *, #3506, .F. ) ;
#5891 = EDGE_CURVE ( 'NONE', #7558, #6125, #9061, .T. ) ;
#5892 = CARTESIAN_POINT ( 'NONE',  ( -22.78045557906732554, -11.75748195144964114, 6.505745400281710999 ) ) ;
#5893 = CARTESIAN_POINT ( 'NONE',  ( 5.297386856978960168, -2.602085213965209853E-15, -29.30000000000000071 ) ) ;
#5894 = CARTESIAN_POINT ( 'NONE',  ( -26.62500000000000000, -2.625000000000000000, 19.60336663013169911 ) ) ;
#5895 = CYLINDRICAL_SURFACE ( 'NONE', #8769, 2.000000000000001776 ) ;
#5896 = CARTESIAN_POINT ( 'NONE',  ( -23.57499999999999929, 8.000000000000000000, -33.09999999999999432 ) ) ;
#5897 = CARTESIAN_POINT ( 'NONE',  ( 8.892457261648530675, 14.86758063139466124, -15.00000000000000000 ) ) ;
#5898 = DIRECTION ( 'NONE',  ( 1.000000000000000000, 0.000000000000000000, 0.000000000000000000 ) ) ;
#5899 = DIRECTION ( 'NONE',  ( 1.000000000000000000, 0.000000000000000000, 0.000000000000000000 ) ) ;
#5900 = EDGE_LOOP ( 'NONE', ( #6067, #994, #5114, #9219 ) ) ;
#5901 = CARTESIAN_POINT ( 'NONE',  ( 22.30353051211305271, 12.53698625955262003, -21.14382711644995183 ) ) ;
#5902 = ADVANCED_FACE ( 'NONE', ( #7831, #5507 ), #198, .F. ) ;
#5903 = CARTESIAN_POINT ( 'NONE',  ( -26.53641116005846712, -8.988317928249285771, 0.003894023917504982942 ) ) ;
#5904 = CARTESIAN_POINT ( 'NONE',  ( -22.62256308275784633, 12.68377223398315934, -1.227924077994375862 ) ) ;
#5905 = CARTESIAN_POINT ( 'NONE',  ( 11.54764265485985497, -12.10547657085438367, 0.5529748606814041123 ) ) ;
#5906 = CARTESIAN_POINT ( 'NONE',  ( 1.171438667347816098, 10.09999999999999964, -32.43787078708660232 ) ) ;
#5907 = EDGE_CURVE ( 'NONE', #8918, #1891, #2625, .T. ) ;
#5908 = CARTESIAN_POINT ( 'NONE',  ( 17.63442374610569630, -13.05713723642483970, -25.49511219633635051 ) ) ;
#5909 = LINE ( 'NONE', #563, #7021 ) ;
#5910 = LINE ( 'NONE', #7350, #1890 ) ;
#5911 = ORIENTED_EDGE ( 'NONE', *, *, #1863, .F. ) ;
#5912 = CYLINDRICAL_SURFACE ( 'NONE', #5093, 1.049999999999998934 ) ;
#5913 = ADVANCED_FACE ( 'NONE', ( #6398 ), #7677, .F. ) ;
#5914 = ORIENTED_EDGE ( 'NONE', *, *, #5284, .F. ) ;
#5915 = EDGE_CURVE ( 'NONE', #3360, #1383, #4776, .T. ) ;
#5916 = ORIENTED_EDGE ( 'NONE', *, *, #4768, .F. ) ;
#5917 = ORIENTED_EDGE ( 'NONE', *, *, #4270, .F. ) ;
#5918 = B_SPLINE_CURVE_WITH_KNOTS ( 'NONE', 3,
 ( #7665, #3042, #927, #8273, #787, #1519, #3921, #186, #6181, #3183, #4509, #6041, #2300, #7025, #7970, #3332, #8608, #8707, #4120, #3278, #440, #6229, #1809, #1180, #7230, #5691, #3431, #5541, #6333, #1859, #6435 ),
 .UNSPECIFIED., .F., .F.,
 ( 4, 2, 2, 1, 1, 1, 2, 2, 2, 2, 2, 2, 2, 1, 1, 2, 2, 4 ),
 ( 0.000000000000000000, 0.1249999999999271694, 0.1874999999998890887, 0.2187499999998701039, 0.2343749999998621103, 0.2421874999998566702, 0.2460937499998539502, 0.2499999999998512301, 0.3749999999998515632, 0.4999999999998518962, 0.6249999999998520073, 0.6874999999998528954, 0.7187499999998533395, 0.7343749999998535616, 0.7421874999998546718, 0.7460937499998565592, 0.7499999999998585576, 1.000000000000000000 ),
 .UNSPECIFIED. ) ;
#5919 = AXIS2_PLACEMENT_3D ( 'NONE', #7630, #5956, #2223 ) ;
#5920 = VERTEX_POINT ( 'NONE', #9261 ) ;
#5921 = CARTESIAN_POINT ( 'NONE',  ( -19.62500000000000000, -15.00000000000000000, -20.00000000000000000 ) ) ;
#5922 = CARTESIAN_POINT ( 'NONE',  ( 15.12500000000000000, 0.000000000000000000, 16.10000000000000142 ) ) ;
#5923 = DIRECTION ( 'NONE',  ( 1.292857237214519939E-16, -1.000000000000000000, 0.000000000000000000 ) ) ;
#5924 = DIRECTION ( 'NONE',  ( -0.000000000000000000, 1.000000000000000000, 0.000000000000000000 ) ) ;
#5925 = DIRECTION ( 'NONE',  ( 1.000000000000000000, 0.000000000000000000, 0.000000000000000000 ) ) ;
#5926 = ORIENTED_EDGE ( 'NONE', *, *, #9082, .F. ) ;
#5927 = EDGE_LOOP ( 'NONE', ( #7852, #3508 ) ) ;
#5928 = VECTOR ( 'NONE', #4244, 1000.000000000000000 ) ;
#5929 = ORIENTED_EDGE ( 'NONE', *, *, #6066, .F. ) ;
#5930 = CARTESIAN_POINT ( 'NONE',  ( -0.7128906250000000000, -0.8904001052403969219, -41.79999999999999716 ) ) ;
#5931 = AXIS2_PLACEMENT_3D ( 'NONE', #5577, #481, #4108 ) ;
#5932 = CARTESIAN_POINT ( 'NONE',  ( -22.61676944294263691, -5.440192492604192687, 21.10000000000000142 ) ) ;
#5933 = CARTESIAN_POINT ( 'NONE',  ( -22.85147057635598600, 0.7067743405371356147, 17.95797476145649796 ) ) ;
#5934 = DIRECTION ( 'NONE',  ( 0.000000000000000000, 0.000000000000000000, -1.000000000000000000 ) ) ;
#5935 = DIRECTION ( 'NONE',  ( 4.956352788505163268E-16, 0.000000000000000000, -1.000000000000000000 ) ) ;
#5936 = APPROVAL_DATE_TIME ( #5099, #7369 ) ;
#5937 = CARTESIAN_POINT ( 'NONE',  ( 2.523597582109526449, 14.32039303763006188, -24.99999999999996803 ) ) ;
#5938 = VERTEX_POINT ( 'NONE', #1664 ) ;
#5939 = AXIS2_PLACEMENT_3D ( 'NONE', #2527, #7701, #6860 ) ;
#5940 = CARTESIAN_POINT ( 'NONE',  ( -24.08277899835205815, -11.01527434313060994, 6.505745400281711888 ) ) ;
#5941 = CARTESIAN_POINT ( 'NONE',  ( -14.61500447693988747, -1.889736854143503120, -37.96252951027306466 ) ) ;
#5942 = DIRECTION ( 'NONE',  ( 0.000000000000000000, 2.710505431213760099E-16, -1.000000000000000000 ) ) ;
#5943 = FACE_OUTER_BOUND ( 'NONE', #2231, .T. ) ;
#5944 = CARTESIAN_POINT ( 'NONE',  ( -26.84991221830399866, -7.400000000000000355, 6.640297038308728972 ) ) ;
#5945 = CARTESIAN_POINT ( 'NONE',  ( -19.62500000000000000, -10.09999999999999964, -7.000000000000000000 ) ) ;
#5946 = CARTESIAN_POINT ( 'NONE',  ( 15.12500000000000000, 2.625000000000000000, 17.50336663013174743 ) ) ;
#5947 = EDGE_LOOP ( 'NONE', ( #9723, #6223, #7007, #6324 ) ) ;
#5948 = CARTESIAN_POINT ( 'NONE',  ( 22.96068956107384906, 11.54388028404930111, -21.77714458156799893 ) ) ;
#5949 = VECTOR ( 'NONE', #7594, 1000.000000000000000 ) ;
#5950 = CARTESIAN_POINT ( 'NONE',  ( -26.57312149030229875, -8.474578549580670028, 1.133292251075802115 ) ) ;
#5951 = AXIS2_PLACEMENT_3D ( 'NONE', #6132, #6330, #4861 ) ;
#5952 = CARTESIAN_POINT ( 'NONE',  ( -23.95642740487875244, 12.51451051382812096, -1.171503504609366031 ) ) ;
#5953 = CARTESIAN_POINT ( 'NONE',  ( -20.63989133934209974, -12.00000000000000000, 8.605745400281710644 ) ) ;
#5954 = CARTESIAN_POINT ( 'NONE',  ( 4.516564210871449880, 10.09999999999999964, -31.28075017882504838 ) ) ;
#5955 = CARTESIAN_POINT ( 'NONE',  ( 23.00324048767107854, -12.45440959632063382, -21.72500727616071714 ) ) ;
#5956 = DIRECTION ( 'NONE',  ( 1.000000000000000000, 0.000000000000000000, 0.000000000000000000 ) ) ;
#5957 = FACE_BOUND ( 'NONE', #983, .T. ) ;
#5958 = AXIS2_PLACEMENT_3D ( 'NONE', #9343, #3323, #5631 ) ;
#5959 = VECTOR ( 'NONE', #7853, 1000.000000000000000 ) ;
#5960 = EDGE_LOOP ( 'NONE', ( #7452, #7795 ) ) ;
#5961 = CARTESIAN_POINT ( 'NONE',  ( -13.57500000000000107, 10.09999999999999964, 1.040834085586083941E-14 ) ) ;
#5962 = VERTEX_POINT ( 'NONE', #1142 ) ;
#5963 = VERTEX_POINT ( 'NONE', #9319 ) ;
#5964 = CIRCLE ( 'NONE', #9451, 1.049999999999998934 ) ;
#5965 = ORIENTED_EDGE ( 'NONE', *, *, #8745, .T. ) ;
#5966 = EDGE_CURVE ( 'NONE', #7634, #9552, #405, .T. ) ;
#5967 = CIRCLE ( 'NONE', #1723, 1.000000000000000000 ) ;
#5968 = EDGE_CURVE ( 'NONE', #4640, #4087, #8421, .T. ) ;
#5969 = ORIENTED_EDGE ( 'NONE', *, *, #4841, .F. ) ;
#5970 = CARTESIAN_POINT ( 'NONE',  ( 16.27359064044563297, -12.24739434298368224, -27.58655558074669045 ) ) ;
#5971 = CARTESIAN_POINT ( 'NONE',  ( -0.2302012664622863636, 14.97966125989188590, -14.86820622830110317 ) ) ;
#5972 = CARTESIAN_POINT ( 'NONE',  ( 5.297386856978960168, -2.602085213965209853E-15, -37.10000000000000142 ) ) ;
#5973 = AXIS2_PLACEMENT_3D ( 'NONE', #3871, #6787, #5300 ) ;
#5974 = EDGE_CURVE ( 'NONE', #7849, #6526, #3396, .T. ) ;
#5975 = CARTESIAN_POINT ( 'NONE',  ( -0.07098521412679610620, 19.28421494571415096, -25.00000000000000000 ) ) ;
#5976 = CARTESIAN_POINT ( 'NONE',  ( 25.40308702607475055, 12.15719045456846104, 0.000000000000000000 ) ) ;
#5977 = ORIENTED_EDGE ( 'NONE', *, *, #9534, .F. ) ;
#5978 = VERTEX_POINT ( 'NONE', #3934 ) ;
#5979 = VECTOR ( 'NONE', #8675, 1000.000000000000000 ) ;
#5980 = ORIENTED_EDGE ( 'NONE', *, *, #8628, .F. ) ;
#5981 = EDGE_CURVE ( 'NONE', #469, #431, #4823, .T. ) ;
#5982 = DIRECTION ( 'NONE',  ( -1.000000000000000000, 0.000000000000000000, 0.000000000000000000 ) ) ;
#5983 = AXIS2_PLACEMENT_3D ( 'NONE', #8495, #9230, #5474 ) ;
#5984 = DIRECTION ( 'NONE',  ( 0.000000000000000000, 0.000000000000000000, -1.000000000000000000 ) ) ;
#5985 = CARTESIAN_POINT ( 'NONE',  ( -22.92823539900770413, 1.067987381490969501, 17.29132734140610594 ) ) ;
#5986 = DIRECTION ( 'NONE',  ( 0.000000000000000000, 0.000000000000000000, -1.000000000000000000 ) ) ;
#5987 = CARTESIAN_POINT ( 'NONE',  ( -24.70781641476209955, 12.23319066906029917, -1.077730223020088030 ) ) ;
#5988 = CARTESIAN_POINT ( 'NONE',  ( 4.361708675248481271, 14.19700175547404797, -24.99999999999996803 ) ) ;
#5989 = ORIENTED_EDGE ( 'NONE', *, *, #5406, .F. ) ;
#5990 = CARTESIAN_POINT ( 'NONE',  ( -26.62500000000000000, -11.00000000000000000, 2.602085213965209853E-15 ) ) ;
#5991 = CARTESIAN_POINT ( 'NONE',  ( -24.18491745666284842, -9.475357003913030596, 9.730388396368679693 ) ) ;
#5992 = CARTESIAN_POINT ( 'NONE',  ( -0.07239137861977100463, 15.46844551391894917, -15.00000000000000000 ) ) ;
#5993 = ADVANCED_FACE ( 'NONE', ( #3240 ), #6990, .T. ) ;
#5994 = CARTESIAN_POINT ( 'NONE',  ( -22.57500000000000284, -12.00000000000000000, 23.09999999999999787 ) ) ;
#5995 = LINE ( 'NONE', #4657, #3623 ) ;
#5996 = LINE ( 'NONE', #2948, #384 ) ;
#5997 = ORIENTED_EDGE ( 'NONE', *, *, #3260, .T. ) ;
#5998 = PLANE ( 'NONE',  #3058 ) ;
#5999 = CARTESIAN_POINT ( 'NONE',  ( -26.99948367301529828, -10.11302173825705886, -0.3710072460856815302 ) ) ;
#6000 = FACE_BOUND ( 'NONE', #1069, .T. ) ;
#6001 = CARTESIAN_POINT ( 'NONE',  ( 14.09264754477042558, 12.45247923990874916, -28.92405806701623305 ) ) ;
#6002 = DIRECTION ( 'NONE',  ( 1.000000000000000000, -1.317361586081176046E-32, 0.000000000000000000 ) ) ;
#6003 = CARTESIAN_POINT ( 'NONE',  ( 7.675000000000000711, -7.100000000000000533, -33.09999999999999432 ) ) ;
#6004 = CARTESIAN_POINT ( 'NONE',  ( -11.07499999999999929, -2.625000000000000000, 18.55336663013169840 ) ) ;
#6005 = CARTESIAN_POINT ( 'NONE',  ( -19.56296769176730876, 14.32353563428820031, -1.774511878096059148 ) ) ;
#6006 = ORIENTED_EDGE ( 'NONE', *, *, #2001, .F. ) ;
#6007 = FACE_OUTER_BOUND ( 'NONE', #4984, .T. ) ;
#6008 = ORIENTED_EDGE ( 'NONE', *, *, #6852, .F. ) ;
#6009 = ORIENTED_EDGE ( 'NONE', *, *, #635, .F. ) ;
#6010 = EDGE_CURVE ( 'NONE', #7086, #1209, #2454, .T. ) ;
#6011 = ORIENTED_EDGE ( 'NONE', *, *, #381, .F. ) ;
#6012 = EDGE_CURVE ( 'NONE', #7905, #8644, #5451, .T. ) ;
#6013 = ORIENTED_EDGE ( 'NONE', *, *, #8860, .T. ) ;
#6014 = CARTESIAN_POINT ( 'NONE',  ( 23.78565321750568273, -11.45145852739650394, -20.74091010733713603 ) ) ;
#6015 = CARTESIAN_POINT ( 'NONE',  ( -0.7227251573631279236, 14.58172303664531455, -14.39681660998654955 ) ) ;
#6016 = DIRECTION ( 'NONE',  ( -1.000000000000000000, 0.000000000000000000, 0.000000000000000000 ) ) ;
#6017 = DIRECTION ( 'NONE',  ( -0.6539012242937309871, -5.644976190005418903E-17, -0.7565799289349141032 ) ) ;
#6018 = CARTESIAN_POINT ( 'NONE',  ( 15.12500000000000000, 8.572527594031470232E-16, 30.09999999999999787 ) ) ;
#6019 = ORIENTED_EDGE ( 'NONE', *, *, #3795, .F. ) ;
#6020 = ORIENTED_EDGE ( 'NONE', *, *, #6690, .F. ) ;
#6021 = ADVANCED_FACE ( 'NONE', ( #7040 ), #1875, .F. ) ;
#6022 = ORIENTED_EDGE ( 'NONE', *, *, #1019, .F. ) ;
#6023 = ADVANCED_FACE ( 'NONE', ( #1772 ), #8775, .F. ) ;
#6024 = VECTOR ( 'NONE', #6480, 1000.000000000000000 ) ;
#6025 = CARTESIAN_POINT ( 'NONE',  ( -6.625000000000000000, -12.00000000000000000, 3.720435142569754879E-15 ) ) ;
#6026 = CARTESIAN_POINT ( 'NONE',  ( -22.79115009039955098, -0.6249988822920192755, 18.55448966774547870 ) ) ;
#6027 = CARTESIAN_POINT ( 'NONE',  ( -22.88700520733000943, 0.8447580845020324913, 17.64106537705218614 ) ) ;
#6028 = EDGE_CURVE ( 'NONE', #3589, #7310, #2650, .T. ) ;
#6029 = DIRECTION ( 'NONE',  ( 0.000000000000000000, 0.000000000000000000, 1.000000000000000000 ) ) ;
#6030 = LINE ( 'NONE', #7707, #2458 ) ;
#6031 = FACE_BOUND ( 'NONE', #2143, .T. ) ;
#6032 = CC_DESIGN_DATE_AND_TIME_ASSIGNMENT ( #180, #2291, ( #6344 ) ) ;
#6033 = ADVANCED_FACE ( 'NONE', ( #9645 ), #2885, .F. ) ;
#6034 = ORIENTED_EDGE ( 'NONE', *, *, #5108, .T. ) ;
#6035 = EDGE_CURVE ( 'NONE', #6526, #8049, #6450, .T. ) ;
#6036 = CARTESIAN_POINT ( 'NONE',  ( 3.877615639281453586, 14.91395608798177719, -14.94853506354431438 ) ) ;
#6037 = DIRECTION ( 'NONE',  ( 0.000000000000000000, 0.000000000000000000, -1.000000000000000000 ) ) ;
#6038 = TOROIDAL_SURFACE ( 'NONE', #2907, 5.000000000000000000, 1.000000000000000000 ) ;
#6039 = CARTESIAN_POINT ( 'NONE',  ( 1.436660136607466054, 15.38382434803919807, -15.00000000000000000 ) ) ;
#6040 = CYLINDRICAL_SURFACE ( 'NONE', #6453, 1.999999999999998224 ) ;
#6041 = CARTESIAN_POINT ( 'NONE',  ( -22.58107534783636083, -3.401220357023010177, 22.33709660486575999 ) ) ;
#6042 = DIRECTION ( 'NONE',  ( 0.000000000000000000, 0.000000000000000000, -1.000000000000000000 ) ) ;
#6043 = CARTESIAN_POINT ( 'NONE',  ( 17.16012841395760091, 13.10651337456575938, -25.84031627329820324 ) ) ;
#6044 = AXIS2_PLACEMENT_3D ( 'NONE', #4028, #4083, #3493 ) ;
#6045 = CARTESIAN_POINT ( 'NONE',  ( -23.01747696270936316, 3.144673645747840585, 16.60332164509337360 ) ) ;
#6046 = FACE_BOUND ( 'NONE', #1373, .T. ) ;
#6047 = CARTESIAN_POINT ( 'NONE',  ( 25.87092999797237169, 11.20951280050363685, -16.75507848822556412 ) ) ;
#6048 = FACE_OUTER_BOUND ( 'NONE', #1336, .T. ) ;
#6049 = DIRECTION ( 'NONE',  ( -2.820600425940552698E-49, -7.509625437129029427E-17, -1.000000000000000000 ) ) ;
#6050 = DIRECTION ( 'NONE',  ( 0.000000000000000000, 0.000000000000000000, -1.000000000000000000 ) ) ;
#6051 = CARTESIAN_POINT ( 'NONE',  ( -20.09120318613100054, 14.32379000021477289, -1.774596666738250894 ) ) ;
#6052 = EDGE_LOOP ( 'NONE', ( #9078, #3422, #721, #7508 ) ) ;
#6053 = CARTESIAN_POINT ( 'NONE',  ( -24.51880167001190003, -10.59999999999999964, 6.505745400281710999 ) ) ;
#6054 = VERTEX_POINT ( 'NONE', #8893 ) ;
#6055 = ORIENTED_EDGE ( 'NONE', *, *, #5487, .F. ) ;
#6056 = CYLINDRICAL_SURFACE ( 'NONE', #3926, 1.049999999999998934 ) ;
#6057 = ORIENTED_EDGE ( 'NONE', *, *, #3559, .T. ) ;
#6058 = CARTESIAN_POINT ( 'NONE',  ( 14.70120246199751080, -12.39628108150984431, -28.56695854367848142 ) ) ;
#6059 =( BOUNDED_SURFACE ( )  B_SPLINE_SURFACE ( 3, 2, ( 
 ( #7890, #2613, #6993 ),
 ( #2509, #2561, #1146 ),
 ( #4883, #5662, #4974 ),
 ( #4030, #6402, #5510 ),
 ( #5559, #5607, #253 ),
 ( #8681, #3243, #2663 ) ),
 .UNSPECIFIED., .F., .F., .T. ) 
 B_SPLINE_SURFACE_WITH_KNOTS ( ( 4, 2, 4 ),
 ( 3, 3 ),
 ( 0.001549315374713449833, 0.003776729985490549779, 0.006004144596267649292 ),
 ( 0.000000000000000000, 1.000000000000000000 ),
 .UNSPECIFIED. ) 
 GEOMETRIC_REPRESENTATION_ITEM ( )  RATIONAL_B_SPLINE_SURFACE ( (
 ( 1.000000000000000000, 0.8643883437740990106, 1.000000000000000000),
 ( 1.000000000000000000, 0.8393155471294679870, 1.000000000000000000),
 ( 1.000000000000000000, 0.8137664013691650045, 1.000000000000000000),
 ( 1.000000000000000000, 0.7614546649052689187, 1.000000000000000000),
 ( 1.000000000000000000, 0.7346906500636289916, 1.000000000000000000),
 ( 1.000000000000000000, 0.7071067792035289346, 1.000000000000000000) ) ) 
 REPRESENTATION_ITEM ( '' )  SURFACE ( )  );
#6060 = CYLINDRICAL_SURFACE ( 'NONE', #2023, 47.90277777777830437 ) ;
#6061 = DIRECTION ( 'NONE',  ( -1.000000000000000000, 1.734723475976807094E-15, 0.000000000000000000 ) ) ;
#6062 = FACE_OUTER_BOUND ( 'NONE', #2978, .T. ) ;
#6063 = ORIENTED_EDGE ( 'NONE', *, *, #2297, .F. ) ;
#6064 = ORIENTED_EDGE ( 'NONE', *, *, #6793, .F. ) ;
#6065 = ORIENTED_EDGE ( 'NONE', *, *, #230, .T. ) ;
#6066 = EDGE_CURVE ( 'NONE', #2704, #4162, #1923, .T. ) ;
#6067 = ORIENTED_EDGE ( 'NONE', *, *, #9283, .T. ) ;
#6068 = VECTOR ( 'NONE', #312, 1000.000000000000000 ) ;
#6069 = EDGE_CURVE ( 'NONE', #8049, #9171, #8217, .T. ) ;
#6070 = CARTESIAN_POINT ( 'NONE',  ( -18.71456662991386111, 12.50493804047430579, -38.28891017508008332 ) ) ;
#6071 = DIRECTION ( 'NONE',  ( 1.000000000000000000, 0.000000000000000000, 2.881657216719184962E-16 ) ) ;
#6072 = EDGE_CURVE ( 'NONE', #2725, #7615, #9070, .T. ) ;
#6073 = CARTESIAN_POINT ( 'NONE',  ( -22.82867740530351597, -0.6594560734446534012, 18.17799696393300835 ) ) ;
#6074 = CARTESIAN_POINT ( 'NONE',  ( -22.94795341204073580, 1.215848095863186096, 17.13410249225007931 ) ) ;
#6075 = AXIS2_PLACEMENT_3D ( 'NONE', #1394, #7349, #6466 ) ;
#6076 = PLANE ( 'NONE',  #8723 ) ;
#6077 = CARTESIAN_POINT ( 'NONE',  ( 3.110228396461030442, 15.28111667608945012, -25.00000000000000000 ) ) ;
#6078 = APPROVAL_DATE_TIME ( #5433, #4292 ) ;
#6079 = CARTESIAN_POINT ( 'NONE',  ( 0.7409140745377259529, 15.42797345282370003, -25.00000000000000000 ) ) ;
#6080 = ORIENTED_EDGE ( 'NONE', *, *, #956, .F. ) ;
#6081 = B_SPLINE_CURVE_WITH_KNOTS ( 'NONE', 3,
 ( #8159, #2841, #9642, #5882, #1416, #4408, #7609, #7703, #3124, #2287, #9181, #6964, #9136, #5336, #8446, #7651, #5239, #5285, #3171, #8353, #2334, #6026, #4693, #1689, #6073, #2382, #6166, #6917, #6120, #5426, #967, #7563, #911, #1601, #223, #3856, #3810, #3073, #9086, #6217, #3905, #8397, #3954, #2428, #4597, #866, #9036, #3216, #5377, #6774, #8303, #6863, #123, #1645, #1553, #33 ),
 .UNSPECIFIED., .F., .F.,
 ( 4, 2, 2, 2, 2, 2, 2, 2, 1, 1, 1, 2, 2, 2, 2, 2, 2, 2, 2, 2, 2, 1, 1, 2, 2, 2, 2, 1, 2, 2, 4 ),
 ( 0.000000000000000000, 0.1250000000000288936, 0.1875000000000433820, 0.2187500000000510980, 0.2500000000000587863, 0.3750000000000909273, 0.4375000000001076916, 0.4687500000001160183, 0.4843750000001208478, 0.4921875000001233458, 0.4960937500001247336, 0.4980468750001252887, 0.5000000000001258993, 0.5625000000001216804, 0.5937500000001195710, 0.6093750000001192380, 0.6171875000001195710, 0.6250000000001199041, 0.6875000000001221245, 0.7187500000001231237, 0.7343750000001229017, 0.7421875000001227907, 0.7460937500001236788, 0.7480468750001234568, 0.7500000000001232348, 0.8125000000000932587, 0.8437500000000782707, 0.8593750000000702771, 0.8671875000000666134, 0.8750000000000630607, 1.000000000000000000 ),
 .UNSPECIFIED. ) ;
#6082 = EDGE_CURVE ( 'NONE', #518, #3699, #9233, .T. ) ;
#6083 = AXIS2_PLACEMENT_3D ( 'NONE', #6718, #8842, #1276 ) ;
#6084 = CARTESIAN_POINT ( 'NONE',  ( 4.202286101797810147, 14.78421494571414918, -14.90535821487886992 ) ) ;
#6085 = EDGE_CURVE ( 'NONE', #9637, #8837, #6722, .T. ) ;
#6086 = LINE ( 'NONE', #6973, #7989 ) ;
#6087 = CARTESIAN_POINT ( 'NONE',  ( -26.62500000000000000, -2.625000000000000000, 17.50336663013170124 ) ) ;
#6088 = DIRECTION ( 'NONE',  ( 0.000000000000000000, 1.000000000000000000, 0.000000000000000000 ) ) ;
#6089 = CARTESIAN_POINT ( 'NONE',  ( -22.61676944294265112, 5.250000000000000000, 21.10000000000000142 ) ) ;
#6090 = CARTESIAN_POINT ( 'NONE',  ( 25.75185937549460036, 12.11275902115984060, -12.03976285529073920 ) ) ;
#6091 = CARTESIAN_POINT ( 'NONE',  ( -3.269682230477280793, 14.63474184481355422, -35.79253150404356631 ) ) ;
#6092 = CARTESIAN_POINT ( 'NONE',  ( -22.94656273758208798, 4.045230204751235625, 17.14519226703766464 ) ) ;
#6093 = CARTESIAN_POINT ( 'NONE',  ( 20.62500000000000000, 5.250000000000000000, 23.09999999999999787 ) ) ;
#6094 = CARTESIAN_POINT ( 'NONE',  ( 10.07328103038330447, 12.80023770701703967, -31.02444840848136920 ) ) ;
#6095 = CARTESIAN_POINT ( 'NONE',  ( -26.62500000000000000, -2.625000000000000000, 18.55336663013169840 ) ) ;
#6096 = CIRCLE ( 'NONE', #6725, 1.049999999999998934 ) ;
#6097 = CARTESIAN_POINT ( 'NONE',  ( -18.41983870986240035, -13.99857898409429957, -38.27975541886304711 ) ) ;
#6098 = LINE ( 'NONE', #7582, #1059 ) ;
#6099 = CARTESIAN_POINT ( 'NONE',  ( -23.16053390593259920, 10.09999999999999964, -10.53553390593270045 ) ) ;
#6100 = VERTEX_POINT ( 'NONE', #4500 ) ;
#6101 = CARTESIAN_POINT ( 'NONE',  ( 22.62500000000000000, 0.000000000000000000, 23.09999999999999787 ) ) ;
#6102 = ORIENTED_EDGE ( 'NONE', *, *, #200, .T. ) ;
#6103 = VECTOR ( 'NONE', #798, 1000.000000000000000 ) ;
#6104 = CARTESIAN_POINT ( 'NONE',  ( -26.62500000000000000, 2.625000000000000000, 27.64663336986830089 ) ) ;
#6105 = ORIENTED_EDGE ( 'NONE', *, *, #1173, .T. ) ;
#6106 = CARTESIAN_POINT ( 'NONE',  ( 4.176706844002728403, -13.23002507715716369, -33.44818002158478976 ) ) ;
#6107 = CARTESIAN_POINT ( 'NONE',  ( -4.980154683993640141, 12.09999999999999964, -36.38894121238289614 ) ) ;
#6108 = LINE ( 'NONE', #8432, #634 ) ;
#6109 = CARTESIAN_POINT ( 'NONE',  ( -24.62500000000000000, -8.000000000000000000, -33.09999999999999432 ) ) ;
#6110 = CIRCLE ( 'NONE', #1098, 2.000000000000001776 ) ;
#6111 = ORIENTED_EDGE ( 'NONE', *, *, #9093, .T. ) ;
#6112 = VERTEX_POINT ( 'NONE', #4457 ) ;
#6113 = ORIENTED_EDGE ( 'NONE', *, *, #4682, .T. ) ;
#6114 = ORIENTED_EDGE ( 'NONE', *, *, #8441, .T. ) ;
#6115 = CIRCLE ( 'NONE', #9450, 3.200000000000001510 ) ;
#6116 = AXIS2_PLACEMENT_3D ( 'NONE', #1241, #4824, #1924 ) ;
#6117 = CARTESIAN_POINT ( 'NONE',  ( 23.00143967397380962, -11.98708532359451162, 0.8455367157980275827 ) ) ;
#6118 = CARTESIAN_POINT ( 'NONE',  ( -13.68010083993422121, -6.313431205789517442, -37.84525022785591375 ) ) ;
#6119 = FACE_OUTER_BOUND ( 'NONE', #9577, .T. ) ;
#6120 = CARTESIAN_POINT ( 'NONE',  ( -22.85886672549744603, -0.7370492874774791092, 17.89298821304631204 ) ) ;
#6121 = TOROIDAL_SURFACE ( 'NONE', #6602, 8.000000000000000000, 4.000000000000000000 ) ;
#6122 = CARTESIAN_POINT ( 'NONE',  ( -22.87892564288695851, 0.8103196110244743622, 17.71232769904127125 ) ) ;
#6123 = LINE ( 'NONE', #2148, #1183 ) ;
#6124 = DIRECTION ( 'NONE',  ( 1.000000000000000000, 0.000000000000000000, 2.881657216719184962E-16 ) ) ;
#6125 = VERTEX_POINT ( 'NONE', #4181 ) ;
#6126 = CIRCLE ( 'NONE', #793, 6.999999999999999112 ) ;
#6127 = EDGE_CURVE ( 'NONE', #6350, #7998, #456, .T. ) ;
#6128 = ORIENTED_EDGE ( 'NONE', *, *, #6193, .T. ) ;
#6129 = CIRCLE ( 'NONE', #8168, 8.000000000000000000 ) ;
#6130 = CARTESIAN_POINT ( 'NONE',  ( -13.96814575050770024, -7.900000000000000355, -32.72792206135789428 ) ) ;
#6131 = CARTESIAN_POINT ( 'NONE',  ( 7.025000000000000355, 0.000000000000000000, -38.70134312298129942 ) ) ;
#6132 = CARTESIAN_POINT ( 'NONE',  ( -23.16053390593259920, -7.900000000000000355, -7.000000000000000000 ) ) ;
#6133 = LINE ( 'NONE', #6730, #2685 ) ;
#6134 = LINE ( 'NONE', #5256, #7238 ) ;
#6135 = DIRECTION ( 'NONE',  ( -1.000000000000000000, 0.000000000000000000, 0.000000000000000000 ) ) ;
#6136 = CARTESIAN_POINT ( 'NONE',  ( 15.16288150211064867, 12.35434379281919881, -28.30548701802030109 ) ) ;
#6137 = EDGE_CURVE ( 'NONE', #5057, #589, #3117, .T. ) ;
#6138 = EDGE_CURVE ( 'NONE', #3407, #7632, #69, .T. ) ;
#6139 = CARTESIAN_POINT ( 'NONE',  ( -22.92760388997480447, 4.182571021669844846, 17.29752892270603937 ) ) ;
#6140 = CARTESIAN_POINT ( 'NONE',  ( -26.49237905756124434, 9.053638234003457796, 0.9045057227733408478 ) ) ;
#6141 = CARTESIAN_POINT ( 'NONE',  ( 24.57563325885416816, 11.35988405482797425, -19.46630478874569903 ) ) ;
#6142 = LINE ( 'NONE', #7536, #6103 ) ;
#6143 = DIRECTION ( 'NONE',  ( 1.000000000000000000, 0.000000000000000000, 0.000000000000000000 ) ) ;
#6144 = LINE ( 'NONE', #841, #8289 ) ;
#6145 = CARTESIAN_POINT ( 'NONE',  ( 11.22901478587319879, 19.28421494571415096, -25.00000000000000000 ) ) ;
#6146 = EDGE_CURVE ( 'NONE', #3211, #757, #7197, .T. ) ;
#6147 = ORIENTED_EDGE ( 'NONE', *, *, #3198, .F. ) ;
#6148 = CARTESIAN_POINT ( 'NONE',  ( 26.62499999999999645, 8.833332519192037324, 0.5944931413024101552 ) ) ;
#6149 = ORIENTED_EDGE ( 'NONE', *, *, #8496, .F. ) ;
#6150 = EDGE_CURVE ( 'NONE', #1283, #8804, #1694, .T. ) ;
#6151 = EDGE_CURVE ( 'NONE', #7925, #3297, #8450, .T. ) ;
#6152 = CARTESIAN_POINT ( 'NONE',  ( -14.66037155033539108, -14.28168720275795245, -1.760562400919309711 ) ) ;
#6153 = VERTEX_POINT ( 'NONE', #6868 ) ;
#6154 = CARTESIAN_POINT ( 'NONE',  ( 15.18079280950519028, -12.35147551474379313, -28.27806395739344225 ) ) ;
#6155 = LINE ( 'NONE', #3844, #7218 ) ;
#6156 = CARTESIAN_POINT ( 'NONE',  ( -26.62500000000000000, 2.625000000000000000, 28.69663336986829805 ) ) ;
#6157 = DIRECTION ( 'NONE',  ( 0.000000000000000000, 0.000000000000000000, 1.000000000000000000 ) ) ;
#6158 = VERTEX_POINT ( 'NONE', #4751 ) ;
#6159 = ORIENTED_EDGE ( 'NONE', *, *, #320, .T. ) ;
#6160 = ORIENTED_EDGE ( 'NONE', *, *, #1172, .T. ) ;
#6161 = EDGE_LOOP ( 'NONE', ( #1169, #1097, #6712, #1814 ) ) ;
#6162 = ORIENTED_EDGE ( 'NONE', *, *, #2958, .T. ) ;
#6163 = DIRECTION ( 'NONE',  ( 1.000000000000000000, 0.000000000000000000, 0.000000000000000000 ) ) ;
#6164 = CARTESIAN_POINT ( 'NONE',  ( -10.62712255461673827, -12.09999999999999964, -37.37460308602189940 ) ) ;
#6165 = CARTESIAN_POINT ( 'NONE',  ( 20.62500000000000000, -2.625000000000000000, 25.64663336986835063 ) ) ;
#6166 = CARTESIAN_POINT ( 'NONE',  ( -22.84807075665702314, -0.7046585951783481683, 17.99315089451923910 ) ) ;
#6167 = CARTESIAN_POINT ( 'NONE',  ( -11.07499999999999929, 2.625000000000000000, 28.69663336986829805 ) ) ;
#6168 = B_SPLINE_CURVE_WITH_KNOTS ( 'NONE', 3,
 ( #5019, #8125, #3730, #7291 ),
 .UNSPECIFIED., .F., .F.,
 ( 4, 4 ),
 ( 4.906538933386799707E-18, 0.008000123665385650701 ),
 .UNSPECIFIED. ) ;
#6169 = CARTESIAN_POINT ( 'NONE',  ( 20.62500000000000000, 2.625000000000000000, 17.50336663013174743 ) ) ;
#6170 = CARTESIAN_POINT ( 'NONE',  ( 5.029014785873200388, 17.98421494571415025, -15.00000000000000000 ) ) ;
#6171 = VERTEX_POINT ( 'NONE', #9235 ) ;
#6172 = ORIENTED_EDGE ( 'NONE', *, *, #9699, .F. ) ;
#6173 = ORIENTED_EDGE ( 'NONE', *, *, #7824, .F. ) ;
#6174 = ADVANCED_FACE ( 'NONE', ( #2480 ), #1220, .T. ) ;
#6175 = CARTESIAN_POINT ( 'NONE',  ( 3.696349166181172485, 15.06655161786120622, -14.98437828818845041 ) ) ;
#6176 = FACE_OUTER_BOUND ( 'NONE', #2621, .T. ) ;
#6177 = DIRECTION ( 'NONE',  ( 1.000000000000000000, 0.000000000000000000, 2.881657216719184962E-16 ) ) ;
#6178 = B_SPLINE_CURVE_WITH_KNOTS ( 'NONE', 3,
 ( #3218, #2479, #5479, #8399, #6920, #914 ),
 .UNSPECIFIED., .F., .F.,
 ( 4, 2, 4 ),
 ( 0.000000000000000000, 0.5315447641691046776, 1.000000000000000000 ),
 .UNSPECIFIED. ) ;
#6179 = CARTESIAN_POINT ( 'NONE',  ( -26.62500000000000000, 12.00000000000000000, -1.000000000000000000 ) ) ;
#6180 = CIRCLE ( 'NONE', #5087, 4.000000000000002665 ) ;
#6181 = CARTESIAN_POINT ( 'NONE',  ( -22.58067744823539158, -3.390923971351601285, 22.36245956366473209 ) ) ;
#6182 = DIRECTION ( 'NONE',  ( 1.079438565345102177E-14, 5.222823368532319275E-16, 1.000000000000000000 ) ) ;
#6184 = CARTESIAN_POINT ( 'NONE',  ( -14.97250688637955918, 14.97178922324049921, -37.01108062670050458 ) ) ;
#6183 = AXIS2_PLACEMENT_3D ( 'NONE', #8077, #7437, #652 ) ;
#6185 = EDGE_CURVE ( 'NONE', #379, #7267, #6030, .T. ) ;
#6186 = VERTEX_POINT ( 'NONE', #8306 ) ;
#6187 = CARTESIAN_POINT ( 'NONE',  ( -22.88759967139628770, 4.409084163292344982, 17.63418465858544693 ) ) ;
#6188 = CARTESIAN_POINT ( 'NONE',  ( -23.96626875410317581, 11.76927362501716168, -0.1795848816546075088 ) ) ;
#6189 = CARTESIAN_POINT ( 'NONE',  ( -19.62500000000000000, 15.00000000000000000, -20.00000000000000000 ) ) ;
#6190 = CARTESIAN_POINT ( 'NONE',  ( -0.08042493337651440699, 15.31711855536863176, -14.99999999999999822 ) ) ;
#6191 = DIRECTION ( 'NONE',  ( 1.000000000000000000, 0.000000000000000000, 0.000000000000000000 ) ) ;
#6192 = PLANE ( 'NONE',  #8186 ) ;
#6193 = EDGE_CURVE ( 'NONE', #8473, #8644, #9040, .T. ) ;
#6194 = DIRECTION ( 'NONE',  ( 1.000000000000000000, 0.000000000000000000, 2.881657216719180031E-16 ) ) ;
#6195 = DIRECTION ( 'NONE',  ( -1.000000000000000000, 0.000000000000000000, -2.881657216719180031E-16 ) ) ;
#6196 = ORIENTED_EDGE ( 'NONE', *, *, #3605, .F. ) ;
#6197 = LINE ( 'NONE', #844, #5252 ) ;
#6198 = ORIENTED_EDGE ( 'NONE', *, *, #3969, .T. ) ;
#6199 = AXIS2_PLACEMENT_3D ( 'NONE', #2703, #1961, #4268 ) ;
#6200 = CARTESIAN_POINT ( 'NONE',  ( -16.88802515861151576, -14.31036209264852310, -1.770120697549500965 ) ) ;
#6201 = EDGE_CURVE ( 'NONE', #3115, #8887, #4235, .T. ) ;
#6202 = ORIENTED_EDGE ( 'NONE', *, *, #3806, .F. ) ;
#6203 = LINE ( 'NONE', #4092, #6613 ) ;
#6204 = DIRECTION ( 'NONE',  ( -2.164016633576080066E-32, 1.000000000000000000, 1.448536854396389905E-16 ) ) ;
#6205 = EDGE_CURVE ( 'NONE', #5226, #1904, #4701, .T. ) ;
#6206 = CARTESIAN_POINT ( 'NONE',  ( 11.36910810753790102, 13.66167352238153931, -14.00000000000000000 ) ) ;
#6207 = EDGE_CURVE ( 'NONE', #1785, #1784, #4429, .T. ) ;
#6208 = DIRECTION ( 'NONE',  ( -1.000000000000000000, 0.000000000000000000, 0.000000000000000000 ) ) ;
#6209 = VERTEX_POINT ( 'NONE', #2385 ) ;
#6210 = ORIENTED_EDGE ( 'NONE', *, *, #4237, .T. ) ;
#6211 = ORIENTED_EDGE ( 'NONE', *, *, #3530, .T. ) ;
#6212 = ORIENTED_EDGE ( 'NONE', *, *, #8123, .F. ) ;
#6213 = ORIENTED_EDGE ( 'NONE', *, *, #9362, .T. ) ;
#6214 = CARTESIAN_POINT ( 'NONE',  ( 5.029014785873200388, 17.98421494571415025, -25.00000000000000000 ) ) ;
#6215 = DIRECTION ( 'NONE',  ( 1.000000000000000000, 0.000000000000000000, 1.765621858500564986E-16 ) ) ;
#6216 = CARTESIAN_POINT ( 'NONE',  ( 5.029014785873200388, 19.28421494571415096, -15.00000000000000000 ) ) ;
#6217 = CARTESIAN_POINT ( 'NONE',  ( -22.94330904323548381, -1.179406136653083692, 17.17114992447006827 ) ) ;
#6218 = DIRECTION ( 'NONE',  ( 0.7071067811865480168, -0.7071067811865470176, 0.000000000000000000 ) ) ;
#6219 = DIRECTION ( 'NONE',  ( 9.366785582234729207E-17, 1.000000000000000000, 0.000000000000000000 ) ) ;
#6220 = DIRECTION ( 'NONE',  ( 0.000000000000000000, 0.000000000000000000, -1.000000000000000000 ) ) ;
#6221 = VERTEX_POINT ( 'NONE', #1556 ) ;
#6222 = ORIENTED_EDGE ( 'NONE', *, *, #8009, .T. ) ;
#6223 = ORIENTED_EDGE ( 'NONE', *, *, #336, .F. ) ;
#6224 = DIRECTION ( 'NONE',  ( -2.881657216719180031E-16, 0.000000000000000000, 1.000000000000000000 ) ) ;
#6225 = VECTOR ( 'NONE', #941, 1000.000000000000000 ) ;
#6226 = DIRECTION ( 'NONE',  ( 0.000000000000000000, -0.7071067811865480168, 0.7071067811865470176 ) ) ;
#6227 = FACE_OUTER_BOUND ( 'NONE', #2979, .T. ) ;
#6228 = DIRECTION ( 'NONE',  ( -2.891205793294678326E-16, 0.000000000000000000, 1.000000000000000000 ) ) ;
#6229 = CARTESIAN_POINT ( 'NONE',  ( -22.60913096454859073, -4.395782064822205903, 21.29142924203675236 ) ) ;
#6230 = CARTESIAN_POINT ( 'NONE',  ( 20.60605020018443412, 12.73310284237735068, -22.97808601399979977 ) ) ;
#6231 = CARTESIAN_POINT ( 'NONE',  ( 7.809336465509150393, 14.95172983335250017, -25.00000000000000000 ) ) ;
#6232 = ORIENTED_EDGE ( 'NONE', *, *, #5840, .F. ) ;
#6233 = ORIENTED_EDGE ( 'NONE', *, *, #1513, .T. ) ;
#6234 = CARTESIAN_POINT ( 'NONE',  ( -22.80892312166788827, 4.620996441859809067, 18.37154402932014463 ) ) ;
#6235 = CARTESIAN_POINT ( 'NONE',  ( 2.523636507234393811, 14.32039042086057989, -14.99999999999841549 ) ) ;
#6236 = CARTESIAN_POINT ( 'NONE',  ( 20.62500000000000000, -2.625000000000000000, 29.64663336986835063 ) ) ;
#6237 = CARTESIAN_POINT ( 'NONE',  ( -0.2722992894324364199, 14.91880811523801675, -14.82928687056740280 ) ) ;
#6238 = LINE ( 'NONE', #4130, #4218 ) ;
#6239 = CARTESIAN_POINT ( 'NONE',  ( 17.62500000000000000, 12.00000000000000000, 23.09999999999999787 ) ) ;
#6240 = AXIS2_PLACEMENT_3D ( 'NONE', #136, #782, #6226 ) ;
#6241 = CARTESIAN_POINT ( 'NONE',  ( 25.62500000000000000, -11.12083830918276028, -12.03976285529073920 ) ) ;
#6242 = FACE_BOUND ( 'NONE', #7743, .T. ) ;
#6243 = ORIENTED_EDGE ( 'NONE', *, *, #6803, .F. ) ;
#6244 = CARTESIAN_POINT ( 'NONE',  ( -24.86337054842024941, -7.400000000000000355, 8.471193762254690895 ) ) ;
#6245 = ORIENTED_EDGE ( 'NONE', *, *, #847, .F. ) ;
#6246 = EDGE_CURVE ( 'NONE', #3360, #4791, #3471, .T. ) ;
#6247 = CARTESIAN_POINT ( 'NONE',  ( -16.93922682147321623, -14.31085812108994482, -1.770286040363307389 ) ) ;
#6248 = CIRCLE ( 'NONE', #132, 20.00000000000000000 ) ;
#6249 = CARTESIAN_POINT ( 'NONE',  ( 3.570122197767649830, 15.25135460600989923, -25.00000000000000000 ) ) ;
#6250 = DIRECTION ( 'NONE',  ( 1.000000000000000000, -9.221531102568229315E-32, 0.000000000000000000 ) ) ;
#6251 = DIRECTION ( 'NONE',  ( 1.000000000000000000, 0.000000000000000000, 2.881657216719184962E-16 ) ) ;
#6252 = DIRECTION ( 'NONE',  ( 0.000000000000000000, -1.000000000000000000, 0.000000000000000000 ) ) ;
#6253 = CARTESIAN_POINT ( 'NONE',  ( 15.12500000000000000, 2.625000000000000000, 27.64663336986830089 ) ) ;
#6254 = VERTEX_POINT ( 'NONE', #6170 ) ;
#6255 = VERTEX_POINT ( 'NONE', #3813 ) ;
#6256 = VERTEX_POINT ( 'NONE', #6822 ) ;
#6257 = AXIS2_PLACEMENT_3D ( 'NONE', #2956, #4665, #5311 ) ;
#6258 = EDGE_CURVE ( 'NONE', #4591, #6412, #2537, .T. ) ;
#6259 = ORIENTED_EDGE ( 'NONE', *, *, #2369, .F. ) ;
#6260 = EDGE_CURVE ( 'NONE', #7669, #4899, #331, .T. ) ;
#6261 = EDGE_CURVE ( 'NONE', #5531, #469, #7255, .T. ) ;
#6262 = DIRECTION ( 'NONE',  ( 0.000000000000000000, 0.000000000000000000, -1.000000000000000000 ) ) ;
#6263 = FACE_OUTER_BOUND ( 'NONE', #2133, .T. ) ;
#6264 = VECTOR ( 'NONE', #8016, 1000.000000000000000 ) ;
#6265 = CARTESIAN_POINT ( 'NONE',  ( 25.75185937549460036, -12.11275902115984060, -12.03976285529073920 ) ) ;
#6266 = DIRECTION ( 'NONE',  ( 1.079438565345100126E-14, 0.000000000000000000, 1.000000000000000000 ) ) ;
#6267 = DIRECTION ( 'NONE',  ( 0.000000000000000000, 0.000000000000000000, -1.000000000000000000 ) ) ;
#6268 = DIRECTION ( 'NONE',  ( 0.000000000000000000, 0.000000000000000000, -1.000000000000000000 ) ) ;
#6269 = CARTESIAN_POINT ( 'NONE',  ( 25.53279084374256058, -11.24888201777596564, -17.59332752894307816 ) ) ;
#6270 = ORIENTED_EDGE ( 'NONE', *, *, #6495, .F. ) ;
#6271 = EDGE_LOOP ( 'NONE', ( #1936, #8579 ) ) ;
#6272 = EDGE_LOOP ( 'NONE', ( #1041, #4699, #6114, #1355 ) ) ;
#6273 = CIRCLE ( 'NONE', #8181, 21.00000000000000000 ) ;
#6274 = EDGE_CURVE ( 'NONE', #8997, #5938, #1067, .T. ) ;
#6275 = VECTOR ( 'NONE', #7956, 1000.000000000000000 ) ;
#6276 = AXIS2_PLACEMENT_3D ( 'NONE', #8650, #7751, #3368 ) ;
#6277 = ADVANCED_FACE ( 'NONE', ( #3418 ), #1903, .F. ) ;
#6278 = CARTESIAN_POINT ( 'NONE',  ( -21.17556862445150401, -11.00000000000000000, 2.602085213965209853E-15 ) ) ;
#6279 = DIRECTION ( 'NONE',  ( 0.000000000000000000, 0.000000000000000000, -1.000000000000000000 ) ) ;
#6280 = CARTESIAN_POINT ( 'NONE',  ( -23.01812051288954919, -12.68377223398315934, -1.227924077994379859 ) ) ;
#6281 = VECTOR ( 'NONE', #4964, 1000.000000000000114 ) ;
#6282 = DIRECTION ( 'NONE',  ( 0.000000000000000000, 0.000000000000000000, -1.000000000000000000 ) ) ;
#6283 = CARTESIAN_POINT ( 'NONE',  ( 23.64045643670886676, 11.87467375621866239, 0.2887163633806958951 ) ) ;
#6284 = CARTESIAN_POINT ( 'NONE',  ( 13.72934618521439099, 13.44414136901081491, -28.03229406675122348 ) ) ;
#6285 = DIRECTION ( 'NONE',  ( 0.7071067811865531239, 0.000000000000000000, 0.7071067811865420216 ) ) ;
#6286 = ORIENTED_EDGE ( 'NONE', *, *, #8021, .F. ) ;
#6287 = CIRCLE ( 'NONE', #328, 0.9999999999999995559 ) ;
#6288 = ORIENTED_EDGE ( 'NONE', *, *, #1036, .T. ) ;
#6289 = VECTOR ( 'NONE', #1470, 1000.000000000000000 ) ;
#6290 = CARTESIAN_POINT ( 'NONE',  ( -12.07775100597417861, -12.09999999999999964, -35.58940280389295197 ) ) ;
#6291 = CARTESIAN_POINT ( 'NONE',  ( 25.75185937550014970, 12.11275902115914072, 0.000000000000000000 ) ) ;
#6292 = CIRCLE ( 'NONE', #1588, 1.834999999999999742 ) ;
#6293 = CARTESIAN_POINT ( 'NONE',  ( -22.99744649885009196, -3.502184180233730793, 16.75205945786203543 ) ) ;
#6294 = CARTESIAN_POINT ( 'NONE',  ( -13.34055961948230618, 7.263295091685720628, -37.79946680624164657 ) ) ;
#6295 = CYLINDRICAL_SURFACE ( 'NONE', #6896, 24.00000000000000000 ) ;
#6296 = CARTESIAN_POINT ( 'NONE',  ( -26.62500000000000000, -5.250000000000000000, 24.15000000000000213 ) ) ;
#6297 = CARTESIAN_POINT ( 'NONE',  ( 21.82796352931927686, -12.00000000000001066, 0.2693243528784928231 ) ) ;
#6298 = PLANE ( 'NONE',  #8182 ) ;
#6299 = DIRECTION ( 'NONE',  ( 0.000000000000000000, -1.000000000000000000, 0.000000000000000000 ) ) ;
#6300 = ORIENTED_EDGE ( 'NONE', *, *, #3327, .T. ) ;
#6301 = CARTESIAN_POINT ( 'NONE',  ( -24.00968036551422458, -10.26543025795164787, 8.940315142330064191 ) ) ;
#6302 = VERTEX_POINT ( 'NONE', #5683 ) ;
#6303 = FACE_BOUND ( 'NONE', #4199, .T. ) ;
#6304 = DIRECTION ( 'NONE',  ( 1.000000000000000000, 0.000000000000000000, 2.881657216719180031E-16 ) ) ;
#6305 = CARTESIAN_POINT ( 'NONE',  ( 9.793999923750160264, -12.59403184081043214, 0.08369076899348396048 ) ) ;
#6306 = CARTESIAN_POINT ( 'NONE',  ( 18.71662288763336690, -12.94193533480415503, -24.65260813765800663 ) ) ;
#6307 = LINE ( 'NONE', #3307, #7697 ) ;
#6308 = FACE_OUTER_BOUND ( 'NONE', #957, .T. ) ;
#6309 = EDGE_CURVE ( 'NONE', #3849, #3897, #8976, .T. ) ;
#6310 = VERTEX_POINT ( 'NONE', #2584 ) ;
#6311 = ORIENTED_EDGE ( 'NONE', *, *, #2538, .F. ) ;
#6312 = VERTEX_POINT ( 'NONE', #6423 ) ;
#6313 = EDGE_CURVE ( 'NONE', #7310, #4058, #2056, .T. ) ;
#6314 = VERTEX_POINT ( 'NONE', #2532 ) ;
#6315 = ORIENTED_EDGE ( 'NONE', *, *, #169, .F. ) ;
#6316 = CARTESIAN_POINT ( 'NONE',  ( -16.57499999999999929, 2.625000000000000000, 18.55336663013169840 ) ) ;
#6317 = DIRECTION ( 'NONE',  ( 0.000000000000000000, 0.000000000000000000, -1.000000000000000000 ) ) ;
#6318 = FACE_OUTER_BOUND ( 'NONE', #8439, .T. ) ;
#6319 = CARTESIAN_POINT ( 'NONE',  ( -0.2089261489184644494, 15.01459965246369777, -25.11234913183792372 ) ) ;
#6320 = DIRECTION ( 'NONE',  ( 1.000000000000000000, 0.000000000000000000, 4.336808689942020201E-16 ) ) ;
#6321 = CARTESIAN_POINT ( 'NONE',  ( -26.62500000000000000, 5.250000000000000000, 23.09999999999999787 ) ) ;
#6322 = PLANE ( 'NONE',  #3625 ) ;
#6323 = ORIENTED_EDGE ( 'NONE', *, *, #1758, .F. ) ;
#6324 = ORIENTED_EDGE ( 'NONE', *, *, #7052, .F. ) ;
#6325 = EDGE_CURVE ( 'NONE', #5316, #753, #8550, .T. ) ;
#6326 = ORIENTED_EDGE ( 'NONE', *, *, #6274, .T. ) ;
#6327 = CARTESIAN_POINT ( 'NONE',  ( -21.85674754639859785, -11.00000000000000000, 2.602085213965209853E-15 ) ) ;
#6328 = ADVANCED_FACE ( 'NONE', ( #3369 ), #6322, .F. ) ;
#6329 = FACE_OUTER_BOUND ( 'NONE', #9447, .T. ) ;
#6330 = DIRECTION ( 'NONE',  ( -1.000000000000000000, 0.000000000000000000, 1.079438565345100126E-14 ) ) ;
#6331 = DIRECTION ( 'NONE',  ( 1.000000000000000000, 0.000000000000000000, 0.000000000000000000 ) ) ;
#6332 = EDGE_CURVE ( 'NONE', #1209, #2651, #3704, .T. ) ;
#6333 = CARTESIAN_POINT ( 'NONE',  ( -22.61472118038633994, -4.738696419338450205, 21.14674672996209992 ) ) ;
#6334 = CARTESIAN_POINT ( 'NONE',  ( -0.1545569029061369115, 14.47312998517190330, -33.86096584367281537 ) ) ;
#6335 = EDGE_CURVE ( 'NONE', #7122, #6703, #3351, .T. ) ;
#6336 = DIRECTION ( 'NONE',  ( 0.000000000000000000, 0.000000000000000000, -1.000000000000000000 ) ) ;
#6337 = ORIENTED_EDGE ( 'NONE', *, *, #2229, .T. ) ;
#6338 = ORIENTED_EDGE ( 'NONE', *, *, #8441, .F. ) ;
#6339 = LINE ( 'NONE', #347, #6281 ) ;
#6340 = CARTESIAN_POINT ( 'NONE',  ( 3.024999999999999911, -10.09999999999999964, -9.849999999999999645 ) ) ;
#6341 = VECTOR ( 'NONE', #3274, 1000.000000000000000 ) ;
#6342 = FACE_BOUND ( 'NONE', #3658, .T. ) ;
#6343 = CARTESIAN_POINT ( 'NONE',  ( -13.55427176027245473, -14.94876859025101368, -7.220324867115293976 ) ) ;
#6344 = SECURITY_CLASSIFICATION ( '', '', #3814 ) ;
#6345 = CARTESIAN_POINT ( 'NONE',  ( -22.57767595666434346, 7.185447600633907861, 22.59150658509563669 ) ) ;
#6346 = CARTESIAN_POINT ( 'NONE',  ( 5.297386856978960168, -2.602085213965209853E-15, -33.09999999999999432 ) ) ;
#6347 = CARTESIAN_POINT ( 'NONE',  ( 19.64073744385675013, -12.84174184543704023, -1.374260700662849797E-13 ) ) ;
#6348 = CARTESIAN_POINT ( 'NONE',  ( -19.62500000000000000, -15.00000000000000000, -39.30000000000000426 ) ) ;
#6349 = CARTESIAN_POINT ( 'NONE',  ( -10.43261184457519875, -14.88244887111398107, -16.19238815542514942 ) ) ;
#6350 = VERTEX_POINT ( 'NONE', #7050 ) ;
#6351 = CARTESIAN_POINT ( 'NONE',  ( -14.53289302001721950, -2.600000000000000089, -37.10000000000000142 ) ) ;
#6352 = ORIENTED_EDGE ( 'NONE', *, *, #3543, .T. ) ;
#6353 = VECTOR ( 'NONE', #2430, 1000.000000000000000 ) ;
#6354 = FACE_OUTER_BOUND ( 'NONE', #9384, .T. ) ;
#6355 = DIRECTION ( 'NONE',  ( 1.000000000000000000, 0.000000000000000000, 0.000000000000000000 ) ) ;
#6356 = CARTESIAN_POINT ( 'NONE',  ( -19.62500000000000000, -15.00000000000000000, -20.00000000000000000 ) ) ;
#6357 = CARTESIAN_POINT ( 'NONE',  ( 7.462552282113536606, -13.97527434025638016, -31.11416432540342214 ) ) ;
#6358 = CARTESIAN_POINT ( 'NONE',  ( 12.22901478587320057, 18.28421494571415451, -25.00000000000000000 ) ) ;
#6359 = CYLINDRICAL_SURFACE ( 'NONE', #120, 2.000000000000001776 ) ;
#6360 = VECTOR ( 'NONE', #3298, 1000.000000000000000 ) ;
#6361 = ORIENTED_EDGE ( 'NONE', *, *, #5646, .T. ) ;
#6362 = ORIENTED_EDGE ( 'NONE', *, *, #4831, .T. ) ;
#6363 = VERTEX_POINT ( 'NONE', #8685 ) ;
#6364 = EDGE_LOOP ( 'NONE', ( #1587, #5020, #1839, #8565, #5695 ) ) ;
#6365 = ORIENTED_EDGE ( 'NONE', *, *, #5792, .F. ) ;
#6366 = CARTESIAN_POINT ( 'NONE',  ( 17.62500000000000000, 0.000000000000000000, 23.09999999999999787 ) ) ;
#6367 = DIRECTION ( 'NONE',  ( 0.000000000000000000, -1.000000000000000000, 0.000000000000000000 ) ) ;
#6368 = CARTESIAN_POINT ( 'NONE',  ( -26.32882462677016733, -9.476254771412989442, 0.7375546418263650983 ) ) ;
#6369 = EDGE_CURVE ( 'NONE', #2902, #1512, #6203, .T. ) ;
#6370 = FACE_OUTER_BOUND ( 'NONE', #9638, .T. ) ;
#6371 = LINE ( 'NONE', #1901, #9118 ) ;
#6372 = DIRECTION ( 'NONE',  ( 1.000000000000000000, 0.000000000000000000, 0.000000000000000000 ) ) ;
#6373 = ORIENTED_EDGE ( 'NONE', *, *, #7788, .F. ) ;
#6374 = ORIENTED_EDGE ( 'NONE', *, *, #4712, .F. ) ;
#6375 = ORIENTED_EDGE ( 'NONE', *, *, #5981, .T. ) ;
#6376 = EDGE_CURVE ( 'NONE', #816, #1583, #1883, .T. ) ;
#6377 = EDGE_CURVE ( 'NONE', #8946, #6909, #3011, .T. ) ;
#6378 = CARTESIAN_POINT ( 'NONE',  ( -12.92707508023937457, -14.94821963887966021, 1.182048324092161563E-11 ) ) ;
#6379 = FACE_OUTER_BOUND ( 'NONE', #2694, .T. ) ;
#6380 = CARTESIAN_POINT ( 'NONE',  ( -23.40528135717110203, -12.63751492087476080, -1.212504973624913829 ) ) ;
#6381 = CARTESIAN_POINT ( 'NONE',  ( -26.84991221830399866, -10.59999999999999964, 6.505745400281710999 ) ) ;
#6382 = CARTESIAN_POINT ( 'NONE',  ( 24.95714645860000047, 12.21356952179360000, -5.009767161339421117E-12 ) ) ;
#6383 = CARTESIAN_POINT ( 'NONE',  ( -5.501718787393222954, 14.72222253940316605, -35.30054904780553926 ) ) ;
#6384 = DIRECTION ( 'NONE',  ( -2.164016633576080066E-32, -1.000000000000000000, 7.509625437129029427E-17 ) ) ;
#6385 = ORIENTED_EDGE ( 'NONE', *, *, #6743, .T. ) ;
#6386 = EDGE_CURVE ( 'NONE', #7834, #60, #1007, .T. ) ;
#6387 = ORIENTED_EDGE ( 'NONE', *, *, #1801, .F. ) ;
#6388 = B_SPLINE_CURVE_WITH_KNOTS ( 'NONE', 3,
 ( #8428, #2410, #1626, #3887, #8532, #4628, #6998, #1777, #157, #3059, #4581, #7636, #9211, #1671, #3107, #893, #6949, #6247, #6200, #1589, #5321, #7046, #2513, #6152, #8339 ),
 .UNSPECIFIED., .F., .F.,
 ( 4, 1, 1, 1, 1, 1, 1, 1, 2, 2, 1, 1, 1, 1, 1, 1, 2, 2, 4 ),
 ( 0.000000000000000000, 0.2499999999999862332, 0.3749999999999793499, 0.4374999999999759082, 0.4687499999999745759, 0.4843749999999742983, 0.4921874999999746314, 0.4960937499999747424, 0.4980468749999751865, 0.4999999999999756861, 0.6249999999999908962, 0.6874999999999984457, 0.7187500000000022204, 0.7343750000000042188, 0.7421875000000051070, 0.7460937500000051070, 0.7480468750000051070, 0.7500000000000051070, 1.000000000000000000 ),
 .UNSPECIFIED. ) ;
#6389 = AXIS2_PLACEMENT_3D ( 'NONE', #3756, #8345, #2417 ) ;
#6390 = EDGE_CURVE ( 'NONE', #860, #3472, #5665, .T. ) ;
#6391 = CARTESIAN_POINT ( 'NONE',  ( 17.62500000000000000, 0.000000000000000000, 23.09999999999999787 ) ) ;
#6392 = EDGE_CURVE ( 'NONE', #8126, #4729, #4515, .T. ) ;
#6393 = DIRECTION ( 'NONE',  ( 0.000000000000000000, 0.000000000000000000, -1.000000000000000000 ) ) ;
#6394 = CARTESIAN_POINT ( 'NONE',  ( -22.95261434309895776, -3.996001150501763632, 17.09703494605053109 ) ) ;
#6395 = CARTESIAN_POINT ( 'NONE',  ( -12.31726271203232770, 9.472527776675429223, -37.65096795911333771 ) ) ;
#6396 = CARTESIAN_POINT ( 'NONE',  ( -22.60913096454854809, 6.104217935182916221, 21.29142924203915044 ) ) ;
#6397 = CARTESIAN_POINT ( 'NONE',  ( -23.80349443448769975, 9.640839299210099966, -39.30000000000000426 ) ) ;
#6398 = FACE_OUTER_BOUND ( 'NONE', #9236, .T. ) ;
#6399 = CARTESIAN_POINT ( 'NONE',  ( 7.829014785873200211, 14.78421494571413852, -25.01379349597920054 ) ) ;
#6400 = CARTESIAN_POINT ( 'NONE',  ( -0.07098521412679610620, 19.28421494571415096, -25.00000000000000000 ) ) ;
#6401 = EDGE_LOOP ( 'NONE', ( #1501, #1410, #3946, #8157 ) ) ;
#6402 = CARTESIAN_POINT ( 'NONE',  ( 19.61737675737506592, 11.99999999999998934, 0.1386340395420703753 ) ) ;
#6403 = TOROIDAL_SURFACE ( 'NONE', #1523, 16.00000000000000000, 4.000000000000000000 ) ;
#6404 = DIRECTION ( 'NONE',  ( 0.000000000000000000, 0.000000000000000000, -1.000000000000000000 ) ) ;
#6405 = VECTOR ( 'NONE', #4496, 1000.000000000000000 ) ;
#6406 = CARTESIAN_POINT ( 'NONE',  ( -26.62500000000000000, -2.625000000000000000, 27.64663336986830089 ) ) ;
#6407 = CARTESIAN_POINT ( 'NONE',  ( -12.44076364432422643, -13.93098462761426148, -37.66966150710694450 ) ) ;
#6408 = CARTESIAN_POINT ( 'NONE',  ( 14.81967300399397836, -13.34207209922401205, -27.40495685789751690 ) ) ;
#6409 = AXIS2_PLACEMENT_3D ( 'NONE', #146, #8416, #3004 ) ;
#6410 = FACE_OUTER_BOUND ( 'NONE', #5455, .T. ) ;
#6411 = DIRECTION ( 'NONE',  ( 0.7565799289349141032, 0.000000000000000000, -0.6539012242937310981 ) ) ;
#6412 = VERTEX_POINT ( 'NONE', #9569 ) ;
#6413 = ORIENTED_EDGE ( 'NONE', *, *, #2958, .F. ) ;
#6414 = ORIENTED_EDGE ( 'NONE', *, *, #9050, .F. ) ;
#6415 = ORIENTED_EDGE ( 'NONE', *, *, #4402, .F. ) ;
#6416 = AXIS2_PLACEMENT_3D ( 'NONE', #8616, #2604, #2500 ) ;
#6417 = ORIENTED_EDGE ( 'NONE', *, *, #3969, .F. ) ;
#6418 = CARTESIAN_POINT ( 'NONE',  ( 7.025000000000000355, -6.133611536320559869E-16, -9.849999999999999645 ) ) ;
#6419 = DIRECTION ( 'NONE',  ( 1.000000000000000000, 0.000000000000000000, 0.000000000000000000 ) ) ;
#6420 = CARTESIAN_POINT ( 'NONE',  ( 7.818037896800961839, -15.00000000000000000, -32.01754607130295227 ) ) ;
#6421 = CARTESIAN_POINT ( 'NONE',  ( -1.099269153502882457, 14.52158527591260828, -25.97660129398654760 ) ) ;
#6422 = AXIS2_PLACEMENT_3D ( 'NONE', #8468, #3931, #1719 ) ;
#6423 = CARTESIAN_POINT ( 'NONE',  ( 26.62500000000000000, 5.250000000000000000, 25.10000000000000142 ) ) ;
#6424 = ORIENTED_EDGE ( 'NONE', *, *, #550, .T. ) ;
#6425 = ORIENTED_EDGE ( 'NONE', *, *, #4287, .T. ) ;
#6426 = ORIENTED_EDGE ( 'NONE', *, *, #3026, .F. ) ;
#6427 = VECTOR ( 'NONE', #4227, 1000.000000000000114 ) ;
#6428 = DIRECTION ( 'NONE',  ( -9.366785582234729207E-17, 1.000000000000000000, 0.000000000000000000 ) ) ;
#6429 = CARTESIAN_POINT ( 'NONE',  ( 16.62500000000000000, 12.00000000000000000, 15.00000000000000000 ) ) ;
#6430 = VECTOR ( 'NONE', #2290, 1000.000000000000000 ) ;
#6431 = AXIS2_PLACEMENT_3D ( 'NONE', #3611, #619, #5041 ) ;
#6432 = CARTESIAN_POINT ( 'NONE',  ( -26.13704320855014984, -11.26255484390825856, -0.7541849479694170411 ) ) ;
#6433 = DIRECTION ( 'NONE',  ( 0.000000000000000000, 1.000000000000000000, 0.000000000000000000 ) ) ;
#6434 = EDGE_CURVE ( 'NONE', #4830, #5583, #4767, .T. ) ;
#6435 = CARTESIAN_POINT ( 'NONE',  ( -22.61676944294265112, -5.250000000000000000, 21.10000000000000142 ) ) ;
#6436 = CARTESIAN_POINT ( 'NONE',  ( 5.401412100246147929, 14.12736461743789818, -31.95534423813387903 ) ) ;
#6437 = CARTESIAN_POINT ( 'NONE',  ( -13.57499999999999574, 14.25802469893175584, -1.752675336226261926 ) ) ;
#6438 = VERTEX_POINT ( 'NONE', #5953 ) ;
#6439 = CIRCLE ( 'NONE', #314, 2.000000000000001776 ) ;
#6440 = B_SPLINE_CURVE_WITH_KNOTS ( 'NONE', 3,
 ( #2226, #1489, #9529, #7305, #2767, #5817, #4481, #5864, #9675, #2030, #7495, #8777, #2081, #5078, #8139, #4385, #7403, #8919, #2175, #6800, #6148, #1584, #3836, #6843, #3013, #7735, #4529, #12, #54 ),
 .UNSPECIFIED., .F., .F.,
 ( 4, 1, 1, 1, 1, 2, 2, 1, 1, 1, 1, 2, 2, 1, 1, 1, 1, 1, 2, 2, 4 ),
 ( 0.000000000000000000, 0.1249999999999927836, 0.1874999999999883704, 0.2187499999999861500, 0.2343749999999850675, 0.2421874999999844846, 0.2499999999999839295, 0.3749999999999681366, 0.4374999999999602540, 0.4687499999999570899, 0.4843749999999554245, 0.4921874999999546474, 0.4999999999999538702, 0.6249999999999568123, 0.6874999999999590328, 0.7187499999999600320, 0.7343749999999612532, 0.7421874999999619194, 0.7460937499999622524, 0.7499999999999625855, 1.000000000000000000 ),
 .UNSPECIFIED. ) ;
#6441 = ORIENTED_EDGE ( 'NONE', *, *, #8513, .F. ) ;
#6442 =( BOUNDED_SURFACE ( )  B_SPLINE_SURFACE ( 3, 2, ( 
 ( #9277, #4040, #1781 ),
 ( #4787, #7793, #1052 ),
 ( #7053, #3597, #2863 ),
 ( #8915, #6697, #8869 ),
 ( #8189, #7399, #4288 ),
 ( #3649, #5813, #5860 ),
 ( #2959, #5171, #7993 ),
 ( #2027, #2125, #4334 ),
 ( #8045, #659, #9525 ),
 ( #5029, #5120, #8135 ),
 ( #1252, #2077, #6604 ),
 ( #1393, #7260, #1442 ),
 ( #9623, #5955, #1983 ),
 ( #1301, #703, #4381 ),
 ( #5761, #6651, #7301 ),
 ( #2171, #562, #4434 ),
 ( #9671, #3549, #2913 ),
 ( #5908, #9571, #5074 ),
 ( #4243, #2764, #516 ),
 ( #7444, #6551, #3696 ),
 ( #607, #4980, #3502 ),
 ( #9717, #6507, #8773 ),
 ( #2812, #8823, #8089 ),
 ( #1345, #7348, #2311 ),
 ( #1580, #5219, #9060 ),
 ( #1485, #3787, #6742 ),
 ( #4524, #7629, #5313 ),
 ( #9109, #886, #1619 ),
 ( #3832, #3879, #96 ),
 ( #7581, #2401, #4618 ),
 ( #8, #8967, #2222 ),
 ( #9157, #6890, #3050 ),
 ( #1663, #197, #5398 ),
 ( #6796, #9011, #6097 ),
 ( #3008, #5265, #149 ),
 ( #8420, #2265, #3097 ) ),
 .UNSPECIFIED., .F., .F., .T. ) 
 B_SPLINE_SURFACE_WITH_KNOTS ( ( 4, 2, 2, 2, 2, 2, 2, 2, 2, 2, 2, 2, 2, 2, 2, 2, 2, 4 ),
 ( 3, 3 ),
 ( -6.938893903907229918E-18, 0.001743881902064804874, 0.003487763804129614953, 0.005231645706194419827, 0.006975527608259229906, 0.008719409510324039117, 0.01046329141238884139, 0.01395105521651845981, 0.01569493711858330198, 0.01743881902064809905, 0.02092658282477770013, 0.02790211043303695085, 0.03487763804129620504, 0.04185316564955540025, 0.04882869325781469955, 0.05231645706194429368, 0.05406033896400909422, 0.05580422086607390170 ),
 ( 0.000000000000000000, 1.000000000000000000 ),
 .UNSPECIFIED. ) 
 GEOMETRIC_REPRESENTATION_ITEM ( )  RATIONAL_B_SPLINE_SURFACE ( (
 ( 1.000000000000000000, 0.7506195359483399665, 1.000000000000000000),
 ( 1.000000000000000000, 0.7506194665513169495, 1.000000000000000000),
 ( 1.000000000000000000, 0.7505208385038080188, 1.000000000000000000),
 ( 1.000000000000000000, 0.7499561805693080174, 1.000000000000000000),
 ( 1.000000000000000000, 0.7494778683207180547, 1.000000000000000000),
 ( 1.000000000000000000, 0.7481229984395310062, 1.000000000000000000),
 ( 1.000000000000000000, 0.7472557252710160247, 1.000000000000000000),
 ( 1.000000000000000000, 0.7455088390798719766, 1.000000000000000000),
 ( 1.000000000000000000, 0.7445558520405060055, 1.000000000000000000),
 ( 1.000000000000000000, 0.7425815427397980395, 1.000000000000000000),
 ( 1.000000000000000000, 0.7415602749515119996, 1.000000000000000000),
 ( 1.000000000000000000, 0.7395128639590770048, 1.000000000000000000),
 ( 1.000000000000000000, 0.7384983927976229712, 1.000000000000000000),
 ( 1.000000000000000000, 0.7355454585569040082, 1.000000000000000000),
 ( 1.000000000000000000, 0.7336942484320980729, 1.000000000000000000),
 ( 1.000000000000000000, 0.7311356594235469686, 1.000000000000000000),
 ( 1.000000000000000000, 0.7303178536055189296, 1.000000000000000000),
 ( 1.000000000000000000, 0.7287498020022309397, 1.000000000000000000),
 ( 1.000000000000000000, 0.7279988520241820193, 1.000000000000000000),
 ( 1.000000000000000000, 0.7258595379003260906, 1.000000000000000000),
 ( 1.000000000000000000, 0.7245759940874338945, 1.000000000000000000),
 ( 1.000000000000000000, 0.7210547829114118956, 1.000000000000000000),
 ( 1.000000000000000000, 0.7191396324680099372, 1.000000000000000000),
 ( 1.000000000000000000, 0.7158388813006820728, 1.000000000000000000),
 ( 1.000000000000000000, 0.7144544713341069997, 1.000000000000000000),
 ( 1.000000000000000000, 0.7120749638905509160, 1.000000000000000000),
 ( 1.000000000000000000, 0.7110765876400809704, 1.000000000000000000),
 ( 1.000000000000000000, 0.7093736361638129928, 1.000000000000000000),
 ( 1.000000000000000000, 0.7086663828137369503, 1.000000000000000000),
 ( 1.000000000000000000, 0.7078415938957030029, 1.000000000000000000),
 ( 1.000000000000000000, 0.7076057436349210139, 1.000000000000000000),
 ( 1.000000000000000000, 0.7073341366005049258, 1.000000000000000000),
 ( 1.000000000000000000, 0.7072574364266890345, 1.000000000000000000),
 ( 1.000000000000000000, 0.7071443148925260491, 1.000000000000000000),
 ( 1.000000000000000000, 0.7071075185243260730, 1.000000000000000000),
 ( 1.000000000000000000, 0.7071067811865480168, 1.000000000000000000) ) ) 
 REPRESENTATION_ITEM ( '' )  SURFACE ( )  );
#6443 = DIRECTION ( 'NONE',  ( 9.269937723657780395E-31, 1.000000000000000000, 8.587739980083199972E-17 ) ) ;
#6444 = VECTOR ( 'NONE', #3156, 1000.000000000000000 ) ;
#6445 = CARTESIAN_POINT ( 'NONE',  ( -1.155326325801824261, 14.52448124007495167, -14.99999999999996980 ) ) ;
#6446 = CARTESIAN_POINT ( 'NONE',  ( -22.76499079483140164, -4.625452338121080587, 18.82865310742041487 ) ) ;
#6447 = DIRECTION ( 'NONE',  ( 0.000000000000000000, 0.000000000000000000, 1.000000000000000000 ) ) ;
#6448 = CARTESIAN_POINT ( 'NONE',  ( -22.57499999999999929, 7.250000000000000888, 22.97625351269598681 ) ) ;
#6449 = CARTESIAN_POINT ( 'NONE',  ( 9.674999999999998934, 10.09999999999999964, -29.30000000000000071 ) ) ;
#6450 = LINE ( 'NONE', #8994, #8755 ) ;
#6451 = DIRECTION ( 'NONE',  ( 0.000000000000000000, 0.000000000000000000, 1.000000000000000000 ) ) ;
#6452 = DIRECTION ( 'NONE',  ( 1.000000000000000000, 0.000000000000000000, 0.000000000000000000 ) ) ;
#6453 = AXIS2_PLACEMENT_3D ( 'NONE', #2299, #2488, #4759 ) ;
#6454 = VERTEX_POINT ( 'NONE', #49 ) ;
#6455 = CARTESIAN_POINT ( 'NONE',  ( -11.56223399941187147, 10.78838638762282010, -35.50637982153556749 ) ) ;
#6456 = EDGE_CURVE ( 'NONE', #8488, #2443, #9154, .T. ) ;
#6457 = VECTOR ( 'NONE', #5058, 1000.000000000000000 ) ;
#6458 = EDGE_CURVE ( 'NONE', #318, #4249, #6129, .T. ) ;
#6459 = FACE_BOUND ( 'NONE', #8780, .T. ) ;
#6460 = AXIS2_PLACEMENT_3D ( 'NONE', #8648, #3318, #7856 ) ;
#6461 = DIRECTION ( 'NONE',  ( -1.000000000000000000, 0.000000000000000000, 0.000000000000000000 ) ) ;
#6462 = CARTESIAN_POINT ( 'NONE',  ( -12.27913671029501153, 13.92781706777599382, -37.64515761858434928 ) ) ;
#6463 = EDGE_CURVE ( 'NONE', #8599, #4752, #8480, .T. ) ;
#6464 = CARTESIAN_POINT ( 'NONE',  ( -12.79132049447012420, -14.93507188700040622, -36.71368391223939653 ) ) ;
#6465 = LINE ( 'NONE', #3991, #4391 ) ;
#6466 = DIRECTION ( 'NONE',  ( -1.000000000000000000, 0.000000000000000000, 0.000000000000000000 ) ) ;
#6467 = ORIENTED_EDGE ( 'NONE', *, *, #2356, .F. ) ;
#6468 = EDGE_CURVE ( 'NONE', #1082, #8473, #4772, .T. ) ;
#6469 = ORIENTED_EDGE ( 'NONE', *, *, #5907, .F. ) ;
#6470 = EDGE_CURVE ( 'NONE', #4792, #2779, #4076, .T. ) ;
#6471 = ORIENTED_EDGE ( 'NONE', *, *, #5966, .F. ) ;
#6472 = ORIENTED_EDGE ( 'NONE', *, *, #5810, .T. ) ;
#6473 = ORIENTED_EDGE ( 'NONE', *, *, #8793, .F. ) ;
#6474 = CARTESIAN_POINT ( 'NONE',  ( 16.62500000000000000, -12.00000000000000000, 15.00000000000000000 ) ) ;
#6475 = DIRECTION ( 'NONE',  ( -2.673804447852905770E-15, -6.684511119632264672E-17, 1.000000000000000000 ) ) ;
#6476 = CARTESIAN_POINT ( 'NONE',  ( 3.024999999999999911, -4.000000000000000000, 0.000000000000000000 ) ) ;
#6477 = CARTESIAN_POINT ( 'NONE',  ( 22.62500000000000000, -8.000000000000000000, 1.000000000000000000 ) ) ;
#6478 = ORIENTED_EDGE ( 'NONE', *, *, #76, .T. ) ;
#6479 = VERTEX_POINT ( 'NONE', #5551 ) ;
#6480 = DIRECTION ( 'NONE',  ( 0.000000000000000000, 0.000000000000000000, 1.000000000000000000 ) ) ;
#6481 = CARTESIAN_POINT ( 'NONE',  ( 22.56627866080044953, -12.50566558229503933, 2.211772431870430055E-13 ) ) ;
#6482 = DIRECTION ( 'NONE',  ( 0.000000000000000000, 0.000000000000000000, -1.000000000000000000 ) ) ;
#6483 = CARTESIAN_POINT ( 'NONE',  ( -18.57500000000000284, -12.00000000000000000, 23.09999999999999787 ) ) ;
#6484 = ADVANCED_FACE ( 'NONE', ( #6342, #9367 ), #5055, .F. ) ;
#6485 = CARTESIAN_POINT ( 'NONE',  ( 12.81849136516658838, 13.58298859177376272, -25.67426984725759453 ) ) ;
#6486 = CARTESIAN_POINT ( 'NONE',  ( -16.09340963460129714, 14.98267101725615014, -37.11504919608960762 ) ) ;
#6487 = CARTESIAN_POINT ( 'NONE',  ( 16.62500000000000000, -8.500000000000000000, 15.00000000000000000 ) ) ;
#6488 = ORIENTED_EDGE ( 'NONE', *, *, #7714, .T. ) ;
#6489 = CARTESIAN_POINT ( 'NONE',  ( -28.14150632011529751, 11.54238195154679936, -39.30000000000000426 ) ) ;
#6490 = CARTESIAN_POINT ( 'NONE',  ( -14.53289302001719996, 2.600000000000149747, -36.29999999999999716 ) ) ;
#6491 = CARTESIAN_POINT ( 'NONE',  ( -22.79249318910497379, -4.624959644325739916, 18.54042979712565398 ) ) ;
#6492 = CARTESIAN_POINT ( 'NONE',  ( -14.39572677375645959, 3.492786066541771373, -37.93625428901886210 ) ) ;
#6493 = CARTESIAN_POINT ( 'NONE',  ( -26.84991221830399866, -8.900000000000000355, 8.471193762254690895 ) ) ;
#6494 = DIRECTION ( 'NONE',  ( 0.000000000000000000, 0.000000000000000000, -1.000000000000000000 ) ) ;
#6495 = EDGE_CURVE ( 'NONE', #5920, #1669, #7775, .T. ) ;
#6496 = CARTESIAN_POINT ( 'NONE',  ( 17.62500000000000000, 7.000000000000000000, 13.50000000000000000 ) ) ;
#6497 = PLANE ( 'NONE',  #7322 ) ;
#6498 = VERTEX_POINT ( 'NONE', #6189 ) ;
#6499 = CARTESIAN_POINT ( 'NONE',  ( 25.47829710143619764, 12.14767134098049972, -14.93970830946192052 ) ) ;
#6500 =( BOUNDED_SURFACE ( )  B_SPLINE_SURFACE ( 3, 2, ( 
 ( #7129, #4013, #2546 ),
 ( #284, #9459, #391 ),
 ( #9248, #1226, #5494 ),
 ( #5641, #3382, #8561 ),
 ( #1759, #6283, #8516 ),
 ( #342, #9308, #7764 ),
 ( #7176, #2701, #1077 ),
 ( #6382, #4760, #4810 ),
 ( #1959, #3228, #4959 ),
 ( #8663, #7816, #1026 ) ),
 .UNSPECIFIED., .F., .F., .T. ) 
 B_SPLINE_SURFACE_WITH_KNOTS ( ( 4, 2, 2, 2, 4 ),
 ( 3, 3 ),
 ( 0.001636794673171429850, 0.002372869161654380093, 0.003108943650137329685, 0.003845018138620279712, 0.004581092627103230605 ),
 ( 0.000000000000000000, 1.000000000000000000 ),
 .UNSPECIFIED. ) 
 GEOMETRIC_REPRESENTATION_ITEM ( )  RATIONAL_B_SPLINE_SURFACE ( (
 ( 1.000000000000000000, 0.8643883437740720321, 1.000000000000000000),
 ( 1.000000000000000000, 0.8735723788270779444, 1.000000000000000000),
 ( 1.000000000000000000, 0.8770543645120870702, 1.000000000000000000),
 ( 1.000000000000000000, 0.8729098835550160862, 1.000000000000000000),
 ( 1.000000000000000000, 0.8652968742430510174, 1.000000000000000000),
 ( 1.000000000000000000, 0.8385899055185169759, 1.000000000000000000),
 ( 1.000000000000000000, 0.8198043619806949511, 1.000000000000000000),
 ( 1.000000000000000000, 0.7716288363713019738, 1.000000000000000000),
 ( 1.000000000000000000, 0.7422190280219469471, 1.000000000000000000),
 ( 1.000000000000000000, 0.7071067811865470176, 1.000000000000000000) ) ) 
 REPRESENTATION_ITEM ( '' )  SURFACE ( )  );
#6501 = VECTOR ( 'NONE', #8990, 1000.000000000000000 ) ;
#6502 = CARTESIAN_POINT ( 'NONE',  ( -21.05653770288405013, 8.434924871185872419, -39.30000000000000426 ) ) ;
#6503 = CARTESIAN_POINT ( 'NONE',  ( -26.36675168249862722, 9.499115977366400898, -0.1663719924560796704 ) ) ;
#6504 = EDGE_CURVE ( 'NONE', #1947, #103, #7226, .T. ) ;
#6505 = CARTESIAN_POINT ( 'NONE',  ( 3.607616016337471976, 13.26659349047680436, -33.66023447109784428 ) ) ;
#6506 = CARTESIAN_POINT ( 'NONE',  ( 0.9060680364419311239, -14.41214983135855121, -33.52271991041657628 ) ) ;
#6507 = CARTESIAN_POINT ( 'NONE',  ( 12.15700299685822472, -13.59409415117050202, -30.04542848131404043 ) ) ;
#6508 = DIRECTION ( 'NONE',  ( 1.000000000000000000, 0.000000000000000000, 0.000000000000000000 ) ) ;
#6509 = ORIENTED_EDGE ( 'NONE', *, *, #5443, .F. ) ;
#6510 = CARTESIAN_POINT ( 'NONE',  ( 26.62499999999999645, -8.371614215290776428, 0.8150562772312710536 ) ) ;
#6511 = ORIENTED_EDGE ( 'NONE', *, *, #7830, .T. ) ;
#6512 = VERTEX_POINT ( 'NONE', #9202 ) ;
#6513 = AXIS2_PLACEMENT_3D ( 'NONE', #3075, #7565, #5934 ) ;
#6514 = ORIENTED_EDGE ( 'NONE', *, *, #5254, .F. ) ;
#6515 = ADVANCED_FACE ( 'NONE', ( #1768, #7091 ), #292, .T. ) ;
#6516 = EDGE_CURVE ( 'NONE', #9030, #1948, #7728, .T. ) ;
#6517 = EDGE_CURVE ( 'NONE', #1070, #4855, #9720, .T. ) ;
#6518 = ORIENTED_EDGE ( 'NONE', *, *, #814, .F. ) ;
#6519 = DIRECTION ( 'NONE',  ( 0.000000000000000000, 5.421010862427521184E-16, 1.000000000000000000 ) ) ;
#6521 = DIRECTION ( 'NONE',  ( 0.000000000000000000, 0.000000000000000000, -1.000000000000000000 ) ) ;
#6520 = AXIS2_PLACEMENT_3D ( 'NONE', #7268, #6660, #5771 ) ;
#6522 = LINE ( 'NONE', #2689, #766 ) ;
#6523 = FACE_OUTER_BOUND ( 'NONE', #5900, .T. ) ;
#6524 = CYLINDRICAL_SURFACE ( 'NONE', #1834, 6.999999999999999112 ) ;
#6525 = VERTEX_POINT ( 'NONE', #1286 ) ;
#6526 = VERTEX_POINT ( 'NONE', #2109 ) ;
#6527 = VECTOR ( 'NONE', #299, 1000.000000000000000 ) ;
#6528 = CARTESIAN_POINT ( 'NONE',  ( -10.62712255461673827, 12.09999999999999964, -37.37460308772480033 ) ) ;
#6529 = LINE ( 'NONE', #8940, #5613 ) ;
#6530 = LINE ( 'NONE', #4957, #5166 ) ;
#6531 = CARTESIAN_POINT ( 'NONE',  ( 4.329014785873204652, 15.63421494571415060, -25.00000000000000000 ) ) ;
#6532 = CARTESIAN_POINT ( 'NONE',  ( 12.92650922795332669, 13.53525886686022872, -25.78633648717152838 ) ) ;
#6533 = CARTESIAN_POINT ( 'NONE',  ( 12.30667868809041288, 14.10836667900752950, -14.88363839854955373 ) ) ;
#6534 = EDGE_LOOP ( 'NONE', ( #4994, #2878, #214, #664, #9223 ) ) ;
#6535 = CARTESIAN_POINT ( 'NONE',  ( -23.96391602880354910, -11.10929809887524655, 6.505745400281710999 ) ) ;
#6536 = B_SPLINE_CURVE_WITH_KNOTS ( 'NONE', 3,
 ( #7818, #3384, #5496, #344, #2491, #442 ),
 .UNSPECIFIED., .F., .F.,
 ( 4, 2, 4 ),
 ( 0.000000000000000000, 0.002228051803368444675, 0.004456103606736894554 ),
 .UNSPECIFIED. ) ;
#6537 = FACE_BOUND ( 'NONE', #5927, .T. ) ;
#6538 = CARTESIAN_POINT ( 'NONE',  ( 8.509014785873199926, 16.14421494571415039, -25.00000000000000000 ) ) ;
#6539 = CARTESIAN_POINT ( 'NONE',  ( -19.62500000000000000, 14.25140568865274027, -38.26788180048649934 ) ) ;
#6540 = DIRECTION ( 'NONE',  ( 0.000000000000000000, 0.000000000000000000, -1.000000000000000000 ) ) ;
#6541 = CARTESIAN_POINT ( 'NONE',  ( -18.57500000000000284, 0.000000000000000000, 23.09999999999999787 ) ) ;
#6542 = CARTESIAN_POINT ( 'NONE',  ( 25.75185937550014970, -12.11275902115914072, 0.000000000000000000 ) ) ;
#6543 = CARTESIAN_POINT ( 'NONE',  ( -26.62500000000000000, -5.250000000000000000, 23.09999999999999787 ) ) ;
#6544 = VERTEX_POINT ( 'NONE', #9556 ) ;
#6545 = CARTESIAN_POINT ( 'NONE',  ( 3.024999999999999911, 4.000000000000000000, 0.000000000000000000 ) ) ;
#6546 = CARTESIAN_POINT ( 'NONE',  ( -26.58934466189349877, -8.219914658152239539, 1.234062268089831882 ) ) ;
#6547 = CARTESIAN_POINT ( 'NONE',  ( -23.95111556109345230, 11.78292209836018145, -0.1851011795679425032 ) ) ;
#6548 = CARTESIAN_POINT ( 'NONE',  ( 11.17906084956466017, -12.18608110612373707, 0.4181790593404265954 ) ) ;
#6549 = CARTESIAN_POINT ( 'NONE',  ( 21.28324085917141772, -12.65653669862674846, -22.33447365248644800 ) ) ;
#6550 = AXIS2_PLACEMENT_3D ( 'NONE', #8623, #6194, #4878 ) ;
#6551 = CARTESIAN_POINT ( 'NONE',  ( 16.23158591793582772, -13.20270028908395332, -27.63418319074448348 ) ) ;
#6552 = CARTESIAN_POINT ( 'NONE',  ( -10.43261184457519875, -7.900000000000000355, -16.19238815542514942 ) ) ;
#6553 = LINE ( 'NONE', #4336, #1109 ) ;
#6554 = VERTEX_POINT ( 'NONE', #4920 ) ;
#6555 = LINE ( 'NONE', #5961, #7614 ) ;
#6556 = ORIENTED_EDGE ( 'NONE', *, *, #2777, .F. ) ;
#6557 = VERTEX_POINT ( 'NONE', #2063 ) ;
#6558 = ORIENTED_EDGE ( 'NONE', *, *, #4703, .T. ) ;
#6559 = AXIS2_PLACEMENT_3D ( 'NONE', #8951, #8901, #1330 ) ;
#6560 = VERTEX_POINT ( 'NONE', #6538 ) ;
#6561 = DIRECTION ( 'NONE',  ( -0.7071067811865420216, 0.000000000000000000, 0.7071067811865531239 ) ) ;
#6562 = CARTESIAN_POINT ( 'NONE',  ( 10.62491990126859065, 12.33403357037522596, 0.2539975746676080282 ) ) ;
#6563 = CARTESIAN_POINT ( 'NONE',  ( -25.68170859037417841, -7.512663376838202289, 6.069741852174188601 ) ) ;
#6564 = DIRECTION ( 'NONE',  ( 2.478176394252581634E-16, 0.000000000000000000, -1.000000000000000000 ) ) ;
#6565 = DIRECTION ( 'NONE',  ( -2.478176394252581634E-16, 0.000000000000000000, 1.000000000000000000 ) ) ;
#6566 = EDGE_CURVE ( 'NONE', #6255, #7543, #9611, .T. ) ;
#6567 = VECTOR ( 'NONE', #9075, 1000.000000000000114 ) ;
#6568 = EDGE_LOOP ( 'NONE', ( #6173, #2965, #9592, #4790 ) ) ;
#6569 = ORIENTED_EDGE ( 'NONE', *, *, #1455, .T. ) ;
#6570 = CLOSED_SHELL ( 'NONE', ( #5422, #900, #433, #5192, #5421, #3376, #9026, #7111, #241, #8900, #2602, #6577, #9164, #8038, #4574, #7306, #204, #8809, #122, #8732, #3192, #7175, #5238, #4738, #6023, #5546, #2880, #8684, #8753, #8963, #3961, #395, #1464, #7759, #1225, #4706, #9586, #5733, #6033, #3313, #4165, #30, #7463, #1414, #5720, #4755, #8986, #59, #1641, #3616, #8629, #2286, #8566, #5721, #5135, #7591, #6174, #837, #1504, #3678, #5993, #8848, #9039, #966, #205, #7576, #5731, #1950, #3557, #3794, #1640, #5540, #7424, #9302, #2728, #8088, #2132, #8930, #4888, #528, #135, #3511, #8144, #4949, #4311, #6871, #3017, #1803, #8840, #8094, #4282, #3839, #1234, #1049, #7062, #6021, #5056, #5249, #1940, #8368, #2339, #9068, #8337, #5902, #9486, #3087, #7602, #7345, #7952, #624, #4079, #4518, #505, #6691, #2182, #8847, #191, #1752, #8694, #5469, #189, #5536, #6515, #7965, #8427, #3005, #57, #8515, #7031, #3131, #5307, #9035, #2667, #859, #9365, #8756, #5754, #4626, #7406, #3249, #3980, #5832, #4641, #8220, #8080, #6328, #8799, #9162, #1699, #7367, #2943, #1043, #1389, #8861, #256, #8932, #1639, #5343, #4123, #2523, #1296, #434, #4450, #1167, #5913, #3028, #370, #6763, #3626, #9142, #2589, #9467, #5842, #9224, #9544, #1998, #3915, #1045, #8634, #493, #7474, #3851, #1826, #23, #6484, #2600, #3055, #6804, #3984, #4821, #7357, #3799, #7769, #7186, #6635, #665, #809, #7039, #8211, #5415, #5611, #1766, #4747, #2540, #6783, #3381, #2719, #7101, #9336, #2891, #6277, #9194, #5125, #6926, #2244, #3071, #1764, #8128, #1295, #3030, #6936, #4161, #7903, #1515, #450, #4568, #426, #8374, #4219, #6971, #4639, #9351, #6812, #3630, #9425, #5478, #5119, #9212, #5129 ) ) ;
#6571 = EDGE_CURVE ( 'NONE', #653, #7925, #8667, .T. ) ;
#6572 = EDGE_LOOP ( 'NONE', ( #7914, #5179, #7133, #4983, #7292, #5466, #995, #7221 ) ) ;
#6573 = EDGE_CURVE ( 'NONE', #1893, #4673, #2692, .T. ) ;
#6574 = DIRECTION ( 'NONE',  ( -1.000000000000000000, 0.000000000000000000, 0.000000000000000000 ) ) ;
#6575 = AXIS2_PLACEMENT_3D ( 'NONE', #5893, #5106, #2706 ) ;
#6576 = CARTESIAN_POINT ( 'NONE',  ( -22.58369382753687660, -7.049143138788092067, 22.18810071653903648 ) ) ;
#6577 = ADVANCED_FACE ( 'NONE', ( #5107 ), #3735, .F. ) ;
#6578 = CARTESIAN_POINT ( 'NONE',  ( 3.024999999999999911, 14.28421494571411898, -10.00000000000000000 ) ) ;
#6579 = PLANE ( 'NONE',  #6982 ) ;
#6580 = DIRECTION ( 'NONE',  ( 0.000000000000000000, 0.7071067811865460184, -0.7071067811865489050 ) ) ;
#6581 = PERSON_AND_ORGANIZATION ( #2905, #8251 ) ;
#6582 = CARTESIAN_POINT ( 'NONE',  ( 17.62500000000000000, -12.00000000000000000, 15.00000000000000000 ) ) ;
#6583 = EDGE_CURVE ( 'NONE', #6802, #6715, #4225, .T. ) ;
#6584 = CIRCLE ( 'NONE', #9427, 1.499999999999999556 ) ;
#6585 = ORIENTED_EDGE ( 'NONE', *, *, #514, .F. ) ;
#6586 = CARTESIAN_POINT ( 'NONE',  ( 7.829014785873200211, 14.78421494571413852, -25.00000000000000000 ) ) ;
#6587 = DIRECTION ( 'NONE',  ( -2.164016633576080066E-32, 1.000000000000000000, 7.509625437129029427E-17 ) ) ;
#6588 = CARTESIAN_POINT ( 'NONE',  ( -22.66604518574239080, -3.864821614219365209, 20.14262237459057303 ) ) ;
#6589 = CARTESIAN_POINT ( 'NONE',  ( -19.62500000000000000, 11.14271062174729998, -38.29999999999999716 ) ) ;
#6590 = LINE ( 'NONE', #5209, #9266 ) ;
#6591 = AXIS2_PLACEMENT_3D ( 'NONE', #5748, #5798, #650 ) ;
#6592 = DIRECTION ( 'NONE',  ( 0.000000000000000000, 0.000000000000000000, -1.000000000000000000 ) ) ;
#6593 = CARTESIAN_POINT ( 'NONE',  ( 7.892821782178219614, -12.09999999999999964, -29.30000000000000071 ) ) ;
#6594 = DIRECTION ( 'NONE',  ( -1.000000000000000000, 0.000000000000000000, 0.000000000000000000 ) ) ;
#6595 = ORIENTED_EDGE ( 'NONE', *, *, #6671, .F. ) ;
#6596 = CARTESIAN_POINT ( 'NONE',  ( 23.67562408248744887, 12.37225126641399875, -19.24076401654790303 ) ) ;
#6597 = VECTOR ( 'NONE', #9431, 1000.000000000000000 ) ;
#6598 = VECTOR ( 'NONE', #1264, 1000.000000000000000 ) ;
#6599 = CARTESIAN_POINT ( 'NONE',  ( -12.32994233882149082, 14.92603980208779646, -9.342127760522988211 ) ) ;
#6600 = CARTESIAN_POINT ( 'NONE',  ( -25.18930712855254939, 11.98905772928349833, -0.9963525764278239327 ) ) ;
#6601 = CARTESIAN_POINT ( 'NONE',  ( -12.94747410841523561, 13.94039754192126601, -37.74427147007555305 ) ) ;
#6602 = AXIS2_PLACEMENT_3D ( 'NONE', #6541, #8717, #4229 ) ;
#6603 = CARTESIAN_POINT ( 'NONE',  ( 20.44031506149333666, 1.385590875435256608, -24.48013294874247237 ) ) ;
#6604 = CARTESIAN_POINT ( 'NONE',  ( 24.06754393069439857, -11.41827254162190108, -20.28907860351804970 ) ) ;
#6605 = DIRECTION ( 'NONE',  ( 1.000000000000000000, 3.237845048738195140E-16, 0.000000000000000000 ) ) ;
#6606 = LINE ( 'NONE', #6699, #4871 ) ;
#6607 = ORIENTED_EDGE ( 'NONE', *, *, #2283, .F. ) ;
#6608 = CARTESIAN_POINT ( 'NONE',  ( 26.62500000000000000, -9.400370888002118619, 0.3523486370808721624 ) ) ;
#6609 = CIRCLE ( 'NONE', #9456, 4.000000000000000000 ) ;
#6610 = EDGE_LOOP ( 'NONE', ( #6872, #6160, #9408, #1862, #5673 ) ) ;
#6611 = VERTEX_POINT ( 'NONE', #501 ) ;
#6612 = EDGE_LOOP ( 'NONE', ( #4253, #4916, #2368, #9490, #3531, #1206 ) ) ;
#6613 = VECTOR ( 'NONE', #7104, 999.9999999999998863 ) ;
#6614 = EDGE_LOOP ( 'NONE', ( #1986, #4845, #6415, #7473, #4295, #7195, #7996, #313, #3108, #4304 ) ) ;
#6615 = DIRECTION ( 'NONE',  ( 9.221531102568230410E-32, 1.000000000000000000, -5.222823368532319275E-16 ) ) ;
#6616 = CARTESIAN_POINT ( 'NONE',  ( -26.62500000000000000, -2.625000000000000000, 28.69663336986829805 ) ) ;
#6617 = CARTESIAN_POINT ( 'NONE',  ( -19.62500000000000000, 14.25140568865274027, -39.30000000000000426 ) ) ;
#6618 = DIRECTION ( 'NONE',  ( 0.000000000000000000, 0.000000000000000000, -1.000000000000000000 ) ) ;
#6619 = CYLINDRICAL_SURFACE ( 'NONE', #8622, 1.834999999999999742 ) ;
#6620 = ORIENTED_EDGE ( 'NONE', *, *, #3452, .T. ) ;
#6621 = VERTEX_POINT ( 'NONE', #9654 ) ;
#6622 = EDGE_CURVE ( 'NONE', #7905, #6560, #8759, .T. ) ;
#6623 = ORIENTED_EDGE ( 'NONE', *, *, #2711, .T. ) ;
#6624 = DIRECTION ( 'NONE',  ( 1.000000000000000000, 0.000000000000000000, 2.881657216719184962E-16 ) ) ;
#6625 = EDGE_CURVE ( 'NONE', #9284, #6525, #3809, .T. ) ;
#6626 = DIRECTION ( 'NONE',  ( -1.000000000000000000, 0.000000000000000000, 0.000000000000000000 ) ) ;
#6627 = DIRECTION ( 'NONE',  ( 0.000000000000000000, 0.000000000000000000, 1.000000000000000000 ) ) ;
#6628 = CARTESIAN_POINT ( 'NONE',  ( -13.57500000000000284, 14.94911571498207614, -6.800000000000013145 ) ) ;
#6629 = CARTESIAN_POINT ( 'NONE',  ( 21.05773574334262221, -0.6927076658044026836, -23.84292820153988401 ) ) ;
#6630 = CARTESIAN_POINT ( 'NONE',  ( 13.13744632142985935, 13.49906635955071899, -26.00000000000000000 ) ) ;
#6631 = PERSON_AND_ORGANIZATION ( #2905, #8251 ) ;
#6632 = CARTESIAN_POINT ( 'NONE',  ( -11.07499999999999929, -2.625000000000000000, 19.60336663013169911 ) ) ;
#6633 = ORIENTED_EDGE ( 'NONE', *, *, #7223, .T. ) ;
#6634 = B_SPLINE_CURVE_WITH_KNOTS ( 'NONE', 3,
 ( #9673, #7401, #2079, #8917, #2173, #5221, #7493, #3743, #5173, #9719, #8191, #8969, #2224, #2267, #6005, #1665, #5508, #6798, #1621, #4526, #6051, #5315, #7540, #9062 ),
 .UNSPECIFIED., .F., .F.,
 ( 4, 1, 1, 1, 1, 1, 1, 2, 2, 1, 1, 1, 1, 1, 1, 2, 2, 4 ),
 ( 0.000000000000000000, 0.1250000000000206779, 0.1875000000000314193, 0.2187500000000363876, 0.2343750000000388856, 0.2421875000000401068, 0.2460937500000403566, 0.2480468750000408562, 0.2500000000000413558, 0.3750000000000683897, 0.4375000000000814904, 0.4687500000000876521, 0.4843750000000903722, 0.4921875000000914269, 0.4960937500000918710, 0.4980468750000917599, 0.5000000000000917044, 1.000000000000000000 ),
 .UNSPECIFIED. ) ;
#6635 = ADVANCED_FACE ( 'NONE', ( #2427 ), #1552, .F. ) ;
#6636 = CARTESIAN_POINT ( 'NONE',  ( -25.77991290133737579, -9.131025311148695423, 5.156260347030483970 ) ) ;
#6637 = EDGE_CURVE ( 'NONE', #2704, #6186, #9240, .T. ) ;
#6638 = DIRECTION ( 'NONE',  ( 0.000000000000000000, 0.000000000000000000, -1.000000000000000000 ) ) ;
#6639 = DIRECTION ( 'NONE',  ( 0.000000000000000000, -1.000000000000000000, 0.000000000000000000 ) ) ;
#6640 = DIRECTION ( 'NONE',  ( 1.000000000000000000, 0.000000000000000000, 0.000000000000000000 ) ) ;
#6641 = FACE_OUTER_BOUND ( 'NONE', #3270, .T. ) ;
#6642 = CARTESIAN_POINT ( 'NONE',  ( -26.62500000000000000, -5.250000000000000000, 23.09999999999999787 ) ) ;
#6643 = CARTESIAN_POINT ( 'NONE',  ( -24.62500000000000000, -8.000000000000000000, -30.13015151901650057 ) ) ;
#6644 = CARTESIAN_POINT ( 'NONE',  ( -10.43261184457519875, 14.88244887111400061, -16.19238815542514942 ) ) ;
#6645 = VERTEX_POINT ( 'NONE', #4692 ) ;
#6646 = CARTESIAN_POINT ( 'NONE',  ( 22.66889749290449885, 12.49362954258122116, -20.68585260268309867 ) ) ;
#6647 = DIRECTION ( 'NONE',  ( 1.000000000000000000, 0.000000000000000000, 4.336808689942020201E-16 ) ) ;
#6648 = CARTESIAN_POINT ( 'NONE',  ( -23.75244332110716883, 11.84580912008919107, -0.9486030400296525666 ) ) ;
#6649 = CARTESIAN_POINT ( 'NONE',  ( -5.220068811128412811, 13.71952452524212340, -36.25191606567919678 ) ) ;
#6650 = CARTESIAN_POINT ( 'NONE',  ( 7.675000000000000711, 10.09999999999999964, -29.90188843073610059 ) ) ;
#6651 = CARTESIAN_POINT ( 'NONE',  ( 20.95719630414090062, -12.69483567804511104, -23.95265141042397516 ) ) ;
#6652 = DIRECTION ( 'NONE',  ( -1.000000000000000000, 0.000000000000000000, -1.765621858500564986E-16 ) ) ;
#6653 = FACE_OUTER_BOUND ( 'NONE', #6161, .T. ) ;
#6654 = ORIENTED_EDGE ( 'NONE', *, *, #303, .T. ) ;
#6655 = DIRECTION ( 'NONE',  ( 0.6652809670318279300, 0.7465930852246059901, 1.815789346119490198E-16 ) ) ;
#6656 = EDGE_LOOP ( 'NONE', ( #571, #5162, #7496, #7017 ) ) ;
#6657 = ORIENTED_EDGE ( 'NONE', *, *, #9294, .T. ) ;
#6658 = ORIENTED_EDGE ( 'NONE', *, *, #8782, .T. ) ;
#6659 = ORIENTED_EDGE ( 'NONE', *, *, #4266, .F. ) ;
#6660 = DIRECTION ( 'NONE',  ( 1.000000000000000000, 0.000000000000000000, 0.000000000000000000 ) ) ;
#6661 = CARTESIAN_POINT ( 'NONE',  ( -22.57500000000000284, 8.000000000000000000, 23.09999999999999787 ) ) ;
#6662 = CARTESIAN_POINT ( 'NONE',  ( -23.16053390593259920, 15.00000000000000000, -10.53553390593270045 ) ) ;
#6663 = CARTESIAN_POINT ( 'NONE',  ( -22.79000000000000270, 8.000000000000000000, -37.79999999999999716 ) ) ;
#6664 = AXIS2_PLACEMENT_3D ( 'NONE', #4061, #1804, #4806 ) ;
#6665 = LINE ( 'NONE', #2876, #9065 ) ;
#6666 = AXIS2_PLACEMENT_3D ( 'NONE', #694, #9757, #8956 ) ;
#6667 = ORIENTED_EDGE ( 'NONE', *, *, #4034, .T. ) ;
#6668 = ORIENTED_EDGE ( 'NONE', *, *, #5534, .F. ) ;
#6669 = ORIENTED_EDGE ( 'NONE', *, *, #2535, .T. ) ;
#6670 = AXIS2_PLACEMENT_3D ( 'NONE', #2199, #9743, #7070 ) ;
#6671 = EDGE_CURVE ( 'NONE', #4752, #8599, #3932, .T. ) ;
#6672 = CARTESIAN_POINT ( 'NONE',  ( -26.62500000000000000, 15.00000000000000000, -39.30000000000000426 ) ) ;
#6673 = DIRECTION ( 'NONE',  ( -1.000000000000000000, 0.000000000000000000, -1.765621858500564986E-16 ) ) ;
#6674 = LINE ( 'NONE', #8843, #6264 ) ;
#6675 = CARTESIAN_POINT ( 'NONE',  ( 23.88219409799614823, 11.79761089803428398, 0.9018290915393358809 ) ) ;
#6676 = DIRECTION ( 'NONE',  ( 0.000000000000000000, 0.000000000000000000, -1.000000000000000000 ) ) ;
#6677 = PERSON_AND_ORGANIZATION ( #2905, #8251 ) ;
#6679 = DIRECTION ( 'NONE',  ( -2.881657216719180031E-16, 0.000000000000000000, 1.000000000000000000 ) ) ;
#6678 = VECTOR ( 'NONE', #5244, 1000.000000000000000 ) ;
#6680 = EDGE_CURVE ( 'NONE', #6254, #470, #8445, .T. ) ;
#6681 = ORIENTED_EDGE ( 'NONE', *, *, #2908, .F. ) ;
#6682 = DIRECTION ( 'NONE',  ( -1.000000000000000000, 0.000000000000000000, 0.000000000000000000 ) ) ;
#6683 = CARTESIAN_POINT ( 'NONE',  ( -14.48128805314302170, -2.967954638743608431, -37.94659504577617781 ) ) ;
#6684 = CARTESIAN_POINT ( 'NONE',  ( 7.129014785873209803, 19.28421494571415096, -25.00000000000000000 ) ) ;
#6685 = CARTESIAN_POINT ( 'NONE',  ( 7.675000000000000711, 10.09999999999999964, -9.849999999999999645 ) ) ;
#6686 = DIRECTION ( 'NONE',  ( 0.000000000000000000, 0.000000000000000000, -1.000000000000000000 ) ) ;
#6687 = CYLINDRICAL_SURFACE ( 'NONE', #3201, 2.000000000000001776 ) ;
#6688 = ORIENTED_EDGE ( 'NONE', *, *, #1868, .T. ) ;
#6689 = CARTESIAN_POINT ( 'NONE',  ( 25.02004173461880043, 11.30849667863149932, -18.69274818159739837 ) ) ;
#6690 = EDGE_CURVE ( 'NONE', #8887, #1209, #1600, .T. ) ;
#6691 = ADVANCED_FACE ( 'NONE', ( #6119 ), #3122, .F. ) ;
#6692 = EDGE_CURVE ( 'NONE', #5036, #7416, #172, .T. ) ;
#6693 = CARTESIAN_POINT ( 'NONE',  ( -11.79437899282945779, 14.91477428689448992, -9.675541695203131454 ) ) ;
#6694 = CARTESIAN_POINT ( 'NONE',  ( -22.62256308275784633, 11.99999999999998401, -0.9999999999999902300 ) ) ;
#6695 = CARTESIAN_POINT ( 'NONE',  ( 26.48438376678359418, 11.13772868848198883, -14.53528477049148471 ) ) ;
#6696 = CARTESIAN_POINT ( 'NONE',  ( -13.57500000000000107, -8.900000000000000355, 8.471193762254690895 ) ) ;
#6697 = CARTESIAN_POINT ( 'NONE',  ( 26.44970116535358073, -12.02388938599139756, -14.51175551885956949 ) ) ;
#6698 = DIRECTION ( 'NONE',  ( -0.7465930852246059901, 0.6652809670318280411, 0.000000000000000000 ) ) ;
#6699 = CARTESIAN_POINT ( 'NONE',  ( -19.62500000000000000, 15.00000000000000000, -39.30000000000000426 ) ) ;
#6700 = EDGE_LOOP ( 'NONE', ( #958, #7744, #6607, #6426 ) ) ;
#6701 = CARTESIAN_POINT ( 'NONE',  ( 26.62499999999998934, -8.850139043093587787, 0.5858013705778865043 ) ) ;
#6702 = VERTEX_POINT ( 'NONE', #3855 ) ;
#6703 = VERTEX_POINT ( 'NONE', #73 ) ;
#6704 = ORIENTED_EDGE ( 'NONE', *, *, #4527, .F. ) ;
#6705 = AXIS2_PLACEMENT_3D ( 'NONE', #8527, #4668, #6944 ) ;
#6706 = ORIENTED_EDGE ( 'NONE', *, *, #5242, .F. ) ;
#6707 = CARTESIAN_POINT ( 'NONE',  ( -24.62500000000000000, -8.000000000000000000, -39.30000000000000426 ) ) ;
#6708 = CARTESIAN_POINT ( 'NONE',  ( 9.621199037523652464, 12.65264015305385392, 0.06226758591660024739 ) ) ;
#6709 = FACE_OUTER_BOUND ( 'NONE', #3325, .T. ) ;
#6710 = CARTESIAN_POINT ( 'NONE',  ( -1.824999999999999956, -4.150795011477494302E-15, -39.30000000000000426 ) ) ;
#6711 = CARTESIAN_POINT ( 'NONE',  ( -22.57500000000000284, -2.625000000000000000, 29.64663336986829734 ) ) ;
#6712 = ORIENTED_EDGE ( 'NONE', *, *, #6622, .T. ) ;
#6713 = ORIENTED_EDGE ( 'NONE', *, *, #2272, .F. ) ;
#6714 = AXIS2_PLACEMENT_3D ( 'NONE', #6921, #4697, #6967 ) ;
#6715 = VERTEX_POINT ( 'NONE', #8352 ) ;
#6716 = CARTESIAN_POINT ( 'NONE',  ( 24.84746962085980115, -11.32575236365477878, 1.000000000000000000 ) ) ;
#6717 = CIRCLE ( 'NONE', #7513, 1.049999999999998934 ) ;
#6718 = CARTESIAN_POINT ( 'NONE',  ( 7.829014785873200211, 15.63421494571415060, -15.00000000000000000 ) ) ;
#6719 = CARTESIAN_POINT ( 'NONE',  ( -22.79249318910482458, 0.6250403556742899491, 18.54042979712088979 ) ) ;
#6720 = CIRCLE ( 'NONE', #2494, 6.999999999999999112 ) ;
#6721 = DIRECTION ( 'NONE',  ( 0.000000000000000000, -1.000000000000000000, 0.000000000000000000 ) ) ;
#6722 = LINE ( 'NONE', #1465, #3724 ) ;
#6723 = LINE ( 'NONE', #2872, #5404 ) ;
#6724 = VERTEX_POINT ( 'NONE', #270 ) ;
#6725 = AXIS2_PLACEMENT_3D ( 'NONE', #9653, #8028, #9555 ) ;
#6726 = DIRECTION ( 'NONE',  ( -1.000000000000000000, 0.000000000000000000, 0.000000000000000000 ) ) ;
#6727 = EDGE_CURVE ( 'NONE', #4249, #2870, #1740, .T. ) ;
#6728 = CARTESIAN_POINT ( 'NONE',  ( -24.38630369648856799, -8.421677871323829834, 9.975131329881374853 ) ) ;
#6729 = DIRECTION ( 'NONE',  ( 0.000000000000000000, 0.000000000000000000, -1.000000000000000000 ) ) ;
#6730 = CARTESIAN_POINT ( 'NONE',  ( -24.25585702937310018, 17.95905862189689728, -39.30000000000000426 ) ) ;
#6731 = FACE_BOUND ( 'NONE', #8147, .T. ) ;
#6732 = PLANE ( 'NONE',  #8715 ) ;
#6733 = EDGE_LOOP ( 'NONE', ( #2405, #2687, #8730, #8095, #4354, #2452 ) ) ;
#6734 = CARTESIAN_POINT ( 'NONE',  ( 12.09663533469265850, 12.63549231059922029, -30.07587669752229687 ) ) ;
#6735 = CIRCLE ( 'NONE', #8006, 1.049999999999998934 ) ;
#6736 = CARTESIAN_POINT ( 'NONE',  ( -26.65985759996509685, -7.927165286347523043, 0.3576115712175774730 ) ) ;
#6737 = VECTOR ( 'NONE', #3767, 999.9999999999998863 ) ;
#6739 = EDGE_CURVE ( 'NONE', #6935, #6186, #865, .T. ) ;
#6738 = CARTESIAN_POINT ( 'NONE',  ( -26.23110472449584307, 9.711081581803396645, 0.6447758593948991201 ) ) ;
#6740 = CARTESIAN_POINT ( 'NONE',  ( 8.317227813528738523, 12.93731917600485737, -31.80355736479580031 ) ) ;
#6741 = CARTESIAN_POINT ( 'NONE',  ( 23.95243227693737964, -12.33826270914147116, -18.75812487779810667 ) ) ;
#6742 = CARTESIAN_POINT ( 'NONE',  ( -1.044788399533250089, -13.53871207541374133, -35.17835735153470011 ) ) ;
#6743 = EDGE_CURVE ( 'NONE', #5978, #5442, #7749, .T. ) ;
#6744 = CARTESIAN_POINT ( 'NONE',  ( -19.62500000000000000, 28.10000000000000142, -20.00000000000000000 ) ) ;
#6745 = CARTESIAN_POINT ( 'NONE',  ( -19.62500000000000000, 15.00000000000000000, -4.000000000000000000 ) ) ;
#6746 = VECTOR ( 'NONE', #378, 1000.000000000000000 ) ;
#6747 = CIRCLE ( 'NONE', #2497, 1.999999999999998224 ) ;
#6748 = ORIENTED_EDGE ( 'NONE', *, *, #5245, .T. ) ;
#6749 = PLANE ( 'NONE',  #398 ) ;
#6750 = EDGE_CURVE ( 'NONE', #1786, #6557, #5638, .T. ) ;
#6751 = ORIENTED_EDGE ( 'NONE', *, *, #8808, .T. ) ;
#6752 = ORIENTED_EDGE ( 'NONE', *, *, #4294, .T. ) ;
#6753 = VECTOR ( 'NONE', #8955, 1000.000000000000000 ) ;
#6754 = ORIENTED_EDGE ( 'NONE', *, *, #5196, .F. ) ;
#6755 = VECTOR ( 'NONE', #621, 1000.000000000000000 ) ;
#6756 = B_SPLINE_CURVE_WITH_KNOTS ( 'NONE', 3,
 ( #8748, #3525, #2003, #1277, #4264, #7278, #8215, #7652, #5378, #7610, #3032, #3906, #9137, #6919, #5240, #4647, #2198, #724, #5286, #6074, #2933, #3857, #5985, #823, #3717, #2245, #6027, #9742, #6122, #4553, #2383, #5933, #912, #3811, #9087, #8941, #9037, #8260, #2288, #1462, #6719, #5200, #8304, #867, #124, #6864, #8992, #5339, #4455, #7564, #7467, #2986, #8398, #75, #1507, #4497 ),
 .UNSPECIFIED., .F., .F.,
 ( 4, 2, 2, 1, 2, 2, 2, 2, 1, 1, 1, 2, 2, 2, 2, 2, 2, 2, 2, 2, 2, 1, 1, 2, 2, 2, 2, 2, 2, 2, 4 ),
 ( 0.000000000000000000, 0.06250000000004003742, 0.09375000000005988265, 0.1093750000000700967, 0.1171875000000751760, 0.1250000000000802691, 0.1875000000001254274, 0.2187500000001485478, 0.2343750000001600942, 0.2421875000001658673, 0.2460937500001687817, 0.2480468750001696421, 0.2500000000001704747, 0.3125000000001613709, 0.3437500000001568190, 0.3593750000001538214, 0.3671875000001523781, 0.3750000000001509348, 0.4375000000001393885, 0.4687500000001345035, 0.4843750000001322276, 0.4921875000001297296, 0.4960937500001296740, 0.4980468750001296185, 0.5000000000001295630, 0.6250000000000954792, 0.6875000000000792699, 0.7187500000000710543, 0.7500000000000628386, 0.8750000000000315303, 1.000000000000000000 ),
 .UNSPECIFIED. ) ;
#6757 = ORIENTED_EDGE ( 'NONE', *, *, #7940, .T. ) ;
#6758 = CARTESIAN_POINT ( 'NONE',  ( 21.34851509924324375, -11.72264177404355401, -23.53970059180970509 ) ) ;
#6759 =( BOUNDED_SURFACE ( )  B_SPLINE_SURFACE ( 3, 2, ( 
 ( #1608, #4605, #6481 ),
 ( #2541, #1074, #387 ),
 ( #7870, #1805, #5537 ),
 ( #1177, #8747, #339 ),
 ( #8558, #1908, #1955 ),
 ( #9304, #4807, #5736 ),
 ( #9500, #7813, #4062 ),
 ( #437, #1129, #3275 ),
 ( #2739, #1856, #4010 ),
 ( #4117, #7126, #7022 ) ),
 .UNSPECIFIED., .F., .F., .T. ) 
 B_SPLINE_SURFACE_WITH_KNOTS ( ( 4, 2, 2, 2, 4 ),
 ( 3, 3 ),
 ( 0.001636794673171450016, 0.002372869161654400042, 0.003108943650137350068, 0.003845018138620299661, 0.004581092627103250554 ),
 ( 0.000000000000000000, 1.000000000000000000 ),
 .UNSPECIFIED. ) 
 GEOMETRIC_REPRESENTATION_ITEM ( )  RATIONAL_B_SPLINE_SURFACE ( (
 ( 1.000000000000000000, 0.8643883437740710329, 1.000000000000000000),
 ( 1.000000000000000000, 0.8735723788270359780, 1.000000000000000000),
 ( 1.000000000000000000, 0.8770543645121420262, 1.000000000000000000),
 ( 1.000000000000000000, 0.8729098835549620183, 1.000000000000000000),
 ( 1.000000000000000000, 0.8652968742429399951, 1.000000000000000000),
 ( 1.000000000000000000, 0.8385899055186279982, 1.000000000000000000),
 ( 1.000000000000000000, 0.8198043619806399951, 1.000000000000000000),
 ( 1.000000000000000000, 0.7716288363713580400, 1.000000000000000000),
 ( 1.000000000000000000, 0.7422190280219029823, 1.000000000000000000),
 ( 1.000000000000000000, 0.7071067811865470176, 1.000000000000000000) ) ) 
 REPRESENTATION_ITEM ( '' )  SURFACE ( )  );
#6760 = CARTESIAN_POINT ( 'NONE',  ( -0.7882041567238663449, 14.56227154713156402, -14.33235397784341458 ) ) ;
#6761 = CARTESIAN_POINT ( 'NONE',  ( 26.62500000000000000, 8.000000000000000000, -12.03976285529073920 ) ) ;
#6762 = AXIS2_PLACEMENT_3D ( 'NONE', #5457, #5512, #255 ) ;
#6763 = ADVANCED_FACE ( 'NONE', ( #8396 ), #821, .F. ) ;
#6764 = DIRECTION ( 'NONE',  ( 1.000000000000000000, -2.164016633576080066E-32, 0.000000000000000000 ) ) ;
#6765 = EDGE_CURVE ( 'NONE', #8107, #6438, #7878, .T. ) ;
#6766 = DIRECTION ( 'NONE',  ( 2.478176394252581634E-16, 0.000000000000000000, -1.000000000000000000 ) ) ;
#6767 = VERTEX_POINT ( 'NONE', #5425 ) ;
#6768 = ORIENTED_EDGE ( 'NONE', *, *, #6205, .F. ) ;
#6769 = ORIENTED_EDGE ( 'NONE', *, *, #2061, .T. ) ;
#6770 = CIRCLE ( 'NONE', #792, 1.000000000000000000 ) ;
#6771 = EDGE_LOOP ( 'NONE', ( #1915, #8377, #7899, #5917 ) ) ;
#6772 = VECTOR ( 'NONE', #4769, 1000.000000000000000 ) ;
#6773 = CARTESIAN_POINT ( 'NONE',  ( 24.50980447946252028, -11.53346286244482144, 0.9869233369271426248 ) ) ;
#6774 = CARTESIAN_POINT ( 'NONE',  ( -22.99777678505249412, -1.760022089358897590, 16.74963923471829474 ) ) ;
#6775 = CARTESIAN_POINT ( 'NONE',  ( -13.57500000000000107, -12.68377223398315934, -1.227924077994375862 ) ) ;
#6776 = B_SPLINE_CURVE_WITH_KNOTS ( 'NONE', 3,
 ( #4556, #2248, #5341, #8358 ),
 .UNSPECIFIED., .F., .F.,
 ( 4, 4 ),
 ( 0.000000000000000000, 0.008000123665385850194 ),
 .UNSPECIFIED. ) ;
#6777 = DIRECTION ( 'NONE',  ( 0.000000000000000000, 0.000000000000000000, 1.000000000000000000 ) ) ;
#6778 = DIRECTION ( 'NONE',  ( 0.000000000000000000, 0.000000000000000000, 1.000000000000000000 ) ) ;
#6779 = CALENDAR_DATE ( 2026, 22, 5 ) ;
#6780 = CARTESIAN_POINT ( 'NONE',  ( -22.57500000000000284, 5.250000000000000000, 25.10000000000000142 ) ) ;
#6781 = ORIENTED_EDGE ( 'NONE', *, *, #1359, .F. ) ;
#6782 = CARTESIAN_POINT ( 'NONE',  ( 3.585673358572851743, 15.22052963030042427, -15.00000000000000000 ) ) ;
#6783 = ADVANCED_FACE ( 'NONE', ( #3904 ), #965, .F. ) ;
#6784 = FACE_OUTER_BOUND ( 'NONE', #8382, .T. ) ;
#6785 = DIRECTION ( 'NONE',  ( 0.7071067811865515695, 5.275848315469635607E-17, 0.7071067811865435759 ) ) ;
#6786 = FACE_OUTER_BOUND ( 'NONE', #7736, .T. ) ;
#6787 = DIRECTION ( 'NONE',  ( -0.000000000000000000, 1.000000000000000000, 0.000000000000000000 ) ) ;
#6788 = CARTESIAN_POINT ( 'NONE',  ( 23.99451724970302635, 12.33309454919434067, -18.68463447707920011 ) ) ;
#6789 = ORIENTED_EDGE ( 'NONE', *, *, #7250, .T. ) ;
#6790 = CARTESIAN_POINT ( 'NONE',  ( 11.72693373569511976, 13.63166252398514011, -29.18520808325915183 ) ) ;
#6791 = CARTESIAN_POINT ( 'NONE',  ( -22.98917640177676702, 3.614182978598764695, 16.81399521888338455 ) ) ;
#6792 = DIRECTION ( 'NONE',  ( -1.000000000000000000, 0.000000000000000000, 0.000000000000000000 ) ) ;
#6793 = EDGE_CURVE ( 'NONE', #8275, #7709, #2217, .T. ) ;
#6794 = CARTESIAN_POINT ( 'NONE',  ( 21.44630001233835515, 11.71290280007084483, -23.49033313594014061 ) ) ;
#6795 = FACE_OUTER_BOUND ( 'NONE', #3634, .T. ) ;
#6796 = CARTESIAN_POINT ( 'NONE',  ( -18.45663140135664904, -14.99857502726097991, -37.28044889998774636 ) ) ;
#6797 = CARTESIAN_POINT ( 'NONE',  ( 9.674999999999998934, 10.09999999999999964, -9.849999999999999645 ) ) ;
#6798 = CARTESIAN_POINT ( 'NONE',  ( -20.03165587063634590, 14.32378598041092133, -1.774595326803633633 ) ) ;
#6799 = ORIENTED_EDGE ( 'NONE', *, *, #9050, .T. ) ;
#6800 = CARTESIAN_POINT ( 'NONE',  ( 26.62499999999999645, 8.947283345627072393, 0.5425114193947807584 ) ) ;
#6801 = EDGE_LOOP ( 'NONE', ( #2624, #6020, #358, #6243 ) ) ;
#6802 = VERTEX_POINT ( 'NONE', #6476 ) ;
#6803 = EDGE_CURVE ( 'NONE', #7086, #3115, #2528, .T. ) ;
#6804 = ADVANCED_FACE ( 'NONE', ( #1899 ), #9494, .F. ) ;
#6805 = VERTEX_POINT ( 'NONE', #1120 ) ;
#6806 = CARTESIAN_POINT ( 'NONE',  ( 8.266855384663116979, -12.94115539525099301, -31.82537810485990803 ) ) ;
#6807 = PLANE ( 'NONE',  #2808 ) ;
#6808 = FACE_OUTER_BOUND ( 'NONE', #906, .T. ) ;
#6809 = DIRECTION ( 'NONE',  ( 1.000000000000000000, 0.000000000000000000, 0.000000000000000000 ) ) ;
#6810 = ORIENTED_EDGE ( 'NONE', *, *, #9565, .F. ) ;
#6811 = ORIENTED_EDGE ( 'NONE', *, *, #974, .F. ) ;
#6812 = ADVANCED_FACE ( 'NONE', ( #6318 ), #2733, .F. ) ;
#6813 = VERTEX_POINT ( 'NONE', #1063 ) ;
#6814 = AXIS2_PLACEMENT_3D ( 'NONE', #7170, #6428, #385 ) ;
#6816 = CARTESIAN_POINT ( 'NONE',  ( 8.509014785873199926, 16.14421494571415039, -25.00000000000000000 ) ) ;
#6815 = AXIS2_PLACEMENT_3D ( 'NONE', #9561, #4469, #598 ) ;
#6817 = EDGE_CURVE ( 'NONE', #9552, #332, #9113, .T. ) ;
#6818 = CARTESIAN_POINT ( 'NONE',  ( 26.62500000000000000, -11.12083830918276028, -12.03976285529073920 ) ) ;
#6819 = CARTESIAN_POINT ( 'NONE',  ( -1.122604028082863969, 14.52279140376062117, -26.00000000000000000 ) ) ;
#6820 = CARTESIAN_POINT ( 'NONE',  ( -25.49048317014510090, -7.400000000000000355, 6.640297038308728972 ) ) ;
#6821 = CARTESIAN_POINT ( 'NONE',  ( -19.62500000000000000, 15.00000000000000000, -39.30000000000000426 ) ) ;
#6822 = CARTESIAN_POINT ( 'NONE',  ( -11.07499999999999929, 2.625000000000000000, 19.60336663013169911 ) ) ;
#6823 = COORDINATED_UNIVERSAL_TIME_OFFSET ( 8, 0, .AHEAD. ) ;
#6824 = CARTESIAN_POINT ( 'NONE',  ( 15.12500000000000000, 2.625000000000000000, 26.59663336986834992 ) ) ;
#6825 = VECTOR ( 'NONE', #9548, 1000.000000000000000 ) ;
#6826 = EDGE_LOOP ( 'NONE', ( #9345, #4337, #5370, #8975 ) ) ;
#6827 = CARTESIAN_POINT ( 'NONE',  ( 22.62500000000000000, 8.000000000000000000, 23.09999999999999787 ) ) ;
#6828 = CARTESIAN_POINT ( 'NONE',  ( 9.674999999999998934, -10.09999999999999964, 13.64553149005146082 ) ) ;
#6829 = AXIS2_PLACEMENT_3D ( 'NONE', #4880, #9421, #1823 ) ;
#6830 = CARTESIAN_POINT ( 'NONE',  ( -0.07098521412679570375, 15.46836889292180039, -15.00000000000000000 ) ) ;
#6831 = DIRECTION ( 'NONE',  ( -2.881657216719180031E-16, 0.000000000000000000, 1.000000000000000000 ) ) ;
#6832 = CARTESIAN_POINT ( 'NONE',  ( 20.62500000000000000, 2.625000000000000000, 18.55336663013169840 ) ) ;
#6833 = CARTESIAN_POINT ( 'NONE',  ( 7.025000000000000355, 0.000000000000000000, 0.000000000000000000 ) ) ;
#6834 = CARTESIAN_POINT ( 'NONE',  ( -10.20392200761317980, 13.88824220875861926, -37.33602832717054554 ) ) ;
#6835 = CARTESIAN_POINT ( 'NONE',  ( -23.00031351692393855, 3.448647863293183846, 16.73077761791147466 ) ) ;
#6836 = CARTESIAN_POINT ( 'NONE',  ( -25.45409910380723417, 10.82676892265318003, 0.2020170412667501580 ) ) ;
#6837 = CARTESIAN_POINT ( 'NONE',  ( 14.36439361363072287, 12.42749464827088168, -28.76588359967481878 ) ) ;
#6838 = LINE ( 'NONE', #95, #2649 ) ;
#6839 = CARTESIAN_POINT ( 'NONE',  ( 3.024999999999999911, 14.28421494571413852, -19.26490000000000080 ) ) ;
#6840 = DIRECTION ( 'NONE',  ( -1.000000000000000000, -8.381007514813920223E-33, -1.765621858500564986E-16 ) ) ;
#6841 = CARTESIAN_POINT ( 'NONE',  ( -24.61268389768822829, -7.633834808632972369, 9.277320658444359935 ) ) ;
#6842 = VERTEX_POINT ( 'NONE', #9339 ) ;
#6843 = CARTESIAN_POINT ( 'NONE',  ( 26.62499999999999645, 8.733384920514234651, 0.6409655623243623035 ) ) ;
#6844 = ORIENTED_EDGE ( 'NONE', *, *, #2964, .F. ) ;
#6845 = ORIENTED_EDGE ( 'NONE', *, *, #754, .T. ) ;
#6846 = FACE_OUTER_BOUND ( 'NONE', #3793, .T. ) ;
#6847 = ORIENTED_EDGE ( 'NONE', *, *, #9269, .F. ) ;
#6848 = CARTESIAN_POINT ( 'NONE',  ( 20.35965644500377536, -11.82925190602513332, -24.47017543424850672 ) ) ;
#6849 = CARTESIAN_POINT ( 'NONE',  ( -17.68938993354588263, -14.99491427050454995, -37.23941368105891314 ) ) ;
#6850 = CARTESIAN_POINT ( 'NONE',  ( -1.070985214126795926, 15.52145826415290131, -20.00000000000000000 ) ) ;
#6851 = CARTESIAN_POINT ( 'NONE',  ( 22.62500000000000000, -12.00000000000000000, 0.8672861625754179071 ) ) ;
#6852 = EDGE_CURVE ( 'NONE', #2341, #6645, #3817, .T. ) ;
#6853 = ORIENTED_EDGE ( 'NONE', *, *, #974, .T. ) ;
#6854 = ORIENTED_EDGE ( 'NONE', *, *, #3714, .F. ) ;
#6855 = ORIENTED_EDGE ( 'NONE', *, *, #9482, .F. ) ;
#6856 = B_SPLINE_CURVE_WITH_KNOTS ( 'NONE', 3,
 ( #9002, #7526, #832, #2392 ),
 .UNSPECIFIED., .F., .F.,
 ( 4, 4 ),
 ( 0.000000000000000000, 1.000000000000000000 ),
 .UNSPECIFIED. ) ;
#6857 = ORIENTED_EDGE ( 'NONE', *, *, #5108, .F. ) ;
#6858 = AXIS2_PLACEMENT_3D ( 'NONE', #1633, #7690, #6157 ) ;
#6859 = DIRECTION ( 'NONE',  ( 0.000000000000000000, 0.000000000000000000, 1.000000000000000000 ) ) ;
#6860 = DIRECTION ( 'NONE',  ( -2.881657216719180031E-16, 0.000000000000000000, 1.000000000000000000 ) ) ;
#6861 = EDGE_CURVE ( 'NONE', #7877, #6611, #1598, .T. ) ;
#6862 = CARTESIAN_POINT ( 'NONE',  ( -22.57500000000000284, 12.00000000000000000, 23.09999999999999787 ) ) ;
#6863 = CARTESIAN_POINT ( 'NONE',  ( -23.00195389261555690, -1.828874289653923180, 16.71858861535690721 ) ) ;
#6864 = CARTESIAN_POINT ( 'NONE',  ( -22.71374467300496391, 0.8370683172876147715, 19.45914017311920574 ) ) ;
#6865 = AXIS2_PLACEMENT_3D ( 'NONE', #8968, #3151, #5266 ) ;
#6866 = LINE ( 'NONE', #5340, #1492 ) ;
#6867 = EDGE_CURVE ( 'NONE', #5381, #3068, #2875, .T. ) ;
#6868 = CARTESIAN_POINT ( 'NONE',  ( -23.80390023186744841, 9.639914138498129503, -39.30000000000000426 ) ) ;
#6869 = ORIENTED_EDGE ( 'NONE', *, *, #8131, .T. ) ;
#6870 = CARTESIAN_POINT ( 'NONE',  ( 7.892821782178219614, -12.09999999999999964, -31.98578938135894489 ) ) ;
#6871 = ADVANCED_FACE ( 'NONE', ( #6523 ), #530, .T. ) ;
#6872 = ORIENTED_EDGE ( 'NONE', *, *, #7420, .F. ) ;
#6873 = CIRCLE ( 'NONE', #9409, 1.049999999999998934 ) ;
#6874 = EDGE_CURVE ( 'NONE', #6054, #4542, #8795, .T. ) ;
#6875 = CARTESIAN_POINT ( 'NONE',  ( 3.776176787909482524, 14.98826921171246873, -14.96817690163798176 ) ) ;
#6876 = DIRECTION ( 'NONE',  ( 1.000000000000000000, 0.000000000000000000, 0.000000000000000000 ) ) ;
#6877 = CARTESIAN_POINT ( 'NONE',  ( 0.9290147858732039632, 18.28421494571415451, -15.00000000000000000 ) ) ;
#6878 = EDGE_CURVE ( 'NONE', #3947, #5401, #2775, .T. ) ;
#6879 = CARTESIAN_POINT ( 'NONE',  ( 17.62500000000000000, -8.500000000000000000, 15.00000000000000000 ) ) ;
#6880 = CARTESIAN_POINT ( 'NONE',  ( -19.62500000000000000, 15.00000000000000000, -39.30000000000000426 ) ) ;
#6881 = LINE ( 'NONE', #3824, #1479 ) ;
#6882 = CARTESIAN_POINT ( 'NONE',  ( -18.41664326403838459, 14.99846909350336688, -38.27965181275106232 ) ) ;
#6883 = AXIS2_PLACEMENT_3D ( 'NONE', #3214, #6215, #8544 ) ;
#6884 = B_SPLINE_CURVE_WITH_KNOTS ( 'NONE', 3,
 ( #7883, #7138, #402, #546, #1970, #2655, #4226, #6395, #7287, #9469, #2708, #8673, #6294, #4921, #2606, #8030, #5700, #1287, #1920, #1190, #7241, #8714, #9316, #1870, #6492, #4077, #3440, #9511, #2752 ),
 .UNSPECIFIED., .F., .F.,
 ( 4, 2, 1, 1, 2, 2, 2, 1, 1, 1, 2, 2, 2, 2, 2, 2, 4 ),
 ( 0.000000000000000000, 0.1250000000000004718, 0.1875000000000007772, 0.2187500000000011102, 0.2343750000000011657, 0.2500000000000012212, 0.3750000000000005551, 0.4375000000000002220, 0.4687500000000000555, 0.4843749999999998890, 0.4921874999999996669, 0.4999999999999995004, 0.6249999999999997780, 0.6874999999999998890, 0.7187499999999998890, 0.7499999999999998890, 1.000000000000000000 ),
 .UNSPECIFIED. ) ;
#6885 = CARTESIAN_POINT ( 'NONE',  ( -22.90259271467522240, 4.333274623157800320, 17.50511265217637913 ) ) ;
#6886 = DIRECTION ( 'NONE',  ( 1.000000000000000000, 0.000000000000000000, 0.000000000000000000 ) ) ;
#6887 = CARTESIAN_POINT ( 'NONE',  ( 26.05188045417549603, 11.18839982637961938, -16.21177139564561287 ) ) ;
#6888 = CARTESIAN_POINT ( 'NONE',  ( -13.57500000000000107, -12.00000000000000000, -7.381296623649908807E-15 ) ) ;
#6889 = CIRCLE ( 'NONE', #1248, 1.999999999999998224 ) ;
#6890 = CARTESIAN_POINT ( 'NONE',  ( -16.63040470091373990, -14.98803646150077640, -38.16852825034080610 ) ) ;
#6891 = CARTESIAN_POINT ( 'NONE',  ( -26.62500000000000000, 2.625000000000000000, 18.55336663013169840 ) ) ;
#6892 = CARTESIAN_POINT ( 'NONE',  ( -22.61676944294265112, -5.250000000000000000, 21.10000000000000142 ) ) ;
#6893 = ORIENTED_EDGE ( 'NONE', *, *, #4587, .T. ) ;
#6894 = CARTESIAN_POINT ( 'NONE',  ( -25.92769449987618202, -8.384787409095306288, 5.164153268510160544 ) ) ;
#6895 = ORIENTED_EDGE ( 'NONE', *, *, #3688, .T. ) ;
#6896 = AXIS2_PLACEMENT_3D ( 'NONE', #7933, #1191, #5553 ) ;
#6897 = DIRECTION ( 'NONE',  ( -9.366785582234729207E-17, -1.000000000000000000, 0.000000000000000000 ) ) ;
#6898 = AXIS2_PLACEMENT_3D ( 'NONE', #3962, #40, #4707 ) ;
#6899 = CARTESIAN_POINT ( 'NONE',  ( 3.893367113588841910, 14.90432164212627342, -25.05436693928038494 ) ) ;
#6900 = CARTESIAN_POINT ( 'NONE',  ( 14.57838666635380953, -12.40768979423021179, -28.63983673372779037 ) ) ;
#6901 = AXIS2_PLACEMENT_3D ( 'NONE', #825, #7566, #7656 ) ;
#6902 = DIRECTION ( 'NONE',  ( 0.000000000000000000, 0.000000000000000000, -1.000000000000000000 ) ) ;
#6903 = CARTESIAN_POINT ( 'NONE',  ( -25.67500000000000071, -8.000000000000000000, -33.09999999999999432 ) ) ;
#6904 = DIRECTION ( 'NONE',  ( -1.000000000000000000, 0.000000000000000000, 0.000000000000000000 ) ) ;
#6905 = VERTEX_POINT ( 'NONE', #7362 ) ;
#6906 = AXIS2_PLACEMENT_3D ( 'NONE', #8705, #9547, #6482 ) ;
#6907 = VERTEX_POINT ( 'NONE', #5774 ) ;
#6908 = EDGE_LOOP ( 'NONE', ( #1545, #4297, #2421, #9333, #3000 ) ) ;
#6909 = VERTEX_POINT ( 'NONE', #8931 ) ;
#6910 = ORIENTED_EDGE ( 'NONE', *, *, #7969, .F. ) ;
#6911 = VECTOR ( 'NONE', #6017, 1000.000000000000114 ) ;
#6912 = VECTOR ( 'NONE', #4777, 1000.000000000000000 ) ;
#6913 = CARTESIAN_POINT ( 'NONE',  ( -19.62500000000000000, 10.09999999999999964, -7.000000000000000000 ) ) ;
#6914 = CARTESIAN_POINT ( 'NONE',  ( -14.05008922642270086, -5.074508399726178176, -37.89331686392013410 ) ) ;
#6915 = CARTESIAN_POINT ( 'NONE',  ( -22.60282024811798252, 4.070676810925992761, 21.45072733371930696 ) ) ;
#6916 = EDGE_CURVE ( 'NONE', #6209, #8935, #3564, .T. ) ;
#6917 = CARTESIAN_POINT ( 'NONE',  ( -22.85227921487682323, -0.7165109271629113152, 17.95378373717412401 ) ) ;
#6918 = CIRCLE ( 'NONE', #8338, 47.90277777777830437 ) ;
#6919 = CARTESIAN_POINT ( 'NONE',  ( -22.97045262796370935, 1.418226414352140141, 16.95700386051690245 ) ) ;
#6920 = CARTESIAN_POINT ( 'NONE',  ( -7.965577390186497020, -12.09999999999999964, -34.86709544144051875 ) ) ;
#6921 = CARTESIAN_POINT ( 'NONE',  ( -70.47777777777828589, 8.000000000000000000, 23.09999999999999787 ) ) ;
#6922 = ORIENTED_EDGE ( 'NONE', *, *, #4963, .T. ) ;
#6923 = ORIENTED_EDGE ( 'NONE', *, *, #7962, .F. ) ;
#6924 = CIRCLE ( 'NONE', #161, 2.000000000000001776 ) ;
#6925 = AXIS2_PLACEMENT_3D ( 'NONE', #4873, #349, #1138 ) ;
#6926 = ADVANCED_FACE ( 'NONE', ( #578 ), #3615, .T. ) ;
#6927 = CARTESIAN_POINT ( 'NONE',  ( 3.857262688031300790, 14.92710503717599124, -14.95235167386392128 ) ) ;
#6928 = DIRECTION ( 'NONE',  ( -1.000000000000000000, 0.000000000000000000, 0.000000000000000000 ) ) ;
#6929 = DIRECTION ( 'NONE',  ( 0.000000000000000000, 1.000000000000000000, 0.000000000000000000 ) ) ;
#6930 = DIRECTION ( 'NONE',  ( 0.000000000000000000, 0.000000000000000000, -1.000000000000000000 ) ) ;
#6931 = CARTESIAN_POINT ( 'NONE',  ( -13.96814575050770024, -14.95551785225860009, -32.72792206135789428 ) ) ;
#6932 = CARTESIAN_POINT ( 'NONE',  ( 24.22323064899376632, 12.30493124588539722, -18.27109195232759120 ) ) ;
#6933 = CARTESIAN_POINT ( 'NONE',  ( -19.62499999999999289, 14.99999999999996980, -38.29999999999994031 ) ) ;
#6934 = EDGE_CURVE ( 'NONE', #7973, #27, #8786, .T. ) ;
#6935 = VERTEX_POINT ( 'NONE', #7457 ) ;
#6936 = ADVANCED_FACE ( 'NONE', ( #2235 ), #5872, .F. ) ;
#6937 = EDGE_CURVE ( 'NONE', #1785, #68, #8883, .T. ) ;
#6938 = CARTESIAN_POINT ( 'NONE',  ( -22.64564659272621583, 3.166020895778688615, 20.49655914527382095 ) ) ;
#6939 = CARTESIAN_POINT ( 'NONE',  ( -24.18368623030065478, 11.68357613014698870, -0.1441959399144361609 ) ) ;
#6940 = CARTESIAN_POINT ( 'NONE',  ( 7.129014785873209803, 19.28421494571415096, -15.00000000000000000 ) ) ;
#6941 = CARTESIAN_POINT ( 'NONE',  ( -0.2059902636651616548, 15.01958170263729997, -14.89031460816056196 ) ) ;
#6942 = PLANE ( 'NONE',  #2332 ) ;
#6943 = CARTESIAN_POINT ( 'NONE',  ( -16.57499999999999929, 5.250000000000000000, 23.09999999999999787 ) ) ;
#6944 = DIRECTION ( 'NONE',  ( 0.000000000000000000, -1.000000000000000000, 0.000000000000000000 ) ) ;
#6945 = PLANE ( 'NONE',  #935 ) ;
#6946 = ORIENTED_EDGE ( 'NONE', *, *, #2535, .F. ) ;
#6947 = DIRECTION ( 'NONE',  ( 1.000000000000000000, 0.000000000000000000, 2.881657216719183976E-16 ) ) ;
#6948 = VERTEX_POINT ( 'NONE', #8249 ) ;
#6949 = CARTESIAN_POINT ( 'NONE',  ( -17.04244383082584946, -14.31182636860759949, -1.770608789535857985 ) ) ;
#6950 = ORIENTED_EDGE ( 'NONE', *, *, #2544, .T. ) ;
#6951 = CARTESIAN_POINT ( 'NONE',  ( 5.859262468248917166, -13.11808439810775795, -32.82351113909642493 ) ) ;
#6952 = DIRECTION ( 'NONE',  ( -2.164016633576080066E-32, 1.000000000000000000, 7.509625437129029427E-17 ) ) ;
#6953 = DIRECTION ( 'NONE',  ( -1.000000000000000000, 0.000000000000000000, 0.000000000000000000 ) ) ;
#6954 = LINE ( 'NONE', #2463, #6068 ) ;
#6955 = VERTEX_POINT ( 'NONE', #7318 ) ;
#6956 = ORIENTED_EDGE ( 'NONE', *, *, #5787, .F. ) ;
#6957 = ORIENTED_EDGE ( 'NONE', *, *, #4963, .F. ) ;
#6958 = ORIENTED_EDGE ( 'NONE', *, *, #6583, .F. ) ;
#6959 = EDGE_LOOP ( 'NONE', ( #4439, #4096 ) ) ;
#6960 = EDGE_CURVE ( 'NONE', #4893, #3153, #6273, .T. ) ;
#6961 = DIRECTION ( 'NONE',  ( 0.000000000000000000, 0.000000000000000000, -1.000000000000000000 ) ) ;
#6962 = CARTESIAN_POINT ( 'NONE',  ( -14.44967365139239490, -3.171443417165728640, -37.94278646562057844 ) ) ;
#6963 = DIRECTION ( 'NONE',  ( 0.000000000000000000, 0.000000000000000000, -1.000000000000000000 ) ) ;
#6964 = CARTESIAN_POINT ( 'NONE',  ( -22.73258125674871977, -0.7348979493920241302, 19.22017714734371197 ) ) ;
#6965 = DIRECTION ( 'NONE',  ( 0.000000000000000000, 0.000000000000000000, -1.000000000000000000 ) ) ;
#6966 = CARTESIAN_POINT ( 'NONE',  ( -26.62500000000000000, -2.625000000000000000, 18.55336663013169840 ) ) ;
#6967 = DIRECTION ( 'NONE',  ( 2.820600425940552698E-49, -7.509625437129029427E-17, 1.000000000000000000 ) ) ;
#6968 = ORIENTED_EDGE ( 'NONE', *, *, #9147, .T. ) ;
#6969 = ORIENTED_EDGE ( 'NONE', *, *, #5010, .F. ) ;
#6970 = ORIENTED_EDGE ( 'NONE', *, *, #3734, .F. ) ;
#6971 = ADVANCED_FACE ( 'NONE', ( #8835 ), #8103, .F. ) ;
#6972 = CARTESIAN_POINT ( 'NONE',  ( 3.833976110543853455, 14.94310444805180538, -14.95678567996892383 ) ) ;
#6973 = CARTESIAN_POINT ( 'NONE',  ( 7.675000000000000711, 7.100000000000000533, -33.09999999999999432 ) ) ;
#6974 = CARTESIAN_POINT ( 'NONE',  ( -15.68237869130544659, 14.98895488141516097, -3.999999999962184916 ) ) ;
#6975 = CARTESIAN_POINT ( 'NONE',  ( 7.675000000000000711, -10.09999999999999964, -33.09999999999999432 ) ) ;
#6976 = EDGE_CURVE ( 'NONE', #6438, #7863, #3106, .T. ) ;
#6977 = CARTESIAN_POINT ( 'NONE',  ( -11.61106307130676107, -14.91261882974662001, -30.37083938215700130 ) ) ;
#6978 = CARTESIAN_POINT ( 'NONE',  ( 24.02804135327796686, 12.32897458340241847, -18.62554361513536350 ) ) ;
#6980 = CARTESIAN_POINT ( 'NONE',  ( 21.67500000000000071, 1.734723475976804925E-15, -9.849999999999999645 ) ) ;
#6979 = AXIS2_PLACEMENT_3D ( 'NONE', #9550, #2790, #5789 ) ;
#6981 = ORIENTED_EDGE ( 'NONE', *, *, #1354, .T. ) ;
#6982 = AXIS2_PLACEMENT_3D ( 'NONE', #2098, #3629, #6433 ) ;
#6983 = CARTESIAN_POINT ( 'NONE',  ( -19.62500000000000000, -14.00000000000000000, -37.29999999999999716 ) ) ;
#6984 = CARTESIAN_POINT ( 'NONE',  ( 12.22901478587320057, 14.49486514259852044, -25.00407478481145063 ) ) ;
#6985 = DIRECTION ( 'NONE',  ( -1.000000000000000000, 0.000000000000000000, 0.000000000000000000 ) ) ;
#6986 = CARTESIAN_POINT ( 'NONE',  ( -0.4704879279281031779, 14.72181905077316877, -14.64166065609160405 ) ) ;
#6987 = CARTESIAN_POINT ( 'NONE',  ( -22.60727957274174571, 6.201277441625689946, 21.33986245902510959 ) ) ;
#6988 = EDGE_CURVE ( 'NONE', #4729, #8776, #4349, .T. ) ;
#6989 = LINE ( 'NONE', #8621, #4084 ) ;
#6990 = PLANE ( 'NONE',  #6705 ) ;
#6991 = CARTESIAN_POINT ( 'NONE',  ( -26.62500000000000000, 15.00000000000000000, -4.000000000000000000 ) ) ;
#6992 = EDGE_LOOP ( 'NONE', ( #566, #6375, #3259, #5571 ) ) ;
#6993 = CARTESIAN_POINT ( 'NONE',  ( 22.56627866080044953, 12.50566558229493985, 5.334274688628679922E-14 ) ) ;
#6994 = EDGE_CURVE ( 'NONE', #7451, #3900, #954, .T. ) ;
#6995 = ORIENTED_EDGE ( 'NONE', *, *, #18, .F. ) ;
#6996 = VECTOR ( 'NONE', #8927, 1000.000000000000114 ) ;
#6997 = EDGE_CURVE ( 'NONE', #663, #3653, #881, .T. ) ;
#6998 = CARTESIAN_POINT ( 'NONE',  ( -20.33757712884204949, -14.32379000772480104, -1.774596669241592428 ) ) ;
#6999 = CYLINDRICAL_SURFACE ( 'NONE', #5304, 1.499999999999999556 ) ;
#7000 = CARTESIAN_POINT ( 'NONE',  ( -12.40707961453339081, -13.93033018883685692, -37.66458369355486013 ) ) ;
#7001 = CARTESIAN_POINT ( 'NONE',  ( -19.62500000000000000, -15.00000000000000000, -37.29999999999999716 ) ) ;
#7002 = DIRECTION ( 'NONE',  ( -0.8314380909136953601, -0.5556174052149461806, 1.250236395752228647E-14 ) ) ;
#7003 = CARTESIAN_POINT ( 'NONE',  ( -24.96504927368889071, -10.24539574754966509, 6.151141147831374667 ) ) ;
#7004 = EDGE_LOOP ( 'NONE', ( #6514, #9281 ) ) ;
#7005 = EDGE_CURVE ( 'NONE', #6350, #1559, #3755, .T. ) ;
#7006 = ORIENTED_EDGE ( 'NONE', *, *, #1949, .T. ) ;
#7007 = ORIENTED_EDGE ( 'NONE', *, *, #4513, .F. ) ;
#7008 = ORIENTED_EDGE ( 'NONE', *, *, #3691, .T. ) ;
#7009 = B_SPLINE_CURVE_WITH_KNOTS ( 'NONE', 3,
 ( #9250, #8610, #1861, #4762, #7924, #4172, #4122, #6437 ),
 .UNSPECIFIED., .F., .F.,
 ( 4, 2, 2, 4 ),
 ( 0.000000000000000000, 0.001188172874897691113, 0.001782259312346537537, 0.002376345749795383960 ),
 .UNSPECIFIED. ) ;
#7010 = DIRECTION ( 'NONE',  ( 0.5999999999999999778, 0.8000000000000000444, 0.000000000000000000 ) ) ;
#7011 = CARTESIAN_POINT ( 'NONE',  ( -0.07098521412679559273, 15.52145826415290131, -25.00000000000000000 ) ) ;
#7012 = DIRECTION ( 'NONE',  ( 0.000000000000000000, 1.000000000000000000, 0.000000000000000000 ) ) ;
#7013 = CARTESIAN_POINT ( 'NONE',  ( 7.829014785873201987, 14.10893592504455363, -14.55680434154502656 ) ) ;
#7014 = CARTESIAN_POINT ( 'NONE',  ( -26.59094118778380889, 8.159109497462365468, 1.175787466002691461 ) ) ;
#7015 = LINE ( 'NONE', #3268, #4306 ) ;
#7016 = CARTESIAN_POINT ( 'NONE',  ( -0.07192265707190211022, 15.46841997450805017, -25.00000000000000000 ) ) ;
#7017 = ORIENTED_EDGE ( 'NONE', *, *, #2906, .T. ) ;
#7018 = ORIENTED_EDGE ( 'NONE', *, *, #230, .F. ) ;
#7019 = ORIENTED_EDGE ( 'NONE', *, *, #9410, .F. ) ;
#7020 = CARTESIAN_POINT ( 'NONE',  ( -19.13203283572009994, -10.99982166713474108, 2.602085213965209853E-15 ) ) ;
#7021 = VECTOR ( 'NONE', #8090, 1000.000000000000000 ) ;
#7022 = CARTESIAN_POINT ( 'NONE',  ( 25.40308702607475055, -12.15719045456846104, 7.806255641895628769E-15 ) ) ;
#7023 = CARTESIAN_POINT ( 'NONE',  ( -21.85674754639504869, 15.00000000000000000, -4.000000000000000000 ) ) ;
#7024 = DIRECTION ( 'NONE',  ( 0.000000000000000000, 0.000000000000000000, 1.000000000000000000 ) ) ;
#7025 = CARTESIAN_POINT ( 'NONE',  ( -22.58431972368036966, -3.483831528081117401, 22.15250195282104428 ) ) ;
#7026 = CARTESIAN_POINT ( 'NONE',  ( -12.63951267331486150, 14.93214973349837926, -36.69119538810490866 ) ) ;
#7027 = FACE_OUTER_BOUND ( 'NONE', #1990, .T. ) ;
#7028 = ORIENTED_EDGE ( 'NONE', *, *, #7223, .F. ) ;
#7029 = VECTOR ( 'NONE', #583, 1000.000000000000000 ) ;
#7030 = ORIENTED_EDGE ( 'NONE', *, *, #3425, .T. ) ;
#7031 = ADVANCED_FACE ( 'NONE', ( #1543 ), #210, .F. ) ;
#7032 = CARTESIAN_POINT ( 'NONE',  ( -11.07499999999999929, 5.250000000000000000, 24.15000000000000213 ) ) ;
#7033 = CARTESIAN_POINT ( 'NONE',  ( 25.40308702607475055, 12.15719045456846104, 0.000000000000000000 ) ) ;
#7034 = CARTESIAN_POINT ( 'NONE',  ( -8.885217428856989841, 14.16787163341028055, -38.29999999999999716 ) ) ;
#7035 = CARTESIAN_POINT ( 'NONE',  ( -26.84991221830399866, -9.475357003913030596, 9.730388396368679693 ) ) ;
#7036 = CARTESIAN_POINT ( 'NONE',  ( -22.58025236136946035, 7.120041062517508124, 22.39044970522664357 ) ) ;
#7037 = CARTESIAN_POINT ( 'NONE',  ( 20.62500000000000000, -2.625000000000000000, 16.55336663013170195 ) ) ;
#7038 = CIRCLE ( 'NONE', #9567, 1.049999999999998934 ) ;
#7039 = ADVANCED_FACE ( 'NONE', ( #7689 ), #761, .F. ) ;
#7040 = FACE_OUTER_BOUND ( 'NONE', #9735, .T. ) ;
#7041 = DIRECTION ( 'NONE',  ( 2.164016633576080066E-32, -1.000000000000000000, -8.673617379884039170E-17 ) ) ;
#7042 = FACE_OUTER_BOUND ( 'NONE', #803, .T. ) ;
#7043 = VERTEX_POINT ( 'NONE', #4538 ) ;
#7044 = LINE ( 'NONE', #1042, #4472 ) ;
#7045 = ORIENTED_EDGE ( 'NONE', *, *, #76, .F. ) ;
#7046 = CARTESIAN_POINT ( 'NONE',  ( -16.84560533507478652, -14.30994323133880641, -1.769981077112928736 ) ) ;
#7047 = AXIS2_PLACEMENT_3D ( 'NONE', #3415, #8646, #4154 ) ;
#7048 = CARTESIAN_POINT ( 'NONE',  ( 3.791136974998838394, 14.97489861608782213, -25.03488971232601656 ) ) ;
#7049 = EDGE_CURVE ( 'NONE', #568, #5268, #9169, .T. ) ;
#7050 = CARTESIAN_POINT ( 'NONE',  ( -19.62500000000000000, -10.09999999999999964, -7.000000000000000000 ) ) ;
#7051 = CARTESIAN_POINT ( 'NONE',  ( 11.26936437980202754, -13.66627858393909101, -29.36124674733045481 ) ) ;
#7052 = EDGE_CURVE ( 'NONE', #6955, #2258, #9274, .T. ) ;
#7053 = CARTESIAN_POINT ( 'NONE',  ( 25.72204213933469674, -12.11657782259075944, -13.21276241931918172 ) ) ;
#7054 = CARTESIAN_POINT ( 'NONE',  ( 11.22901478587319879, 19.28421494571415096, -25.00000000000000000 ) ) ;
#7055 = ORIENTED_EDGE ( 'NONE', *, *, #9410, .T. ) ;
#7056 = ORIENTED_EDGE ( 'NONE', *, *, #2471, .T. ) ;
#7057 = EDGE_LOOP ( 'NONE', ( #422, #323, #3245, #1112 ) ) ;
#7058 = VECTOR ( 'NONE', #6002, 1000.000000000000000 ) ;
#7059 = EDGE_LOOP ( 'NONE', ( #2804, #2623, #8334, #3101, #2034 ) ) ;
#7060 = EDGE_CURVE ( 'NONE', #4677, #5416, #5338, .T. ) ;
#7061 = CC_DESIGN_PERSON_AND_ORGANIZATION_ASSIGNMENT ( #129, #9041, ( #9377 ) ) ;
#7062 = ADVANCED_FACE ( 'NONE', ( #8386 ), #2415, .F. ) ;
#7063 = VERTEX_POINT ( 'NONE', #6903 ) ;
#7064 = CARTESIAN_POINT ( 'NONE',  ( -24.62500000000000000, 8.000000000000000000, -33.09999999999999432 ) ) ;
#7065 = DIRECTION ( 'NONE',  ( 1.000000000000000000, 0.000000000000000000, 0.000000000000000000 ) ) ;
#7066 = AXIS2_PLACEMENT_3D ( 'NONE', #968, #4003, #6267 ) ;
#7067 = CARTESIAN_POINT ( 'NONE',  ( -25.81533249765337956, -10.41143456420608970, 0.3674336084732121588 ) ) ;
#7068 = CARTESIAN_POINT ( 'NONE',  ( -0.6607805532202390975, 14.60740045480283378, -25.54274100399113223 ) ) ;
#7069 = CARTESIAN_POINT ( 'NONE',  ( 3.024999999999999911, 4.000000000000000000, 0.000000000000000000 ) ) ;
#7070 = DIRECTION ( 'NONE',  ( 0.000000000000000000, 0.000000000000000000, -1.000000000000000000 ) ) ;
#7071 = CARTESIAN_POINT ( 'NONE',  ( 16.62500000000000000, 8.500000000000000000, 15.00000000000000000 ) ) ;
#7072 = ORIENTED_EDGE ( 'NONE', *, *, #249, .T. ) ;
#7073 = ORIENTED_EDGE ( 'NONE', *, *, #3080, .T. ) ;
#7074 = ORIENTED_EDGE ( 'NONE', *, *, #4527, .T. ) ;
#7075 = VECTOR ( 'NONE', #3709, 1000.000000000000000 ) ;
#7076 = AXIS2_PLACEMENT_3D ( 'NONE', #4129, #6640, #5847 ) ;
#7077 = CIRCLE ( 'NONE', #5333, 1.000000000000000888 ) ;
#7078 = CARTESIAN_POINT ( 'NONE',  ( -26.84991221830399866, -9.475357003913030596, 5.381102404194729516 ) ) ;
#7079 = DIRECTION ( 'NONE',  ( 0.000000000000000000, 0.000000000000000000, -1.000000000000000000 ) ) ;
#7080 = CARTESIAN_POINT ( 'NONE',  ( -12.92707508024576768, 14.94821963889417127, 2.363836439674492592E-11 ) ) ;
#7081 = AXIS2_PLACEMENT_3D ( 'NONE', #7388, #3641, #8904 ) ;
#7082 = CARTESIAN_POINT ( 'NONE',  ( 22.62500000000000000, -13.00000000000000000, 0.8672861625754179071 ) ) ;
#7083 = DIRECTION ( 'NONE',  ( 1.000000000000000000, 0.000000000000000000, 0.000000000000000000 ) ) ;
#7084 = CARTESIAN_POINT ( 'NONE',  ( 19.45505922607290472, 12.86143585760570751, -24.03140564150853464 ) ) ;
#7085 = DIRECTION ( 'NONE',  ( 1.000000000000000000, 0.000000000000000000, 0.000000000000000000 ) ) ;
#7086 = VERTEX_POINT ( 'NONE', #9125 ) ;
#7087 = AXIS2_PLACEMENT_3D ( 'NONE', #7815, #9193, #6228 ) ;
#7088 = EDGE_LOOP ( 'NONE', ( #2715, #4793, #3283, #2696 ) ) ;
#7089 = DIRECTION ( 'NONE',  ( 0.000000000000000000, -1.000000000000000000, 0.000000000000000000 ) ) ;
#7090 = FACE_BOUND ( 'NONE', #228, .T. ) ;
#7091 = FACE_OUTER_BOUND ( 'NONE', #1681, .T. ) ;
#7092 = CARTESIAN_POINT ( 'NONE',  ( -12.32449577092386228, -14.92592874871059117, -9.346201264083038751 ) ) ;
#7093 = CARTESIAN_POINT ( 'NONE',  ( -22.57550970603129770, 7.238483761706283381, 22.84885811091554686 ) ) ;
#7094 = DIRECTION ( 'NONE',  ( 0.000000000000000000, 0.000000000000000000, 1.000000000000000000 ) ) ;
#7095 = DIRECTION ( 'NONE',  ( 0.000000000000000000, 0.000000000000000000, -1.000000000000000000 ) ) ;
#7096 = CARTESIAN_POINT ( 'NONE',  ( 8.111645948913075443, 14.83248938748087298, -25.00424163146680812 ) ) ;
#7097 = DIRECTION ( 'NONE',  ( 1.000000000000000000, 0.000000000000000000, 0.000000000000000000 ) ) ;
#7098 = VERTEX_POINT ( 'NONE', #5276 ) ;
#7099 = CARTESIAN_POINT ( 'NONE',  ( 4.329014785873204652, 14.78421494571413852, -14.90923280789883876 ) ) ;
#7100 = EDGE_LOOP ( 'NONE', ( #3751, #1269, #6845, #4685 ) ) ;
#7101 = ADVANCED_FACE ( 'NONE', ( #6808 ), #8294, .F. ) ;
#7102 = CARTESIAN_POINT ( 'NONE',  ( -25.18930712855254939, -11.98905772928349833, -0.9963525764278250429 ) ) ;
#7103 = DIRECTION ( 'NONE',  ( 0.000000000000000000, 0.000000000000000000, -1.000000000000000000 ) ) ;
#7104 = DIRECTION ( 'NONE',  ( -0.7071067811865420216, 0.000000000000000000, 0.7071067811865531239 ) ) ;
#7105 = CARTESIAN_POINT ( 'NONE',  ( 19.41450048478479218, -12.86589153519792816, -24.06646079732247046 ) ) ;
#7106 = DIRECTION ( 'NONE',  ( 0.000000000000000000, 1.000000000000000000, 0.000000000000000000 ) ) ;
#7107 = FACE_OUTER_BOUND ( 'NONE', #9045, .T. ) ;
#7108 = VERTEX_POINT ( 'NONE', #2324 ) ;
#7109 = ORIENTED_EDGE ( 'NONE', *, *, #697, .T. ) ;
#7110 = VERTEX_POINT ( 'NONE', #1593 ) ;
#7111 = ADVANCED_FACE ( 'NONE', ( #162 ), #3846, .F. ) ;
#7112 = ORIENTED_EDGE ( 'NONE', *, *, #8790, .F. ) ;
#7113 = VERTEX_POINT ( 'NONE', #5412 ) ;
#7114 = DIRECTION ( 'NONE',  ( 0.000000000000000000, 0.000000000000000000, 1.000000000000000000 ) ) ;
#7115 = CARTESIAN_POINT ( 'NONE',  ( -70.47777777777828589, 12.00000000000000000, 23.09999999999999787 ) ) ;
#7116 = CARTESIAN_POINT ( 'NONE',  ( -24.64828284402383574, -11.45286228304950704, -0.04978470790213995051 ) ) ;
#7117 = CARTESIAN_POINT ( 'NONE',  ( 7.829014785873200211, 13.94727521435340556, -14.11822080244178856 ) ) ;
#7118 = FACE_OUTER_BOUND ( 'NONE', #3772, .T. ) ;
#7119 = EDGE_CURVE ( 'NONE', #8997, #3473, #6108, .T. ) ;
#7120 = CARTESIAN_POINT ( 'NONE',  ( 9.674999999999998934, -10.09999999999999964, -31.19659787680119933 ) ) ;
#7121 = ORIENTED_EDGE ( 'NONE', *, *, #1156, .F. ) ;
#7122 = VERTEX_POINT ( 'NONE', #3206 ) ;
#7123 = ORIENTED_EDGE ( 'NONE', *, *, #3082, .F. ) ;
#7124 = EDGE_CURVE ( 'NONE', #5719, #5523, #6115, .T. ) ;
#7125 = CARTESIAN_POINT ( 'NONE',  ( -23.16053390593285144, -10.09999999999999964, -33.09999999999965326 ) ) ;
#7126 = CARTESIAN_POINT ( 'NONE',  ( 24.84746962085982247, -11.32575236365476989, 5.854691731421720788E-15 ) ) ;
#7127 = CARTESIAN_POINT ( 'NONE',  ( -23.90028431222575378, 11.00000000000000000, 2.602085213965209853E-15 ) ) ;
#7128 = FACE_OUTER_BOUND ( 'NONE', #1840, .T. ) ;
#7129 = CARTESIAN_POINT ( 'NONE',  ( 22.56627866080044953, 12.50566558229501979, 2.144551897176329790E-13 ) ) ;
#7130 = CARTESIAN_POINT ( 'NONE',  ( -15.88696401503430344, 14.98059640846451046, -37.09542529505976916 ) ) ;
#7131 = DIRECTION ( 'NONE',  ( 1.000000000000000000, 0.000000000000000000, 0.000000000000000000 ) ) ;
#7132 = VERTEX_POINT ( 'NONE', #2374 ) ;
#7133 = ORIENTED_EDGE ( 'NONE', *, *, #8040, .T. ) ;
#7134 = CYLINDRICAL_SURFACE ( 'NONE', #7251, 1.049999999999998934 ) ;
#7135 = CARTESIAN_POINT ( 'NONE',  ( -26.62500000000000000, 15.00000000000000000, -39.30000000000000426 ) ) ;
#7136 = VECTOR ( 'NONE', #5535, 1000.000000000000000 ) ;
#7137 = CARTESIAN_POINT ( 'NONE',  ( -19.62500000000000000, -14.16799923439410058, -38.29999999999999716 ) ) ;
#7138 = CARTESIAN_POINT ( 'NONE',  ( -10.96069856002614529, 11.66098890598141757, -37.43282781267346593 ) ) ;
#7139 = AXIS2_PLACEMENT_3D ( 'NONE', #2393, #4566, #6135 ) ;
#7140 = CARTESIAN_POINT ( 'NONE',  ( -22.58243245763318541, 7.063598703269883927, 22.25217658487466466 ) ) ;
#7141 = CARTESIAN_POINT ( 'NONE',  ( -10.43261184457493940, 28.10000000000000142, -29.19238815542515297 ) ) ;
#7142 = CARTESIAN_POINT ( 'NONE',  ( 9.674999999999998934, -10.09999999999999964, -29.30000000000000071 ) ) ;
#7143 = DIRECTION ( 'NONE',  ( -2.881657216719180031E-16, 0.000000000000000000, 1.000000000000000000 ) ) ;
#7144 = DIRECTION ( 'NONE',  ( 0.000000000000000000, -1.000000000000000000, 0.000000000000000000 ) ) ;
#7145 = EDGE_CURVE ( 'NONE', #3297, #3361, #943, .T. ) ;
#7146 = ORIENTED_EDGE ( 'NONE', *, *, #6793, .T. ) ;
#7147 = LINE ( 'NONE', #1825, #7618 ) ;
#7148 = CARTESIAN_POINT ( 'NONE',  ( -24.78705109653665772, -11.37809375326780703, -0.7926979177559025924 ) ) ;
#7149 = CARTESIAN_POINT ( 'NONE',  ( 21.14208669640299831, -12.00000000000000000, 0.9495200722982949371 ) ) ;
#7150 = CARTESIAN_POINT ( 'NONE',  ( 7.829014785873200211, 14.78421494571413852, -25.01379349597920054 ) ) ;
#7151 = CARTESIAN_POINT ( 'NONE',  ( 0.7020103554549965708, -14.42381253298936628, -33.58746615262074187 ) ) ;
#7152 = LINE ( 'NONE', #8687, #2342 ) ;
#7153 = CARTESIAN_POINT ( 'NONE',  ( -13.57500000000000107, 12.00000000000000000, 23.09999999999999787 ) ) ;
#7154 = VECTOR ( 'NONE', #7723, 1000.000000000000000 ) ;
#7155 = ORIENTED_EDGE ( 'NONE', *, *, #6727, .F. ) ;
#7156 = EDGE_LOOP ( 'NONE', ( #6009, #5778, #6286, #71, #1134 ) ) ;
#7157 = VERTEX_POINT ( 'NONE', #1933 ) ;
#7158 = VERTEX_POINT ( 'NONE', #4094 ) ;
#7159 = CIRCLE ( 'NONE', #2918, 1.834999999999999742 ) ;
#7160 = EDGE_LOOP ( 'NONE', ( #3069, #7644, #4345, #5077 ) ) ;
#7161 = EDGE_CURVE ( 'NONE', #1060, #5768, #7506, .T. ) ;
#7162 = DIRECTION ( 'NONE',  ( 0.000000000000000000, 0.000000000000000000, -1.000000000000000000 ) ) ;
#7163 = DIRECTION ( 'NONE',  ( -1.000000000000000000, 9.221531102568229315E-32, 0.000000000000000000 ) ) ;
#7164 = CARTESIAN_POINT ( 'NONE',  ( -8.952528579314888546, -10.09999999999999964, -35.08564934601974983 ) ) ;
#7165 = CARTESIAN_POINT ( 'NONE',  ( -23.16053390593269867, 15.00000000000000000, -20.00000000000000000 ) ) ;
#7166 = DIRECTION ( 'NONE',  ( 1.000000000000000000, 0.000000000000000000, 2.881657216719184962E-16 ) ) ;
#7167 = ORIENTED_EDGE ( 'NONE', *, *, #2484, .F. ) ;
#7168 = EDGE_LOOP ( 'NONE', ( #7498, #1673, #8553, #5520, #9117 ) ) ;
#7169 = ORIENTED_EDGE ( 'NONE', *, *, #6470, .F. ) ;
#7170 = CARTESIAN_POINT ( 'NONE',  ( 7.892821782178219614, 12.09999999999999964, -29.30000000000000071 ) ) ;
#7171 = EDGE_CURVE ( 'NONE', #7925, #653, #1884, .T. ) ;
#7172 = PLANE ( 'NONE',  #4504 ) ;
#7173 = CARTESIAN_POINT ( 'NONE',  ( -25.21872556028795387, -11.96275856012861993, -0.9875861867095321323 ) ) ;
#7174 = DIRECTION ( 'NONE',  ( 0.000000000000000000, 0.000000000000000000, 1.000000000000000000 ) ) ;
#7175 = ADVANCED_FACE ( 'NONE', ( #6410 ), #467, .F. ) ;
#7176 = CARTESIAN_POINT ( 'NONE',  ( 24.49654806806784890, 12.27112645248591960, 5.026247034361200785E-12 ) ) ;
#7177 = CARTESIAN_POINT ( 'NONE',  ( -12.58885127171672380, 14.93116116620490530, -36.68362449549604065 ) ) ;
#7178 = CARTESIAN_POINT ( 'NONE',  ( -16.57499999999999929, -2.625000000000000000, 29.64663336986829734 ) ) ;
#7179 = EDGE_LOOP ( 'NONE', ( #9282, #873, #7902, #7889, #2492 ) ) ;
#7180 = EDGE_CURVE ( 'NONE', #4640, #6715, #3353, .T. ) ;
#7181 = ORIENTED_EDGE ( 'NONE', *, *, #4696, .F. ) ;
#7182 = EDGE_CURVE ( 'NONE', #5938, #4135, #7152, .T. ) ;
#7183 = VECTOR ( 'NONE', #6050, 1000.000000000000000 ) ;
#7184 = DIRECTION ( 'NONE',  ( 0.000000000000000000, 0.000000000000000000, -1.000000000000000000 ) ) ;
#7185 = EDGE_CURVE ( 'NONE', #8485, #1852, #1835, .T. ) ;
#7186 = ADVANCED_FACE ( 'NONE', ( #4142 ), #1887, .F. ) ;
#7187 = CARTESIAN_POINT ( 'NONE',  ( -26.61524891177463203, -8.784669739790679444, 0.6244707575988666104 ) ) ;
#7188 = CARTESIAN_POINT ( 'NONE',  ( -22.64274064696089894, -2.625000000000000000, 20.55336663013170195 ) ) ;
#7189 = CARTESIAN_POINT ( 'NONE',  ( -11.20264887440674606, -14.90139311268258382, -9.898128492251698773 ) ) ;
#7190 = LINE ( 'NONE', #5701, #1089 ) ;
#7191 = DIRECTION ( 'NONE',  ( -1.000000000000000000, 0.000000000000000000, -3.469446951953614189E-16 ) ) ;
#7192 = DIRECTION ( 'NONE',  ( -1.000000000000000000, 0.000000000000000000, 0.000000000000000000 ) ) ;
#7193 = DIRECTION ( 'NONE',  ( -1.000000000000000000, 0.000000000000000000, 0.000000000000000000 ) ) ;
#7194 = LINE ( 'NONE', #1877, #565 ) ;
#7195 = ORIENTED_EDGE ( 'NONE', *, *, #7476, .F. ) ;
#7196 = CARTESIAN_POINT ( 'NONE',  ( -22.57500000000000284, 2.625000000000000000, 25.64663336986829734 ) ) ;
#7197 = CIRCLE ( 'NONE', #5441, 0.8500000000000000888 ) ;
#7198 = EDGE_CURVE ( 'NONE', #2086, #5039, #6307, .T. ) ;
#7199 = CARTESIAN_POINT ( 'NONE',  ( -24.02787956642205813, -11.75415036063230723, -0.9180501202109424552 ) ) ;
#7200 = AXIS2_PLACEMENT_3D ( 'NONE', #8270, #690, #9655 ) ;
#7201 = CARTESIAN_POINT ( 'NONE',  ( 21.88400352261160009, -12.00000000000000000, 0.9174568067896050616 ) ) ;
#7202 = CARTESIAN_POINT ( 'NONE',  ( 10.21152868426089810, -12.45906544243858072, 0.1584578177700019241 ) ) ;
#7203 = CARTESIAN_POINT ( 'NONE',  ( 0.8735316048965058311, -14.41401554021424580, -33.53307252553058504 ) ) ;
#7204 = CIRCLE ( 'NONE', #2952, 24.00000000000000000 ) ;
#7205 = DIRECTION ( 'NONE',  ( -1.000000000000000000, -6.192759706453139878E-11, 0.000000000000000000 ) ) ;
#7206 = CARTESIAN_POINT ( 'NONE',  ( 22.62500000000000000, -12.00000000000000000, 3.050302500873535094E-15 ) ) ;
#7207 = VERTEX_POINT ( 'NONE', #4838 ) ;
#7208 = ORIENTED_EDGE ( 'NONE', *, *, #181, .F. ) ;
#7209 = ORIENTED_EDGE ( 'NONE', *, *, #9650, .T. ) ;
#7210 = ORIENTED_EDGE ( 'NONE', *, *, #6260, .T. ) ;
#7211 = AXIS2_PLACEMENT_3D ( 'NONE', #7115, #3468, #6475 ) ;
#7212 = ORIENTED_EDGE ( 'NONE', *, *, #8021, .T. ) ;
#7213 = EDGE_CURVE ( 'NONE', #7418, #3655, #3457, .T. ) ;
#7214 = CARTESIAN_POINT ( 'NONE',  ( 0.000000000000000000, 0.000000000000000000, -41.79999999999999716 ) ) ;
#7215 = CARTESIAN_POINT ( 'NONE',  ( -23.80390023186744841, 9.639914138498129503, -35.79999999999999716 ) ) ;
#7216 = CARTESIAN_POINT ( 'NONE',  ( 9.082886557391599780, 10.76448286337164006, -31.46959042530449935 ) ) ;
#7217 = CARTESIAN_POINT ( 'NONE',  ( 7.829014785873200211, 14.55749559370667612, -14.92758071319689428 ) ) ;
#7218 = VECTOR ( 'NONE', #9168, 1000.000000000000114 ) ;
#7219 = ORIENTED_EDGE ( 'NONE', *, *, #9355, .T. ) ;
#7220 = ORIENTED_EDGE ( 'NONE', *, *, #2272, .T. ) ;
#7221 = ORIENTED_EDGE ( 'NONE', *, *, #6680, .T. ) ;
#7222 = AXIS2_PLACEMENT_3D ( 'NONE', #2390, #7663, #733 ) ;
#7223 = EDGE_CURVE ( 'NONE', #7949, #9081, #8636, .T. ) ;
#7224 = CARTESIAN_POINT ( 'NONE',  ( -26.62500000000000000, -2.600000000000000089, -37.10000000000000142 ) ) ;
#7225 = CARTESIAN_POINT ( 'NONE',  ( -70.47777777777828589, -8.000000000000000000, 23.09999999999999787 ) ) ;
#7226 = CIRCLE ( 'NONE', #9130, 1.049999999999998934 ) ;
#7227 = VECTOR ( 'NONE', #268, 1000.000000000000000 ) ;
#7228 = FACE_OUTER_BOUND ( 'NONE', #2326, .T. ) ;
#7229 = LINE ( 'NONE', #4168, #9028 ) ;
#7230 = CARTESIAN_POINT ( 'NONE',  ( -22.61032920927226186, -4.464856720938649381, 21.26054166139915580 ) ) ;
#7231 = CARTESIAN_POINT ( 'NONE',  ( 13.84179764215443775, 13.43359692502909830, -27.96739240349660705 ) ) ;
#7232 = DIRECTION ( 'NONE',  ( -2.037639358997284406E-16, -0.7071067811865485719, 0.7071067811865464625 ) ) ;
#7233 = AXIS2_PLACEMENT_3D ( 'NONE', #993, #3979, #842 ) ;
#7234 = EDGE_CURVE ( 'NONE', #53, #1171, #9267, .T. ) ;
#7235 = ORIENTED_EDGE ( 'NONE', *, *, #7300, .F. ) ;
#7236 = VECTOR ( 'NONE', #6764, 1000.000000000000000 ) ;
#7237 = DIRECTION ( 'NONE',  ( 0.000000000000000000, 0.000000000000000000, -1.000000000000000000 ) ) ;
#7238 = VECTOR ( 'NONE', #89, 1000.000000000000000 ) ;
#7239 = CARTESIAN_POINT ( 'NONE',  ( -7.965554773610880268, 12.09999999999999964, -34.86709031970094941 ) ) ;
#7240 = CARTESIAN_POINT ( 'NONE',  ( 11.35875368983010070, 13.66278967854007931, -14.00000000000000000 ) ) ;
#7241 = CARTESIAN_POINT ( 'NONE',  ( -14.18037392121004281, 4.548961908152201694, -37.90973232617617583 ) ) ;
#7242 = CARTESIAN_POINT ( 'NONE',  ( 20.62500000000000000, -5.250000000000000000, 22.05000000000000071 ) ) ;
#7243 = DIRECTION ( 'NONE',  ( -1.000000000000000000, -2.164016633576080066E-32, 0.000000000000000000 ) ) ;
#7244 = CARTESIAN_POINT ( 'NONE',  ( 18.03135127967139795, -4.088983563924329268, -26.36404275013910237 ) ) ;
#7245 = CARTESIAN_POINT ( 'NONE',  ( 25.62500000000000000, 11.12083830918276028, 5.204170427930419706E-15 ) ) ;
#7246 = CARTESIAN_POINT ( 'NONE',  ( -11.07499999999999929, -2.625000000000000000, 28.69663336986829805 ) ) ;
#7247 = AXIS2_PLACEMENT_3D ( 'NONE', #596, #2066, #6494 ) ;
#7248 = ORIENTED_EDGE ( 'NONE', *, *, #5694, .F. ) ;
#7249 = CARTESIAN_POINT ( 'NONE',  ( 25.17560767170159863, 12.18601519517491916, -16.06807950492974868 ) ) ;
#7250 = EDGE_CURVE ( 'NONE', #8877, #3589, #6465, .T. ) ;
#7251 = AXIS2_PLACEMENT_3D ( 'NONE', #399, #7927, #3388 ) ;
#7252 = CC_DESIGN_PERSON_AND_ORGANIZATION_ASSIGNMENT ( #774, #1510, ( #9377 ) ) ;
#7253 = EDGE_CURVE ( 'NONE', #4791, #3360, #1417, .T. ) ;
#7254 = FACE_BOUND ( 'NONE', #4194, .T. ) ;
#7255 = CIRCLE ( 'NONE', #167, 20.00000000000000000 ) ;
#7256 = CARTESIAN_POINT ( 'NONE',  ( -25.81809971959244976, 10.44535047934268590, -0.4817834931137503496 ) ) ;
#7257 = CARTESIAN_POINT ( 'NONE',  ( 8.190963473507919090, 12.94692453651529718, -31.85815590692421395 ) ) ;
#7258 = CARTESIAN_POINT ( 'NONE',  ( -5.935100153262572675, -14.73903399454857421, -35.40266532454921844 ) ) ;
#7259 = B_SPLINE_CURVE_WITH_KNOTS ( 'NONE', 3,
 ( #2611, #5605, #2115, #6644 ),
 .UNSPECIFIED., .F., .F.,
 ( 4, 4 ),
 ( 0.000000000000000000, 0.005000533879097859326 ),
 .UNSPECIFIED. ) ;
#7260 = CARTESIAN_POINT ( 'NONE',  ( 23.38337386567837228, -12.40856459690699154, -21.24420880696407465 ) ) ;
#7261 = CARTESIAN_POINT ( 'NONE',  ( -26.46000000000000085, 8.000000000000000000, -37.79999999999999716 ) ) ;
#7262 = VERTEX_POINT ( 'NONE', #2722 ) ;
#7263 = CARTESIAN_POINT ( 'NONE',  ( 17.62500000000000000, -12.00000000000000000, 15.00000000000000000 ) ) ;
#7264 = ORIENTED_EDGE ( 'NONE', *, *, #4615, .F. ) ;
#7265 = ORIENTED_EDGE ( 'NONE', *, *, #4281, .T. ) ;
#7266 = EDGE_LOOP ( 'NONE', ( #7694, #2892, #2321, #6569 ) ) ;
#7267 = VERTEX_POINT ( 'NONE', #1203 ) ;
#7268 = CARTESIAN_POINT ( 'NONE',  ( 26.62500000000000000, -2.625000000000000000, 27.64663336986835063 ) ) ;
#7269 = CARTESIAN_POINT ( 'NONE',  ( 11.89845875201074321, 12.04537497813887370, 0.6998110461411675143 ) ) ;
#7270 = CARTESIAN_POINT ( 'NONE',  ( -19.62500000000000000, -15.00000000000000000, -7.000000000000000000 ) ) ;
#7271 = DIRECTION ( 'NONE',  ( 1.000000000000000000, 0.000000000000000000, 0.000000000000000000 ) ) ;
#7272 = DIRECTION ( 'NONE',  ( 0.000000000000000000, 0.000000000000000000, -1.000000000000000000 ) ) ;
#7273 = B_SPLINE_CURVE_WITH_KNOTS ( 'NONE', 3,
 ( #1686, #9133, #6117, #72, #2379, #4549, #7465, #863, #7606, #3070, #722, #9083, #6773, #3715, #6716 ),
 .UNSPECIFIED., .F., .F.,
 ( 4, 2, 2, 1, 2, 2, 2, 4 ),
 ( 0.000000000000000000, 0.2499999999999812927, 0.3749999999999719114, 0.4374999999999695799, 0.4687499999999701905, 0.4999999999999708011, 0.7499999999999853451, 1.000000000000000000 ),
 .UNSPECIFIED. ) ;
#7274 = VERTEX_POINT ( 'NONE', #1106 ) ;
#7275 = ORIENTED_EDGE ( 'NONE', *, *, #5656, .F. ) ;
#7276 = DIRECTION ( 'NONE',  ( -0.7071067811865531239, 0.000000000000000000, -0.7071067811865420216 ) ) ;
#7277 = CARTESIAN_POINT ( 'NONE',  ( -22.60282024811801094, -6.429323188239171927, 21.45072733288386857 ) ) ;
#7278 = CARTESIAN_POINT ( 'NONE',  ( -23.01141759658646535, 2.014729502087748259, 16.64845870441644848 ) ) ;
#7279 = DIRECTION ( 'NONE',  ( 1.000000000000000000, 0.000000000000000000, 0.000000000000000000 ) ) ;
#7280 = CARTESIAN_POINT ( 'NONE',  ( 12.70930948831154161, 13.64010397376294748, -25.55986756396696080 ) ) ;
#7281 = CARTESIAN_POINT ( 'NONE',  ( 12.75563538569430833, 13.61387966676777950, -14.39117177055632091 ) ) ;
#7282 = B_SPLINE_CURVE_WITH_KNOTS ( 'NONE', 3,
 ( #9559, #5897, #5800, #9471, #2801, #504, #3491 ),
 .UNSPECIFIED., .F., .F.,
 ( 4, 3, 4 ),
 ( 0.000000000000000000, 0.001836041645968950050, 0.003960488375354360296 ),
 .UNSPECIFIED. ) ;
#7283 = ORIENTED_EDGE ( 'NONE', *, *, #9709, .T. ) ;
#7284 = CARTESIAN_POINT ( 'NONE',  ( 7.829014785873200211, 14.78421494571413852, -14.98620650402077992 ) ) ;
#7285 = CARTESIAN_POINT ( 'NONE',  ( -24.62500000000000000, -8.000000000000000000, -37.79999999999999716 ) ) ;
#7286 = DIRECTION ( 'NONE',  ( 0.000000000000000000, 0.000000000000000000, -1.000000000000000000 ) ) ;
#7287 = CARTESIAN_POINT ( 'NONE',  ( -12.34852063510933284, 9.414172594445300746, -37.65571857962130764 ) ) ;
#7288 = DIRECTION ( 'NONE',  ( 1.765621858500564986E-16, 0.000000000000000000, -1.000000000000000000 ) ) ;
#7289 = DIRECTION ( 'NONE',  ( -1.000000000000000000, 0.000000000000000000, 0.000000000000000000 ) ) ;
#7290 = DIRECTION ( 'NONE',  ( 0.000000000000000000, -7.461176240760458925E-17, -1.000000000000000000 ) ) ;
#7291 = CARTESIAN_POINT ( 'NONE',  ( -13.96814575050796137, 14.95551785225862140, -19.72792206135790138 ) ) ;
#7292 = ORIENTED_EDGE ( 'NONE', *, *, #1524, .T. ) ;
#7293 = CARTESIAN_POINT ( 'NONE',  ( 25.58549244348964891, 12.13400320721036074, -14.36830374613436057 ) ) ;
#7294 = AXIS2_PLACEMENT_3D ( 'NONE', #8109, #7276, #9499 ) ;
#7295 = CARTESIAN_POINT ( 'NONE',  ( -27.56654623471040111, -8.276995421061450031, 0.2410015263128584828 ) ) ;
#7296 = EDGE_CURVE ( 'NONE', #7500, #6153, #4705, .T. ) ;
#7297 = CARTESIAN_POINT ( 'NONE',  ( -26.25632916295117880, 9.746094682313012569, -0.2486982274375426627 ) ) ;
#7298 = CARTESIAN_POINT ( 'NONE',  ( -12.24044973138576964, 13.92704902504120135, -37.63923808952141314 ) ) ;
#7299 = CARTESIAN_POINT ( 'NONE',  ( 25.28862537478791594, -12.17169686282845653, -15.64408134661917416 ) ) ;
#7300 = EDGE_CURVE ( 'NONE', #5558, #3408, #5967, .T. ) ;
#7301 = CARTESIAN_POINT ( 'NONE',  ( 20.90426216776834778, -11.77159014294985973, -24.00277199230944802 ) ) ;
#7302 = CARTESIAN_POINT ( 'NONE',  ( -13.57500000000000284, -10.09999999999998721, -6.800000000000000711 ) ) ;
#7303 = DIRECTION ( 'NONE',  ( 1.000000000000000000, 0.000000000000000000, 0.000000000000000000 ) ) ;
#7304 = ORIENTED_EDGE ( 'NONE', *, *, #9199, .T. ) ;
#7305 = CARTESIAN_POINT ( 'NONE',  ( 26.62499999999999645, 10.45292485856787223, 0.04749128241386564586 ) ) ;
#7306 = ADVANCED_FACE ( 'NONE', ( #5516 ), #6442, .T. ) ;
#7307 = ORIENTED_EDGE ( 'NONE', *, *, #2, .T. ) ;
#7308 = ORIENTED_EDGE ( 'NONE', *, *, #6246, .T. ) ;
#7309 = AXIS2_PLACEMENT_3D ( 'NONE', #8112, #3576, #4359 ) ;
#7310 = VERTEX_POINT ( 'NONE', #3150 ) ;
#7311 = EDGE_CURVE ( 'NONE', #1060, #753, #7491, .T. ) ;
#7312 = VERTEX_POINT ( 'NONE', #8326 ) ;
#7313 = DIRECTION ( 'NONE',  ( 0.000000000000000000, 0.000000000000000000, -1.000000000000000000 ) ) ;
#7315 = CARTESIAN_POINT ( 'NONE',  ( 11.56116011807774591, 12.10283796190746131, 0.5582940720706888182 ) ) ;
#7314 = AXIS2_PLACEMENT_3D ( 'NONE', #1467, #3035, #3815 ) ;
#7316 = CARTESIAN_POINT ( 'NONE',  ( -16.57499999999999929, 5.250000000000000000, 24.15000000000000213 ) ) ;
#7317 = EDGE_CURVE ( 'NONE', #8781, #1865, #4546, .T. ) ;
#7318 = CARTESIAN_POINT ( 'NONE',  ( 26.62500000000000000, 8.000000000000000000, 1.000000000000000000 ) ) ;
#7319 = DIRECTION ( 'NONE',  ( 1.000000000000000000, 0.000000000000000000, 0.000000000000000000 ) ) ;
#7320 = EDGE_LOOP ( 'NONE', ( #2432, #764, #3208, #2105, #7600 ) ) ;
#7321 = ORIENTED_EDGE ( 'NONE', *, *, #1881, .T. ) ;
#7322 = AXIS2_PLACEMENT_3D ( 'NONE', #458, #2756, #7144 ) ;
#7323 = DIRECTION ( 'NONE',  ( -0.9403559010022507492, 0.000000000000000000, 0.3401922683575351880 ) ) ;
#7324 = B_SPLINE_CURVE_WITH_KNOTS ( 'NONE', 3,
 ( #2800, #595, #3585, #9613 ),
 .UNSPECIFIED., .F., .F.,
 ( 4, 4 ),
 ( 0.000000000000000000, 1.000000000000000000 ),
 .UNSPECIFIED. ) ;
#7325 = CARTESIAN_POINT ( 'NONE',  ( 20.62500000000000000, -2.625000000000000000, 18.55336663013169840 ) ) ;
#7326 = DIRECTION ( 'NONE',  ( 1.000000000000000000, 0.000000000000000000, 0.000000000000000000 ) ) ;
#7327 = FACE_OUTER_BOUND ( 'NONE', #5823, .T. ) ;
#7328 = PLANE ( 'NONE',  #953 ) ;
#7329 = CARTESIAN_POINT ( 'NONE',  ( 12.50112828050366431, 13.80881954434313741, -14.66267952650707684 ) ) ;
#7330 = ORIENTED_EDGE ( 'NONE', *, *, #915, .F. ) ;
#7331 = LINE ( 'NONE', #1427, #8506 ) ;
#7332 = CARTESIAN_POINT ( 'NONE',  ( 26.62500000000000000, -2.625000000000000000, 16.55336663013170195 ) ) ;
#7333 = CARTESIAN_POINT ( 'NONE',  ( -22.68061052248085474, -4.086073617192782947, 19.92055154855606247 ) ) ;
#7334 = FACE_OUTER_BOUND ( 'NONE', #8849, .T. ) ;
#7335 = LINE ( 'NONE', #2753, #4691 ) ;
#7336 = LINE ( 'NONE', #4969, #156 ) ;
#7337 = CYLINDRICAL_SURFACE ( 'NONE', #4404, 0.9999999999999991118 ) ;
#7338 = CYLINDRICAL_SURFACE ( 'NONE', #4941, 1.000000000000000000 ) ;
#7339 = ORIENTED_EDGE ( 'NONE', *, *, #360, .T. ) ;
#7340 = CARTESIAN_POINT ( 'NONE',  ( -16.57499999999999929, 5.250000000000000000, 23.09999999999999787 ) ) ;
#7341 = VECTOR ( 'NONE', #8649, 1000.000000000000000 ) ;
#7342 = EDGE_CURVE ( 'NONE', #2778, #8887, #51, .T. ) ;
#7343 = CARTESIAN_POINT ( 'NONE',  ( -25.23665721231329684, -11.03946688514881203, -0.6798222950495127481 ) ) ;
#7344 = CARTESIAN_POINT ( 'NONE',  ( 22.62500000000000000, 12.00000000000000000, 0.8672861625754170189 ) ) ;
#7345 = ADVANCED_FACE ( 'NONE', ( #3933, #8281 ), #8373, .F. ) ;
#7346 = CARTESIAN_POINT ( 'NONE',  ( -3.160202313087843606, 13.63864912055193734, -35.75722814143136929 ) ) ;
#7347 = CARTESIAN_POINT ( 'NONE',  ( 17.15687312309295720, 5.070342384084566945, -26.98870824379310918 ) ) ;
#7348 = CARTESIAN_POINT ( 'NONE',  ( 5.709934696934944043, -14.11076571725601347, -32.91384736214034490 ) ) ;
#7349 = DIRECTION ( 'NONE',  ( 0.000000000000000000, 0.000000000000000000, -1.000000000000000000 ) ) ;
#7350 = CARTESIAN_POINT ( 'NONE',  ( -13.57500000000000107, -10.59999999999999964, 8.605745400281710644 ) ) ;
#7351 = ORIENTED_EDGE ( 'NONE', *, *, #1350, .F. ) ;
#7352 = CARTESIAN_POINT ( 'NONE',  ( 26.62499999999998934, -10.50010580373061941, 0.03132669709563006000 ) ) ;
#7353 = ORIENTED_EDGE ( 'NONE', *, *, #3142, .T. ) ;
#7354 = EDGE_LOOP ( 'NONE', ( #67, #6585, #4485, #6789 ) ) ;
#7355 = ORIENTED_EDGE ( 'NONE', *, *, #7962, .T. ) ;
#7356 = VECTOR ( 'NONE', #5984, 1000.000000000000000 ) ;
#7357 = ADVANCED_FACE ( 'NONE', ( #4573 ), #8023, .T. ) ;
#7358 = ORIENTED_EDGE ( 'NONE', *, *, #1210, .F. ) ;
#7359 = FACE_OUTER_BOUND ( 'NONE', #2587, .T. ) ;
#7360 = DIRECTION ( 'NONE',  ( -1.000000000000000000, 0.000000000000000000, -2.881657216719184962E-16 ) ) ;
#7361 = CARTESIAN_POINT ( 'NONE',  ( -26.62500000000000000, 15.00000000000000000, -39.30000000000000426 ) ) ;
#7362 = CARTESIAN_POINT ( 'NONE',  ( -10.37500000000000000, 14.88096929338442109, -10.00000000000001599 ) ) ;
#7363 = FACE_OUTER_BOUND ( 'NONE', #521, .T. ) ;
#7364 = CIRCLE ( 'NONE', #3886, 1.049999999999998934 ) ;
#7365 = EDGE_LOOP ( 'NONE', ( #9497, #6361, #2422, #4686, #685, #6202, #2877, #4070 ) ) ;
#7366 = ORIENTED_EDGE ( 'NONE', *, *, #386, .T. ) ;
#7367 = ADVANCED_FACE ( 'NONE', ( #2362 ), #840, .F. ) ;
#7368 = VERTEX_POINT ( 'NONE', #4727 ) ;
#7369 = APPROVAL ( #5838, '未指定' ) ;
#7370 = EDGE_CURVE ( 'NONE', #4791, #9517, #1192, .T. ) ;
#7371 = CARTESIAN_POINT ( 'NONE',  ( -19.62500000000000000, 15.00000000000000000, -39.30000000000000426 ) ) ;
#7372 = AXIS2_PLACEMENT_3D ( 'NONE', #9701, #8395, #1643 ) ;
#7373 = CARTESIAN_POINT ( 'NONE',  ( 5.029014785873200388, 17.98421494571415025, -25.00000000000000000 ) ) ;
#7374 = FACE_OUTER_BOUND ( 'NONE', #5467, .T. ) ;
#7375 = CYLINDRICAL_SURFACE ( 'NONE', #5247, 0.8500000000000000888 ) ;
#7376 = CARTESIAN_POINT ( 'NONE',  ( 12.75039661177326167, 13.61678152154412480, -25.60310754124424193 ) ) ;
#7377 = CALENDAR_DATE ( 2026, 22, 5 ) ;
#7378 = CARTESIAN_POINT ( 'NONE',  ( 4.329014785873204652, 14.19919496893260202, -14.19178619740093339 ) ) ;
#7379 = CIRCLE ( 'NONE', #3273, 12.00000000000000000 ) ;
#7380 = ORIENTED_EDGE ( 'NONE', *, *, #4836, .T. ) ;
#7381 = CARTESIAN_POINT ( 'NONE',  ( 17.62500000000000000, -8.500000000000000000, 15.00000000000000000 ) ) ;
#7382 = CARTESIAN_POINT ( 'NONE',  ( -26.62500000000000000, 15.00000000000000000, -39.30000000000000426 ) ) ;
#7383 = CARTESIAN_POINT ( 'NONE',  ( 7.809336465509160163, 14.95172983335250017, -15.00000000000000000 ) ) ;
#7384 = CARTESIAN_POINT ( 'NONE',  ( -24.19919899934901508, -9.381982439015708053, 9.817961378104772763 ) ) ;
#7385 = LINE ( 'NONE', #5062, #930 ) ;
#7386 = AXIS2_PLACEMENT_3D ( 'NONE', #6493, #8074, #5014 ) ;
#7387 = DIRECTION ( 'NONE',  ( 0.000000000000000000, 0.000000000000000000, -1.000000000000000000 ) ) ;
#7388 = CARTESIAN_POINT ( 'NONE',  ( -11.07499999999999929, 0.000000000000000000, 23.09999999999999787 ) ) ;
#7389 = DIRECTION ( 'NONE',  ( 0.000000000000000000, 0.000000000000000000, -1.000000000000000000 ) ) ;
#7390 = ORIENTED_EDGE ( 'NONE', *, *, #2847, .F. ) ;
#7391 = CARTESIAN_POINT ( 'NONE',  ( 24.51840438135000255, 12.26840863824285854, -17.70661279494845175 ) ) ;
#7392 = VECTOR ( 'NONE', #5566, 1000.000000000000000 ) ;
#7393 = VECTOR ( 'NONE', #9515, 1000.000000000000000 ) ;
#7394 = CARTESIAN_POINT ( 'NONE',  ( -25.12690742654782383, -11.12909400013474759, -0.7096980000449212289 ) ) ;
#7395 = CARTESIAN_POINT ( 'NONE',  ( -26.53641116005840317, 8.988317928249577093, 0.003894023917447979929 ) ) ;
#7396 = CARTESIAN_POINT ( 'NONE',  ( 11.53861269152004887, -12.10725358257057138, 0.5494372965887519555 ) ) ;
#7397 = VECTOR ( 'NONE', #2159, 1000.000000000000000 ) ;
#7398 = CARTESIAN_POINT ( 'NONE',  ( 17.23382834816830567, 4.983981520388899078, -26.93504076884268272 ) ) ;
#7399 = CARTESIAN_POINT ( 'NONE',  ( 26.33568896483314248, -12.03869266201339450, -15.12729020351254228 ) ) ;
#7400 = FACE_OUTER_BOUND ( 'NONE', #5830, .T. ) ;
#7401 = CARTESIAN_POINT ( 'NONE',  ( -14.11750844225176849, 14.26985230040676988, -1.756617433468914635 ) ) ;
#7402 = VERTEX_POINT ( 'NONE', #5554 ) ;
#7403 = CARTESIAN_POINT ( 'NONE',  ( 26.62500000000000000, 9.455765782887706195, 0.3310700551152174764 ) ) ;
#7404 = ORIENTED_EDGE ( 'NONE', *, *, #8330, .T. ) ;
#7405 = VERTEX_POINT ( 'NONE', #8573 ) ;
#7406 = ADVANCED_FACE ( 'NONE', ( #4180 ), #9318, .T. ) ;
#7407 = ORIENTED_EDGE ( 'NONE', *, *, #9362, .F. ) ;
#7408 = VECTOR ( 'NONE', #1661, 1000.000000000000000 ) ;
#7409 = EDGE_LOOP ( 'NONE', ( #8731, #8239 ) ) ;
#7410 = DIRECTION ( 'NONE',  ( 0.9157875096611443055, -0.4016630891040890994, 0.000000000000000000 ) ) ;
#7411 = LINE ( 'NONE', #1992, #5022 ) ;
#7412 = CARTESIAN_POINT ( 'NONE',  ( 9.599583189851220055, 13.81108172929501876, -26.00000000000000000 ) ) ;
#7413 = DIRECTION ( 'NONE',  ( 1.000000000000000000, 0.000000000000000000, 0.000000000000000000 ) ) ;
#7414 = CARTESIAN_POINT ( 'NONE',  ( -11.07499999999999929, 0.000000000000000000, 23.09999999999999787 ) ) ;
#7415 = EDGE_LOOP ( 'NONE', ( #3057, #858, #2586, #8141, #5509 ) ) ;
#7416 = VERTEX_POINT ( 'NONE', #990 ) ;
#7417 = EDGE_CURVE ( 'NONE', #431, #6454, #7868, .T. ) ;
#7418 = VERTEX_POINT ( 'NONE', #4923 ) ;
#7419 = PLANE ( 'NONE',  #5386 ) ;
#7420 = EDGE_CURVE ( 'NONE', #4448, #4893, #6989, .T. ) ;
#7421 = LINE ( 'NONE', #8061, #8145 ) ;
#7422 = DIRECTION ( 'NONE',  ( 0.7071067811865675568, 0.000000000000000000, 0.7071067811865274777 ) ) ;
#7423 = CARTESIAN_POINT ( 'NONE',  ( -24.46557450237215292, -8.103426060940028819, 9.770281504007389373 ) ) ;
#7424 = ADVANCED_FACE ( 'NONE', ( #248 ), #7934, .F. ) ;
#7425 = CARTESIAN_POINT ( 'NONE',  ( 18.17312819401014679, -12.00000000000000000, 1.000000000000000000 ) ) ;
#7426 = CARTESIAN_POINT ( 'NONE',  ( 12.61343710028293508, 13.70497396999814299, -25.45833212623832154 ) ) ;
#7427 = CARTESIAN_POINT ( 'NONE',  ( 4.329014785873204652, 14.19919496893259847, -14.00000000000000000 ) ) ;
#7428 = CARTESIAN_POINT ( 'NONE',  ( 12.53033622657985013, 13.77941729558721740, -14.63091249574602237 ) ) ;
#7429 = EDGE_CURVE ( 'NONE', #7113, #7108, #8498, .T. ) ;
#7430 = ORIENTED_EDGE ( 'NONE', *, *, #7420, .T. ) ;
#7431 = CARTESIAN_POINT ( 'NONE',  ( -25.80083954671750490, -9.077832938597010681, 5.137181321552858115 ) ) ;
#7432 = CARTESIAN_POINT ( 'NONE',  ( -5.063156860814950200, 12.09999999999999964, -34.20981426166144956 ) ) ;
#7433 = LINE ( 'NONE', #6684, #9080 ) ;
#7434 = DIRECTION ( 'NONE',  ( 0.000000000000000000, 0.000000000000000000, -1.000000000000000000 ) ) ;
#7435 = CARTESIAN_POINT ( 'NONE',  ( 9.674999999999998934, 10.09999999999999964, 13.64553149005146082 ) ) ;
#7436 = CARTESIAN_POINT ( 'NONE',  ( -19.62500000000000000, 15.00000000000000000, -4.000000000000000000 ) ) ;
#7437 = DIRECTION ( 'NONE',  ( 1.000000000000000000, 0.000000000000000000, 0.000000000000000000 ) ) ;
#7438 = ORIENTED_EDGE ( 'NONE', *, *, #5785, .T. ) ;
#7439 = CARTESIAN_POINT ( 'NONE',  ( 19.54362398273685031, 11.91602493008229935, -25.18389228565214566 ) ) ;
#7440 = CARTESIAN_POINT ( 'NONE',  ( -13.25112761183058296, 14.94352694902487144, -8.218394860869835838 ) ) ;
#7441 = CARTESIAN_POINT ( 'NONE',  ( -27.37462006939399828, 9.224052514321719798, -0.07468417144056320456 ) ) ;
#7442 = CARTESIAN_POINT ( 'NONE',  ( 19.13343777463130024, 11.95975008824555275, -25.51653616402779079 ) ) ;
#7443 = CARTESIAN_POINT ( 'NONE',  ( 23.47306447816648500, -12.39682843436736803, -19.54577659436687398 ) ) ;
#7444 = CARTESIAN_POINT ( 'NONE',  ( 15.72163923373225103, -13.25326636881085918, -26.83643129719260045 ) ) ;
#7445 = CARTESIAN_POINT ( 'NONE',  ( -19.62500000000000000, 15.00000000000000000, -7.000000000000000000 ) ) ;
#7446 = DIRECTION ( 'NONE',  ( -0.5999999999999999778, 0.8000000000000000444, 0.000000000000000000 ) ) ;
#7447 = EDGE_LOOP ( 'NONE', ( #165, #4503, #3796, #8505 ) ) ;
#7448 = CARTESIAN_POINT ( 'NONE',  ( 26.62499999999999645, -9.042127025571447874, 0.4991899617757677987 ) ) ;
#7449 = ORIENTED_EDGE ( 'NONE', *, *, #7603, .F. ) ;
#7450 = EDGE_LOOP ( 'NONE', ( #28, #7248, #7960, #7821, #100, #7950, #3512, #8654, #254, #7275, #4016, #265 ) ) ;
#7451 = VERTEX_POINT ( 'NONE', #1090 ) ;
#7452 = ORIENTED_EDGE ( 'NONE', *, *, #7429, .F. ) ;
#7453 = CARTESIAN_POINT ( 'NONE',  ( 22.62500000000000000, -12.00000000000000000, 23.09999999999999787 ) ) ;
#7454 =( BOUNDED_SURFACE ( )  B_SPLINE_SURFACE ( 3, 2, ( 
 ( #3235, #4872, #7823 ),
 ( #5651, #6235, #4919 ),
 ( #1085, #348, #1188 ),
 ( #7774, #6445, #4075 ) ),
 .UNSPECIFIED., .F., .F., .T. ) 
 B_SPLINE_SURFACE_WITH_KNOTS ( ( 4, 4 ),
 ( 3, 3 ),
 ( 0.03272418903702735415, 0.03826673121864609950 ),
 ( 0.000000000000000000, 1.000000000000000000 ),
 .UNSPECIFIED. ) 
 GEOMETRIC_REPRESENTATION_ITEM ( )  RATIONAL_B_SPLINE_SURFACE ( (
 ( 1.000000000000000000, 0.7071067811865480168, 1.000000000000000000),
 ( 1.000000000000000000, 0.7071067811865480168, 1.000000000000000000),
 ( 1.000000000000000000, 0.7071067811865480168, 1.000000000000000000),
 ( 1.000000000000000000, 0.7071067811865480168, 1.000000000000000000) ) ) 
 REPRESENTATION_ITEM ( '' )  SURFACE ( )  );
#7455 = CARTESIAN_POINT ( 'NONE',  ( -0.7908177485186409506, 14.56150636762446027, -14.32977864134358725 ) ) ;
#7456 = LINE ( 'NONE', #2089, #7521 ) ;
#7457 = CARTESIAN_POINT ( 'NONE',  ( -22.57500000000000284, -3.250000000000000000, 23.09999999999999787 ) ) ;
#7458 = CARTESIAN_POINT ( 'NONE',  ( -70.47777777777828589, -8.000000000000000000, 23.09999999999999787 ) ) ;
#7459 = AXIS2_PLACEMENT_3D ( 'NONE', #3345, #2714, #4926 ) ;
#7460 = ORIENTED_EDGE ( 'NONE', *, *, #9151, .F. ) ;
#7461 = ORIENTED_EDGE ( 'NONE', *, *, #6456, .F. ) ;
#7462 = ORIENTED_EDGE ( 'NONE', *, *, #6369, .T. ) ;
#7463 = ADVANCED_FACE ( 'NONE', ( #352 ), #1720, .F. ) ;
#7464 = VECTOR ( 'NONE', #5001, 1000.000000000000000 ) ;
#7465 = CARTESIAN_POINT ( 'NONE',  ( 23.61281935044088698, -11.87669927397392300, 0.8709288725180417412 ) ) ;
#7466 = CARTESIAN_POINT ( 'NONE',  ( -22.64274064696089894, -2.625000000000000000, 20.55336663013170195 ) ) ;
#7467 = CARTESIAN_POINT ( 'NONE',  ( -22.68061052248082987, 1.163926382773219137, 19.92055154852192445 ) ) ;
#7468 = CARTESIAN_POINT ( 'NONE',  ( 24.34629710039045847, 11.61071812635674227, 0.9623286130861283816 ) ) ;
#7469 = CARTESIAN_POINT ( 'NONE',  ( 18.90741076758639849, -12.92197132994563979, 9.429884792449860425E-15 ) ) ;
#7470 =( NAMED_UNIT ( * ) SI_UNIT ( $, .STERADIAN. ) SOLID_ANGLE_UNIT ( ) );
#7472 = CARTESIAN_POINT ( 'NONE',  ( -13.57500000000000284, -15.01285539730230489, -6.799999999999998046 ) ) ;
#7471 = CIRCLE ( 'NONE', #6520, 1.999999999999998224 ) ;
#7473 = ORIENTED_EDGE ( 'NONE', *, *, #3144, .F. ) ;
#7474 = ADVANCED_FACE ( 'NONE', ( #1771 ), #6192, .F. ) ;
#7475 = CARTESIAN_POINT ( 'NONE',  ( 7.025000000000000355, 0.000000000000000000, 0.000000000000000000 ) ) ;
#7476 = EDGE_CURVE ( 'NONE', #7550, #1906, #948, .T. ) ;
#7477 = CARTESIAN_POINT ( 'NONE',  ( -24.24615280963441322, -9.130872228598311935, 9.963704430568290249 ) ) ;
#7478 = DIRECTION ( 'NONE',  ( -1.000000000000000000, 0.000000000000000000, 0.000000000000000000 ) ) ;
#7479 = CARTESIAN_POINT ( 'NONE',  ( 0.9290147858732039632, 18.28421494571415451, -25.00000000000000000 ) ) ;
#7480 = FACE_OUTER_BOUND ( 'NONE', #2020, .T. ) ;
#7481 = LINE ( 'NONE', #736, #2130 ) ;
#7482 = ORIENTED_EDGE ( 'NONE', *, *, #4025, .T. ) ;
#7483 = CARTESIAN_POINT ( 'NONE',  ( -1.272133005792929872, 14.53741996349206111, -34.21754195589335268 ) ) ;
#7484 = EDGE_CURVE ( 'NONE', #6314, #7848, #2449, .T. ) ;
#7485 = EDGE_CURVE ( 'NONE', #5417, #3960, #9260, .T. ) ;
#7486 = EDGE_CURVE ( 'NONE', #4677, #128, #1426, .T. ) ;
#7487 = CARTESIAN_POINT ( 'NONE',  ( -26.64920573346165256, -10.66429688035522005, -0.5547656267850670231 ) ) ;
#7488 = CARTESIAN_POINT ( 'NONE',  ( -25.66293238490122519, 10.61065664749363968, 0.2882684268978827347 ) ) ;
#7489 = CARTESIAN_POINT ( 'NONE',  ( 20.40158107898428952, 11.82476497549099115, -24.43245061202476975 ) ) ;
#7490 = PLANE ( 'NONE',  #1700 ) ;
#7491 = LINE ( 'NONE', #6839, #5488 ) ;
#7492 = CARTESIAN_POINT ( 'NONE',  ( -16.57499999999999929, 2.625000000000000000, 18.55336663013169840 ) ) ;
#7493 = CARTESIAN_POINT ( 'NONE',  ( -16.71799153096333157, 14.30864479804649569, -1.769548266015490423 ) ) ;
#7494 = ORIENTED_EDGE ( 'NONE', *, *, #6468, .T. ) ;
#7495 = CARTESIAN_POINT ( 'NONE',  ( 26.62500000000000711, 9.908299759503458759, 0.1742904308459183316 ) ) ;
#7496 = ORIENTED_EDGE ( 'NONE', *, *, #5456, .T. ) ;
#7497 = EDGE_LOOP ( 'NONE', ( #3702, #8922, #3271, #4400, #8937, #2228, #1741, #5319, #6620, #8142, #6946, #6080, #8452, #3994, #7330, #9738 ) ) ;
#7498 = ORIENTED_EDGE ( 'NONE', *, *, #8914, .F. ) ;
#7499 = AXIS2_PLACEMENT_3D ( 'NONE', #1721, #7732, #4081 ) ;
#7500 = VERTEX_POINT ( 'NONE', #6397 ) ;
#7501 = CARTESIAN_POINT ( 'NONE',  ( 24.38890357043009516, -11.38148148343350385, -19.82936490861440149 ) ) ;
#7502 = CARTESIAN_POINT ( 'NONE',  ( -1.122604028082863969, 14.52279140376062117, -14.00000000000000000 ) ) ;
#7503 = DIRECTION ( 'NONE',  ( -2.881657216719184962E-16, -7.509625437129029427E-17, 1.000000000000000000 ) ) ;
#7504 = CARTESIAN_POINT ( 'NONE',  ( -10.37500000000000000, -10.09999999999998543, -6.800000000000000711 ) ) ;
#7505 = CARTESIAN_POINT ( 'NONE',  ( 12.22901478587320057, 14.49486514259852044, -25.00000000000000000 ) ) ;
#7506 = B_SPLINE_CURVE_WITH_KNOTS ( 'NONE', 2,
 ( #8584, #3459, #8536 ),
 .UNSPECIFIED., .F., .F.,
 ( 3, 3 ),
 ( 0.4884618901155809989, 0.8164965797828289684 ),
 .UNSPECIFIED. ) ;
#7507 = VERTEX_POINT ( 'NONE', #8470 ) ;
#7508 = ORIENTED_EDGE ( 'NONE', *, *, #8131, .F. ) ;
#7509 = ORIENTED_EDGE ( 'NONE', *, *, #31, .T. ) ;
#7510 = B_SPLINE_CURVE_WITH_KNOTS ( 'NONE', 3,
 ( #9144, #3868, #3179, #976 ),
 .UNSPECIFIED., .F., .F.,
 ( 4, 4 ),
 ( 0.000000000000000000, 1.000000000000000000 ),
 .UNSPECIFIED. ) ;
#7511 = ORIENTED_EDGE ( 'NONE', *, *, #8977, .T. ) ;
#7512 = CARTESIAN_POINT ( 'NONE',  ( -10.62712255461673827, -12.09999999999999964, -35.34377173803619598 ) ) ;
#7513 = AXIS2_PLACEMENT_3D ( 'NONE', #3134, #7617, #3819 ) ;
#7514 = CARTESIAN_POINT ( 'NONE',  ( -26.62500000000000000, -2.625000000000000000, 29.64663336986829734 ) ) ;
#7515 = LINE ( 'NONE', #8354, #1257 ) ;
#7516 = DIRECTION ( 'NONE',  ( 0.000000000000000000, 0.000000000000000000, -1.000000000000000000 ) ) ;
#7517 = CARTESIAN_POINT ( 'NONE',  ( -26.84991221830399866, -10.59999999999999964, 6.505745400281710999 ) ) ;
#7518 = CARTESIAN_POINT ( 'NONE',  ( 0.6842373904402411222, 14.42956755287313797, -26.00000000000000000 ) ) ;
#7519 = EDGE_LOOP ( 'NONE', ( #1363, #7212, #5803, #3399, #7643, #6057, #483, #8567, #1205, #6654 ) ) ;
#7520 = EDGE_CURVE ( 'NONE', #2317, #4491, #9417, .T. ) ;
#7521 = VECTOR ( 'NONE', #5923, 1000.000000000000000 ) ;
#7522 = CARTESIAN_POINT ( 'NONE',  ( -25.59450679630785075, -9.475357003913030596, 5.381102404194729516 ) ) ;
#7523 = CARTESIAN_POINT ( 'NONE',  ( -13.96814575050796137, -7.900000000000000355, -19.72792206135790138 ) ) ;
#7524 = CARTESIAN_POINT ( 'NONE',  ( -13.96814575050770024, 28.10000000000000142, -32.72792206135789428 ) ) ;
#7525 = CARTESIAN_POINT ( 'NONE',  ( 3.024999999999999911, -4.000000000000000000, -38.70134312298129942 ) ) ;
#7526 = CARTESIAN_POINT ( 'NONE',  ( -26.62500000000000000, -10.34573158174551821, -0.4485771939151636523 ) ) ;
#7527 = CARTESIAN_POINT ( 'NONE',  ( -25.89720774447075158, -8.103426060940028819, 5.341209296556019837 ) ) ;
#7528 = ORIENTED_EDGE ( 'NONE', *, *, #7646, .F. ) ;
#7529 = CARTESIAN_POINT ( 'NONE',  ( 9.983099579256411005, 12.81289243824370061, -31.09963160365954948 ) ) ;
#7530 = VECTOR ( 'NONE', #885, 1000.000000000000000 ) ;
#7531 = EDGE_CURVE ( 'NONE', #9115, #430, #2556, .T. ) ;
#7532 = CARTESIAN_POINT ( 'NONE',  ( -22.77996727352025985, 4.621917186060282567, 18.67342132618759365 ) ) ;
#7533 = VECTOR ( 'NONE', #5000, 1000.000000000000000 ) ;
#7534 = CARTESIAN_POINT ( 'NONE',  ( -24.16699454824102133, 11.69058704416916861, -0.1470842195779115680 ) ) ;
#7535 = CARTESIAN_POINT ( 'NONE',  ( 20.17009637267638666, 11.84956265411623910, -24.63922282913626205 ) ) ;
#7536 = CARTESIAN_POINT ( 'NONE',  ( -23.16053390593259920, -15.00000000000000000, -10.53553390593270045 ) ) ;
#7537 = EDGE_CURVE ( 'NONE', #6310, #5621, #1922, .T. ) ;
#7538 = DIRECTION ( 'NONE',  ( -2.164016633576080066E-32, -1.000000000000000000, 7.509625437129029427E-17 ) ) ;
#7539 = CARTESIAN_POINT ( 'NONE',  ( -10.43261184457519875, 14.88244887111400061, -16.19238815542514942 ) ) ;
#7540 = CARTESIAN_POINT ( 'NONE',  ( -24.44989989031150657, 14.32379193020228847, -1.774597310067422384 ) ) ;
#7541 = VECTOR ( 'NONE', #7741, 1000.000000000000000 ) ;
#7542 = VECTOR ( 'NONE', #1843, 1000.000000000000000 ) ;
#7543 = VERTEX_POINT ( 'NONE', #1037 ) ;
#7544 = DIRECTION ( 'NONE',  ( 0.000000000000000000, 7.509625437129029427E-17, -1.000000000000000000 ) ) ;
#7545 = ORIENTED_EDGE ( 'NONE', *, *, #6495, .T. ) ;
#7546 = EDGE_CURVE ( 'NONE', #1906, #9630, #4024, .T. ) ;
#7547 = ORIENTED_EDGE ( 'NONE', *, *, #5974, .T. ) ;
#7548 = CIRCLE ( 'NONE', #7692, 1.049999999999998934 ) ;
#7549 = VECTOR ( 'NONE', #877, 1000.000000000000000 ) ;
#7550 = VERTEX_POINT ( 'NONE', #1972 ) ;
#7551 = CARTESIAN_POINT ( 'NONE',  ( 1.699356873603163010, -13.38239536128795137, -34.29887621934105368 ) ) ;
#7552 = FACE_OUTER_BOUND ( 'NONE', #201, .T. ) ;
#7553 = AXIS2_PLACEMENT_3D ( 'NONE', #4065, #7083, #2645 ) ;
#7554 = CARTESIAN_POINT ( 'NONE',  ( 23.98512827848490048, 12.33712229117623949, 0.000000000000000000 ) ) ;
#7555 = CYLINDRICAL_SURFACE ( 'NONE', #9418, 12.00000000000000000 ) ;
#7556 = ORIENTED_EDGE ( 'NONE', *, *, #4532, .F. ) ;
#7557 = ORIENTED_EDGE ( 'NONE', *, *, #9664, .F. ) ;
#7558 = VERTEX_POINT ( 'NONE', #1289 ) ;
#7559 = AXIS2_PLACEMENT_3D ( 'NONE', #3226, #6331, #1025 ) ;
#7560 = ORIENTED_EDGE ( 'NONE', *, *, #7476, .T. ) ;
#7561 = DIRECTION ( 'NONE',  ( -1.000000000000000000, 0.000000000000000000, 0.000000000000000000 ) ) ;
#7562 = CARTESIAN_POINT ( 'NONE',  ( -22.61502742153812306, 4.831759269021764780, 21.12675996862652639 ) ) ;
#7563 = CARTESIAN_POINT ( 'NONE',  ( -22.86824504208254538, -0.7691031157930646733, 17.80765761212186860 ) ) ;
#7564 = CARTESIAN_POINT ( 'NONE',  ( -22.68362449118921376, 1.123371055542657038, 19.87586009703448298 ) ) ;
#7565 = DIRECTION ( 'NONE',  ( 1.000000000000000000, 0.000000000000000000, 0.000000000000000000 ) ) ;
#7566 = DIRECTION ( 'NONE',  ( -1.000000000000000000, 0.000000000000000000, 0.000000000000000000 ) ) ;
#7567 = FACE_BOUND ( 'NONE', #9263, .T. ) ;
#7568 = ORIENTED_EDGE ( 'NONE', *, *, #9640, .F. ) ;
#7569 = CARTESIAN_POINT ( 'NONE',  ( 3.690912473793572346, 15.07263065058092444, -14.98539167821379614 ) ) ;
#7570 = CARTESIAN_POINT ( 'NONE',  ( 3.570122197767649830, 15.25135460600989923, -25.00000000000000000 ) ) ;
#7571 = DIRECTION ( 'NONE',  ( 0.000000000000000000, 0.000000000000000000, -1.000000000000000000 ) ) ;
#7572 = CARTESIAN_POINT ( 'NONE',  ( -19.62500000000000000, -15.00000000000000000, -39.30000000000000426 ) ) ;
#7573 = DIRECTION ( 'NONE',  ( 1.079438565345100126E-14, 0.000000000000000000, 1.000000000000000000 ) ) ;
#7574 = CARTESIAN_POINT ( 'NONE',  ( -13.39993915504746091, -7.100000000000000533, -36.29999999999999716 ) ) ;
#7575 = CARTESIAN_POINT ( 'NONE',  ( 3.434845444698499950, 13.28409159263602035, -33.74539703399665314 ) ) ;
#7576 = ADVANCED_FACE ( 'NONE', ( #5111 ), #2710, .F. ) ;
#7577 = CARTESIAN_POINT ( 'NONE',  ( -22.78562091997706673, 4.624245702465335839, 18.61289010793430521 ) ) ;
#7578 = DIRECTION ( 'NONE',  ( 1.000000000000000000, 0.000000000000000000, 2.881657216719180031E-16 ) ) ;
#7579 = CARTESIAN_POINT ( 'NONE',  ( 24.23045575476569269, 11.39976276269907451, -20.02655124193675107 ) ) ;
#7580 = DIRECTION ( 'NONE',  ( 0.000000000000000000, 2.710505431213760099E-16, -1.000000000000000000 ) ) ;
#7581 = CARTESIAN_POINT ( 'NONE',  ( -13.81663090373515956, -14.95495575782669917, -36.86630661151279753 ) ) ;
#7582 = CARTESIAN_POINT ( 'NONE',  ( 17.62500000000000000, -12.00000000000000000, 23.09999999999999787 ) ) ;
#7583 = CARTESIAN_POINT ( 'NONE',  ( -26.62500000000000000, -10.67871917582954033, -0.5595730586098370818 ) ) ;
#7584 = ORIENTED_EDGE ( 'NONE', *, *, #6137, .F. ) ;
#7585 = CARTESIAN_POINT ( 'NONE',  ( -25.91538380237586026, -8.201312164427710272, 5.262214426554861824 ) ) ;
#7586 = EDGE_LOOP ( 'NONE', ( #9448, #7155, #1996, #4018 ) ) ;
#7587 = ORIENTED_EDGE ( 'NONE', *, *, #9151, .T. ) ;
#7588 = EDGE_CURVE ( 'NONE', #5878, #7634, #1333, .T. ) ;
#7589 = DIRECTION ( 'NONE',  ( 0.000000000000000000, 0.000000000000000000, -1.000000000000000000 ) ) ;
#7590 = B_SPLINE_CURVE_WITH_KNOTS ( 'NONE', 3,
 ( #2772, #2136, #5132, #5921 ),
 .UNSPECIFIED., .F., .F.,
 ( 4, 4 ),
 ( 3.878959614448865017E-18, 0.01300053146097890008 ),
 .UNSPECIFIED. ) ;
#7591 = ADVANCED_FACE ( 'NONE', ( #549 ), #6121, .T. ) ;
#7592 = VERTEX_POINT ( 'NONE', #8814 ) ;
#7593 = CARTESIAN_POINT ( 'NONE',  ( 7.009864087353379070, -13.03651953048913725, -32.36688273245879088 ) ) ;
#7594 = DIRECTION ( 'NONE',  ( 0.000000000000000000, 7.461176240760458925E-17, 1.000000000000000000 ) ) ;
#7595 = EDGE_CURVE ( 'NONE', #6209, #2141, #5027, .T. ) ;
#7596 = CARTESIAN_POINT ( 'NONE',  ( 22.56627866080044953, 12.50566558229490077, 0.000000000000000000 ) ) ;
#7597 = DIRECTION ( 'NONE',  ( -1.000000000000000000, 0.000000000000000000, 0.000000000000000000 ) ) ;
#7598 = EDGE_LOOP ( 'NONE', ( #7308, #5281, #4174, #9674 ) ) ;
#7599 = ORIENTED_EDGE ( 'NONE', *, *, #4114, .T. ) ;
#7600 = ORIENTED_EDGE ( 'NONE', *, *, #1692, .F. ) ;
#7601 = ORIENTED_EDGE ( 'NONE', *, *, #6743, .F. ) ;
#7602 = ADVANCED_FACE ( 'NONE', ( #3640 ), #7981, .F. ) ;
#7603 = EDGE_CURVE ( 'NONE', #1891, #3958, #7336, .T. ) ;
#7604 = CIRCLE ( 'NONE', #2572, 1.049999999999998934 ) ;
#7606 = CARTESIAN_POINT ( 'NONE',  ( 23.73661208257870925, -11.84252272422421193, 0.8832710276293714857 ) ) ;
#7605 = CC_DESIGN_SECURITY_CLASSIFICATION ( #6344, ( #9377 ) ) ;
#7607 = CARTESIAN_POINT ( 'NONE',  ( -13.70212496698746207, -6.246860820793219915, -37.84816780779431866 ) ) ;
#7608 = CARTESIAN_POINT ( 'NONE',  ( -70.47777777777828589, 8.000000000000000000, 23.09999999999999787 ) ) ;
#7609 = CARTESIAN_POINT ( 'NONE',  ( -22.66689632113529385, -1.397882738984654427, 20.13393520120445856 ) ) ;
#7610 = CARTESIAN_POINT ( 'NONE',  ( -23.00436279552304697, 1.871440593040072375, 16.70070112762806858 ) ) ;
#7611 = DIRECTION ( 'NONE',  ( 0.000000000000000000, 0.000000000000000000, -1.000000000000000000 ) ) ;
#7612 = CARTESIAN_POINT ( 'NONE',  ( 8.052723069239192455, 14.81408342296750469, -14.99336657469496004 ) ) ;
#7613 = FACE_BOUND ( 'NONE', #1185, .T. ) ;
#7614 = VECTOR ( 'NONE', #8873, 1000.000000000000000 ) ;
#7615 = VERTEX_POINT ( 'NONE', #1431 ) ;
#7616 = CARTESIAN_POINT ( 'NONE',  ( 3.869611656634566188, 14.91902040615388181, -14.95002851544219880 ) ) ;
#7617 = DIRECTION ( 'NONE',  ( -1.000000000000000000, 0.000000000000000000, 0.000000000000000000 ) ) ;
#7618 = VECTOR ( 'NONE', #357, 1000.000000000000000 ) ;
#7619 = CARTESIAN_POINT ( 'NONE',  ( -0.07145393557424170594, 15.46839443417569981, -15.00000000000000000 ) ) ;
#7620 = CARTESIAN_POINT ( 'NONE',  ( -10.43261184457519875, -7.900000000000000355, -16.19238815542514942 ) ) ;
#7621 = FACE_OUTER_BOUND ( 'NONE', #7693, .T. ) ;
#7622 = DIRECTION ( 'NONE',  ( -0.9157875096611443055, 0.4016630891040890994, 0.000000000000000000 ) ) ;
#7623 = CARTESIAN_POINT ( 'NONE',  ( 17.63442374610674790, 13.05713723642472068, -25.49511219634144865 ) ) ;
#7624 = APPROVAL_PERSON_ORGANIZATION ( #6677, #7369, #9696 ) ;
#7625 = CARTESIAN_POINT ( 'NONE',  ( -22.76008075823090948, 4.596842764298623152, 18.89453406426677873 ) ) ;
#7626 = CARTESIAN_POINT ( 'NONE',  ( -1.824999999999999956, -4.150795011477494302E-15, -39.30000000000000426 ) ) ;
#7627 = CARTESIAN_POINT ( 'NONE',  ( 13.10749376983501158, 12.54122891514135851, -29.47689063157247702 ) ) ;
#7628 = CARTESIAN_POINT ( 'NONE',  ( -16.57499999999999929, -2.625000000000000000, 18.55336663013169840 ) ) ;
#7629 = CARTESIAN_POINT ( 'NONE',  ( -3.269682230488378583, -14.63474184482744000, -35.79253150402627170 ) ) ;
#7630 = CARTESIAN_POINT ( 'NONE',  ( 20.62500000000000000, -2.625000000000000000, 18.55336663013169840 ) ) ;
#7631 = CARTESIAN_POINT ( 'NONE',  ( -10.37500000000000000, -14.88096929338441932, -10.00000000000000000 ) ) ;
#7632 = VERTEX_POINT ( 'NONE', #3586 ) ;
#7633 = CARTESIAN_POINT ( 'NONE',  ( 22.62500000000000000, 8.000000000000000000, 1.000000000000000000 ) ) ;
#7634 = VERTEX_POINT ( 'NONE', #6449 ) ;
#7635 = EDGE_CURVE ( 'NONE', #1851, #5793, #3538, .T. ) ;
#7636 = CARTESIAN_POINT ( 'NONE',  ( -20.10941084255915712, -14.32379000772481170, -1.774596669241596425 ) ) ;
#7637 = CARTESIAN_POINT ( 'NONE',  ( 4.194741140332654439, 14.79125561333029637, -25.09048578134691354 ) ) ;
#7638 = CARTESIAN_POINT ( 'NONE',  ( 1.534057134049681137, -13.39197418545598772, -34.35265036174909881 ) ) ;
#7639 = DIRECTION ( 'NONE',  ( -1.000000000000000000, 4.785727636935510021E-32, 0.000000000000000000 ) ) ;
#7640 = CARTESIAN_POINT ( 'NONE',  ( 25.40308702607475055, 12.15719045456846104, 0.000000000000000000 ) ) ;
#7641 = DIRECTION ( 'NONE',  ( 0.000000000000000000, 0.000000000000000000, -1.000000000000000000 ) ) ;
#7642 = ORIENTED_EDGE ( 'NONE', *, *, #2472, .F. ) ;
#7643 = ORIENTED_EDGE ( 'NONE', *, *, #8628, .T. ) ;
#7644 = ORIENTED_EDGE ( 'NONE', *, *, #1627, .T. ) ;
#7645 = VERTEX_POINT ( 'NONE', #9657 ) ;
#7646 = EDGE_CURVE ( 'NONE', #7632, #1159, #7282, .T. ) ;
#7647 = ORIENTED_EDGE ( 'NONE', *, *, #303, .F. ) ;
#7648 = CARTESIAN_POINT ( 'NONE',  ( -21.67069441603599955, 12.00000000000000000, 5.443076293720570114 ) ) ;
#7649 = FACE_OUTER_BOUND ( 'NONE', #3948, .T. ) ;
#7650 = CARTESIAN_POINT ( 'NONE',  ( -22.60805933592007122, 4.337748780174183416, 21.30100048849636707 ) ) ;
#7651 = CARTESIAN_POINT ( 'NONE',  ( -22.77525482001216517, -0.6320751932523411831, 18.72490711844871569 ) ) ;
#7652 = CARTESIAN_POINT ( 'NONE',  ( -23.00693550995957537, 1.920129062560908206, 16.68161924396909512 ) ) ;
#7653 = AXIS2_PLACEMENT_3D ( 'NONE', #1443, #1581, #4575 ) ;
#7654 = EDGE_CURVE ( 'NONE', #7157, #266, #2834, .T. ) ;
#7655 = LINE ( 'NONE', #225, #3993 ) ;
#7656 = DIRECTION ( 'NONE',  ( 0.000000000000000000, 0.000000000000000000, 1.000000000000000000 ) ) ;
#7657 = ORIENTED_EDGE ( 'NONE', *, *, #2416, .F. ) ;
#7658 = EDGE_CURVE ( 'NONE', #6454, #3385, #2113, .T. ) ;
#7659 = EDGE_CURVE ( 'NONE', #9128, #5621, #7980, .T. ) ;
#7660 = VECTOR ( 'NONE', #770, 1000.000000000000000 ) ;
#7661 = CARTESIAN_POINT ( 'NONE',  ( 15.12500000000000000, 5.250000000000000000, 22.05000000000000071 ) ) ;
#7662 = DIRECTION ( 'NONE',  ( 1.000000000000000000, 0.000000000000000000, 0.000000000000000000 ) ) ;
#7663 = DIRECTION ( 'NONE',  ( 1.000000000000000000, 0.000000000000000000, 0.000000000000000000 ) ) ;
#7664 = FACE_OUTER_BOUND ( 'NONE', #473, .T. ) ;
#7665 = CARTESIAN_POINT ( 'NONE',  ( -22.57500000000000284, -3.250000000000000000, 23.09999999999999787 ) ) ;
#7666 = CARTESIAN_POINT ( 'NONE',  ( 25.60971542669507883, 12.13091109361835152, -14.13799942918913821 ) ) ;
#7667 = CARTESIAN_POINT ( 'NONE',  ( -19.03986832165064769, 15.00000000000000000, -37.29999999738240035 ) ) ;
#7668 = CIRCLE ( 'NONE', #9092, 2.000000000000001776 ) ;
#7669 = VERTEX_POINT ( 'NONE', #9514 ) ;
#7670 = CARTESIAN_POINT ( 'NONE',  ( -22.83599502845552820, 4.576206265100826620, 18.10726659979422948 ) ) ;
#7671 = DIRECTION ( 'NONE',  ( 0.000000000000000000, 0.000000000000000000, -1.000000000000000000 ) ) ;
#7672 = CARTESIAN_POINT ( 'NONE',  ( 26.62500000000000000, -14.16799923439410058, -12.03976285529073920 ) ) ;
#7673 = CARTESIAN_POINT ( 'NONE',  ( -0.7885047559701373610, 14.56218445381851367, -14.33205757383663581 ) ) ;
#7674 = CARTESIAN_POINT ( 'NONE',  ( 17.62500000000000000, -7.000000000000000000, 13.50000000000000000 ) ) ;
#7675 = VECTOR ( 'NONE', #4679, 1000.000000000000000 ) ;
#7676 = CARTESIAN_POINT ( 'NONE',  ( 26.62500000000000000, 15.00000000000000000, 5.204170427930419706E-15 ) ) ;
#7677 = PLANE ( 'NONE',  #8134 ) ;
#7678 = CARTESIAN_POINT ( 'NONE',  ( -24.56085487821883717, -7.758676959413986829, 9.450305788103799287 ) ) ;
#7679 = ORIENTED_EDGE ( 'NONE', *, *, #4517, .F. ) ;
#7680 = CARTESIAN_POINT ( 'NONE',  ( -13.57500000000000107, 12.68377223398315934, -1.227924077994376084 ) ) ;
#7681 = ORIENTED_EDGE ( 'NONE', *, *, #7198, .F. ) ;
#7682 = CIRCLE ( 'NONE', #7222, 1.999999999999998224 ) ;
#7683 = FACE_OUTER_BOUND ( 'NONE', #6572, .T. ) ;
#7684 = ORIENTED_EDGE ( 'NONE', *, *, #3605, .T. ) ;
#7685 = CARTESIAN_POINT ( 'NONE',  ( 8.221591024281647009, -12.94459773641890976, -31.84492568382180622 ) ) ;
#7686 = VECTOR ( 'NONE', #2156, 1000.000000000000000 ) ;
#7687 = AXIS2_PLACEMENT_3D ( 'NONE', #9228, #8149, #7360 ) ;
#7688 = CARTESIAN_POINT ( 'NONE',  ( 1.730477740541585208, 12.09999999999999964, -34.60693595387234467 ) ) ;
#7689 = FACE_OUTER_BOUND ( 'NONE', #8288, .T. ) ;
#7690 = DIRECTION ( 'NONE',  ( -1.000000000000000000, 0.000000000000000000, 0.000000000000000000 ) ) ;
#7691 = ORIENTED_EDGE ( 'NONE', *, *, #2402, .F. ) ;
#7692 = AXIS2_PLACEMENT_3D ( 'NONE', #8137, #1533, #9573 ) ;
#7693 = EDGE_LOOP ( 'NONE', ( #2929, #4840, #7264, #8332 ) ) ;
#7694 = ORIENTED_EDGE ( 'NONE', *, *, #8040, .F. ) ;
#7695 = EDGE_LOOP ( 'NONE', ( #8577, #2386 ) ) ;
#7696 = ORIENTED_EDGE ( 'NONE', *, *, #8806, .T. ) ;
#7697 = VECTOR ( 'NONE', #2619, 1000.000000000000000 ) ;
#7698 = VECTOR ( 'NONE', #9477, 1000.000000000000000 ) ;
#7699 = EDGE_CURVE ( 'NONE', #430, #6907, #6, .T. ) ;
#7700 = CARTESIAN_POINT ( 'NONE',  ( 20.62500000000000000, 5.250000000000000000, 23.09999999999999787 ) ) ;
#7701 = DIRECTION ( 'NONE',  ( -1.000000000000000000, 0.000000000000000000, -2.881657216719180031E-16 ) ) ;
#7702 = CARTESIAN_POINT ( 'NONE',  ( -22.57500000000000284, -36.63153466595210261, 23.09999999999999787 ) ) ;
#7703 = CARTESIAN_POINT ( 'NONE',  ( -22.67198172622464725, -1.300307364665213905, 20.05310100729138512 ) ) ;
#7704 = VECTOR ( 'NONE', #5159, 1000.000000000000000 ) ;
#7705 = CARTESIAN_POINT ( 'NONE',  ( -26.62500000000000000, -2.625000000000000000, 27.64663336986830089 ) ) ;
#7706 = CARTESIAN_POINT ( 'NONE',  ( -10.62712255461673827, -12.09999999999999964, -37.37460308602189940 ) ) ;
#7707 = CARTESIAN_POINT ( 'NONE',  ( -2.960533905932964949, -10.09999999999999964, -43.73553390593280454 ) ) ;
#7708 = ORIENTED_EDGE ( 'NONE', *, *, #791, .T. ) ;
#7709 = VERTEX_POINT ( 'NONE', #8762 ) ;
#7710 = ORIENTED_EDGE ( 'NONE', *, *, #8318, .T. ) ;
#7711 = PERSON_AND_ORGANIZATION ( #2905, #8251 ) ;
#7712 = AXIS2_PLACEMENT_3D ( 'NONE', #9364, #8670, #7975 ) ;
#7713 = AXIS2_PLACEMENT_3D ( 'NONE', #8501, #9139, #3127 ) ;
#7714 = EDGE_CURVE ( 'NONE', #8275, #4673, #9614, .T. ) ;
#7715 = CARTESIAN_POINT ( 'NONE',  ( 3.732869805152076559, 15.02707893539106720, -14.97702039444575561 ) ) ;
#7716 = EDGE_CURVE ( 'NONE', #3865, #2341, #4100, .T. ) ;
#7717 = DIRECTION ( 'NONE',  ( 2.891205793294678326E-16, 0.000000000000000000, -1.000000000000000000 ) ) ;
#7718 = DIRECTION ( 'NONE',  ( 0.000000000000000000, 1.000000000000000000, 0.000000000000000000 ) ) ;
#7719 = CARTESIAN_POINT ( 'NONE',  ( -23.16053390593269867, 10.09999999999999964, -20.00000000000000000 ) ) ;
#7720 = EDGE_CURVE ( 'NONE', #1110, #6112, #2017, .T. ) ;
#7721 = CARTESIAN_POINT ( 'NONE',  ( -16.57499999999999929, 5.250000000000000000, 23.09999999999999787 ) ) ;
#7722 = DIRECTION ( 'NONE',  ( 2.881657216719184962E-16, 0.000000000000000000, -1.000000000000000000 ) ) ;
#7723 = DIRECTION ( 'NONE',  ( 9.221531102568230410E-32, 1.000000000000000000, -5.222823368532319275E-16 ) ) ;
#7724 = ORIENTED_EDGE ( 'NONE', *, *, #522, .T. ) ;
#7725 = CARTESIAN_POINT ( 'NONE',  ( -22.86110836621127618, 4.505644467994812885, 17.87243290099215187 ) ) ;
#7726 = EDGE_CURVE ( 'NONE', #1904, #2029, #734, .T. ) ;
#7727 = CARTESIAN_POINT ( 'NONE',  ( -26.60058170008380785, -8.318250601192366034, 1.030188027830866604 ) ) ;
#7728 = LINE ( 'NONE', #3339, #7408 ) ;
#7729 = CARTESIAN_POINT ( 'NONE',  ( -0.5055057755555986132, 14.69649417641207378, -14.60795438278412917 ) ) ;
#7730 = CYLINDRICAL_SURFACE ( 'NONE', #9259, 1.049999999999998934 ) ;
#7731 = DIRECTION ( 'NONE',  ( 0.000000000000000000, 0.000000000000000000, 1.000000000000000000 ) ) ;
#7732 = DIRECTION ( 'NONE',  ( 1.675015967832393481E-16, 0.3162277660168387183, -0.9486832980505136570 ) ) ;
#7733 = CARTESIAN_POINT ( 'NONE',  ( -24.71902177773322506, -7.461574663895075510, 8.928267929748853859 ) ) ;
#7734 = VERTEX_POINT ( 'NONE', #8227 ) ;
#7735 = CARTESIAN_POINT ( 'NONE',  ( 26.62499999999999645, 8.719019815848668031, 0.6477076764392294406 ) ) ;
#7736 = EDGE_LOOP ( 'NONE', ( #6064, #6488, #276, #3713 ) ) ;
#7737 = CARTESIAN_POINT ( 'NONE',  ( 3.176357042979580214, -15.00000000000000000, -37.52380000000000138 ) ) ;
#7738 = DIRECTION ( 'NONE',  ( 1.000000000000000000, 0.000000000000000000, 2.478176394252580155E-16 ) ) ;
#7739 = CARTESIAN_POINT ( 'NONE',  ( -9.594361330847599234, -13.86506401770729013, -37.18973922954263145 ) ) ;
#7740 = DIRECTION ( 'NONE',  ( -1.000000000000000000, 0.000000000000000000, 0.000000000000000000 ) ) ;
#7741 = DIRECTION ( 'NONE',  ( 0.000000000000000000, 0.000000000000000000, 1.000000000000000000 ) ) ;
#7742 = DIRECTION ( 'NONE',  ( -1.000000000000000000, 0.000000000000000000, 0.000000000000000000 ) ) ;
#7743 = EDGE_LOOP ( 'NONE', ( #5569, #420 ) ) ;
#7744 = ORIENTED_EDGE ( 'NONE', *, *, #7635, .F. ) ;
#7745 = ORIENTED_EDGE ( 'NONE', *, *, #1919, .F. ) ;
#7746 = ORIENTED_EDGE ( 'NONE', *, *, #8209, .F. ) ;
#7747 = DIRECTION ( 'NONE',  ( -2.881657216719180031E-16, 0.000000000000000000, 1.000000000000000000 ) ) ;
#7748 = CARTESIAN_POINT ( 'NONE',  ( -13.86575019246339480, -5.726592423419578637, -37.86962223829844021 ) ) ;
#7749 = LINE ( 'NONE', #6862, #7686 ) ;
#7750 = LINE ( 'NONE', #4002, #603 ) ;
#7751 = DIRECTION ( 'NONE',  ( 1.000000000000000000, 0.000000000000000000, 0.000000000000000000 ) ) ;
#7752 = LINE ( 'NONE', #3907, #8564 ) ;
#7753 = CARTESIAN_POINT ( 'NONE',  ( 7.129014785873209803, 19.28421494571415096, -15.00000000000000000 ) ) ;
#7754 = ORIENTED_EDGE ( 'NONE', *, *, #7253, .T. ) ;
#7755 = EDGE_LOOP ( 'NONE', ( #5205, #5533 ) ) ;
#7756 = VERTEX_POINT ( 'NONE', #3728 ) ;
#7757 = EDGE_CURVE ( 'NONE', #8198, #2902, #4656, .T. ) ;
#7758 = AXIS2_PLACEMENT_3D ( 'NONE', #5237, #8257, #3316 ) ;
#7759 = ADVANCED_FACE ( 'NONE', ( #3821 ), #43, .F. ) ;
#7760 = CARTESIAN_POINT ( 'NONE',  ( -18.78208254401995347, -14.99917817821539678, 2.997473439159462861E-13 ) ) ;
#7761 = CYLINDRICAL_SURFACE ( 'NONE', #9727, 1.000000000000000888 ) ;
#7762 = CARTESIAN_POINT ( 'NONE',  ( -15.72619709327084969, 10.98907764563216105, 2.602085213965209853E-15 ) ) ;
#7763 = DIRECTION ( 'NONE',  ( -0.06755233331522464413, 1.734723475976807883E-15, -0.9977157321921253930 ) ) ;
#7764 = CARTESIAN_POINT ( 'NONE',  ( 23.97466646679900037, 11.77060918152916180, 0.9105751988787410545 ) ) ;
#7765 = CARTESIAN_POINT ( 'NONE',  ( 14.19828394610461864, 13.39996585166881005, -27.75927771862386706 ) ) ;
#7767 = VECTOR ( 'NONE', #868, 1000.000000000000000 ) ;
#7766 = DIRECTION ( 'NONE',  ( 0.000000000000000000, 1.000000000000000000, 0.000000000000000000 ) ) ;
#7768 = ORIENTED_EDGE ( 'NONE', *, *, #3261, .F. ) ;
#7769 = ADVANCED_FACE ( 'NONE', ( #3683, #8954 ), #2212, .F. ) ;
#7770 = ORIENTED_EDGE ( 'NONE', *, *, #4221, .T. ) ;
#7771 = EDGE_CURVE ( 'NONE', #8702, #5226, #6918, .T. ) ;
#7772 = VECTOR ( 'NONE', #4346, 1000.000000000000000 ) ;
#7773 = CARTESIAN_POINT ( 'NONE',  ( -9.037135919540320472, 12.09999999999999964, -35.10392274404124890 ) ) ;
#7774 = CARTESIAN_POINT ( 'NONE',  ( -1.155326325801826037, 14.52448124007498009, -14.00000000000000000 ) ) ;
#7775 = LINE ( 'NONE', #6236, #497 ) ;
#7776 = CARTESIAN_POINT ( 'NONE',  ( -0.1236686679693804192, 15.16472828780407944, -14.96490067461137841 ) ) ;
#7777 = DIRECTION ( 'NONE',  ( -1.000000000000000000, 0.000000000000000000, -1.765621858500564986E-16 ) ) ;
#7778 = DIRECTION ( 'NONE',  ( 0.000000000000000000, -1.000000000000000000, 0.000000000000000000 ) ) ;
#7779 = CARTESIAN_POINT ( 'NONE',  ( 3.024999999999999911, -17.54325025195879917, -10.00000000000000000 ) ) ;
#7780 = DIRECTION ( 'NONE',  ( 1.000000000000000000, 0.000000000000000000, 0.000000000000000000 ) ) ;
#7781 = CARTESIAN_POINT ( 'NONE',  ( -11.61106307130702042, -14.91261882974662001, -17.37083938215700130 ) ) ;
#7782 = ORIENTED_EDGE ( 'NONE', *, *, #317, .F. ) ;
#7783 = FACE_OUTER_BOUND ( 'NONE', #6612, .T. ) ;
#7784 = EDGE_CURVE ( 'NONE', #60, #6498, #8909, .T. ) ;
#7785 = VERTEX_POINT ( 'NONE', #88 ) ;
#7786 = VECTOR ( 'NONE', #5659, 1000.000000000000000 ) ;
#7787 = EDGE_CURVE ( 'NONE', #6255, #644, #6133, .T. ) ;
#7788 = EDGE_CURVE ( 'NONE', #6454, #2215, #1474, .T. ) ;
#7789 = FACE_OUTER_BOUND ( 'NONE', #2724, .T. ) ;
#7790 = CARTESIAN_POINT ( 'NONE',  ( -13.57500000000001350, -14.94911571498207792, -4.000000000000007105 ) ) ;
#7791 = CARTESIAN_POINT ( 'NONE',  ( 7.829014785873201987, 14.33743334619654419, -25.17438889206055208 ) ) ;
#7792 = CARTESIAN_POINT ( 'NONE',  ( 17.27429236357521702, -13.09468816820459303, -25.75853070948604540 ) ) ;
#7793 = CARTESIAN_POINT ( 'NONE',  ( 26.62500000207260342, -12.00109074638916695, -12.65848064718537991 ) ) ;
#7794 = CARTESIAN_POINT ( 'NONE',  ( -13.57500000000000107, 0.000000000000000000, 1.040834085586083941E-14 ) ) ;
#7795 = ORIENTED_EDGE ( 'NONE', *, *, #4114, .F. ) ;
#7796 = EDGE_LOOP ( 'NONE', ( #9361, #1157, #533, #6910, #215, #11 ) ) ;
#7797 = ORIENTED_EDGE ( 'NONE', *, *, #1513, .F. ) ;
#7798 = ORIENTED_EDGE ( 'NONE', *, *, #6817, .T. ) ;
#7799 = ORIENTED_EDGE ( 'NONE', *, *, #1988, .T. ) ;
#7800 = LINE ( 'NONE', #5574, #8948 ) ;
#7801 = CARTESIAN_POINT ( 'NONE',  ( -14.24467377975958193, -4.289661949079544456, -37.91783425188371126 ) ) ;
#7802 = CARTESIAN_POINT ( 'NONE',  ( -24.75931647377581513, -11.38558937282389216, -0.02247469492415343426 ) ) ;
#7803 = CARTESIAN_POINT ( 'NONE',  ( -0.9611503476699054804, 14.52748236614656108, -25.83879076913364869 ) ) ;
#7804 = CARTESIAN_POINT ( 'NONE',  ( 15.12500000000000000, -2.625000000000000000, 18.55336663013169840 ) ) ;
#7805 = LINE ( 'NONE', #273, #547 ) ;
#7806 = CARTESIAN_POINT ( 'NONE',  ( 24.93485415604201805, -11.31829700820735241, -18.82906788160262579 ) ) ;
#7807 = VERTEX_POINT ( 'NONE', #1610 ) ;
#7808 = ORIENTED_EDGE ( 'NONE', *, *, #1411, .T. ) ;
#7809 = ORIENTED_EDGE ( 'NONE', *, *, #3026, .T. ) ;
#7810 = VECTOR ( 'NONE', #3161, 1000.000000000000000 ) ;
#7811 = LINE ( 'NONE', #7078, #2103 ) ;
#7812 = VECTOR ( 'NONE', #5885, 1000.000000000000000 ) ;
#7813 = CARTESIAN_POINT ( 'NONE',  ( 24.23039506645623220, -11.66912710150446131, 0.2418836348001895120 ) ) ;
#7814 = CARTESIAN_POINT ( 'NONE',  ( -19.81321016069849961, 11.00011313334709939, 2.602085213965209853E-15 ) ) ;
#7815 = CARTESIAN_POINT ( 'NONE',  ( 22.62500000000000000, 0.000000000000000000, 23.09999999999999787 ) ) ;
#7816 = CARTESIAN_POINT ( 'NONE',  ( 24.84746962085982247, 11.32575236365476989, 5.854691731421720788E-15 ) ) ;
#7817 = CARTESIAN_POINT ( 'NONE',  ( 13.73912592538848898, 13.44322554053200314, -28.02666349598236550 ) ) ;
#7818 = CARTESIAN_POINT ( 'NONE',  ( 22.62500000000000000, 12.00000000000000000, 0.8672861625754170189 ) ) ;
#7819 = ORIENTED_EDGE ( 'NONE', *, *, #2590, .F. ) ;
#7820 = EDGE_CURVE ( 'NONE', #5401, #9396, #487, .T. ) ;
#7821 = ORIENTED_EDGE ( 'NONE', *, *, #4422, .F. ) ;
#7822 = LINE ( 'NONE', #3337, #8039 ) ;
#7824 = EDGE_CURVE ( 'NONE', #8837, #8050, #6770, .T. ) ;
#7823 = CARTESIAN_POINT ( 'NONE',  ( 4.428686596581279389, 15.19475621327140047, -15.00000000000000000 ) ) ;
#7825 = CARTESIAN_POINT ( 'NONE',  ( -22.88700520735375932, -4.405241915376282513, 17.64106537681213993 ) ) ;
#7826 = CARTESIAN_POINT ( 'NONE',  ( -19.62500000000000000, 15.00000000000000000, -4.000000000000000000 ) ) ;
#7827 = DIRECTION ( 'NONE',  ( 1.000000000000000000, 0.000000000000000000, 0.000000000000000000 ) ) ;
#7828 = DIRECTION ( 'NONE',  ( 0.000000000000000000, 0.000000000000000000, -1.000000000000000000 ) ) ;
#7829 = CIRCLE ( 'NONE', #1368, 1.999999999999998224 ) ;
#7830 = EDGE_CURVE ( 'NONE', #3473, #1054, #2997, .T. ) ;
#7831 = FACE_BOUND ( 'NONE', #7004, .T. ) ;
#7832 = LINE ( 'NONE', #5556, #2195 ) ;
#7833 = LINE ( 'NONE', #5751, #4632 ) ;
#7834 = VERTEX_POINT ( 'NONE', #3137 ) ;
#7835 = FACE_OUTER_BOUND ( 'NONE', #9437, .T. ) ;
#7836 = CIRCLE ( 'NONE', #5017, 0.8500000000000000888 ) ;
#7837 = ORIENTED_EDGE ( 'NONE', *, *, #8554, .F. ) ;
#7838 = CARTESIAN_POINT ( 'NONE',  ( 8.266301410447969289, 11.68087286160839966, -29.64160148465809996 ) ) ;
#7839 = CIRCLE ( 'NONE', #1081, 1.499999999999999556 ) ;
#7840 = EDGE_CURVE ( 'NONE', #2058, #242, #4607, .T. ) ;
#7841 = CARTESIAN_POINT ( 'NONE',  ( 3.706815412318851255, 15.05510435631558153, -25.01763839358551778 ) ) ;
#7842 = CARTESIAN_POINT ( 'NONE',  ( 8.625000000000000000, -13.00000000000000000, 5.147263975624269829E-15 ) ) ;
#7843 = CARTESIAN_POINT ( 'NONE',  ( 13.61865172112366551, -13.45449088101900514, -28.09583629554787620 ) ) ;
#7844 = EDGE_CURVE ( 'NONE', #8107, #8488, #9146, .T. ) ;
#7845 = CARTESIAN_POINT ( 'NONE',  ( -16.59800978589185760, -15.00000000000000000, -4.000000000000006217 ) ) ;
#7846 = DIRECTION ( 'NONE',  ( -1.000000000000000000, 0.000000000000000000, 0.000000000000000000 ) ) ;
#7847 = ORIENTED_EDGE ( 'NONE', *, *, #9716, .F. ) ;
#7848 = VERTEX_POINT ( 'NONE', #2255 ) ;
#7849 = VERTEX_POINT ( 'NONE', #2391 ) ;
#7850 = AXIS2_PLACEMENT_3D ( 'NONE', #160, #9073, #7740 ) ;
#7851 = VERTEX_POINT ( 'NONE', #8408 ) ;
#7852 = ORIENTED_EDGE ( 'NONE', *, *, #1585, .F. ) ;
#7853 = DIRECTION ( 'NONE',  ( 1.000000000000000000, 0.000000000000000000, 2.881657216719184962E-16 ) ) ;
#7854 = LINE ( 'NONE', #1943, #1548 ) ;
#7855 = CIRCLE ( 'NONE', #9436, 1.049999999999998934 ) ;
#7856 = DIRECTION ( 'NONE',  ( -1.000000000000000000, 0.000000000000000000, 0.000000000000000000 ) ) ;
#7857 = CARTESIAN_POINT ( 'NONE',  ( -0.5558358554992272049, 14.66393829955710082, -25.44057617917340863 ) ) ;
#7858 = B_SPLINE_CURVE_WITH_KNOTS ( 'NONE', 2,
 ( #3038, #5345, #9244 ),
 .UNSPECIFIED., .F., .F.,
 ( 3, 3 ),
 ( 0.8164965797828289684, 0.9118359533938630301 ),
 .UNSPECIFIED. ) ;
#7859 = DIRECTION ( 'NONE',  ( 0.000000000000000000, 0.000000000000000000, -1.000000000000000000 ) ) ;
#7860 = DIRECTION ( 'NONE',  ( 0.000000000000000000, 0.000000000000000000, -1.000000000000000000 ) ) ;
#7861 = CARTESIAN_POINT ( 'NONE',  ( 10.69782862793961975, -10.09999999999999964, -30.72502506497104946 ) ) ;
#7862 = ORIENTED_EDGE ( 'NONE', *, *, #97, .F. ) ;
#7863 = VERTEX_POINT ( 'NONE', #1654 ) ;
#7864 = ORIENTED_EDGE ( 'NONE', *, *, #5594, .F. ) ;
#7865 = AXIS2_PLACEMENT_3D ( 'NONE', #9382, #1000, #6252 ) ;
#7866 = VECTOR ( 'NONE', #5013, 1000.000000000000000 ) ;
#7867 = AXIS2_PLACEMENT_3D ( 'NONE', #3935, #2364, #8376 ) ;
#7868 = CIRCLE ( 'NONE', #1113, 20.00000000000000000 ) ;
#7869 = FACE_OUTER_BOUND ( 'NONE', #3036, .T. ) ;
#7870 = CARTESIAN_POINT ( 'NONE',  ( 23.01810300570015144, -11.98543562041330013, 0.8430148220032719353 ) ) ;
#7871 = CARTESIAN_POINT ( 'NONE',  ( -10.17224623924379934, 14.87568846737825901, -4.000000000000000000 ) ) ;
#7872 = AXIS2_PLACEMENT_3D ( 'NONE', #4832, #8041, #1929 ) ;
#7873 = LINE ( 'NONE', #1131, #1962 ) ;
#7874 = FACE_OUTER_BOUND ( 'NONE', #5752, .T. ) ;
#7875 = CARTESIAN_POINT ( 'NONE',  ( 16.32146814226555165, 13.19221189269625505, -26.42378220088873064 ) ) ;
#7876 = CARTESIAN_POINT ( 'NONE',  ( 7.675000000000000711, 2.600000000000000089, -37.10000000000000142 ) ) ;
#7877 = VERTEX_POINT ( 'NONE', #8272 ) ;
#7878 = CIRCLE ( 'NONE', #1413, 51.90277777777829726 ) ;
#7879 = ORIENTED_EDGE ( 'NONE', *, *, #5779, .T. ) ;
#7880 = FACE_OUTER_BOUND ( 'NONE', #4962, .T. ) ;
#7881 = CARTESIAN_POINT ( 'NONE',  ( -26.62500000000000000, -9.598315762216030222, 6.973962995481640288E-15 ) ) ;
#7882 = CARTESIAN_POINT ( 'NONE',  ( -23.00436279551800567, -3.378559407012267091, 16.70070112764981118 ) ) ;
#7883 = CARTESIAN_POINT ( 'NONE',  ( -10.62712255461673827, 12.09999999999999964, -37.37460308772480033 ) ) ;
#7884 = CARTESIAN_POINT ( 'NONE',  ( -22.61054191885428111, 6.022106257966924225, 21.25504475275515048 ) ) ;
#7885 = DIRECTION ( 'NONE',  ( -0.7071067811865675568, 0.000000000000000000, -0.7071067811865274777 ) ) ;
#7886 = DIRECTION ( 'NONE',  ( 0.7465930852246059901, -0.6652809670318280411, 0.000000000000000000 ) ) ;
#7887 = CARTESIAN_POINT ( 'NONE',  ( 7.876253484699809349, 14.78421494571414918, -25.01318686070626285 ) ) ;
#7888 = DIRECTION ( 'NONE',  ( 0.000000000000000000, 0.000000000000000000, -1.000000000000000000 ) ) ;
#7889 = ORIENTED_EDGE ( 'NONE', *, *, #614, .F. ) ;
#7890 = CARTESIAN_POINT ( 'NONE',  ( 22.62500000000000000, 12.00000000000000000, 0.8672861625754799686 ) ) ;
#7891 = EDGE_CURVE ( 'NONE', #8196, #6802, #1518, .T. ) ;
#7892 = PRODUCT ( 'Wrist_roll_pitch', 'Wrist_roll_pitch', '', ( #2053 ) ) ;
#7893 = CARTESIAN_POINT ( 'NONE',  ( -22.62256308275784633, -12.00000000000000000, -0.2792407799438650362 ) ) ;
#7894 = CYLINDRICAL_SURFACE ( 'NONE', #9268, 1.049999999999998934 ) ;
#7895 = CARTESIAN_POINT ( 'NONE',  ( 7.829014785873200211, 14.03260347769265337, -25.53271162138252492 ) ) ;
#7896 = CARTESIAN_POINT ( 'NONE',  ( 12.88632152133773445, -13.52221353648472224, -28.50788993102663582 ) ) ;
#7897 = CARTESIAN_POINT ( 'NONE',  ( 3.024999999999999911, -14.28421494571413852, -19.26490000000000080 ) ) ;
#7898 = CYLINDRICAL_SURFACE ( 'NONE', #4844, 1.999999999999998224 ) ;
#7899 = ORIENTED_EDGE ( 'NONE', *, *, #6069, .T. ) ;
#7900 = ORIENTED_EDGE ( 'NONE', *, *, #8767, .T. ) ;
#7901 = ORIENTED_EDGE ( 'NONE', *, *, #4041, .F. ) ;
#7902 = ORIENTED_EDGE ( 'NONE', *, *, #754, .F. ) ;
#7903 = ADVANCED_FACE ( 'NONE', ( #6786 ), #6040, .F. ) ;
#7904 = EDGE_CURVE ( 'NONE', #345, #860, #8560, .T. ) ;
#7905 = VERTEX_POINT ( 'NONE', #4862 ) ;
#7906 = DIRECTION ( 'NONE',  ( -1.000000000000000000, 0.000000000000000000, -1.765621858500564986E-16 ) ) ;
#7907 = DIRECTION ( 'NONE',  ( 0.000000000000000000, 0.000000000000000000, -1.000000000000000000 ) ) ;
#7908 = DIRECTION ( 'NONE',  ( 0.000000000000000000, 0.000000000000000000, -1.000000000000000000 ) ) ;
#7909 = CARTESIAN_POINT ( 'NONE',  ( 12.22901478587320057, 14.52495372921550043, -25.00136096781929851 ) ) ;
#7910 = LINE ( 'NONE', #7069, #8791 ) ;
#7911 = CARTESIAN_POINT ( 'NONE',  ( 12.67500000000000071, -10.09999999999999964, -29.70912988903495133 ) ) ;
#7912 = ORIENTED_EDGE ( 'NONE', *, *, #5485, .T. ) ;
#7913 = ORIENTED_EDGE ( 'NONE', *, *, #9519, .T. ) ;
#7914 = ORIENTED_EDGE ( 'NONE', *, *, #5002, .T. ) ;
#7915 = EDGE_CURVE ( 'NONE', #5233, #4305, #1910, .T. ) ;
#7916 = EDGE_CURVE ( 'NONE', #5057, #8540, #3181, .T. ) ;
#7917 = EDGE_CURVE ( 'NONE', #6645, #1110, #3965, .T. ) ;
#7918 = CARTESIAN_POINT ( 'NONE',  ( -20.15380024153614968, -15.00000000000000000, -4.000000000000000000 ) ) ;
#7919 = FACE_BOUND ( 'NONE', #6908, .T. ) ;
#7920 = CARTESIAN_POINT ( 'NONE',  ( -20.15380024153552796, 14.99999999999996980, 4.336808689942016947E-15 ) ) ;
#7921 = CARTESIAN_POINT ( 'NONE',  ( 8.282295850159679063, 14.91516259938647870, -25.00000000000000000 ) ) ;
#7922 = CARTESIAN_POINT ( 'NONE',  ( -25.43211802004499944, 8.000000000000000000, 6.803845367150709755 ) ) ;
#7923 = CARTESIAN_POINT ( 'NONE',  ( 7.987761223631616225, 13.93507732563955415, -30.89024939817275239 ) ) ;
#7924 = CARTESIAN_POINT ( 'NONE',  ( -13.57499999999999929, 14.64037112450573730, -2.446406829467265176 ) ) ;
#7925 = VERTEX_POINT ( 'NONE', #2439 ) ;
#7926 = ORIENTED_EDGE ( 'NONE', *, *, #5646, .F. ) ;
#7927 = DIRECTION ( 'NONE',  ( 1.000000000000000000, 0.000000000000000000, 0.000000000000000000 ) ) ;
#7928 = CARTESIAN_POINT ( 'NONE',  ( -26.61549150210623083, -8.793933374248098289, 0.6166561327203454734 ) ) ;
#7929 = AXIS2_PLACEMENT_3D ( 'NONE', #4594, #3808, #3901 ) ;
#7930 = CARTESIAN_POINT ( 'NONE',  ( 13.16965708596492313, 13.49610295378893809, -15.00000000000000000 ) ) ;
#7931 = CARTESIAN_POINT ( 'NONE',  ( -26.62500000000000000, 2.625000000000000000, 17.50336663013170124 ) ) ;
#7932 = VECTOR ( 'NONE', #8274, 1000.000000000000000 ) ;
#7933 = CARTESIAN_POINT ( 'NONE',  ( -1.824999999999999956, -4.150795011477494302E-15, -35.79999999999999716 ) ) ;
#7934 = PLANE ( 'NONE',  #3296 ) ;
#7935 = CARTESIAN_POINT ( 'NONE',  ( 14.36521906756729905, -8.203198601952252034, -28.80702914278021609 ) ) ;
#7936 = CARTESIAN_POINT ( 'NONE',  ( 8.154354363010069662, 14.84861492957385742, -25.00267892513693013 ) ) ;
#7937 = DIRECTION ( 'NONE',  ( -1.000000000000000000, 0.000000000000000000, 0.000000000000000000 ) ) ;
#7938 = ORIENTED_EDGE ( 'NONE', *, *, #5767, .T. ) ;
#7939 = CARTESIAN_POINT ( 'NONE',  ( 18.17312819401014679, -12.00000000000000000, 1.000000000000000000 ) ) ;
#7940 = EDGE_CURVE ( 'NONE', #5178, #5481, #9354, .T. ) ;
#7941 = AXIS2_PLACEMENT_3D ( 'NONE', #6966, #8549, #4750 ) ;
#7942 = CARTESIAN_POINT ( 'NONE',  ( -23.16346493366449977, -11.97237639385267904, -0.2654603648311890107 ) ) ;
#7943 = CARTESIAN_POINT ( 'NONE',  ( 3.601194776916071927, 15.18976360907541512, -25.00000000000000000 ) ) ;
#7944 = CARTESIAN_POINT ( 'NONE',  ( -13.96814575050770024, 14.95551785225862140, -32.72792206135789428 ) ) ;
#7945 = CARTESIAN_POINT ( 'NONE',  ( 13.70723716378704538, -13.44621083990824850, -28.04501226278688009 ) ) ;
#7946 = CARTESIAN_POINT ( 'NONE',  ( 15.12500000000000000, -5.250000000000000000, 23.09999999999999787 ) ) ;
#7947 = DIRECTION ( 'NONE',  ( -2.152597620521747965E-16, 0.6648241617864407704, 0.7469998888252636915 ) ) ;
#7948 = AXIS2_PLACEMENT_3D ( 'NONE', #7340, #2805, #5067 ) ;
#7949 = VERTEX_POINT ( 'NONE', #3277 ) ;
#7950 = ORIENTED_EDGE ( 'NONE', *, *, #3452, .F. ) ;
#7951 = ORIENTED_EDGE ( 'NONE', *, *, #7185, .T. ) ;
#7952 = ADVANCED_FACE ( 'NONE', ( #7664 ), #5539, .F. ) ;
#7953 = ORIENTED_EDGE ( 'NONE', *, *, #2411, .F. ) ;
#7954 = B_SPLINE_CURVE_WITH_KNOTS ( 'NONE', 2,
 ( #2202, #5204, #8219 ),
 .UNSPECIFIED., .F., .F.,
 ( 3, 3 ),
 ( 0.02655088381029930070, 0.08816404660611890098 ),
 .UNSPECIFIED. ) ;
#7955 = ORIENTED_EDGE ( 'NONE', *, *, #8381, .F. ) ;
#7956 = DIRECTION ( 'NONE',  ( -1.000000000000000000, 0.000000000000000000, -1.765621858500564986E-16 ) ) ;
#7957 = DIRECTION ( 'NONE',  ( 0.000000000000000000, 0.000000000000000000, -1.000000000000000000 ) ) ;
#7958 = CARTESIAN_POINT ( 'NONE',  ( -26.09985829434326732, -9.985435206000667918, 0.5363501432685791048 ) ) ;
#7959 = CARTESIAN_POINT ( 'NONE',  ( -0.8144442505402322841, 14.55494515793212784, -25.69335282936249598 ) ) ;
#7960 = ORIENTED_EDGE ( 'NONE', *, *, #2124, .F. ) ;
#7961 = ORIENTED_EDGE ( 'NONE', *, *, #4409, .F. ) ;
#7962 = EDGE_CURVE ( 'NONE', #345, #5431, #4401, .T. ) ;
#7963 = ORIENTED_EDGE ( 'NONE', *, *, #8417, .F. ) ;
#7964 = CARTESIAN_POINT ( 'NONE',  ( -23.90028431221627514, -14.99999999999996980, 4.336808689942016947E-15 ) ) ;
#7965 = ADVANCED_FACE ( 'NONE', ( #7128 ), #4809, .F. ) ;
#7966 = CARTESIAN_POINT ( 'NONE',  ( 7.675000000000000711, -10.09999999999999964, -33.09999999999999432 ) ) ;
#7967 = LINE ( 'NONE', #3575, #9746 ) ;
#7968 = LINE ( 'NONE', #2843, #9512 ) ;
#7969 = EDGE_CURVE ( 'NONE', #8838, #7312, #3919, .T. ) ;
#7970 = CARTESIAN_POINT ( 'NONE',  ( -22.58923681735532440, -3.622258130126679188, 21.93057277880598832 ) ) ;
#7971 = CARTESIAN_POINT ( 'NONE',  ( 3.763266871070459096, 14.23709022247790124, -32.55801623496921593 ) ) ;
#7972 = CARTESIAN_POINT ( 'NONE',  ( 12.89100053195543616, 13.55094916589003162, -14.25050420857249911 ) ) ;
#7973 = VERTEX_POINT ( 'NONE', #7719 ) ;
#7974 = AXIS2_PLACEMENT_3D ( 'NONE', #6241, #3194, #9206 ) ;
#7975 = DIRECTION ( 'NONE',  ( 2.478176394252581634E-16, 0.000000000000000000, -1.000000000000000000 ) ) ;
#7976 = CARTESIAN_POINT ( 'NONE',  ( -13.57500000000000107, -8.900000000000000355, 6.640297038308739630 ) ) ;
#7977 = CARTESIAN_POINT ( 'NONE',  ( 7.732911556936732822, 13.95465449349613607, -14.99999999999996980 ) ) ;
#7978 = CARTESIAN_POINT ( 'NONE',  ( 11.22901478587319879, 18.28421494571415451, -15.00000000000000000 ) ) ;
#7979 = CARTESIAN_POINT ( 'NONE',  ( -22.61676944294264402, 5.497928645519362334, 21.10000000000000497 ) ) ;
#7980 = B_SPLINE_CURVE_WITH_KNOTS ( 'NONE', 3,
 ( #2899, #8903, #4424, #5063 ),
 .UNSPECIFIED., .F., .F.,
 ( 4, 4 ),
 ( 4.906538933386799707E-18, 0.008000123665385640293 ),
 .UNSPECIFIED. ) ;
#7981 = CYLINDRICAL_SURFACE ( 'NONE', #2992, 1.999999999999998224 ) ;
#7982 = CARTESIAN_POINT ( 'NONE',  ( -23.40528135717110203, 12.63751492087476080, -1.212504973624911830 ) ) ;
#7983 = CARTESIAN_POINT ( 'NONE',  ( -13.57500000000000107, -12.00000000000000000, 8.605745400281710644 ) ) ;
#7984 = CARTESIAN_POINT ( 'NONE',  ( -22.57500000000000284, -7.250000000000000000, 23.09999999999999787 ) ) ;
#7985 = EDGE_LOOP ( 'NONE', ( #4493, #5675, #2459, #532, #3925 ) ) ;
#7986 = CARTESIAN_POINT ( 'NONE',  ( -19.62500000000000000, 15.00000000000000000, -20.00000000000000000 ) ) ;
#7987 = VECTOR ( 'NONE', #6778, 1000.000000000000000 ) ;
#7988 = LINE ( 'NONE', #4137, #1727 ) ;
#7989 = VECTOR ( 'NONE', #233, 1000.000000000000000 ) ;
#7990 = CARTESIAN_POINT ( 'NONE',  ( -26.10512359406909866, 11.27674005832725967, -0.7589133527757428999 ) ) ;
#7991 = CARTESIAN_POINT ( 'NONE',  ( -5.266532510846390736, 13.72134404001520736, -36.26305463135525997 ) ) ;
#7992 = CARTESIAN_POINT ( 'NONE',  ( -11.54431986582094360, -14.91091615239387025, -36.52819894916715526 ) ) ;
#7993 = CARTESIAN_POINT ( 'NONE',  ( 25.78988814968860055, -11.21875440017579884, -16.98112353484074788 ) ) ;
#7994 = CARTESIAN_POINT ( 'NONE',  ( -9.832611844574909554, -10.09999999999999964, -15.59238815542485135 ) ) ;
#7995 = VERTEX_POINT ( 'NONE', #3331 ) ;
#7996 = ORIENTED_EDGE ( 'NONE', *, *, #1411, .F. ) ;
#7997 = VERTEX_POINT ( 'NONE', #5589 ) ;
#7998 = VERTEX_POINT ( 'NONE', #1858 ) ;
#7999 = VECTOR ( 'NONE', #4272, 1000.000000000000000 ) ;
#8000 = VERTEX_POINT ( 'NONE', #8662 ) ;
#8001 = CARTESIAN_POINT ( 'NONE',  ( 7.675000000000000711, -2.600000000000000089, -36.29999999999999716 ) ) ;
#8002 = LINE ( 'NONE', #8784, #6598 ) ;
#8003 = CARTESIAN_POINT ( 'NONE',  ( -13.57500000000002416, -14.46960309921344567, -2.090857529513194368 ) ) ;
#8004 = CARTESIAN_POINT ( 'NONE',  ( -25.69934426841501462, -10.55673005678306353, 0.3096577031284691306 ) ) ;
#8005 = DIRECTION ( 'NONE',  ( -1.000000000000000000, 0.000000000000000000, 0.000000000000000000 ) ) ;
#8006 = AXIS2_PLACEMENT_3D ( 'NONE', #1430, #6540, #4321 ) ;
#8007 = ORIENTED_EDGE ( 'NONE', *, *, #4642, .T. ) ;
#8008 = EDGE_LOOP ( 'NONE', ( #3601, #2919, #807, #7181, #4113 ) ) ;
#8009 = EDGE_CURVE ( 'NONE', #5329, #7785, #6287, .T. ) ;
#8010 = VECTOR ( 'NONE', #7718, 1000.000000000000000 ) ;
#8011 = CIRCLE ( 'NONE', #3423, 1.834999999999999742 ) ;
#8012 = FACE_OUTER_BOUND ( 'NONE', #1798, .T. ) ;
#8013 = CARTESIAN_POINT ( 'NONE',  ( -22.61676944294265112, -5.250000000000000000, 21.10000000000000142 ) ) ;
#8014 = VECTOR ( 'NONE', #1454, 1000.000000000000000 ) ;
#8015 = VECTOR ( 'NONE', #9368, 1000.000000000000000 ) ;
#8016 = DIRECTION ( 'NONE',  ( -2.881657216719184962E-16, 0.000000000000000000, 1.000000000000000000 ) ) ;
#8017 = PLANE ( 'NONE',  #2260 ) ;
#8018 = DIRECTION ( 'NONE',  ( 1.000000000000000000, 0.000000000000000000, 2.881657216719184962E-16 ) ) ;
#8019 = FACE_OUTER_BOUND ( 'NONE', #6700, .T. ) ;
#8020 = AXIS2_PLACEMENT_3D ( 'NONE', #4027, #7041, #1143 ) ;
#8021 = EDGE_CURVE ( 'NONE', #6125, #9433, #5822, .T. ) ;
#8022 = ORIENTED_EDGE ( 'NONE', *, *, #6066, .T. ) ;
#8023 = TOROIDAL_SURFACE ( 'NONE', #8657, 51.90277777777829726, 4.000000000000000000 ) ;
#8024 = EDGE_CURVE ( 'NONE', #4511, #580, #2047, .T. ) ;
#8025 = LINE ( 'NONE', #9554, #1278 ) ;
#8026 = CIRCLE ( 'NONE', #2990, 1.049999999999998934 ) ;
#8027 = EDGE_CURVE ( 'NONE', #755, #4460, #283, .T. ) ;
#8028 = DIRECTION ( 'NONE',  ( 0.000000000000000000, 0.000000000000000000, -1.000000000000000000 ) ) ;
#8029 = CARTESIAN_POINT ( 'NONE',  ( -22.80213797083301941, -4.622021189952425502, 18.44123134080069093 ) ) ;
#8030 = CARTESIAN_POINT ( 'NONE',  ( -13.61340648609945347, 6.510230866008027917, -37.83636805609552312 ) ) ;
#8031 = DIRECTION ( 'NONE',  ( 0.000000000000000000, 0.000000000000000000, 1.000000000000000000 ) ) ;
#8032 = DIRECTION ( 'NONE',  ( -1.000000000000000000, 0.000000000000000000, 1.079438565345100126E-14 ) ) ;
#8033 = CARTESIAN_POINT ( 'NONE',  ( 25.75185937550029891, 12.11275902115912118, -37.52380000000000138 ) ) ;
#8034 = CARTESIAN_POINT ( 'NONE',  ( 8.282295850159679063, 14.91516259938647870, -25.00000000000000000 ) ) ;
#8035 = VECTOR ( 'NONE', #5506, 1000.000000000000000 ) ;
#8036 = ORIENTED_EDGE ( 'NONE', *, *, #4103, .F. ) ;
#8037 = CARTESIAN_POINT ( 'NONE',  ( 25.72204213933579808, 12.11657782259062088, -13.21276241932222106 ) ) ;
#8038 = ADVANCED_FACE ( 'NONE', ( #978 ), #8514, .T. ) ;
#8039 = VECTOR ( 'NONE', #499, 1000.000000000000000 ) ;
#8040 = EDGE_CURVE ( 'NONE', #9637, #6054, #7873, .T. ) ;
#8041 = DIRECTION ( 'NONE',  ( -1.000000000000000000, 0.000000000000000000, -2.881657216719180031E-16 ) ) ;
#8042 = CARTESIAN_POINT ( 'NONE',  ( -26.58934466189354850, 8.219914658152340792, 1.234062268089529901 ) ) ;
#8043 = CARTESIAN_POINT ( 'NONE',  ( 11.42877574272400665, -12.12959966097324838, 0.5072314065917827852 ) ) ;
#8044 = CARTESIAN_POINT ( 'NONE',  ( 18.98549377458769882, 3.018223652962683801, -25.70527259572652312 ) ) ;
#8045 = CARTESIAN_POINT ( 'NONE',  ( 24.25637419305664721, -12.30094297298215800, -18.22826584244850068 ) ) ;
#8046 = CARTESIAN_POINT ( 'NONE',  ( -26.84991221830399866, -8.103426060940028819, 9.770281504007389373 ) ) ;
#8047 = ORIENTED_EDGE ( 'NONE', *, *, #3690, .T. ) ;
#8048 = CARTESIAN_POINT ( 'NONE',  ( 26.62499999999999289, -9.582179947422233113, 0.2828800378130871263 ) ) ;
#8049 = VERTEX_POINT ( 'NONE', #5640 ) ;
#8050 = VERTEX_POINT ( 'NONE', #389 ) ;
#8051 = ORIENTED_EDGE ( 'NONE', *, *, #2974, .F. ) ;
#8052 = VERTEX_POINT ( 'NONE', #3380 ) ;
#8053 = FACE_OUTER_BOUND ( 'NONE', #6733, .T. ) ;
#8054 = CARTESIAN_POINT ( 'NONE',  ( 7.675000000000000711, 7.100000000000000533, -36.29999999999999716 ) ) ;
#8055 = CARTESIAN_POINT ( 'NONE',  ( -13.57500000000000284, -14.94911507824147634, -3.799640925410625147 ) ) ;
#8056 = CARTESIAN_POINT ( 'NONE',  ( -23.02563999494072178, -11.28538384543384332, 8.605745400281712421 ) ) ;
#8057 = LINE ( 'NONE', #2830, #3084 ) ;
#8058 = ORIENTED_EDGE ( 'NONE', *, *, #7342, .T. ) ;
#8059 = ORIENTED_EDGE ( 'NONE', *, *, #7417, .F. ) ;
#8060 = CARTESIAN_POINT ( 'NONE',  ( -16.57499999999999929, -5.250000000000000000, 21.10000000000000142 ) ) ;
#8061 = CARTESIAN_POINT ( 'NONE',  ( 7.675000000000000711, 7.100000000000000533, -33.09999999999999432 ) ) ;
#8062 = CARTESIAN_POINT ( 'NONE',  ( 16.62500000000000000, 12.00000000000000000, 15.00000000000000000 ) ) ;
#8063 = FACE_OUTER_BOUND ( 'NONE', #2483, .T. ) ;
#8064 = EDGE_CURVE ( 'NONE', #4826, #2227, #7968, .T. ) ;
#8065 = LINE ( 'NONE', #5837, #4884 ) ;
#8066 = CARTESIAN_POINT ( 'NONE',  ( -16.11056155814915058, 14.98283899732347990, -37.11665010794458652 ) ) ;
#8067 = CARTESIAN_POINT ( 'NONE',  ( 12.23652851554987286, 14.35275142155818706, -14.97551850505163884 ) ) ;
#8068 = VERTEX_POINT ( 'NONE', #5786 ) ;
#8069 = EDGE_CURVE ( 'NONE', #2327, #9488, #1163, .T. ) ;
#8070 = B_SPLINE_CURVE_WITH_KNOTS ( 'NONE', 3,
 ( #6870, #9697, #130, #2938 ),
 .UNSPECIFIED., .F., .F.,
 ( 4, 4 ),
 ( 2.670572845909464728E-17, 0.002792665828727949710 ),
 .UNSPECIFIED. ) ;
#8071 = CARTESIAN_POINT ( 'NONE',  ( 16.62500000000000000, 7.000000000000000000, 13.50000000000000000 ) ) ;
#8072 = CARTESIAN_POINT ( 'NONE',  ( 7.892821782178219614, 12.09999999999999964, -29.80631172782874927 ) ) ;
#8073 = DIRECTION ( 'NONE',  ( 1.000000000000000000, 0.000000000000000000, 0.000000000000000000 ) ) ;
#8074 = DIRECTION ( 'NONE',  ( 1.000000000000000000, 0.000000000000000000, 0.000000000000000000 ) ) ;
#8075 = DIRECTION ( 'NONE',  ( 1.000000000000000000, 0.000000000000000000, 0.000000000000000000 ) ) ;
#8076 = DIRECTION ( 'NONE',  ( -1.000000000000000000, 0.000000000000000000, 0.000000000000000000 ) ) ;
#8077 = CARTESIAN_POINT ( 'NONE',  ( 20.62500000000000000, 2.625000000000000000, 27.64663336986835063 ) ) ;
#8078 = ORIENTED_EDGE ( 'NONE', *, *, #6185, .T. ) ;
#8079 = PLANE ( 'NONE',  #5889 ) ;
#8080 = ADVANCED_FACE ( 'NONE', ( #4310 ), #3526, .T. ) ;
#8081 = B_SPLINE_CURVE_WITH_KNOTS ( 'NONE', 3,
 ( #7706, #330, #9342, #8596 ),
 .UNSPECIFIED., .F., .F.,
 ( 4, 4 ),
 ( 0.1936410157729530068, 0.5012438716942639871 ),
 .UNSPECIFIED. ) ;
#8082 = CIRCLE ( 'NONE', #383, 1.000000000000000000 ) ;
#8083 = VECTOR ( 'NONE', #980, 1000.000000000000000 ) ;
#8084 = CARTESIAN_POINT ( 'NONE',  ( -26.65650762668755647, -8.192146611609075535, 0.2692844627969867011 ) ) ;
#8085 = CARTESIAN_POINT ( 'NONE',  ( -27.57788777643995459, 7.637868319064660128, 0.4540438936451259844 ) ) ;
#8086 = CARTESIAN_POINT ( 'NONE',  ( 11.55110308916488826, -12.10479787837034316, 0.5543330580174901101 ) ) ;
#8087 = CARTESIAN_POINT ( 'NONE',  ( 23.72301241560078822, -12.36636030454081059, -19.14578891579133213 ) ) ;
#8088 = ADVANCED_FACE ( 'NONE', ( #8892 ), #8017, .T. ) ;
#8089 = CARTESIAN_POINT ( 'NONE',  ( 9.983099579247880939, -12.81289243824370061, -31.09963160366320167 ) ) ;
#8090 = DIRECTION ( 'NONE',  ( 1.000000000000000000, 0.000000000000000000, 2.881657216719184962E-16 ) ) ;
#8091 = CARTESIAN_POINT ( 'NONE',  ( 20.62500000000000000, 2.625000000000000000, 20.55336663013174814 ) ) ;
#8092 = ORIENTED_EDGE ( 'NONE', *, *, #6516, .T. ) ;
#8093 = CARTESIAN_POINT ( 'NONE',  ( -26.62500000000000000, 14.32379000772443867, -1.774596669241474967 ) ) ;
#8094 = ADVANCED_FACE ( 'NONE', ( #1224 ), #6579, .T. ) ;
#8095 = ORIENTED_EDGE ( 'NONE', *, *, #3144, .T. ) ;
#8096 = EDGE_CURVE ( 'NONE', #1583, #5417, #537, .T. ) ;
#8097 = ORIENTED_EDGE ( 'NONE', *, *, #7317, .F. ) ;
#8098 = ORIENTED_EDGE ( 'NONE', *, *, #2001, .T. ) ;
#8099 = VERTEX_POINT ( 'NONE', #1279 ) ;
#8100 = CARTESIAN_POINT ( 'NONE',  ( 4.329014785873204652, 14.19919496893259847, -14.00000000000000000 ) ) ;
#8101 = CARTESIAN_POINT ( 'NONE',  ( 11.59532810364001953, 12.09626990339509156, 0.5718510452158367396 ) ) ;
#8102 = DIRECTION ( 'NONE',  ( 0.000000000000000000, 0.000000000000000000, -1.000000000000000000 ) ) ;
#8103 = CYLINDRICAL_SURFACE ( 'NONE', #8655, 2.000000000000001776 ) ;
#8104 = CARTESIAN_POINT ( 'NONE',  ( -24.62500000000000000, 8.000000000000000000, -37.79999999999999716 ) ) ;
#8105 = ORIENTED_EDGE ( 'NONE', *, *, #322, .F. ) ;
#8106 = ORIENTED_EDGE ( 'NONE', *, *, #3389, .T. ) ;
#8107 = VERTEX_POINT ( 'NONE', #6483 ) ;
#8108 = CC_DESIGN_APPROVAL ( #7369, ( #2004 ) ) ;
#8109 = CARTESIAN_POINT ( 'NONE',  ( -23.16053390593274841, -7.900000000000000355, -23.53553390593269867 ) ) ;
#8110 = FACE_OUTER_BOUND ( 'NONE', #9332, .T. ) ;
#8111 = CARTESIAN_POINT ( 'NONE',  ( 26.62500000000000000, 2.625000000000000000, 25.64663336986835063 ) ) ;
#8112 = CARTESIAN_POINT ( 'NONE',  ( 21.67500000000000071, 1.734723475976804925E-15, 13.64553149005146082 ) ) ;
#8113 = CARTESIAN_POINT ( 'NONE',  ( 12.45145740596055184, 13.86540589024677317, -25.28245691752069746 ) ) ;
#8114 = PERSON_AND_ORGANIZATION ( #2905, #8251 ) ;
#8115 = CARTESIAN_POINT ( 'NONE',  ( 12.54006576196240808, 13.77004839020434268, -14.62036443820520226 ) ) ;
#8116 = ORIENTED_EDGE ( 'NONE', *, *, #6692, .F. ) ;
#8117 = DIRECTION ( 'NONE',  ( 0.000000000000000000, 0.000000000000000000, 1.000000000000000000 ) ) ;
#8118 = DIRECTION ( 'NONE',  ( 1.000000000000000000, 0.000000000000000000, 0.000000000000000000 ) ) ;
#8119 = CARTESIAN_POINT ( 'NONE',  ( 9.546225644514350961, 13.81566563496497935, -14.00000000000000000 ) ) ;
#8120 = DIRECTION ( 'NONE',  ( 1.000000000000000000, 0.000000000000000000, 0.000000000000000000 ) ) ;
#8121 = DIRECTION ( 'NONE',  ( 1.000000000000000000, 0.000000000000000000, 0.000000000000000000 ) ) ;
#8122 = CARTESIAN_POINT ( 'NONE',  ( -11.11722603306998991, -11.45498664435396208, -35.43133572217418958 ) ) ;
#8123 = EDGE_CURVE ( 'NONE', #8198, #8297, #9600, .T. ) ;
#8124 = PLANE ( 'NONE',  #9280 ) ;
#8125 = CARTESIAN_POINT ( 'NONE',  ( -17.73932361996345008, 15.00000000000000000, -15.95674419190220128 ) ) ;
#8126 = VERTEX_POINT ( 'NONE', #5738 ) ;
#8127 = DIRECTION ( 'NONE',  ( 0.000000000000000000, -1.000000000000000000, 0.000000000000000000 ) ) ;
#8128 = ADVANCED_FACE ( 'NONE', ( #7327 ), #5836, .F. ) ;
#8129 = CARTESIAN_POINT ( 'NONE',  ( 8.509014785873199926, 16.14421494571415039, -15.00000000000000000 ) ) ;
#8130 = CARTESIAN_POINT ( 'NONE',  ( -25.44344922367848127, 10.85207528901309715, -0.6173584296710253883 ) ) ;
#8131 = EDGE_CURVE ( 'NONE', #6100, #3619, #4912, .T. ) ;
#8132 = CARTESIAN_POINT ( 'NONE',  ( 11.91144088048333316, -12.03457249595722800, 0.6962535858091181140 ) ) ;
#8133 = CARTESIAN_POINT ( 'NONE',  ( 25.75185937550569193, -12.11275902115841774, -13.29534113343682122 ) ) ;
#8134 = AXIS2_PLACEMENT_3D ( 'NONE', #7142, #7886, #7095 ) ;
#8135 = CARTESIAN_POINT ( 'NONE',  ( 24.40428867061070051, -11.37960573135574016, -19.76927952217700124 ) ) ;
#8136 = LINE ( 'NONE', #2765, #8603 ) ;
#8137 = CARTESIAN_POINT ( 'NONE',  ( 20.62500000000000000, 5.250000000000000000, 23.09999999999999787 ) ) ;
#8138 = ORIENTED_EDGE ( 'NONE', *, *, #7784, .T. ) ;
#8139 = CARTESIAN_POINT ( 'NONE',  ( 26.62500000000000000, 9.482742080093673920, 0.3208782809344483122 ) ) ;
#8140 = ORIENTED_EDGE ( 'NONE', *, *, #4102, .T. ) ;
#8141 = ORIENTED_EDGE ( 'NONE', *, *, #4696, .T. ) ;
#8142 = ORIENTED_EDGE ( 'NONE', *, *, #4221, .F. ) ;
#8143 = B_SPLINE_CURVE_WITH_KNOTS ( 'NONE', 3,
 ( #9558, #4423, #2016, #4368 ),
 .UNSPECIFIED., .F., .F.,
 ( 4, 4 ),
 ( 0.0001329795130203874039, 0.0002735530539091885296 ),
 .UNSPECIFIED. ) ;
#8144 = ADVANCED_FACE ( 'NONE', ( #4214 ), #7375, .F. ) ;
#8145 = VECTOR ( 'NONE', #6673, 1000.000000000000000 ) ;
#8146 = EDGE_CURVE ( 'NONE', #6813, #6350, #5690, .T. ) ;
#8147 = EDGE_LOOP ( 'NONE', ( #4470, #4624, #5190, #2455 ) ) ;
#8148 = CARTESIAN_POINT ( 'NONE',  ( 7.675000000000000711, 10.09999999999999964, -9.849999999999999645 ) ) ;
#8149 = DIRECTION ( 'NONE',  ( 2.152597620521730955E-16, 0.6648241617864483199, -0.7469998888252571412 ) ) ;
#8150 = CARTESIAN_POINT ( 'NONE',  ( 13.13744632142985935, 13.49906635955071899, -26.00000000000000000 ) ) ;
#8151 = DIRECTION ( 'NONE',  ( 1.000000000000000000, 0.000000000000000000, 2.881657216719184962E-16 ) ) ;
#8152 = CARTESIAN_POINT ( 'NONE',  ( -24.51880167001190003, -10.59999999999999964, 6.505745400281710999 ) ) ;
#8153 = CIRCLE ( 'NONE', #1387, 1.049999999999998934 ) ;
#8154 = ORIENTED_EDGE ( 'NONE', *, *, #70, .T. ) ;
#8155 = ORIENTED_EDGE ( 'NONE', *, *, #1631, .T. ) ;
#8156 = CIRCLE ( 'NONE', #3116, 1.999999999999998224 ) ;
#8157 = ORIENTED_EDGE ( 'NONE', *, *, #8509, .F. ) ;
#8158 = DIRECTION ( 'NONE',  ( -0.4016630891040891549, -0.9157875096611444166, 0.000000000000000000 ) ) ;
#8159 = CARTESIAN_POINT ( 'NONE',  ( -22.64274064696089894, -2.625000000000000000, 20.55336663013170195 ) ) ;
#8160 = DIRECTION ( 'NONE',  ( -1.000000000000000000, 4.785727636935510021E-32, 0.000000000000000000 ) ) ;
#8161 = CYLINDRICAL_SURFACE ( 'NONE', #6670, 2.000000000000001776 ) ;
#8162 = DIRECTION ( 'NONE',  ( 0.000000000000000000, 0.000000000000000000, -1.000000000000000000 ) ) ;
#8163 = CARTESIAN_POINT ( 'NONE',  ( -26.62500000000000000, -2.600000000000000089, -37.10000000000000142 ) ) ;
#8164 = CALENDAR_DATE ( 2026, 22, 5 ) ;
#8165 = CARTESIAN_POINT ( 'NONE',  ( 12.26924629063455896, 14.21170308106904656, -14.93020130522901923 ) ) ;
#8166 = AXIS2_PLACEMENT_3D ( 'NONE', #42, #87, #9049 ) ;
#8167 = VERTEX_POINT ( 'NONE', #6628 ) ;
#8168 = AXIS2_PLACEMENT_3D ( 'NONE', #2220, #2359, #5354 ) ;
#8169 = AXIS2_PLACEMENT_3D ( 'NONE', #3364, #7114, #1009 ) ;
#8170 = DIRECTION ( 'NONE',  ( -1.000000000000000000, 0.000000000000000000, 0.000000000000000000 ) ) ;
#8171 = CARTESIAN_POINT ( 'NONE',  ( 4.670609093342599216, 12.09999999999999964, -31.22735693445579841 ) ) ;
#8172 = DIRECTION ( 'NONE',  ( 1.000000000000000000, 0.000000000000000000, 0.000000000000000000 ) ) ;
#8173 = CARTESIAN_POINT ( 'NONE',  ( -19.62500000000000000, 15.00000000000000000, -27.07106781186555011 ) ) ;
#8174 = LINE ( 'NONE', #8952, #2190 ) ;
#8175 = AXIS2_PLACEMENT_3D ( 'NONE', #5784, #7422, #8891 ) ;
#8176 = CARTESIAN_POINT ( 'NONE',  ( -13.39993915504746091, 7.100000000000000533, -29.30000000000000071 ) ) ;
#8177 = CARTESIAN_POINT ( 'NONE',  ( -26.62500000000000000, 2.625000000000000000, 26.59663336986829663 ) ) ;
#8178 = CARTESIAN_POINT ( 'NONE',  ( 15.12500000000000000, -2.625000000000000000, 28.69663336986829805 ) ) ;
#8179 = ORIENTED_EDGE ( 'NONE', *, *, #3920, .F. ) ;
#8180 = CARTESIAN_POINT ( 'NONE',  ( 26.62499999999996092, 12.00109074666344178, -12.03976285529072854 ) ) ;
#8181 = AXIS2_PLACEMENT_3D ( 'NONE', #6710, #1499, #2139 ) ;
#8182 = AXIS2_PLACEMENT_3D ( 'NONE', #2900, #2213, #5211 ) ;
#8183 = CARTESIAN_POINT ( 'NONE',  ( -25.73357842861934941, -11.60337120205272043, -0.8677904006842360740 ) ) ;
#8184 = CARTESIAN_POINT ( 'NONE',  ( -24.78705109653605376, 11.37809375326781591, -0.7926979177559038137 ) ) ;
#8185 = CARTESIAN_POINT ( 'NONE',  ( 8.255672160594148323, 12.94200707859111965, -31.83020784412272874 ) ) ;
#8186 = AXIS2_PLACEMENT_3D ( 'NONE', #8526, #7094, #1141 ) ;
#8187 = DIRECTION ( 'NONE',  ( 1.000000000000000000, 0.000000000000000000, 0.000000000000000000 ) ) ;
#8188 = B_SPLINE_CURVE_WITH_KNOTS ( 'NONE', 3,
 ( #9432, #1001, #7003, #2677 ),
 .UNSPECIFIED., .F., .F.,
 ( 4, 4 ),
 ( 0.000000000000000000, 1.000000000000000000 ),
 .UNSPECIFIED. ) ;
#8189 = CARTESIAN_POINT ( 'NONE',  ( 25.47829710143329862, -12.14767134098085855, -14.93970830946189920 ) ) ;
#8190 = DIRECTION ( 'NONE',  ( 2.881657216719180031E-16, 0.000000000000000000, -1.000000000000000000 ) ) ;
#8191 = CARTESIAN_POINT ( 'NONE',  ( -16.82992441534011263, 14.30978639911712591, -1.769928799705700717 ) ) ;
#8192 = ORIENTED_EDGE ( 'NONE', *, *, #1401, .F. ) ;
#8193 = CARTESIAN_POINT ( 'NONE',  ( 26.62500000000000000, -9.959960138520811412, 0.1615871604947086704 ) ) ;
#8194 = AXIS2_PLACEMENT_3D ( 'NONE', #9378, #5709, #1297 ) ;
#8195 = ORIENTED_EDGE ( 'NONE', *, *, #1101, .F. ) ;
#8196 = VERTEX_POINT ( 'NONE', #2051 ) ;
#8197 = EDGE_CURVE ( 'NONE', #6554, #1937, #2576, .T. ) ;
#8198 = VERTEX_POINT ( 'NONE', #5884 ) ;
#8199 = AXIS2_PLACEMENT_3D ( 'NONE', #2475, #6963, #4550 ) ;
#8200 = ORIENTED_EDGE ( 'NONE', *, *, #2468, .F. ) ;
#8201 = B_SPLINE_CURVE_WITH_KNOTS ( 'NONE', 3,
 ( #2797, #5745, #5697, #1235 ),
 .UNSPECIFIED., .F., .F.,
 ( 4, 4 ),
 ( 0.000000000000000000, 1.000000000000000000 ),
 .UNSPECIFIED. ) ;
#8202 = CARTESIAN_POINT ( 'NONE',  ( 5.297386856978960168, -2.602085213965209853E-15, -29.30000000000000071 ) ) ;
#8203 = CARTESIAN_POINT ( 'NONE',  ( 9.689767283409764786, 12.62947469278605261, 0.07111666501478831892 ) ) ;
#8204 = CARTESIAN_POINT ( 'NONE',  ( -25.69016131551437354, -7.523974810480381414, 6.043147213935512241 ) ) ;
#8205 = CARTESIAN_POINT ( 'NONE',  ( -20.63989133934209974, -12.00000000000000000, 8.605745400281710644 ) ) ;
#8206 = CARTESIAN_POINT ( 'NONE',  ( -25.43211802004499944, -7.400000000000000355, 6.803845367150709755 ) ) ;
#8207 = ORIENTED_EDGE ( 'NONE', *, *, #1340, .T. ) ;
#8208 = ORIENTED_EDGE ( 'NONE', *, *, #2904, .T. ) ;
#8209 = EDGE_CURVE ( 'NONE', #644, #4440, #7229, .T. ) ;
#8210 = VERTEX_POINT ( 'NONE', #9457 ) ;
#8211 = ADVANCED_FACE ( 'NONE', ( #8063 ), #8706, .F. ) ;
#8212 = DIRECTION ( 'NONE',  ( 0.000000000000000000, 0.000000000000000000, -1.000000000000000000 ) ) ;
#8213 = CARTESIAN_POINT ( 'NONE',  ( 7.675000000000000711, -10.09999999999999964, -9.849999999999999645 ) ) ;
#8214 = EDGE_CURVE ( 'NONE', #4754, #6254, #772, .T. ) ;
#8215 = CARTESIAN_POINT ( 'NONE',  ( -23.00929879199921757, 1.967222587851924942, 16.66411067313288541 ) ) ;
#8216 = CARTESIAN_POINT ( 'NONE',  ( 12.67500000000000071, 10.09999999999999964, 13.64553149005146082 ) ) ;
#8217 = LINE ( 'NONE', #1193, #3568 ) ;
#8218 = DATE_AND_TIME ( #7377, #3845 ) ;
#8219 = CARTESIAN_POINT ( 'NONE',  ( 22.56627866080124889, -12.50566558229479952, 0.000000000000000000 ) ) ;
#8220 = ADVANCED_FACE ( 'NONE', ( #5201 ), #6076, .T. ) ;
#8221 = EDGE_CURVE ( 'NONE', #4460, #2080, #681, .T. ) ;
#8222 = ORIENTED_EDGE ( 'NONE', *, *, #6376, .T. ) ;
#8223 = LINE ( 'NONE', #8949, #6289 ) ;
#8224 = CARTESIAN_POINT ( 'NONE',  ( -14.46060361050394860, -3.102655384028890850, -37.94410495386692617 ) ) ;
#8225 = CARTESIAN_POINT ( 'NONE',  ( -26.62500000000000000, 7.100000000000000533, -36.29999999999999716 ) ) ;
#8226 = DIRECTION ( 'NONE',  ( 1.000000000000000000, 0.000000000000000000, 2.881657216719184962E-16 ) ) ;
#8227 = CARTESIAN_POINT ( 'NONE',  ( -11.96499999999999986, 10.09999999999999964, -33.09999999999999432 ) ) ;
#8228 = CARTESIAN_POINT ( 'NONE',  ( 7.675000000000000711, -7.100000000000000533, -33.09999999999999432 ) ) ;
#8229 = CARTESIAN_POINT ( 'NONE',  ( -11.07499999999999929, 2.625000000000000000, 18.55336663013169840 ) ) ;
#8230 = EDGE_LOOP ( 'NONE', ( #6270, #8839, #2192, #2846 ) ) ;
#8231 = CARTESIAN_POINT ( 'NONE',  ( 5.655364982454599954, 13.13700804694066093, -32.93444780707250175 ) ) ;
#8232 = CARTESIAN_POINT ( 'NONE',  ( -26.23859775632500302, -9.712810463680291662, 0.6441078416051599920 ) ) ;
#8233 = CARTESIAN_POINT ( 'NONE',  ( -26.18725520642744797, 9.802040922327098116, 0.6088200577061528840 ) ) ;
#8234 = CARTESIAN_POINT ( 'NONE',  ( 23.77737545122450058, 11.45183822872411739, -20.70582210018942959 ) ) ;
#8235 = CARTESIAN_POINT ( 'NONE',  ( 22.76206943852450948, -12.48249994843422073, -20.56277541388537244 ) ) ;
#8236 = DIRECTION ( 'NONE',  ( 1.000000000000000000, 0.000000000000000000, 2.881657216719180031E-16 ) ) ;
#8237 = DIRECTION ( 'NONE',  ( -0.7071067811865480168, 0.7071067811865470176, 0.000000000000000000 ) ) ;
#8238 = DIRECTION ( 'NONE',  ( 0.000000000000000000, 0.000000000000000000, 1.000000000000000000 ) ) ;
#8239 = ORIENTED_EDGE ( 'NONE', *, *, #6463, .T. ) ;
#8240 = CARTESIAN_POINT ( 'NONE',  ( 26.62500000000000000, -8.562235274970566579, 0.7222617308707925954 ) ) ;
#8241 = ORIENTED_EDGE ( 'NONE', *, *, #8925, .T. ) ;
#8242 = VERTEX_POINT ( 'NONE', #7423 ) ;
#8243 = EDGE_CURVE ( 'NONE', #6498, #9576, #3812, .T. ) ;
#8244 = ORIENTED_EDGE ( 'NONE', *, *, #1019, .T. ) ;
#8245 = ORIENTED_EDGE ( 'NONE', *, *, #2777, .T. ) ;
#8246 = CARTESIAN_POINT ( 'NONE',  ( 8.181112973958663659, -12.94767120127493421, -31.86237791166936262 ) ) ;
#8247 = DIRECTION ( 'NONE',  ( 0.000000000000000000, 1.000000000000000000, 0.000000000000000000 ) ) ;
#8248 = CARTESIAN_POINT ( 'NONE',  ( -25.49048317014510090, -7.400000000000000355, 6.640297038308728972 ) ) ;
#8249 = CARTESIAN_POINT ( 'NONE',  ( -26.62500000000000000, 7.100000000000000533, -33.09999999999999432 ) ) ;
#8250 = DIRECTION ( 'NONE',  ( 1.000000000000000000, 0.000000000000000000, 2.478176394252580155E-16 ) ) ;
#8251 = ORGANIZATION ( '未指定', '未指定', '' ) ;
#8252 = ORIENTED_EDGE ( 'NONE', *, *, #396, .F. ) ;
#8253 = ORIENTED_EDGE ( 'NONE', *, *, #7830, .F. ) ;
#8254 = EDGE_CURVE ( 'NONE', #8242, #3336, #2336, .T. ) ;
#8255 = ORIENTED_EDGE ( 'NONE', *, *, #1147, .F. ) ;
#8256 = AXIS2_PLACEMENT_3D ( 'NONE', #5097, #7279, #8844 ) ;
#8257 = DIRECTION ( 'NONE',  ( -1.765621858500564986E-16, -8.587739980083199972E-17, 1.000000000000000000 ) ) ;
#8258 = EDGE_CURVE ( 'NONE', #3897, #3849, #9678, .T. ) ;
#8259 = DIRECTION ( 'NONE',  ( -1.000000000000000000, 0.000000000000000000, 0.000000000000000000 ) ) ;
#8260 = CARTESIAN_POINT ( 'NONE',  ( -22.79648619820133248, 0.6257066625931485548, 18.49903186946153966 ) ) ;
#8261 = CARTESIAN_POINT ( 'NONE',  ( 22.62500000000000000, 12.00000000000000000, 0.8672861625754170189 ) ) ;
#8262 = CARTESIAN_POINT ( 'NONE',  ( 17.32361960644803034, -4.883215774986107149, -26.87211408070772833 ) ) ;
#8263 = COORDINATED_UNIVERSAL_TIME_OFFSET ( 8, 0, .AHEAD. ) ;
#8265 = VECTOR ( 'NONE', #5163, 1000.000000000000000 ) ;
#8264 = CARTESIAN_POINT ( 'NONE',  ( 26.62500000000000000, -8.000000000000000000, 23.09999999999999787 ) ) ;
#8266 = ORIENTED_EDGE ( 'NONE', *, *, #4331, .T. ) ;
#8267 = EDGE_CURVE ( 'NONE', #2258, #128, #8426, .T. ) ;
#8268 = CARTESIAN_POINT ( 'NONE',  ( 3.851292301520074179, 14.93112854956058655, -14.95348292296928605 ) ) ;
#8269 = EDGE_CURVE ( 'NONE', #431, #5963, #6866, .T. ) ;
#8270 = CARTESIAN_POINT ( 'NONE',  ( 25.40308702607475055, 12.15719045456846104, 1.000000000000000000 ) ) ;
#8271 = CARTESIAN_POINT ( 'NONE',  ( -13.57500000000000107, -10.09999999999999964, 0.000000000000000000 ) ) ;
#8272 = CARTESIAN_POINT ( 'NONE',  ( -26.58130259014060215, -8.000000000000000000, 1.321357987355049834 ) ) ;
#8273 = CARTESIAN_POINT ( 'NONE',  ( -22.57703882412521423, -3.298796940692726221, 22.65605000157049886 ) ) ;
#8274 = DIRECTION ( 'NONE',  ( -0.7071067811865470176, -0.7071067811865480168, 0.000000000000000000 ) ) ;
#8275 = VERTEX_POINT ( 'NONE', #3768 ) ;
#8276 = CARTESIAN_POINT ( 'NONE',  ( 18.18977547499244452, 12.99899126765531143, -26.25107203100747455 ) ) ;
#8277 = CARTESIAN_POINT ( 'NONE',  ( 26.62500000000000000, 0.000000000000000000, 23.09999999999999787 ) ) ;
#8278 = CARTESIAN_POINT ( 'NONE',  ( -25.08596329217211363, 11.15626932667090188, 0.07006970437518234007 ) ) ;
#8279 = CARTESIAN_POINT ( 'NONE',  ( 24.83699253269324103, 11.32962637828314811, -19.00897370242300966 ) ) ;
#8280 = DIRECTION ( 'NONE',  ( 2.164016633576080066E-32, 1.000000000000000000, -8.673617379884039170E-17 ) ) ;
#8281 = FACE_OUTER_BOUND ( 'NONE', #4097, .T. ) ;
#8282 = CARTESIAN_POINT ( 'NONE',  ( -16.56062007662924884, 15.00000000000000000, -10.06437992337085952 ) ) ;
#8283 = LINE ( 'NONE', #705, #3918 ) ;
#8284 = ORIENTED_EDGE ( 'NONE', *, *, #6260, .F. ) ;
#8285 = DIRECTION ( 'NONE',  ( -2.164016633576080066E-32, 1.000000000000000000, 7.509625437129029427E-17 ) ) ;
#8286 = B_SPLINE_CURVE_WITH_KNOTS ( 'NONE', 2,
 ( #7436, #693, #3684 ),
 .UNSPECIFIED., .F., .F.,
 ( 3, 3 ),
 ( 0.000000000000000000, 0.6538262193368046260 ),
 .UNSPECIFIED. ) ;
#8287 = EDGE_LOOP ( 'NONE', ( #3012, #1316, #7109, #6658, #8195, #3053, #4805 ) ) ;
#8288 = EDGE_LOOP ( 'NONE', ( #4719, #5222, #6373, #9166 ) ) ;
#8289 = VECTOR ( 'NONE', #9158, 1000.000000000000000 ) ;
#8290 = ORIENTED_EDGE ( 'NONE', *, *, #5295, .F. ) ;
#8291 = CARTESIAN_POINT ( 'NONE',  ( 0.2915215547508633320, -13.46353547146935448, -34.75474774662830413 ) ) ;
#8292 = PLANE ( 'NONE',  #2666 ) ;
#8293 = CARTESIAN_POINT ( 'NONE',  ( -23.57499999999999929, -8.000000000000000000, -37.79999999999999716 ) ) ;
#8294 = CYLINDRICAL_SURFACE ( 'NONE', #3607, 1.049999999999998934 ) ;
#8295 = CARTESIAN_POINT ( 'NONE',  ( -24.62500000000000000, 8.000000000000000000, -39.30000000000000426 ) ) ;
#8296 = ORIENTED_EDGE ( 'NONE', *, *, #1585, .T. ) ;
#8297 = VERTEX_POINT ( 'NONE', #1508 ) ;
#8298 = ORIENTED_EDGE ( 'NONE', *, *, #4836, .F. ) ;
#8299 = AXIS2_PLACEMENT_3D ( 'NONE', #8812, #8120, #4421 ) ;
#8300 = EDGE_LOOP ( 'NONE', ( #8788, #5816, #1812, #9360 ) ) ;
#8301 = CARTESIAN_POINT ( 'NONE',  ( 7.829014785873200211, 14.78421494571413852, -25.00000000000000000 ) ) ;
#8302 = VECTOR ( 'NONE', #8699, 1000.000000000000000 ) ;
#8303 = CARTESIAN_POINT ( 'NONE',  ( -23.00031351690626025, -1.801352136499135614, 16.73077761800487906 ) ) ;
#8304 = CARTESIAN_POINT ( 'NONE',  ( -22.79198408649304142, 0.6250097776655403337, 18.54574731420150258 ) ) ;
#8305 = CARTESIAN_POINT ( 'NONE',  ( 5.029014785873200388, 17.98421494571415025, -25.00000000000000000 ) ) ;
#8306 = CARTESIAN_POINT ( 'NONE',  ( -22.57500000000000284, 3.250000000000000000, 23.09999999999999787 ) ) ;
#8307 = LINE ( 'NONE', #4459, #9527 ) ;
#8308 = VERTEX_POINT ( 'NONE', #4411 ) ;
#8309 = VECTOR ( 'NONE', #5871, 1000.000000000000000 ) ;
#8310 = CARTESIAN_POINT ( 'NONE',  ( 3.570122197767649830, 15.25135460600989923, -15.00000000000000000 ) ) ;
#8311 = PLANE ( 'NONE',  #8454 ) ;
#8312 = PLANE ( 'NONE',  #8476 ) ;
#8313 = DIRECTION ( 'NONE',  ( 1.000000000000000000, 0.000000000000000000, 2.881657216719180031E-16 ) ) ;
#8314 = CARTESIAN_POINT ( 'NONE',  ( -26.62500000000000000, 5.250000000000000000, 24.15000000000000213 ) ) ;
#8315 = CARTESIAN_POINT ( 'NONE',  ( 16.62500000000000000, -12.00000000000000000, 15.00000000000000000 ) ) ;
#8316 = CARTESIAN_POINT ( 'NONE',  ( 16.16742263089329867, 12.25815608898370002, -27.67572101558275222 ) ) ;
#8317 = VECTOR ( 'NONE', #148, 1000.000000000000000 ) ;
#8318 = EDGE_CURVE ( 'NONE', #8391, #7113, #8355, .T. ) ;
#8319 = EDGE_CURVE ( 'NONE', #3361, #3297, #5393, .T. ) ;
#8320 = EDGE_CURVE ( 'NONE', #4895, #4250, #8942, .T. ) ;
#8321 = CARTESIAN_POINT ( 'NONE',  ( -22.65436443002225175, 3.527863145256677324, 20.34278366678933381 ) ) ;
#8322 = CIRCLE ( 'NONE', #4069, 8.000000000000000000 ) ;
#8323 = CARTESIAN_POINT ( 'NONE',  ( 4.329014785873204652, 14.19919496893259847, -19.26490000000000080 ) ) ;
#8324 = CARTESIAN_POINT ( 'NONE',  ( 20.39963207171566140, 11.82497367073117367, -24.43420756125741278 ) ) ;
#8325 = CARTESIAN_POINT ( 'NONE',  ( 7.675000000000000711, 10.09999999999999964, -9.849999999999999645 ) ) ;
#8326 = CARTESIAN_POINT ( 'NONE',  ( -1.122604028082863969, 14.52279140376062117, -26.00000000000000000 ) ) ;
#8327 = CARTESIAN_POINT ( 'NONE',  ( 18.17312819460619977, 13.00000000560882008, 0.000000000000000000 ) ) ;
#8328 = CARTESIAN_POINT ( 'NONE',  ( -24.64517343854468479, -7.572145686324737390, 9.169884843019586285 ) ) ;
#8329 = AXIS2_PLACEMENT_3D ( 'NONE', #4680, #1676, #3800 ) ;
#8330 = EDGE_CURVE ( 'NONE', #9127, #6948, #6123, .T. ) ;
#8331 = CIRCLE ( 'NONE', #3608, 1.049999999999998934 ) ;
#8332 = ORIENTED_EDGE ( 'NONE', *, *, #6516, .F. ) ;
#8333 = DIRECTION ( 'NONE',  ( -1.000000000000000000, 0.000000000000000000, 0.000000000000000000 ) ) ;
#8334 = ORIENTED_EDGE ( 'NONE', *, *, #2908, .T. ) ;
#8335 = ORIENTED_EDGE ( 'NONE', *, *, #7486, .T. ) ;
#8336 = VECTOR ( 'NONE', #5076, 1000.000000000000000 ) ;
#8337 = ADVANCED_FACE ( 'NONE', ( #5146 ), #8161, .F. ) ;
#8338 = AXIS2_PLACEMENT_3D ( 'NONE', #3870, #6088, #138 ) ;
#8339 = CARTESIAN_POINT ( 'NONE',  ( -13.57500000000000284, -14.25784743878365468, -1.752413967168220843 ) ) ;
#8340 = DIRECTION ( 'NONE',  ( 2.478176394252581634E-16, 0.000000000000000000, -1.000000000000000000 ) ) ;
#8341 = CARTESIAN_POINT ( 'NONE',  ( 8.706587166043471271, -12.90737874645324013, -31.63343043816218980 ) ) ;
#8342 = CARTESIAN_POINT ( 'NONE',  ( -13.57500000000000107, -9.475357003913030596, 5.381102404194740174 ) ) ;
#8343 = VECTOR ( 'NONE', #5590, 1000.000000000000000 ) ;
#8344 = DIRECTION ( 'NONE',  ( -4.785727636935519874E-32, 1.000000000000000000, 2.710505431213760099E-16 ) ) ;
#8345 = DIRECTION ( 'NONE',  ( 1.000000000000000000, 0.000000000000000000, 0.000000000000000000 ) ) ;
#8346 = ORIENTED_EDGE ( 'NONE', *, *, #3666, .T. ) ;
#8347 = VERTEX_POINT ( 'NONE', #1693 ) ;
#8348 = ORIENTED_EDGE ( 'NONE', *, *, #8546, .F. ) ;
#8349 = ORIENTED_EDGE ( 'NONE', *, *, #675, .T. ) ;
#8350 = EDGE_CURVE ( 'NONE', #8702, #6544, #7655, .T. ) ;
#8351 = DIRECTION ( 'NONE',  ( 0.000000000000000000, 0.000000000000000000, -1.000000000000000000 ) ) ;
#8352 = CARTESIAN_POINT ( 'NONE',  ( 3.024999999999999911, -14.28421494571413852, 0.000000000000000000 ) ) ;
#8353 = CARTESIAN_POINT ( 'NONE',  ( -22.78972322159733466, -0.6250602620379198671, 18.56948930073473747 ) ) ;
#8354 = CARTESIAN_POINT ( 'NONE',  ( 12.22901478587320057, 19.28421494571415096, -15.00000000000000000 ) ) ;
#8355 = LINE ( 'NONE', #4456, #5724 ) ;
#8356 = CARTESIAN_POINT ( 'NONE',  ( 8.038383195345682353, 14.81030119611392593, -14.99278062824985547 ) ) ;
#8357 = PERSON_AND_ORGANIZATION ( #2905, #8251 ) ;
#8358 = CARTESIAN_POINT ( 'NONE',  ( -13.96814575050770024, -14.95551785225860009, -32.72792206135789428 ) ) ;
#8359 = EDGE_CURVE ( 'NONE', #9071, #4125, #7015, .T. ) ;
#8360 = ORIENTED_EDGE ( 'NONE', *, *, #2682, .T. ) ;
#8361 = CARTESIAN_POINT ( 'NONE',  ( 3.700005435274056786, 15.06250288795410874, -14.98369161953739592 ) ) ;
#8362 = CARTESIAN_POINT ( 'NONE',  ( 3.024999999999999911, -14.28421494571413852, -10.00000000000000000 ) ) ;
#8363 = DIRECTION ( 'NONE',  ( 1.000000000000000000, 0.000000000000000000, 0.000000000000000000 ) ) ;
#8364 = CARTESIAN_POINT ( 'NONE',  ( -10.43261184457493940, 14.88244887111398107, -29.19238815542515297 ) ) ;
#8365 = DIRECTION ( 'NONE',  ( 1.000000000000000000, 0.000000000000000000, 2.881657216719184962E-16 ) ) ;
#8366 = CARTESIAN_POINT ( 'NONE',  ( 25.34348004990169301, 12.16474966582517858, -15.44240975521612036 ) ) ;
#8367 = CARTESIAN_POINT ( 'NONE',  ( -16.71190558477089638, 14.98867848927591950, -37.17243836704579962 ) ) ;
#8368 = ADVANCED_FACE ( 'NONE', ( #9234 ), #3322, .F. ) ;
#8369 = DIRECTION ( 'NONE',  ( 0.000000000000000000, 0.000000000000000000, 1.000000000000000000 ) ) ;
#8370 = CARTESIAN_POINT ( 'NONE',  ( -26.27861450854065950, 9.601593357244778915, 0.6880381028555341283 ) ) ;
#8371 = CARTESIAN_POINT ( 'NONE',  ( 12.22945031125109061, 12.61846588012994275, -29.94893305614748513 ) ) ;
#8372 = LINE ( 'NONE', #6888, #5320 ) ;
#8373 = PLANE ( 'NONE',  #2507 ) ;
#8374 = ADVANCED_FACE ( 'NONE', ( #4004 ), #9183, .F. ) ;
#8375 = CARTESIAN_POINT ( 'NONE',  ( -22.59371942267129896, 12.00000000000000000, -0.2792407799438629823 ) ) ;
#8376 = DIRECTION ( 'NONE',  ( 0.000000000000000000, 0.000000000000000000, -1.000000000000000000 ) ) ;
#8377 = ORIENTED_EDGE ( 'NONE', *, *, #4877, .T. ) ;
#8378 = FACE_OUTER_BOUND ( 'NONE', #2991, .T. ) ;
#8379 = ORIENTED_EDGE ( 'NONE', *, *, #5047, .F. ) ;
#8380 = CARTESIAN_POINT ( 'NONE',  ( -19.62500000000000000, -15.00000000000000000, -2.081668171172170091E-14 ) ) ;
#8381 = EDGE_CURVE ( 'NONE', #673, #3865, #6178, .T. ) ;
#8382 = EDGE_LOOP ( 'NONE', ( #8105, #3309, #7074, #3464 ) ) ;
#8383 = CARTESIAN_POINT ( 'NONE',  ( 20.79715356330864751, -11.78231026888274791, -24.07011184569038065 ) ) ;
#8384 = CARTESIAN_POINT ( 'NONE',  ( -17.23915675817683635, -14.99232690984343286, -37.21101438427545816 ) ) ;
#8385 = CC_DESIGN_PERSON_AND_ORGANIZATION_ASSIGNMENT ( #6581, #727, ( #7892 ) ) ;
#8386 = FACE_OUTER_BOUND ( 'NONE', #9222, .T. ) ;
#8387 = EDGE_CURVE ( 'NONE', #5531, #2083, #7752, .T. ) ;
#8388 = FACE_OUTER_BOUND ( 'NONE', #3852, .T. ) ;
#8389 = ORIENTED_EDGE ( 'NONE', *, *, #8676, .T. ) ;
#8390 = ORIENTED_EDGE ( 'NONE', *, *, #8267, .T. ) ;
#8391 = VERTEX_POINT ( 'NONE', #2583 ) ;
#8392 = ORIENTED_EDGE ( 'NONE', *, *, #8741, .T. ) ;
#8393 = AXIS2_PLACEMENT_3D ( 'NONE', #3853, #6859, #5982 ) ;
#8394 = DIRECTION ( 'NONE',  ( 1.000000000000000000, 0.000000000000000000, 1.765621858500564986E-16 ) ) ;
#8395 = DIRECTION ( 'NONE',  ( 0.000000000000000000, 0.000000000000000000, -1.000000000000000000 ) ) ;
#8396 = FACE_OUTER_BOUND ( 'NONE', #2820, .T. ) ;
#8397 = CARTESIAN_POINT ( 'NONE',  ( -22.94603161131247759, -1.200581880312344252, 17.14942863589243771 ) ) ;
#8398 = CARTESIAN_POINT ( 'NONE',  ( -22.65730598369932025, 1.600381169002901949, 20.29089876332987430 ) ) ;
#8399 = CARTESIAN_POINT ( 'NONE',  ( -5.063168377836501755, -12.09999999999999964, -34.20981753493092015 ) ) ;
#8400 = CARTESIAN_POINT ( 'NONE',  ( 8.013089272818426423, 14.80428387573231319, -14.99177582140311848 ) ) ;
#8401 = EDGE_LOOP ( 'NONE', ( #1597, #8817 ) ) ;
#8402 = B_SPLINE_CURVE_WITH_KNOTS ( 'NONE', 3,
 ( #2713, #3397, #8575, #4133, #7936, #2755, #7096, #8719, #1822, #5658, #7887, #6399 ),
 .UNSPECIFIED., .F., .F.,
 ( 4, 2, 2, 2, 2, 4 ),
 ( 0.000000000000000000, 0.2499999999999867883, 0.3749999999999830691, 0.4374999999999856226, 0.4999999999999882316, 1.000000000000000000 ),
 .UNSPECIFIED. ) ;
#8403 = EDGE_CURVE ( 'NONE', #1126, #2648, #8500, .T. ) ;
#8404 = CARTESIAN_POINT ( 'NONE',  ( -26.62500000000000000, -5.250000000000000000, 25.10000000000000142 ) ) ;
#8405 = CARTESIAN_POINT ( 'NONE',  ( -26.62500000000000000, -5.250000000000000000, 21.10000000000000142 ) ) ;
#8406 = AXIS2_PLACEMENT_3D ( 'NONE', #4015, #5543, #7131 ) ;
#8407 = DIRECTION ( 'NONE',  ( 1.000000000000000000, 0.000000000000000000, 0.000000000000000000 ) ) ;
#8408 = CARTESIAN_POINT ( 'NONE',  ( -10.62712255461673827, -12.09999999999999964, -37.37460308602189940 ) ) ;
#8409 = LINE ( 'NONE', #6880, #1 ) ;
#8410 = CARTESIAN_POINT ( 'NONE',  ( 26.62500000000000000, 11.12083830918276028, 5.204170427930419706E-15 ) ) ;
#8411 = CARTESIAN_POINT ( 'NONE',  ( -18.45663140135964753, 14.99857502726100122, -37.28044889998369626 ) ) ;
#8412 = ORIENTED_EDGE ( 'NONE', *, *, #1460, .F. ) ;
#8413 = B_SPLINE_CURVE_WITH_KNOTS ( 'NONE', 3,
 ( #4106, #1898, #1212, #7270 ),
 .UNSPECIFIED., .F., .F.,
 ( 4, 4 ),
 ( 0.000000000000000000, 0.01300053146097862079 ),
 .UNSPECIFIED. ) ;
#8414 = AXIS2_PLACEMENT_3D ( 'NONE', #3872, #6042, #90 ) ;
#8415 = CARTESIAN_POINT ( 'NONE',  ( -22.85886672544675591, 4.512950712688248878, 17.89298821351741609 ) ) ;
#8416 = DIRECTION ( 'NONE',  ( 1.000000000000000000, 0.000000000000000000, 0.000000000000000000 ) ) ;
#8417 = EDGE_CURVE ( 'NONE', #7405, #5442, #7805, .T. ) ;
#8418 = CARTESIAN_POINT ( 'NONE',  ( -11.07499999999999929, 0.000000000000000000, 23.09999999999999787 ) ) ;
#8419 = DIRECTION ( 'NONE',  ( 0.000000000000000000, 0.000000000000000000, -1.000000000000000000 ) ) ;
#8420 = CARTESIAN_POINT ( 'NONE',  ( -19.62500000000000000, -15.00000000000000000, -37.29999999999999716 ) ) ;
#8421 = LINE ( 'NONE', #7779, #6225 ) ;
#8422 = CARTESIAN_POINT ( 'NONE',  ( -24.65854147323486956, -7.550327203968440593, 9.125968531401934314 ) ) ;
#8423 = ORIENTED_EDGE ( 'NONE', *, *, #5245, .F. ) ;
#8424 = CARTESIAN_POINT ( 'NONE',  ( -25.91429646700177258, -8.647792515049111728, 5.088209185381280086 ) ) ;
#8425 = ORIENTED_EDGE ( 'NONE', *, *, #678, .T. ) ;
#8426 = B_SPLINE_CURVE_WITH_KNOTS ( 'NONE', 3,
 ( #1555, #2935, #1419, #2246, #35, #3719, #3033, #5241, #2289, #7468, #9088, #9038, #3859, #5288, #6675, #1463, #4499, #2987, #8261 ),
 .UNSPECIFIED., .F., .F.,
 ( 4, 2, 2, 1, 2, 2, 2, 2, 2, 4 ),
 ( 0.000000000000000000, 0.1250000000000152656, 0.1875000000000223432, 0.2187500000000272282, 0.2343750000000300870, 0.2500000000000329736, 0.3750000000000275890, 0.4375000000000248690, 0.5000000000000222045, 1.000000000000000000 ),
 .UNSPECIFIED. ) ;
#8427 = ADVANCED_FACE ( 'NONE', ( #4695 ), #4853, .F. ) ;
#8428 = CARTESIAN_POINT ( 'NONE',  ( -26.62500000000000000, -14.32379000772443867, -1.774596669241474967 ) ) ;
#8429 = CARTESIAN_POINT ( 'NONE',  ( 4.042105211828451061, 14.83295690604271044, -25.07670813599918702 ) ) ;
#8430 = CARTESIAN_POINT ( 'NONE',  ( 12.09567774323886802, -12.63100732655148839, -30.02783276529279277 ) ) ;
#8431 = DIRECTION ( 'NONE',  ( -4.785727636935510021E-32, -1.000000000000000000, 2.710505431213755169E-16 ) ) ;
#8432 = CARTESIAN_POINT ( 'NONE',  ( 16.62500000000000000, -8.500000000000000000, 15.00000000000000000 ) ) ;
#8433 = LINE ( 'NONE', #64, #6567 ) ;
#8434 = ORIENTED_EDGE ( 'NONE', *, *, #3321, .F. ) ;
#8435 = ORIENTED_EDGE ( 'NONE', *, *, #8064, .T. ) ;
#8436 = ORIENTED_EDGE ( 'NONE', *, *, #9591, .T. ) ;
#8437 = ORIENTED_EDGE ( 'NONE', *, *, #3233, .F. ) ;
#8438 = EDGE_CURVE ( 'NONE', #7267, #1512, #175, .T. ) ;
#8439 = EDGE_LOOP ( 'NONE', ( #8830, #1362, #5225, #8179 ) ) ;
#8440 = CIRCLE ( 'NONE', #4353, 1.049999999999998934 ) ;
#8441 = EDGE_CURVE ( 'NONE', #2648, #8831, #2418, .T. ) ;
#8442 = EDGE_CURVE ( 'NONE', #7851, #3420, #8081, .T. ) ;
#8443 = CARTESIAN_POINT ( 'NONE',  ( -18.21811974579579996, 13.12500000000000000, -38.26673052524024854 ) ) ;
#8444 = FACE_BOUND ( 'NONE', #7450, .T. ) ;
#8445 = LINE ( 'NONE', #6216, #2496 ) ;
#8446 = CARTESIAN_POINT ( 'NONE',  ( -22.76600795185500914, -0.6426507456020448261, 18.82721536851991218 ) ) ;
#8447 = CARTESIAN_POINT ( 'NONE',  ( -26.59798370954086266, 8.303280027515818063, 1.045534759692832605 ) ) ;
#8448 = AXIS2_PLACEMENT_3D ( 'NONE', #8943, #8162, #7192 ) ;
#8449 = DIRECTION ( 'NONE',  ( -3.003850174851609799E-16, -7.509625437129029427E-17, 1.000000000000000000 ) ) ;
#8450 = LINE ( 'NONE', #36, #4198 ) ;
#8451 = VERTEX_POINT ( 'NONE', #1848 ) ;
#8452 = ORIENTED_EDGE ( 'NONE', *, *, #3425, .F. ) ;
#8453 = ORIENTED_EDGE ( 'NONE', *, *, #5293, .F. ) ;
#8454 = AXIS2_PLACEMENT_3D ( 'NONE', #6131, #3916, #1756 ) ;
#8455 = CARTESIAN_POINT ( 'NONE',  ( -26.62500000000000000, -15.00000000000000000, -4.000000000000000000 ) ) ;
#8456 = AXIS2_PLACEMENT_3D ( 'NONE', #3338, #5549, #8522 ) ;
#8457 = DIRECTION ( 'NONE',  ( 0.000000000000000000, 0.000000000000000000, -1.000000000000000000 ) ) ;
#8458 = CARTESIAN_POINT ( 'NONE',  ( 15.12500000000000000, 2.625000000000000000, 27.64663336986830089 ) ) ;
#8459 = DIRECTION ( 'NONE',  ( 0.000000000000000000, 0.000000000000000000, -1.000000000000000000 ) ) ;
#8460 = CARTESIAN_POINT ( 'NONE',  ( 2.512659147718469654, 14.32095831927338025, -26.00000000000000000 ) ) ;
#8461 = CARTESIAN_POINT ( 'NONE',  ( 25.54308427028489703, 12.13940478769866083, -14.56246323108361196 ) ) ;
#8462 = DIRECTION ( 'NONE',  ( -1.292857237214519939E-16, 1.000000000000000000, 0.000000000000000000 ) ) ;
#8463 = ORIENTED_EDGE ( 'NONE', *, *, #4953, .F. ) ;
#8464 = CARTESIAN_POINT ( 'NONE',  ( -22.84807075656690145, 4.545341405072436558, 17.99315089537108747 ) ) ;
#8465 = CARTESIAN_POINT ( 'NONE',  ( -26.61508499713763953, -8.778493682888798944, 0.6296893743762923545 ) ) ;
#8466 = CARTESIAN_POINT ( 'NONE',  ( -22.90906974220719761, -4.295113211775453799, 17.45110544285623178 ) ) ;
#8467 = CARTESIAN_POINT ( 'NONE',  ( 10.44469985573428872, 12.38660561078507349, 0.2083481064208573819 ) ) ;
#8468 = CARTESIAN_POINT ( 'NONE',  ( -11.07499999999999929, -2.625000000000000000, 18.55336663013169840 ) ) ;
#8469 = AXIS2_PLACEMENT_3D ( 'NONE', #3191, #3148, #5397 ) ;
#8470 = CARTESIAN_POINT ( 'NONE',  ( 12.67500000000000071, 10.09999999999999964, -9.849999999999999645 ) ) ;
#8471 = DIRECTION ( 'NONE',  ( 0.000000000000000000, 0.000000000000000000, 1.000000000000000000 ) ) ;
#8472 = DIRECTION ( 'NONE',  ( 0.000000000000000000, 0.000000000000000000, -1.000000000000000000 ) ) ;
#8473 = VERTEX_POINT ( 'NONE', #5428 ) ;
#8474 = CYLINDRICAL_SURFACE ( 'NONE', #2119, 4.000000000000000000 ) ;
#8475 = VERTEX_POINT ( 'NONE', #3173 ) ;
#8476 = AXIS2_PLACEMENT_3D ( 'NONE', #1565, #1609, #137 ) ;
#8477 = DIRECTION ( 'NONE',  ( 0.000000000000000000, 0.000000000000000000, 1.000000000000000000 ) ) ;
#8478 = CARTESIAN_POINT ( 'NONE',  ( 3.830540444695676783, 14.94292296680313292, -25.04274561830836276 ) ) ;
#8479 = CARTESIAN_POINT ( 'NONE',  ( 9.508692737903981396, -12.69097696932266928, 0.04885456213649330692 ) ) ;
#8480 = CIRCLE ( 'NONE', #1436, 6.999999999999999112 ) ;
#8481 = AXIS2_PLACEMENT_3D ( 'NONE', #1211, #4200, #6521 ) ;
#8482 = CARTESIAN_POINT ( 'NONE',  ( 22.62500000000000000, -12.00000000000000000, 1.000000000000000000 ) ) ;
#8483 = DIRECTION ( 'NONE',  ( 0.000000000000000000, 0.000000000000000000, 1.000000000000000000 ) ) ;
#8484 = EDGE_CURVE ( 'NONE', #8978, #3473, #1123, .T. ) ;
#8485 = VERTEX_POINT ( 'NONE', #3505 ) ;
#8486 = CIRCLE ( 'NONE', #8020, 20.00000000000000000 ) ;
#8487 = VERTEX_POINT ( 'NONE', #9138 ) ;
#8488 = VERTEX_POINT ( 'NONE', #2384 ) ;
#8489 = VERTEX_POINT ( 'NONE', #6169 ) ;
#8490 = ORIENTED_EDGE ( 'NONE', *, *, #3435, .F. ) ;
#8491 = AXIS2_PLACEMENT_3D ( 'NONE', #2278, #3944, #6953 ) ;
#8492 = VECTOR ( 'NONE', #1475, 1000.000000000000000 ) ;
#8493 = DIRECTION ( 'NONE',  ( 0.9403559010022509712, 0.000000000000000000, -0.3401922683575347994 ) ) ;
#8494 = CARTESIAN_POINT ( 'NONE',  ( 20.62500000000000000, -2.625000000000000000, 18.55336663013169840 ) ) ;
#8495 = CARTESIAN_POINT ( 'NONE',  ( 20.62500000000000000, 2.625000000000000000, 27.64663336986835063 ) ) ;
#8496 = EDGE_CURVE ( 'NONE', #419, #6479, #1647, .T. ) ;
#8497 = CARTESIAN_POINT ( 'NONE',  ( 7.829014785873201987, 14.66747873405967262, -14.96667156476216931 ) ) ;
#8498 = CIRCLE ( 'NONE', #5337, 2.000000000000001776 ) ;
#8499 = CARTESIAN_POINT ( 'NONE',  ( -10.37500000000000000, -14.88096929338441932, -10.00000000000000000 ) ) ;
#8500 = LINE ( 'NONE', #1747, #1331 ) ;
#8501 = CARTESIAN_POINT ( 'NONE',  ( 25.62500000000000000, -11.12083830918276028, 5.204170427930419706E-15 ) ) ;
#8502 = ORIENTED_EDGE ( 'NONE', *, *, #1083, .T. ) ;
#8503 = ORIENTED_EDGE ( 'NONE', *, *, #6369, .F. ) ;
#8504 = EDGE_CURVE ( 'NONE', #3256, #2778, #3614, .T. ) ;
#8505 = ORIENTED_EDGE ( 'NONE', *, *, #5742, .T. ) ;
#8506 = VECTOR ( 'NONE', #2993, 1000.000000000000000 ) ;
#8507 = EDGE_CURVE ( 'NONE', #4534, #7158, #4438, .T. ) ;
#8508 = AXIS2_PLACEMENT_3D ( 'NONE', #1213, #7271, #7908 ) ;
#8509 = EDGE_CURVE ( 'NONE', #1559, #7451, #6555, .T. ) ;
#8510 = CARTESIAN_POINT ( 'NONE',  ( -23.90028431221865191, -15.00000000000000000, -4.000000000000000000 ) ) ;
#8511 = DIRECTION ( 'NONE',  ( 0.000000000000000000, 0.000000000000000000, 1.000000000000000000 ) ) ;
#8512 = CARTESIAN_POINT ( 'NONE',  ( -24.70781641476209955, -12.23319066906029917, -1.077730223020088030 ) ) ;
#8513 = EDGE_CURVE ( 'NONE', #1071, #8877, #3602, .T. ) ;
#8514 = CYLINDRICAL_SURFACE ( 'NONE', #1008, 1.000000000000000888 ) ;
#8515 = ADVANCED_FACE ( 'NONE', ( #2816 ), #5912, .F. ) ;
#8516 = CARTESIAN_POINT ( 'NONE',  ( 23.59623346300044844, 11.88533122549181975, 0.8669372277132979532 ) ) ;
#8517 = CARTESIAN_POINT ( 'NONE',  ( 7.565535038689344738, 13.96744459426401441, -31.07060783175679219 ) ) ;
#8518 = CARTESIAN_POINT ( 'NONE',  ( 11.35875368983060696, 13.66278967854119131, -24.99999999999363709 ) ) ;
#8519 = ORIENTED_EDGE ( 'NONE', *, *, #2782, .T. ) ;
#8520 = EDGE_LOOP ( 'NONE', ( #1789, #5518, #8379, #6162, #3346, #2962 ) ) ;
#8521 = CARTESIAN_POINT ( 'NONE',  ( -22.92176567208808535, 4.220218253346017079, 17.34525307098350666 ) ) ;
#8522 = DIRECTION ( 'NONE',  ( 0.000000000000000000, 1.000000000000000000, 0.000000000000000000 ) ) ;
#8523 = CARTESIAN_POINT ( 'NONE',  ( 26.62500000000000000, 14.16787163341028055, -14.20101887020063991 ) ) ;
#8524 = LINE ( 'NONE', #7035, #4547 ) ;
#8525 = CARTESIAN_POINT ( 'NONE',  ( -22.58086410815896627, 7.104249054965869448, 22.35048081788631791 ) ) ;
#8526 = CARTESIAN_POINT ( 'NONE',  ( -26.62500000000000000, 15.00000000000000000, -39.30000000000000426 ) ) ;
#8527 = CARTESIAN_POINT ( 'NONE',  ( -19.62500000000000000, 28.10000000000000142, -20.00000000000000000 ) ) ;
#8528 = CARTESIAN_POINT ( 'NONE',  ( -24.59914651805480545, -7.663751880347001944, 9.322375439212162718 ) ) ;
#8529 = ORIENTED_EDGE ( 'NONE', *, *, #4461, .T. ) ;
#8530 = CARTESIAN_POINT ( 'NONE',  ( 7.675000000000000711, 10.09999999999999964, -29.90188843073610059 ) ) ;
#8531 = ORIENTED_EDGE ( 'NONE', *, *, #6573, .F. ) ;
#8532 = CARTESIAN_POINT ( 'NONE',  ( -21.05128458989240059, -14.32379000772474953, -1.774596669241577773 ) ) ;
#8533 = CARTESIAN_POINT ( 'NONE',  ( -11.07499999999999929, 8.572527594031470232E-16, 16.10000000000000142 ) ) ;
#8534 = CARTESIAN_POINT ( 'NONE',  ( 9.585537686466361507, -12.66474420909546872, 0.05786843388862410176 ) ) ;
#8535 = CARTESIAN_POINT ( 'NONE',  ( -13.18729834117663557, -14.94243536826741092, -36.77104270203083303 ) ) ;
#8536 = CARTESIAN_POINT ( 'NONE',  ( 18.17312819460619977, 13.00000000560882008, 0.000000000000000000 ) ) ;
#8537 = DIRECTION ( 'NONE',  ( 0.000000000000000000, 0.000000000000000000, -1.000000000000000000 ) ) ;
#8538 = EDGE_LOOP ( 'NONE', ( #7681, #5582, #334, #8047 ) ) ;
#8539 = ORIENTED_EDGE ( 'NONE', *, *, #2046, .T. ) ;
#8540 = VERTEX_POINT ( 'NONE', #8093 ) ;
#8541 = ORIENTED_EDGE ( 'NONE', *, *, #635, .T. ) ;
#8542 = ORIENTED_EDGE ( 'NONE', *, *, #814, .T. ) ;
#8543 = CARTESIAN_POINT ( 'NONE',  ( -26.46000000000000085, 8.000000000000000000, -37.79999999999999716 ) ) ;
#8544 = DIRECTION ( 'NONE',  ( -1.765621858500564986E-16, 0.000000000000000000, 1.000000000000000000 ) ) ;
#8545 = CARTESIAN_POINT ( 'NONE',  ( -26.47028860559255747, -9.033149696855987898, 0.9125896449842486602 ) ) ;
#8546 = EDGE_CURVE ( 'NONE', #524, #7132, #9188, .T. ) ;
#8547 = CARTESIAN_POINT ( 'NONE',  ( 7.829014785873210869, 13.94727521435340023, -14.00000000000000000 ) ) ;
#8548 = DIRECTION ( 'NONE',  ( 1.000000000000000000, 0.000000000000000000, 0.000000000000000000 ) ) ;
#8549 = DIRECTION ( 'NONE',  ( 1.000000000000000000, 0.000000000000000000, 0.000000000000000000 ) ) ;
#8550 = LINE ( 'NONE', #1849, #6746 ) ;
#8551 = ORIENTED_EDGE ( 'NONE', *, *, #5102, .F. ) ;
#8552 = ORIENTED_EDGE ( 'NONE', *, *, #5069, .F. ) ;
#8553 = ORIENTED_EDGE ( 'NONE', *, *, #4405, .F. ) ;
#8554 = EDGE_CURVE ( 'NONE', #8692, #4729, #3363, .T. ) ;
#8555 = AXIS2_PLACEMENT_3D ( 'NONE', #6025, #1642, #3168 ) ;
#8556 = EDGE_CURVE ( 'NONE', #1490, #6955, #6440, .T. ) ;
#8557 = CARTESIAN_POINT ( 'NONE',  ( -21.85674754639859785, -15.00000000000000000, -4.000000000000000000 ) ) ;
#8558 = CARTESIAN_POINT ( 'NONE',  ( 23.59623346300044844, -11.88533122549181975, 0.8669372277133390314 ) ) ;
#8559 = CARTESIAN_POINT ( 'NONE',  ( -20.15380024153554928, 15.00000000000000000, -4.000000000000000000 ) ) ;
#8560 = LINE ( 'NONE', #9306, #3924 ) ;
#8561 = CARTESIAN_POINT ( 'NONE',  ( 23.40491147473619904, 11.92809943218401969, 0.8512532158583610009 ) ) ;
#8562 = CARTESIAN_POINT ( 'NONE',  ( -16.00753715705332780, 14.98182047701770259, -37.10696977294413301 ) ) ;
#8564 = VECTOR ( 'NONE', #7860, 1000.000000000000000 ) ;
#8563 = FACE_OUTER_BOUND ( 'NONE', #6534, .T. ) ;
#8565 = ORIENTED_EDGE ( 'NONE', *, *, #4463, .T. ) ;
#8566 = ADVANCED_FACE ( 'NONE', ( #6007 ), #9015, .T. ) ;
#8567 = ORIENTED_EDGE ( 'NONE', *, *, #5392, .T. ) ;
#8568 = VECTOR ( 'NONE', #7766, 1000.000000000000000 ) ;
#8569 = DIRECTION ( 'NONE',  ( 0.000000000000000000, 0.000000000000000000, -1.000000000000000000 ) ) ;
#8570 = CARTESIAN_POINT ( 'NONE',  ( -22.93880383465118911, -4.107016094570802522, 17.20707409710906077 ) ) ;
#8571 = CARTESIAN_POINT ( 'NONE',  ( -11.79305757326985216, -14.91474618690955900, -9.676291327399857423 ) ) ;
#8572 = CARTESIAN_POINT ( 'NONE',  ( 26.62500000000000000, 5.250000000000000000, 23.09999999999999787 ) ) ;
#8573 = CARTESIAN_POINT ( 'NONE',  ( -13.57500000000000107, 12.00000000000000000, -0.2792407799438615390 ) ) ;
#8574 = CARTESIAN_POINT ( 'NONE',  ( -26.62500000000000000, -5.250000000000000000, 22.05000000000000071 ) ) ;
#8575 = CARTESIAN_POINT ( 'NONE',  ( 8.227953066511904723, 14.88259277036128481, -25.00051027145465810 ) ) ;
#8576 = FACE_OUTER_BOUND ( 'NONE', #7160, .T. ) ;
#8577 = ORIENTED_EDGE ( 'NONE', *, *, #249, .F. ) ;
#8578 = CARTESIAN_POINT ( 'NONE',  ( 20.62500000000000000, -5.250000000000000000, 23.09999999999999787 ) ) ;
#8579 = ORIENTED_EDGE ( 'NONE', *, *, #510, .F. ) ;
#8580 = CARTESIAN_POINT ( 'NONE',  ( -24.89842205948449916, -12.14945700914992166, -1.049819003049970112 ) ) ;
#8581 = CARTESIAN_POINT ( 'NONE',  ( 15.12500000000000000, 0.000000000000000000, 16.10000000000000142 ) ) ;
#8582 = CARTESIAN_POINT ( 'NONE',  ( -5.396398685561631048, -13.72639624798202007, -36.29404080055154225 ) ) ;
#8583 = CARTESIAN_POINT ( 'NONE',  ( 6.585496492354003806, -14.04091126159842950, -31.47827625793529194 ) ) ;
#8584 = CARTESIAN_POINT ( 'NONE',  ( 3.024999999999999911, 14.28421494571413852, 0.000000000000000000 ) ) ;
#8585 = DIRECTION ( 'NONE',  ( -1.000000000000000000, 0.000000000000000000, -1.765621858500564986E-16 ) ) ;
#8586 = EDGE_LOOP ( 'NONE', ( #2032, #5280, #5545, #4047 ) ) ;
#8587 = EDGE_LOOP ( 'NONE', ( #5091, #5619, #6769, #8207, #4986 ) ) ;
#8588 = ORIENTED_EDGE ( 'NONE', *, *, #4209, .T. ) ;
#8589 = ORIENTED_EDGE ( 'NONE', *, *, #2538, .T. ) ;
#8590 = ORIENTED_EDGE ( 'NONE', *, *, #3723, .F. ) ;
#8591 = LINE ( 'NONE', #4847, #5959 ) ;
#8592 = CARTESIAN_POINT ( 'NONE',  ( -26.62500000000000000, 5.250000000000000000, 25.10000000000000142 ) ) ;
#8593 = CARTESIAN_POINT ( 'NONE',  ( -26.34180448394116780, -9.441957003389601866, 0.7511036241135198299 ) ) ;
#8594 = CARTESIAN_POINT ( 'NONE',  ( -0.9704847035274597467, 14.52648773998604526, -25.84807609686852103 ) ) ;
#8595 = DIRECTION ( 'NONE',  ( 0.7071067811865525687, 0.000000000000000000, 0.7071067811865424657 ) ) ;
#8596 = CARTESIAN_POINT ( 'NONE',  ( 7.892821782178219614, -12.09999999999999964, -31.98578938135894489 ) ) ;
#8597 = CARTESIAN_POINT ( 'NONE',  ( 16.62500000000000000, -8.500000000000000000, 15.00000000000000000 ) ) ;
#8598 = ORIENTED_EDGE ( 'NONE', *, *, #2580, .F. ) ;
#8599 = VERTEX_POINT ( 'NONE', #3791 ) ;
#8600 = ORIENTED_EDGE ( 'NONE', *, *, #117, .T. ) ;
#8601 = VECTOR ( 'NONE', #8836, 1000.000000000000000 ) ;
#8602 = CARTESIAN_POINT ( 'NONE',  ( -12.92707508023929996, -14.94821963888454164, -4.000000000000000000 ) ) ;
#8603 = VECTOR ( 'NONE', #6652, 1000.000000000000000 ) ;
#8604 = CARTESIAN_POINT ( 'NONE',  ( 20.62500000000000000, 2.625000000000000000, 27.64663336986835063 ) ) ;
#8605 = CARTESIAN_POINT ( 'NONE',  ( -18.79144685045000074, 10.99918730756521867, 2.602085213965209853E-15 ) ) ;
#8606 = DIRECTION ( 'NONE',  ( 0.000000000000000000, 0.9486832980505136570, -0.3162277660168383853 ) ) ;
#8607 = EDGE_CURVE ( 'NONE', #7507, #5878, #5317, .T. ) ;
#8608 = CARTESIAN_POINT ( 'NONE',  ( -22.59947188050725941, -3.957357166478616239, 21.56414330341546304 ) ) ;
#8609 = CARTESIAN_POINT ( 'NONE',  ( 1.014105696064210527, 14.40593277656001270, -33.48823940053294734 ) ) ;
#8610 = CARTESIAN_POINT ( 'NONE',  ( -13.57499999999994955, 14.94911507824260610, -3.598239655826501959 ) ) ;
#8611 = ORIENTED_EDGE ( 'NONE', *, *, #9565, .T. ) ;
#8612 = B_SPLINE_CURVE_WITH_KNOTS ( 'NONE', 3,
 ( #9403, #6280, #6380, #5491, #9305, #1909, #8512, #1178, #7173, #438, #977, #6432, #3429, #9455 ),
 .UNSPECIFIED., .F., .F.,
 ( 4, 2, 2, 2, 2, 2, 4 ),
 ( 0.000000000000000000, 0.001169459240887710033, 0.001754188861331565158, 0.002338918481775420066, 0.002923648102219275190, 0.003508377722663134652, 0.004677836963550829723 ),
 .UNSPECIFIED. ) ;
#8613 = AXIS2_PLACEMENT_3D ( 'NONE', #9557, #5061, #649 ) ;
#8614 = ORIENTED_EDGE ( 'NONE', *, *, #3321, .T. ) ;
#8615 = FACE_BOUND ( 'NONE', #5867, .T. ) ;
#8616 = CARTESIAN_POINT ( 'NONE',  ( -22.57500000000000284, 0.000000000000000000, 23.09999999999999787 ) ) ;
#8617 = CARTESIAN_POINT ( 'NONE',  ( -23.00929879199922112, -3.282777411879001850, 16.66411067303697635 ) ) ;
#8618 = CARTESIAN_POINT ( 'NONE',  ( 17.62500000000000000, -12.00000000000000000, 1.609473892513944881E-15 ) ) ;
#8619 = CARTESIAN_POINT ( 'NONE',  ( -22.61001811384842952, 6.053786081490344806, 21.26856124305757234 ) ) ;
#8620 = EDGE_CURVE ( 'NONE', #3603, #8052, #5269, .T. ) ;
#8621 = CARTESIAN_POINT ( 'NONE',  ( -19.62500000000000000, 11.14271062174729998, -35.79999999999999716 ) ) ;
#8622 = AXIS2_PLACEMENT_3D ( 'NONE', #8104, #8740, #8005 ) ;
#8623 = CARTESIAN_POINT ( 'NONE',  ( -16.57499999999999929, -2.625000000000000000, 27.64663336986830089 ) ) ;
#8624 = DIRECTION ( 'NONE',  ( -1.000000000000000000, 0.000000000000000000, -1.765621858500564986E-16 ) ) ;
#8625 = CARTESIAN_POINT ( 'NONE',  ( 26.62500000000000000, 0.000000000000000000, 31.09999999999999787 ) ) ;
#8626 = ORIENTED_EDGE ( 'NONE', *, *, #5485, .F. ) ;
#8627 = PLANE ( 'NONE',  #3529 ) ;
#8628 = EDGE_CURVE ( 'NONE', #817, #6302, #6197, .T. ) ;
#8629 = ADVANCED_FACE ( 'NONE', ( #8378 ), #8474, .T. ) ;
#8630 = DIRECTION ( 'NONE',  ( 0.000000000000000000, 1.000000000000000000, 0.000000000000000000 ) ) ;
#8631 = AXIS2_PLACEMENT_3D ( 'NONE', #2155, #6638, #2013 ) ;
#8632 = CARTESIAN_POINT ( 'NONE',  ( 18.17312819401014679, -12.00000000000000000, 1.000000000000000000 ) ) ;
#8633 = CARTESIAN_POINT ( 'NONE',  ( -3.180178078485998761, -13.63417582860975408, -35.73960960237891982 ) ) ;
#8634 = ADVANCED_FACE ( 'NONE', ( #1535 ), #202, .T. ) ;
#8635 = CARTESIAN_POINT ( 'NONE',  ( -15.57938540060754740, -14.97767516389553855, -37.06733342254609198 ) ) ;
#8636 = LINE ( 'NONE', #2567, #7392 ) ;
#8637 = CARTESIAN_POINT ( 'NONE',  ( 17.62500000000000000, -13.00000000000000000, 1.000000000000000000 ) ) ;
#8638 = ORIENTED_EDGE ( 'NONE', *, *, #2976, .T. ) ;
#8639 = EDGE_CURVE ( 'NONE', #7592, #5233, #907, .T. ) ;
#8640 = ORIENTED_EDGE ( 'NONE', *, *, #7161, .T. ) ;
#8641 = ORIENTED_EDGE ( 'NONE', *, *, #6313, .F. ) ;
#8642 = VECTOR ( 'NONE', #6251, 1000.000000000000000 ) ;
#8643 = ORIENTED_EDGE ( 'NONE', *, *, #556, .F. ) ;
#8644 = VERTEX_POINT ( 'NONE', #3197 ) ;
#8645 = PLANE ( 'NONE',  #7687 ) ;
#8646 = DIRECTION ( 'NONE',  ( -2.164016633576080066E-32, 1.000000000000000000, 1.084202172485503818E-16 ) ) ;
#8647 = AXIS2_PLACEMENT_3D ( 'NONE', #1332, #7288, #1288 ) ;
#8648 = CARTESIAN_POINT ( 'NONE',  ( -24.62500000000000000, 8.000000000000000000, -30.13015151901650057 ) ) ;
#8649 = DIRECTION ( 'NONE',  ( 1.000000000000000000, 0.000000000000000000, 2.881657216719184962E-16 ) ) ;
#8650 = CARTESIAN_POINT ( 'NONE',  ( 26.62500000000000000, -2.625000000000000000, 18.55336663013169840 ) ) ;
#8651 = CARTESIAN_POINT ( 'NONE',  ( 25.86278548005041600, -11.21046908007868659, -16.77824716007833317 ) ) ;
#8652 = VERTEX_POINT ( 'NONE', #7680 ) ;
#8653 = ORIENTED_EDGE ( 'NONE', *, *, #6583, .T. ) ;
#8654 = ORIENTED_EDGE ( 'NONE', *, *, #6035, .F. ) ;
#8655 = AXIS2_PLACEMENT_3D ( 'NONE', #2926, #7413, #2090 ) ;
#8656 = AXIS2_PLACEMENT_3D ( 'NONE', #1122, #4109, #7859 ) ;
#8657 = AXIS2_PLACEMENT_3D ( 'NONE', #1529, #7538, #6049 ) ;
#8658 = CARTESIAN_POINT ( 'NONE',  ( -21.85674754639973827, -14.99999999999996980, 4.336808689942016947E-15 ) ) ;
#8659 = CARTESIAN_POINT ( 'NONE',  ( -13.57499999999999574, 14.25802469893175584, -1.752675336226261926 ) ) ;
#8660 = CARTESIAN_POINT ( 'NONE',  ( -26.62500000000000000, 15.00000000000000000, -4.000000000000000000 ) ) ;
#8661 = AXIS2_PLACEMENT_3D ( 'NONE', #2614, #2717, #5664 ) ;
#8662 = CARTESIAN_POINT ( 'NONE',  ( -23.78733200473765308, 9.632647337826879763, -39.30000000000000426 ) ) ;
#8663 = CARTESIAN_POINT ( 'NONE',  ( 25.40308702607475055, 12.15719045456846104, 7.806255641895628769E-15 ) ) ;
#8664 = CARTESIAN_POINT ( 'NONE',  ( 13.78194968418468491, 13.43921259717461325, -28.00197740532045287 ) ) ;
#8665 = CARTESIAN_POINT ( 'NONE',  ( 11.35875368983019840, 13.66278967854005977, -26.00000000000000000 ) ) ;
#8666 = ORIENTED_EDGE ( 'NONE', *, *, #4714, .F. ) ;
#8667 = CIRCLE ( 'NONE', #2194, 1.049999999999998934 ) ;
#8668 = EDGE_LOOP ( 'NONE', ( #3177, #674, #3196, #2622 ) ) ;
#8669 = B_SPLINE_CURVE_WITH_KNOTS ( 'NONE', 3,
 ( #1628, #4629, #7637, #1590, #8429, #1731, #9213, #4583, #3889, #5459, #6899, #158, #8478, #7048, #3988, #1980, #3248, #2718, #257, #7841, #9428, #9272, #8683, #7943, #6249 ),
 .UNSPECIFIED., .F., .F.,
 ( 4, 2, 2, 2, 1, 2, 2, 2, 2, 1, 1, 2, 2, 4 ),
 ( 0.000000000000000000, 0.2499999999999362732, 0.3749999999999044098, 0.4374999999998878675, 0.4687499999998774869, 0.4843749999998750999, 0.4999999999998727684, 0.6249999999998553379, 0.6874999999998465672, 0.7187499999998434586, 0.7343749999998391287, 0.7421874999998426814, 0.7499999999998462341, 1.000000000000000000 ),
 .UNSPECIFIED. ) ;
#8670 = DIRECTION ( 'NONE',  ( 1.000000000000000000, 0.000000000000000000, 2.478176394252580155E-16 ) ) ;
#8671 = CARTESIAN_POINT ( 'NONE',  ( -26.61815948354569272, -8.904143408168234686, 0.5245712509387705502 ) ) ;
#8672 = CARTESIAN_POINT ( 'NONE',  ( -22.85147057635720103, -4.543225659477821310, 17.95797476149255800 ) ) ;
#8673 = CARTESIAN_POINT ( 'NONE',  ( -13.18946014652067156, 7.636347718696834264, -37.77846342734495977 ) ) ;
#8674 = CARTESIAN_POINT ( 'NONE',  ( 7.675000000000000711, 2.600000000000000089, -37.10000000000000142 ) ) ;
#8675 = DIRECTION ( 'NONE',  ( 1.000000000000000000, 0.000000000000000000, 2.881657216719184962E-16 ) ) ;
#8676 = EDGE_CURVE ( 'NONE', #9129, #4511, #2424, .T. ) ;
#8677 = CARTESIAN_POINT ( 'NONE',  ( 12.67500000000000071, -10.09999999999999964, -29.70912988903495133 ) ) ;
#8678 = CARTESIAN_POINT ( 'NONE',  ( 3.024999999999999911, -4.000000000000000000, -9.849999999999999645 ) ) ;
#8679 = CARTESIAN_POINT ( 'NONE',  ( 15.12500000000000000, -2.625000000000000000, 19.60336663013169911 ) ) ;
#8680 = VERTEX_POINT ( 'NONE', #153 ) ;
#8681 = CARTESIAN_POINT ( 'NONE',  ( 18.17312819401019652, 12.00000000000000000, 1.000000000000000000 ) ) ;
#8682 = CARTESIAN_POINT ( 'NONE',  ( 7.892821782178219614, 12.09999999999999964, -29.80631172782874927 ) ) ;
#8683 = CARTESIAN_POINT ( 'NONE',  ( 3.644209995878344710, 15.12301219496408322, -25.00569894016509664 ) ) ;
#8684 = ADVANCED_FACE ( 'NONE', ( #9064 ), #6038, .F. ) ;
#8685 = CARTESIAN_POINT ( 'NONE',  ( 0.9290147858732039632, 19.28421494571415096, -15.00000000000000000 ) ) ;
#8686 = CARTESIAN_POINT ( 'NONE',  ( -2.940133563309569542, -14.61517653915578840, -34.66493593746321267 ) ) ;
#8687 = CARTESIAN_POINT ( 'NONE',  ( 16.62500000000000000, -7.000000000000000000, 13.50000000000000000 ) ) ;
#8688 = DIRECTION ( 'NONE',  ( 1.000000000000000000, 0.000000000000000000, 0.000000000000000000 ) ) ;
#8689 = EDGE_LOOP ( 'NONE', ( #5678, #3409, #8690, #4150 ) ) ;
#8690 = ORIENTED_EDGE ( 'NONE', *, *, #5168, .T. ) ;
#8691 = ORIENTED_EDGE ( 'NONE', *, *, #5054, .T. ) ;
#8692 = VERTEX_POINT ( 'NONE', #1725 ) ;
#8693 = EDGE_CURVE ( 'NONE', #9676, #1126, #213, .T. ) ;
#8694 = ADVANCED_FACE ( 'NONE', ( #4671, #4730 ), #6749, .T. ) ;
#8695 = EDGE_LOOP ( 'NONE', ( #2371, #709 ) ) ;
#8696 = DIRECTION ( 'NONE',  ( 1.000000000000000000, 0.000000000000000000, 2.891205793294680298E-16 ) ) ;
#8697 = CARTESIAN_POINT ( 'NONE',  ( 15.12500000000000000, 2.625000000000000000, 28.69663336986829805 ) ) ;
#8698 = CARTESIAN_POINT ( 'NONE',  ( -25.53354975890225731, -10.74449473636082075, 0.2348527156514094161 ) ) ;
#8699 = DIRECTION ( 'NONE',  ( 1.079438565345100126E-14, 0.000000000000000000, 1.000000000000000000 ) ) ;
#8700 = VERTEX_POINT ( 'NONE', #6351 ) ;
#8701 = EDGE_LOOP ( 'NONE', ( #111, #2681, #3560, #5430 ) ) ;
#8702 = VERTEX_POINT ( 'NONE', #6244 ) ;
#8703 = LINE ( 'NONE', #7224, #6341 ) ;
#8704 = CARTESIAN_POINT ( 'NONE',  ( -19.31083502193769874, 13.99987239901617997, -38.29817666897894668 ) ) ;
#8705 = CARTESIAN_POINT ( 'NONE',  ( -26.62500000000000000, -2.625000000000000000, 27.64663336986830089 ) ) ;
#8706 = CYLINDRICAL_SURFACE ( 'NONE', #710, 1.049999999999998934 ) ;
#8707 = CARTESIAN_POINT ( 'NONE',  ( -22.60250368588339498, -4.079755942756845499, 21.47285088475033632 ) ) ;
#8708 = CARTESIAN_POINT ( 'NONE',  ( 1.944099493225907027, 14.35125518561074109, -33.18582610389248799 ) ) ;
#8709 = CARTESIAN_POINT ( 'NONE',  ( 12.71645259711602272, 13.63569469198338879, -14.43218727587145445 ) ) ;
#8710 = ORIENTED_EDGE ( 'NONE', *, *, #6127, .F. ) ;
#8711 = DIRECTION ( 'NONE',  ( 0.9157875096611443055, -0.4016630891040890994, 0.000000000000000000 ) ) ;
#8712 = LINE ( 'NONE', #1428, #3591 ) ;
#8713 = CARTESIAN_POINT ( 'NONE',  ( 9.546225644514757747, 13.81566563497295164, -14.99999999999996980 ) ) ;
#8714 = CARTESIAN_POINT ( 'NONE',  ( -14.24000784114163132, 4.285446977145806358, -37.91714755534322734 ) ) ;
#8715 = AXIS2_PLACEMENT_3D ( 'NONE', #8315, #7722, #3090 ) ;
#8716 = DIRECTION ( 'NONE',  ( 1.000000000000000000, 0.000000000000000000, 2.881657216719184962E-16 ) ) ;
#8717 = DIRECTION ( 'NONE',  ( 1.000000000000000000, 0.000000000000000000, 2.881657216719180031E-16 ) ) ;
#8718 = DIRECTION ( 'NONE',  ( 0.7071067811865280328, -3.693093820828879648E-16, -0.7071067811865670016 ) ) ;
#8719 = CARTESIAN_POINT ( 'NONE',  ( 8.088881431307788361, 14.82482408115222583, -25.00513460651245268 ) ) ;
#8720 = CYLINDRICAL_SURFACE ( 'NONE', #1175, 2.000000000000001776 ) ;
#8721 = ORIENTED_EDGE ( 'NONE', *, *, #8693, .F. ) ;
#8722 = CARTESIAN_POINT ( 'NONE',  ( -10.62712255461673827, 12.09999999999999964, -35.34359239950279630 ) ) ;
#8723 = AXIS2_PLACEMENT_3D ( 'NONE', #8216, #4554, #7516 ) ;
#8724 = CARTESIAN_POINT ( 'NONE',  ( -26.62500000000000000, -2.600000000000000089, -36.29999999999999716 ) ) ;
#8725 = DIRECTION ( 'NONE',  ( -1.000000000000000000, 0.000000000000000000, 0.000000000000000000 ) ) ;
#8726 = CARTESIAN_POINT ( 'NONE',  ( -9.925319287074827912, 13.87532875006604449, -37.25740599640823802 ) ) ;
#8727 = CARTESIAN_POINT ( 'NONE',  ( -4.641441106968280828, -14.68912788672595404, -35.09900582547653158 ) ) ;
#8728 = CARTESIAN_POINT ( 'NONE',  ( 25.40308702607475055, -12.15719045456846104, 1.000000000000000000 ) ) ;
#8729 = CARTESIAN_POINT ( 'NONE',  ( -13.57500000000000107, -7.400000000000000355, 8.471193762254690895 ) ) ;
#8730 = ORIENTED_EDGE ( 'NONE', *, *, #2365, .F. ) ;
#8731 = ORIENTED_EDGE ( 'NONE', *, *, #6671, .T. ) ;
#8732 = ADVANCED_FACE ( 'NONE', ( #7835 ), #4827, .F. ) ;
#8733 = ORIENTED_EDGE ( 'NONE', *, *, #7484, .F. ) ;
#8734 = ORIENTED_EDGE ( 'NONE', *, *, #6138, .F. ) ;
#8735 = VERTEX_POINT ( 'NONE', #7099 ) ;
#8736 = LINE ( 'NONE', #9632, #1966 ) ;
#8737 = CARTESIAN_POINT ( 'NONE',  ( 11.26002581801537161, 12.16591935274039749, 0.4444999922867470810 ) ) ;
#8738 = CARTESIAN_POINT ( 'NONE',  ( -13.57499999999999396, -14.36951771888554852, -1.916742155837340311 ) ) ;
#8739 = CARTESIAN_POINT ( 'NONE',  ( 8.488759283949422141, 11.43122569245675990, -31.73230799024450022 ) ) ;
#8740 = DIRECTION ( 'NONE',  ( 0.000000000000000000, 0.000000000000000000, -1.000000000000000000 ) ) ;
#8741 = EDGE_CURVE ( 'NONE', #4893, #8297, #7147, .T. ) ;
#8742 = ORIENTED_EDGE ( 'NONE', *, *, #8146, .F. ) ;
#8743 = EDGE_LOOP ( 'NONE', ( #356, #3909, #1399, #5623 ) ) ;
#8744 = EDGE_CURVE ( 'NONE', #5045, #9312, #4625, .T. ) ;
#8745 = EDGE_CURVE ( 'NONE', #7863, #1726, #1728, .T. ) ;
#8746 = CARTESIAN_POINT ( 'NONE',  ( 4.329014785873204652, 14.78421494571413852, -25.00000000000000000 ) ) ;
#8747 = CARTESIAN_POINT ( 'NONE',  ( 23.43103606526181437, -11.92376514777240004, 0.2926866399623808679 ) ) ;
#8748 = CARTESIAN_POINT ( 'NONE',  ( -23.02445639404654898, 2.625000000000000000, 16.55336663013170195 ) ) ;
#8749 = DIRECTION ( 'NONE',  ( 1.000000000000000000, 0.000000000000000000, 0.000000000000000000 ) ) ;
#8750 = CARTESIAN_POINT ( 'NONE',  ( -11.07499999999999929, 2.625000000000000000, 18.55336663013169840 ) ) ;
#8751 = CARTESIAN_POINT ( 'NONE',  ( -17.43266695295801938, 14.99569292522116370, -37.23941337843641719 ) ) ;
#8752 = CARTESIAN_POINT ( 'NONE',  ( 12.25959635509894952, 14.24680419706847800, -14.94296774882038825 ) ) ;
#8753 = ADVANCED_FACE ( 'NONE', ( #9375 ), #6059, .F. ) ;
#8754 = ORIENTED_EDGE ( 'NONE', *, *, #5594, .T. ) ;
#8755 = VECTOR ( 'NONE', #9472, 1000.000000000000000 ) ;
#8756 = ADVANCED_FACE ( 'NONE', ( #7783 ), #8627, .T. ) ;
#8757 = DIRECTION ( 'NONE',  ( 0.000000000000000000, 0.000000000000000000, 1.000000000000000000 ) ) ;
#8758 = DIRECTION ( 'NONE',  ( 1.000000000000000000, 0.000000000000000000, 0.000000000000000000 ) ) ;
#8759 = LINE ( 'NONE', #5012, #9438 ) ;
#8760 = CARTESIAN_POINT ( 'NONE',  ( -10.37500000000000000, -14.88096929338441932, -10.00000000000000000 ) ) ;
#8761 = CARTESIAN_POINT ( 'NONE',  ( -0.07098521412679559273, 15.52145826415290131, -25.00000000000000000 ) ) ;
#8762 = CARTESIAN_POINT ( 'NONE',  ( 20.62500000000000000, -5.250000000000000000, 21.10000000000000142 ) ) ;
#8763 = CARTESIAN_POINT ( 'NONE',  ( 25.57747993853969604, -12.13506087069689876, 0.000000000000000000 ) ) ;
#8764 = CARTESIAN_POINT ( 'NONE',  ( -13.96814575050796137, -14.95551785225860009, -19.72792206135790138 ) ) ;
#8765 = ORIENTED_EDGE ( 'NONE', *, *, #2250, .T. ) ;
#8766 = CARTESIAN_POINT ( 'NONE',  ( 26.01361273541732544, 12.08022637587146519, -16.34247992424361584 ) ) ;
#8767 = EDGE_CURVE ( 'NONE', #1171, #6125, #9506, .T. ) ;
#8768 = FACE_OUTER_BOUND ( 'NONE', #7320, .T. ) ;
#8769 = AXIS2_PLACEMENT_3D ( 'NONE', #2852, #5109, #4464 ) ;
#8770 = CARTESIAN_POINT ( 'NONE',  ( -25.31330832907864803, 10.96438480330975906, 0.1470167721200540123 ) ) ;
#8771 = CARTESIAN_POINT ( 'NONE',  ( 11.52504186827129473, -12.10993702887832413, 0.5441350176370212122 ) ) ;
#8772 = CARTESIAN_POINT ( 'NONE',  ( 23.93166732385418882, -12.34081109325575376, -18.79410046222971431 ) ) ;
#8773 = CARTESIAN_POINT ( 'NONE',  ( 12.09663533468141949, -12.63549231059722011, -30.07587669752879833 ) ) ;
#8774 = CARTESIAN_POINT ( 'NONE',  ( 3.024999999999999911, -14.28421494571413852, 0.000000000000000000 ) ) ;
#8775 =( BOUNDED_SURFACE ( )  B_SPLINE_SURFACE ( 3, 2, ( 
 ( #250, #297, #992 ),
 ( #3293, #6297, #3343 ),
 ( #2557, #3978, #5555 ),
 ( #6347, #9371, #2659 ),
 ( #7469, #3769, #2247 ),
 ( #1973, #2712, #7425 ) ),
 .UNSPECIFIED., .F., .F., .T. ) 
 B_SPLINE_SURFACE_WITH_KNOTS ( ( 4, 2, 4 ),
 ( 3, 3 ),
 ( 0.001549315374712549945, 0.003776729985490100052, 0.006004144596267649292 ),
 ( 0.000000000000000000, 1.000000000000000000 ),
 .UNSPECIFIED. ) 
 GEOMETRIC_REPRESENTATION_ITEM ( )  RATIONAL_B_SPLINE_SURFACE ( (
 ( 1.000000000000000000, 0.8643883437741279874, 1.000000000000000000),
 ( 1.000000000000000000, 0.8393155471293359815, 1.000000000000000000),
 ( 1.000000000000000000, 0.8137664013693899356, 1.000000000000000000),
 ( 1.000000000000000000, 0.7614546649050709659, 1.000000000000000000),
 ( 1.000000000000000000, 0.7346906500637879756, 1.000000000000000000),
 ( 1.000000000000000000, 0.7071067792035269362, 1.000000000000000000) ) ) 
 REPRESENTATION_ITEM ( '' )  SURFACE ( )  );
#8776 = VERTEX_POINT ( 'NONE', #7939 ) ;
#8777 = CARTESIAN_POINT ( 'NONE',  ( 26.62499999999999289, 9.682344160433689950, 0.2486477377894674989 ) ) ;
#8778 = VERTEX_POINT ( 'NONE', #4185 ) ;
#8779 = VERTEX_POINT ( 'NONE', #8530 ) ;
#8780 = EDGE_LOOP ( 'NONE', ( #7351, #4684 ) ) ;
#8781 = VERTEX_POINT ( 'NONE', #7196 ) ;
#8782 = EDGE_CURVE ( 'NONE', #1283, #7807, #7044, .T. ) ;
#8783 = LINE ( 'NONE', #1403, #6996 ) ;
#8784 = CARTESIAN_POINT ( 'NONE',  ( 3.539466094066459512, -10.09999999999999964, -37.23553390593330192 ) ) ;
#8785 = CARTESIAN_POINT ( 'NONE',  ( -11.07499999999999929, 0.000000000000000000, 30.09999999999999787 ) ) ;
#8786 = LINE ( 'NONE', #2041, #8014 ) ;
#8787 = DIRECTION ( 'NONE',  ( 0.000000000000000000, 0.000000000000000000, -1.000000000000000000 ) ) ;
#8788 = ORIENTED_EDGE ( 'NONE', *, *, #2782, .F. ) ;
#8789 = ORIENTED_EDGE ( 'NONE', *, *, #7824, .T. ) ;
#8790 = EDGE_CURVE ( 'NONE', #3570, #8451, #4781, .T. ) ;
#8791 = VECTOR ( 'NONE', #6218, 1000.000000000000000 ) ;
#8792 = DIRECTION ( 'NONE',  ( -1.000000000000000000, 0.000000000000000000, 0.000000000000000000 ) ) ;
#8793 = EDGE_CURVE ( 'NONE', #816, #7122, #3448, .T. ) ;
#8794 = DIRECTION ( 'NONE',  ( 0.000000000000000000, 0.000000000000000000, -1.000000000000000000 ) ) ;
#8795 = CIRCLE ( 'NONE', #5648, 1.000000000000000000 ) ;
#8796 = CIRCLE ( 'NONE', #5484, 1.834999999999999742 ) ;
#8797 = CARTESIAN_POINT ( 'NONE',  ( -24.18491745666284842, -9.475357003913030596, 9.730388396368679693 ) ) ;
#8798 = CARTESIAN_POINT ( 'NONE',  ( -19.62500000000000000, -7.900000000000000355, -7.000000000000000000 ) ) ;
#8799 = ADVANCED_FACE ( 'NONE', ( #4280 ), #8079, .F. ) ;
#8800 = DIRECTION ( 'NONE',  ( 2.551063935260010491E-16, 7.461176240760458925E-17, 1.000000000000000000 ) ) ;
#8801 =( NAMED_UNIT ( * ) PLANE_ANGLE_UNIT ( ) SI_UNIT ( $, .RADIAN. ) );
#8802 = CARTESIAN_POINT ( 'NONE',  ( 12.43268830935878810, 13.88916877872781797, -14.73812223358730122 ) ) ;
#8803 = VECTOR ( 'NONE', #354, 1000.000000000000000 ) ;
#8804 = VERTEX_POINT ( 'NONE', #6545 ) ;
#8805 = VECTOR ( 'NONE', #8606, 1000.000000000000114 ) ;
#8806 = EDGE_CURVE ( 'NONE', #27, #6498, #2070, .T. ) ;
#8807 = CARTESIAN_POINT ( 'NONE',  ( -10.37500000000000000, -17.54325025195879917, -10.00000000000000000 ) ) ;
#8808 = EDGE_CURVE ( 'NONE', #2536, #4162, #9033, .T. ) ;
#8809 = ADVANCED_FACE ( 'NONE', ( #5021 ), #783, .T. ) ;
#8810 = CARTESIAN_POINT ( 'NONE',  ( -26.62500000000000000, 2.625000000000000000, 18.55336663013169840 ) ) ;
#8811 = CARTESIAN_POINT ( 'NONE',  ( -22.68362449120524360, -4.126628944629321616, 19.87586009684404331 ) ) ;
#8812 = CARTESIAN_POINT ( 'NONE',  ( 20.62500000000000000, -2.625000000000000000, 18.55336663013169840 ) ) ;
#8813 = CARTESIAN_POINT ( 'NONE',  ( -26.62500000000000000, 5.250000000000000000, 23.09999999999999787 ) ) ;
#8814 = CARTESIAN_POINT ( 'NONE',  ( -24.54683014059675017, -10.57782963992367975, 6.483575040205399986 ) ) ;
#8815 = LINE ( 'NONE', #5945, #6753 ) ;
#8816 = CARTESIAN_POINT ( 'NONE',  ( 15.12500000000000000, 2.625000000000000000, 19.60336663013169911 ) ) ;
#8817 = ORIENTED_EDGE ( 'NONE', *, *, #2, .F. ) ;
#8818 = CARTESIAN_POINT ( 'NONE',  ( 24.25637419305589759, 12.30094297298225925, -18.22826584245460069 ) ) ;
#8819 = CARTESIAN_POINT ( 'NONE',  ( -13.55427441667487543, 14.94876855447315833, -7.219095263356977377 ) ) ;
#8820 = CARTESIAN_POINT ( 'NONE',  ( 22.62500000000000000, -12.00000000000000000, 0.8672861625754179071 ) ) ;
#8821 = CARTESIAN_POINT ( 'NONE',  ( -12.35303663262777540, 13.92927100178302702, -37.65640611495965828 ) ) ;
#8822 = CARTESIAN_POINT ( 'NONE',  ( 25.03617160693329424, -12.20357842111523716, -16.45129448140999173 ) ) ;
#8823 = CARTESIAN_POINT ( 'NONE',  ( 10.04334794075496440, -13.77685293241028752, -31.07156462203226610 ) ) ;
#8824 = CARTESIAN_POINT ( 'NONE',  ( -26.62500000000000000, 2.600000000000000089, -37.10000000000000142 ) ) ;
#8825 = DIRECTION ( 'NONE',  ( 0.000000000000000000, 0.000000000000000000, -1.000000000000000000 ) ) ;
#8826 = ORIENTED_EDGE ( 'NONE', *, *, #2833, .F. ) ;
#8827 = DIRECTION ( 'NONE',  ( -1.000000000000000000, 0.000000000000000000, 0.000000000000000000 ) ) ;
#8828 = ORIENTED_EDGE ( 'NONE', *, *, #520, .T. ) ;
#8829 = ORIENTED_EDGE ( 'NONE', *, *, #133, .F. ) ;
#8830 = ORIENTED_EDGE ( 'NONE', *, *, #3806, .T. ) ;
#8831 = VERTEX_POINT ( 'NONE', #3185 ) ;
#8832 = CARTESIAN_POINT ( 'NONE',  ( -19.62500000000000000, -15.00000000000000000, -14.07106781186554123 ) ) ;
#8833 = DIRECTION ( 'NONE',  ( 1.000000000000000000, 0.000000000000000000, 2.881657216719184962E-16 ) ) ;
#8834 = CARTESIAN_POINT ( 'NONE',  ( 3.024999999999999911, 4.000000000000000000, -9.849999999999999645 ) ) ;
#8835 = FACE_OUTER_BOUND ( 'NONE', #1889, .T. ) ;
#8836 = DIRECTION ( 'NONE',  ( 1.000000000000000000, 0.000000000000000000, 2.881657216719184962E-16 ) ) ;
#8837 = VERTEX_POINT ( 'NONE', #4471 ) ;
#8838 = VERTEX_POINT ( 'NONE', #9759 ) ;
#8839 = ORIENTED_EDGE ( 'NONE', *, *, #3571, .F. ) ;
#8840 = ADVANCED_FACE ( 'NONE', ( #3001 ), #5998, .T. ) ;
#8841 = CARTESIAN_POINT ( 'NONE',  ( -16.57499999999999929, -5.250000000000000000, 23.09999999999999787 ) ) ;
#8842 = DIRECTION ( 'NONE',  ( 0.000000000000000000, 0.000000000000000000, -1.000000000000000000 ) ) ;
#8843 = CARTESIAN_POINT ( 'NONE',  ( 26.62500000000000000, 11.12083830918276028, -12.03976285529073920 ) ) ;
#8844 = DIRECTION ( 'NONE',  ( 0.000000000000000000, 0.000000000000000000, -1.000000000000000000 ) ) ;
#8845 = CARTESIAN_POINT ( 'NONE',  ( 12.29609334761673267, 14.13412876103805971, -25.10340345078092383 ) ) ;
#8846 = CARTESIAN_POINT ( 'NONE',  ( 12.53632069888949019, 13.77362159644566830, -14.62442198460936105 ) ) ;
#8847 = ADVANCED_FACE ( 'NONE', ( #981 ), #3968, .F. ) ;
#8848 = ADVANCED_FACE ( 'NONE', ( #4915 ), #2442, .T. ) ;
#8849 = EDGE_LOOP ( 'NONE', ( #8542, #765, #5876, #6688 ) ) ;
#8850 = CARTESIAN_POINT ( 'NONE',  ( -25.88991377037424968, -8.768250222708370956, 5.088209185381279198 ) ) ;
#8851 = CARTESIAN_POINT ( 'NONE',  ( -26.62500000000000000, 2.625000000000000000, 28.69663336986829805 ) ) ;
#8852 = CARTESIAN_POINT ( 'NONE',  ( -22.69382120111316326, -4.243780597105188512, 19.72961487025181881 ) ) ;
#8853 = DIRECTION ( 'NONE',  ( 0.000000000000000000, 1.000000000000000000, 0.000000000000000000 ) ) ;
#8854 = FACE_OUTER_BOUND ( 'NONE', #3357, .T. ) ;
#8855 = DIRECTION ( 'NONE',  ( 0.000000000000000000, 0.000000000000000000, -1.000000000000000000 ) ) ;
#8856 = LINE ( 'NONE', #9756, #1266 ) ;
#8857 = CYLINDRICAL_SURFACE ( 'NONE', #2737, 1.049999999999998934 ) ;
#8858 = ORIENTED_EDGE ( 'NONE', *, *, #7654, .F. ) ;
#8859 = CARTESIAN_POINT ( 'NONE',  ( 25.04341137542377993, 12.20366458404575205, -18.64783098928072036 ) ) ;
#8860 = EDGE_CURVE ( 'NONE', #1946, #5719, #1708, .T. ) ;
#8861 = ADVANCED_FACE ( 'NONE', ( #2598 ), #5592, .F. ) ;
#8862 = VECTOR ( 'NONE', #5048, 1000.000000000000000 ) ;
#8863 = AXIS2_PLACEMENT_3D ( 'NONE', #1335, #6594, #2999 ) ;
#8864 = CARTESIAN_POINT ( 'NONE',  ( -11.20850780331271501, 14.90153179188139454, -9.896720521061393327 ) ) ;
#8865 = CARTESIAN_POINT ( 'NONE',  ( -26.44546365250829822, 10.92327016355246094, -0.6410900545174820220 ) ) ;
#8866 = CARTESIAN_POINT ( 'NONE',  ( -0.9711625859376260550, 13.53343307584399646, -35.15818073934289600 ) ) ;
#8867 = B_SPLINE_CURVE_WITH_KNOTS ( 'NONE', 3,
 ( #4749, #7014, #8447, #4800, #3955, #272, #9293, #9341, #2582, #2530, #2631, #3217, #5528, #1690, #2429 ),
 .UNSPECIFIED., .F., .F.,
 ( 4, 2, 2, 1, 1, 1, 2, 2, 4 ),
 ( 0.000000000000000000, 0.2500000000000159872, 0.3750000000000230926, 0.4375000000000255351, 0.4687500000000255906, 0.4843750000000255906, 0.4921875000000255351, 0.5000000000000254241, 1.000000000000000000 ),
 .UNSPECIFIED. ) ;
#8868 = CARTESIAN_POINT ( 'NONE',  ( 22.41338785370070497, -12.52399643354208258, -21.00925102750180073 ) ) ;
#8869 = CARTESIAN_POINT ( 'NONE',  ( 26.44702850821824924, -11.14202317744659965, -14.52944008009374066 ) ) ;
#8870 = DIRECTION ( 'NONE',  ( 0.000000000000000000, 0.000000000000000000, 1.000000000000000000 ) ) ;
#8871 = DIRECTION ( 'NONE',  ( 1.000000000000000000, 0.000000000000000000, 2.881657216719180031E-16 ) ) ;
#8872 = ORIENTED_EDGE ( 'NONE', *, *, #8509, .T. ) ;
#8873 = DIRECTION ( 'NONE',  ( 0.000000000000000000, 1.000000000000000000, 0.000000000000000000 ) ) ;
#8874 = EDGE_LOOP ( 'NONE', ( #7556, #2857, #7209, #2366 ) ) ;
#8875 = ORIENTED_EDGE ( 'NONE', *, *, #9458, .F. ) ;
#8876 = VECTOR ( 'NONE', #3670, 1000.000000000000000 ) ;
#8877 = VERTEX_POINT ( 'NONE', #6980 ) ;
#8878 = ORIENTED_EDGE ( 'NONE', *, *, #2046, .F. ) ;
#8879 = CARTESIAN_POINT ( 'NONE',  ( -26.62500000000000000, 10.09999999999999964, -33.09999999999999432 ) ) ;
#8881 = LINE ( 'NONE', #6616, #5332 ) ;
#8880 = AXIS2_PLACEMENT_3D ( 'NONE', #6101, #9209, #2453 ) ;
#8882 = CARTESIAN_POINT ( 'NONE',  ( -25.69148367467977678, -7.525786822512426255, 6.038976938349969181 ) ) ;
#8883 = LINE ( 'NONE', #5231, #3761 ) ;
#8884 = CARTESIAN_POINT ( 'NONE',  ( -16.57499999999999929, -2.625000000000000000, 27.64663336986830089 ) ) ;
#8885 = ORIENTED_EDGE ( 'NONE', *, *, #7429, .T. ) ;
#8886 = ORIENTED_EDGE ( 'NONE', *, *, #7317, .T. ) ;
#8887 = VERTEX_POINT ( 'NONE', #286 ) ;
#8888 = LOCAL_TIME ( 9, 51, 0.000000000000000000, #6823 ) ;
#8889 = PLANE ( 'NONE',  #3041 ) ;
#8890 = CARTESIAN_POINT ( 'NONE',  ( 12.67500000000000071, 10.09999999999999964, 13.64553149005146082 ) ) ;
#8891 = DIRECTION ( 'NONE',  ( 0.000000000000000000, -1.000000000000000000, 0.000000000000000000 ) ) ;
#8892 = FACE_OUTER_BOUND ( 'NONE', #3103, .T. ) ;
#8893 = CARTESIAN_POINT ( 'NONE',  ( -0.07098521412679559273, 15.52145826415290131, -15.00000000000000000 ) ) ;
#8894 = CARTESIAN_POINT ( 'NONE',  ( 8.625000000000000000, 13.00000000000000000, 5.147263975624269829E-15 ) ) ;
#8895 = CARTESIAN_POINT ( 'NONE',  ( 4.329014785873204652, 14.78421494571413852, -14.90923280789883876 ) ) ;
#8896 = ORIENTED_EDGE ( 'NONE', *, *, #3390, .F. ) ;
#8897 = CARTESIAN_POINT ( 'NONE',  ( -23.59201213841957667, -11.36527248788844702, 6.505745400281711888 ) ) ;
#8898 = DIRECTION ( 'NONE',  ( 0.000000000000000000, 0.000000000000000000, -1.000000000000000000 ) ) ;
#8899 = DIRECTION ( 'NONE',  ( 2.881657216719184962E-16, 0.000000000000000000, -1.000000000000000000 ) ) ;
#8900 = ADVANCED_FACE ( 'NONE', ( #239 ), #1783, .F. ) ;
#8901 = DIRECTION ( 'NONE',  ( 1.000000000000000000, 0.000000000000000000, 0.000000000000000000 ) ) ;
#8902 = DIRECTION ( 'NONE',  ( -0.000000000000000000, -0.000000000000000000, -1.000000000000000000 ) ) ;
#8903 = CARTESIAN_POINT ( 'NONE',  ( -17.73932361996345008, -15.00000000000000000, -15.95674419190220128 ) ) ;
#8904 = DIRECTION ( 'NONE',  ( -2.478176394252581634E-16, 0.000000000000000000, 1.000000000000000000 ) ) ;
#8905 = DIRECTION ( 'NONE',  ( 0.000000000000000000, 0.000000000000000000, -1.000000000000000000 ) ) ;
#8906 = EDGE_LOOP ( 'NONE', ( #9141, #1938 ) ) ;
#8907 = CARTESIAN_POINT ( 'NONE',  ( 23.34369617841159794, 11.50064477179163980, -21.29587450074560095 ) ) ;
#8908 = CARTESIAN_POINT ( 'NONE',  ( -27.58799846505769793, -7.958666454551800662, 0.3471111818160780293 ) ) ;
#8909 = B_SPLINE_CURVE_WITH_KNOTS ( 'NONE', 3,
 ( #8364, #2946, #1567, #5347 ),
 .UNSPECIFIED., .F., .F.,
 ( 4, 4 ),
 ( 4.906538933386799707E-18, 0.01300053146097890008 ),
 .UNSPECIFIED. ) ;
#8910 = CARTESIAN_POINT ( 'NONE',  ( -22.89548157963174901, 12.00000000000000000, -0.2780502700011965311 ) ) ;
#8911 = CARTESIAN_POINT ( 'NONE',  ( 10.29013920124623915, -12.43447435085344033, 0.1748252950388136939 ) ) ;
#8912 = CARTESIAN_POINT ( 'NONE',  ( 25.60972424054749297, -12.13102376474105704, -14.45196155167261409 ) ) ;
#8913 = AXIS2_PLACEMENT_3D ( 'NONE', #2266, #6698, #9110 ) ;
#8914 = EDGE_CURVE ( 'NONE', #8068, #4794, #7009, .T. ) ;
#8915 = CARTESIAN_POINT ( 'NONE',  ( 25.58549244349079999, -12.13400320721022041, -14.36830374613738037 ) ) ;
#8916 = LINE ( 'NONE', #1346, #5928 ) ;
#8917 = CARTESIAN_POINT ( 'NONE',  ( -15.88414969499687324, 14.29892526453774870, -1.766308421512573723 ) ) ;
#8918 = VERTEX_POINT ( 'NONE', #1133 ) ;
#8919 = CARTESIAN_POINT ( 'NONE',  ( 26.62499999999999289, 9.339934828910232412, 0.3752066625524793642 ) ) ;
#8920 = EDGE_CURVE ( 'NONE', #128, #1851, #6536, .T. ) ;
#8921 = VERTEX_POINT ( 'NONE', #7178 ) ;
#8922 = ORIENTED_EDGE ( 'NONE', *, *, #2969, .T. ) ;
#8923 = ORIENTED_EDGE ( 'NONE', *, *, #4642, .F. ) ;
#8924 = VECTOR ( 'NONE', #5251, 1000.000000000000000 ) ;
#8925 = EDGE_CURVE ( 'NONE', #8126, #2921, #1761, .T. ) ;
#8926 = ORIENTED_EDGE ( 'NONE', *, *, #8319, .T. ) ;
#8927 = DIRECTION ( 'NONE',  ( -0.6652809670318279300, 0.7465930852246059901, -5.334798887520879678E-17 ) ) ;
#8928 = CARTESIAN_POINT ( 'NONE',  ( -0.8365718501020558140, 14.54924916095400533, -14.28453612476934076 ) ) ;
#8929 = CARTESIAN_POINT ( 'NONE',  ( -26.62500000000000000, -12.00000000000000000, -1.000000000000000000 ) ) ;
#8930 = ADVANCED_FACE ( 'NONE', ( #7027 ), #1028, .F. ) ;
#8931 = CARTESIAN_POINT ( 'NONE',  ( 7.829014785873210869, 13.94727521435340023, -26.00000000000000000 ) ) ;
#8932 = ADVANCED_FACE ( 'NONE', ( #8563 ), #3334, .T. ) ;
#8933 = FACE_OUTER_BOUND ( 'NONE', #4952, .T. ) ;
#8934 = ORIENTED_EDGE ( 'NONE', *, *, #3501, .F. ) ;
#8935 = VERTEX_POINT ( 'NONE', #6632 ) ;
#8936 = CIRCLE ( 'NONE', #3427, 12.00000000000000000 ) ;
#8937 = ORIENTED_EDGE ( 'NONE', *, *, #1627, .F. ) ;
#8938 = LINE ( 'NONE', #5930, #8862 ) ;
#8939 = AXIS2_PLACEMENT_3D ( 'NONE', #4875, #9317, #5654 ) ;
#8940 = CARTESIAN_POINT ( 'NONE',  ( -23.16053390593259920, -7.900000000000000355, -7.000000000000000000 ) ) ;
#8941 = CARTESIAN_POINT ( 'NONE',  ( -22.80213797083180793, 0.6279788100497022407, 18.44123134076168569 ) ) ;
#8942 = LINE ( 'NONE', #126, #3045 ) ;
#8943 = CARTESIAN_POINT ( 'NONE',  ( -24.62500000000000000, -8.000000000000000000, -37.79999999999999716 ) ) ;
#8944 = FACE_BOUND ( 'NONE', #9020, .T. ) ;
#8945 = AXIS2_PLACEMENT_3D ( 'NONE', #2842, #2050, #8160 ) ;
#8946 = VERTEX_POINT ( 'NONE', #2744 ) ;
#8947 = CIRCLE ( 'NONE', #6898, 4.000000000000000000 ) ;
#8948 = VECTOR ( 'NONE', #7906, 1000.000000000000000 ) ;
#8949 = CARTESIAN_POINT ( 'NONE',  ( -26.62500000000000000, -2.625000000000000000, 26.59663336986829663 ) ) ;
#8950 = CARTESIAN_POINT ( 'NONE',  ( -14.58757411481573740, -2.159407277601037123, -37.95928977993728637 ) ) ;
#8951 = CARTESIAN_POINT ( 'NONE',  ( -16.57499999999999929, -2.625000000000000000, 27.64663336986830089 ) ) ;
#8952 = CARTESIAN_POINT ( 'NONE',  ( -10.43261184457493940, 10.09999999999999964, -29.19238815542515297 ) ) ;
#8953 = VECTOR ( 'NONE', #9111, 1000.000000000000000 ) ;
#8954 = FACE_OUTER_BOUND ( 'NONE', #4386, .T. ) ;
#8955 = DIRECTION ( 'NONE',  ( 0.000000000000000000, -1.000000000000000000, 0.000000000000000000 ) ) ;
#8956 = DIRECTION ( 'NONE',  ( 0.000000000000000000, -1.000000000000000000, 0.000000000000000000 ) ) ;
#8957 = ORIENTED_EDGE ( 'NONE', *, *, #2786, .F. ) ;
#8958 = CARTESIAN_POINT ( 'NONE',  ( 25.75185937728949881, 12.11275902093029977, -12.62870287826813964 ) ) ;
#8959 = AXIS2_PLACEMENT_3D ( 'NONE', #7946, #4736, #9483 ) ;
#8960 = AXIS2_PLACEMENT_3D ( 'NONE', #8750, #2007, #538 ) ;
#8961 = CARTESIAN_POINT ( 'NONE',  ( -26.58016325386659773, -7.963276868065199743, 1.335932803610914155 ) ) ;
#8962 = CARTESIAN_POINT ( 'NONE',  ( -25.23665721231300196, 11.03946688514910335, -0.6798222950496954908 ) ) ;
#8963 = ADVANCED_FACE ( 'NONE', ( #8019 ), #2152, .F. ) ;
#8964 = CARTESIAN_POINT ( 'NONE',  ( 20.40162591346181742, 11.82476017637058696, -24.43241005156396284 ) ) ;
#8965 = VECTOR ( 'NONE', #7778, 1000.000000000000000 ) ;
#8966 = DIRECTION ( 'NONE',  ( 0.000000000000000000, 0.000000000000000000, 1.000000000000000000 ) ) ;
#8967 = CARTESIAN_POINT ( 'NONE',  ( -14.85836206505428869, -14.97038234710589499, -38.00336224536121676 ) ) ;
#8968 = CARTESIAN_POINT ( 'NONE',  ( 15.12500000000000000, 0.000000000000000000, 23.09999999999999787 ) ) ;
#8969 = CARTESIAN_POINT ( 'NONE',  ( -17.30132581692666349, 14.31450208368856813, -1.771500694562846201 ) ) ;
#8970 = ORIENTED_EDGE ( 'NONE', *, *, #6458, .F. ) ;
#8971 = DIRECTION ( 'NONE',  ( 0.000000000000000000, 0.000000000000000000, -1.000000000000000000 ) ) ;
#8972 = CIRCLE ( 'NONE', #7712, 6.999999999999999112 ) ;
#8973 = ORIENTED_EDGE ( 'NONE', *, *, #4169, .T. ) ;
#8974 = ORIENTED_EDGE ( 'NONE', *, *, #6392, .T. ) ;
#8975 = ORIENTED_EDGE ( 'NONE', *, *, #982, .F. ) ;
#8976 = CIRCLE ( 'NONE', #5958, 1.999999999999998224 ) ;
#8977 = EDGE_CURVE ( 'NONE', #240, #7098, #5693, .T. ) ;
#8978 = VERTEX_POINT ( 'NONE', #6582 ) ;
#8979 = CARTESIAN_POINT ( 'NONE',  ( 15.44252030264503261, -12.32675690345776509, -28.11592686547424691 ) ) ;
#8980 = CARTESIAN_POINT ( 'NONE',  ( -0.07239137861977100463, 15.46844551391894917, -15.00000000000000000 ) ) ;
#8981 = CARTESIAN_POINT ( 'NONE',  ( -25.61997560995764545, -7.448051008136749473, 6.260083735048906917 ) ) ;
#8982 = CARTESIAN_POINT ( 'NONE',  ( -26.62500000000000000, -2.625000000000000000, 26.59663336986829663 ) ) ;
#8983 = CARTESIAN_POINT ( 'NONE',  ( -10.43261184457493940, -10.09999999999999964, -29.19238815542515297 ) ) ;
#8984 = ORIENTED_EDGE ( 'NONE', *, *, #9082, .T. ) ;
#8985 = ORIENTED_EDGE ( 'NONE', *, *, #390, .F. ) ;
#8986 = ADVANCED_FACE ( 'NONE', ( #2009 ), #9604, .F. ) ;
#8987 = ORIENTED_EDGE ( 'NONE', *, *, #6258, .F. ) ;
#8988 = EDGE_CURVE ( 'NONE', #8210, #663, #2082, .T. ) ;
#8989 = EDGE_CURVE ( 'NONE', #8735, #9198, #9246, .T. ) ;
#8990 = DIRECTION ( 'NONE',  ( 0.000000000000000000, 0.000000000000000000, 1.000000000000000000 ) ) ;
#8991 = PLANE ( 'NONE',  #114 ) ;
#8992 = CARTESIAN_POINT ( 'NONE',  ( -22.70520532533756963, 0.8994599048489322346, 19.57246110847560772 ) ) ;
#8993 = DIRECTION ( 'NONE',  ( -1.000000000000000000, 0.000000000000000000, -1.765621858500564986E-16 ) ) ;
#8994 = CARTESIAN_POINT ( 'NONE',  ( -26.62500000000000000, -10.09999999999999964, -33.09999999999999432 ) ) ;
#8995 = PERSON_AND_ORGANIZATION_ROLE ( 'classification_officer' ) ;
#8996 = DIRECTION ( 'NONE',  ( 1.000000000000000000, 0.000000000000000000, -1.079438565345102177E-14 ) ) ;
#8997 = VERTEX_POINT ( 'NONE', #6487 ) ;
#8998 = CARTESIAN_POINT ( 'NONE',  ( 3.668529345184497803, 15.09908219685087793, -14.98936771120944123 ) ) ;
#8999 = CARTESIAN_POINT ( 'NONE',  ( -22.79000000000000270, -8.000000000000000000, -37.79999999999999716 ) ) ;
#9000 = DIRECTION ( 'NONE',  ( 1.000000000000000000, 0.000000000000000000, 0.000000000000000000 ) ) ;
#9001 = DIRECTION ( 'NONE',  ( 1.000000000000000000, 0.000000000000000000, 2.881657216719184962E-16 ) ) ;
#9002 = CARTESIAN_POINT ( 'NONE',  ( -26.62500000000000000, -10.67871917582954033, -0.5595730586098370818 ) ) ;
#9003 = DIRECTION ( 'NONE',  ( -1.000000000000000000, 2.164016633576080066E-32, 0.000000000000000000 ) ) ;
#9004 = ORIENTED_EDGE ( 'NONE', *, *, #522, .F. ) ;
#9005 = CARTESIAN_POINT ( 'NONE',  ( -3.308591250574905107, 13.64675130605525943, -35.80267410556915308 ) ) ;
#9006 = B_SPLINE_CURVE_WITH_KNOTS ( 'NONE', 3,
 ( #4745, #2942, #1010, #5941, #8950, #3952, #4644, #6683, #8224, #6962, #2474, #7801, #6914, #3120, #7748, #119, #4690, #7607, #6118, #171, #3854, #4796, #864, #5525, #9134, #2380, #1471, #2209, #221, #6164 ),
 .UNSPECIFIED., .F., .F.,
 ( 4, 2, 2, 1, 2, 2, 2, 2, 1, 2, 2, 2, 1, 1, 2, 2, 4 ),
 ( 0.000000000000000000, 0.1250000000000005551, 0.1875000000000008604, 0.2187500000000010270, 0.2343750000000011657, 0.2500000000000012768, 0.3750000000000015543, 0.4375000000000015543, 0.4687500000000015543, 0.4843750000000015543, 0.5000000000000014433, 0.6250000000000014433, 0.6875000000000015543, 0.7187500000000016653, 0.7343750000000014433, 0.7500000000000013323, 1.000000000000000000 ),
 .UNSPECIFIED. ) ;
#9007 = CARTESIAN_POINT ( 'NONE',  ( -10.58624128662954256, 14.88641135514573399, -10.00000000000001421 ) ) ;
#9008 = FACE_OUTER_BOUND ( 'NONE', #1058, .T. ) ;
#9009 = CARTESIAN_POINT ( 'NONE',  ( 19.83277711095889018, 11.88563427671922668, -24.93273423311369541 ) ) ;
#9010 = CARTESIAN_POINT ( 'NONE',  ( 7.675000000000000711, 7.100000000000000533, -36.29999999999999716 ) ) ;
#9011 = CARTESIAN_POINT ( 'NONE',  ( -18.41664326403306973, -14.99846909350236857, -38.27965181275311579 ) ) ;
#9012 = CARTESIAN_POINT ( 'NONE',  ( 12.49798334620739837, 12.00000000000000000, 1.000000000000000000 ) ) ;
#9013 = CARTESIAN_POINT ( 'NONE',  ( -26.62500000000000000, 15.00000000000000000, 5.147263975624269829E-15 ) ) ;
#9014 = VERTEX_POINT ( 'NONE', #2792 ) ;
#9015 = CYLINDRICAL_SURFACE ( 'NONE', #1634, 4.000000000000000000 ) ;
#9016 = ORIENTED_EDGE ( 'NONE', *, *, #9085, .F. ) ;
#9017 = ORIENTED_EDGE ( 'NONE', *, *, #9534, .T. ) ;
#9018 = CIRCLE ( 'NONE', #3284, 4.000000000000001776 ) ;
#9019 = B_SPLINE_CURVE_WITH_KNOTS ( 'NONE', 3,
 ( #453, #502, #1237, #7826 ),
 .UNSPECIFIED., .F., .F.,
 ( 4, 4 ),
 ( 0.000000000000000000, 1.000000000000000000 ),
 .UNSPECIFIED. ) ;
#9020 = EDGE_LOOP ( 'NONE', ( #2084, #2069 ) ) ;
#9021 = ORIENTED_EDGE ( 'NONE', *, *, #8507, .T. ) ;
#9022 = CARTESIAN_POINT ( 'NONE',  ( 20.37402444679361579, -11.82771490338155473, -24.45726803737661115 ) ) ;
#9023 = CARTESIAN_POINT ( 'NONE',  ( 9.768661762276202865, 12.60299164036041475, 0.08194308964158426856 ) ) ;
#9024 = CARTESIAN_POINT ( 'NONE',  ( 26.62500000000000000, 15.00000000000000000, 5.147263975624269829E-15 ) ) ;
#9025 = CARTESIAN_POINT ( 'NONE',  ( 22.62500000000000000, 8.000000000000000000, 1.000000000000000000 ) ) ;
#9026 = ADVANCED_FACE ( 'NONE', ( #5790 ), #2791, .F. ) ;
#9027 = CARTESIAN_POINT ( 'NONE',  ( -23.16053390593259920, 15.00000000000000000, -10.53553390593270045 ) ) ;
#9028 = VECTOR ( 'NONE', #7174, 1000.000000000000000 ) ;
#9029 = VERTEX_POINT ( 'NONE', #8264 ) ;
#9030 = VERTEX_POINT ( 'NONE', #6824 ) ;
#9031 = ORIENTED_EDGE ( 'NONE', *, *, #800, .F. ) ;
#9032 = ORIENTED_EDGE ( 'NONE', *, *, #5242, .T. ) ;
#9033 = CIRCLE ( 'NONE', #7948, 1.999999999999998224 ) ;
#9034 = DIRECTION ( 'NONE',  ( 0.000000000000000000, -1.000000000000000000, 0.000000000000000000 ) ) ;
#9035 = ADVANCED_FACE ( 'NONE', ( #7567, #2338, #2989, #6031, #8944, #2292, #728 ), #3863, .T. ) ;
#9036 = CARTESIAN_POINT ( 'NONE',  ( -22.98488007310814751, -1.580676988553630480, 16.84642114959007131 ) ) ;
#9037 = CARTESIAN_POINT ( 'NONE',  ( -22.79976710485289715, 0.6268110112079734453, 18.46535966485997093 ) ) ;
#9038 = CARTESIAN_POINT ( 'NONE',  ( 24.15711902411835510, 11.69623503415413523, 0.9382141965621332291 ) ) ;
#9039 = ADVANCED_FACE ( 'NONE', ( #871 ), #9745, .T. ) ;
#9040 = LINE ( 'NONE', #7753, #6430 ) ;
#9041 = PERSON_AND_ORGANIZATION_ROLE ( 'design_supplier' ) ;
#9043 = CARTESIAN_POINT ( 'NONE',  ( 4.361708675248484823, 14.19700175547404086, -26.00000000000000000 ) ) ;
#9042 = VECTOR ( 'NONE', #6299, 1000.000000000000000 ) ;
#9044 = EDGE_CURVE ( 'NONE', #2902, #3731, #6776, .T. ) ;
#9045 = EDGE_LOOP ( 'NONE', ( #3520, #4339, #2251, #5081 ) ) ;
#9046 = EDGE_CURVE ( 'NONE', #3655, #8167, #3721, .T. ) ;
#9047 = CARTESIAN_POINT ( 'NONE',  ( 3.823225359256569256, 14.95096132184471927, -14.95886619754671543 ) ) ;
#9048 = FACE_OUTER_BOUND ( 'NONE', #9422, .T. ) ;
#9049 = DIRECTION ( 'NONE',  ( -1.000000000000000000, 0.000000000000000000, 0.000000000000000000 ) ) ;
#9050 = EDGE_CURVE ( 'NONE', #9562, #332, #8307, .T. ) ;
#9051 = CARTESIAN_POINT ( 'NONE',  ( 17.62500000000000000, 0.000000000000000000, 23.09999999999999787 ) ) ;
#9052 = PLANE ( 'NONE',  #5973 ) ;
#9053 = CARTESIAN_POINT ( 'NONE',  ( 25.75185937550030246, 12.11275902115912118, -12.66750695872415733 ) ) ;
#9054 = CARTESIAN_POINT ( 'NONE',  ( -1.044788399524837930, 13.53871207541374133, -35.17835735153200005 ) ) ;
#9055 = B_SPLINE_CURVE_WITH_KNOTS ( 'NONE', 3,
 ( #8850, #2107, #3635, #5104, #1375, #7431, #4364, #6636, #9651, #687, #134, #182, #921, #7522 ),
 .UNSPECIFIED., .F., .F.,
 ( 4, 2, 2, 1, 1, 2, 2, 4 ),
 ( 0.000000000000000000, 0.2500000000000715539, 0.3750000000001091349, 0.4375000000001278977, 0.4687500000001367240, 0.4843750000001386113, 0.5000000000001405542, 1.000000000000000000 ),
 .UNSPECIFIED. ) ;
#9056 = CARTESIAN_POINT ( 'NONE',  ( -22.99777678508189993, 3.489977910298911912, 16.74963923455700510 ) ) ;
#9057 = CARTESIAN_POINT ( 'NONE',  ( -22.87263974608760364, 12.00000000000000533, -0.2781499104073803519 ) ) ;
#9058 = CARTESIAN_POINT ( 'NONE',  ( 9.127092637754714133, 12.87557071205044146, -31.45247009430150698 ) ) ;
#9059 = DIRECTION ( 'NONE',  ( -9.366785582234729207E-17, -1.000000000000000000, 0.000000000000000000 ) ) ;
#9060 = CARTESIAN_POINT ( 'NONE',  ( 3.434845444706914996, -13.28409159263602035, -33.74539703399395307 ) ) ;
#9061 = LINE ( 'NONE', #2312, #3092 ) ;
#9062 = CARTESIAN_POINT ( 'NONE',  ( -26.62500000000000000, 14.32379000772443867, -1.774596669241474967 ) ) ;
#9063 = ORIENTED_EDGE ( 'NONE', *, *, #5009, .T. ) ;
#9064 = FACE_OUTER_BOUND ( 'NONE', #5947, .T. ) ;
#9065 = VECTOR ( 'NONE', #4303, 1000.000000000000000 ) ;
#9066 = ORIENTED_EDGE ( 'NONE', *, *, #8417, .T. ) ;
#9067 = VERTEX_POINT ( 'NONE', #6780 ) ;
#9068 = ADVANCED_FACE ( 'NONE', ( #7613, #1557 ), #38, .F. ) ;
#9069 = DIRECTION ( 'NONE',  ( 1.000000000000000000, 0.000000000000000000, 0.000000000000000000 ) ) ;
#9070 = CIRCLE ( 'NONE', #8448, 1.834999999999999742 ) ;
#9071 = VERTEX_POINT ( 'NONE', #3079 ) ;
#9072 = CARTESIAN_POINT ( 'NONE',  ( 13.28041054381442621, -12.52803604961351525, -29.40620739455384935 ) ) ;
#9073 = DIRECTION ( 'NONE',  ( 0.000000000000000000, 0.000000000000000000, -1.000000000000000000 ) ) ;
#9074 = DIRECTION ( 'NONE',  ( 1.000000000000000000, 0.000000000000000000, 0.000000000000000000 ) ) ;
#9075 = DIRECTION ( 'NONE',  ( 0.6652809670318279300, -0.7465930852246059901, 0.000000000000000000 ) ) ;
#9076 = EDGE_CURVE ( 'NONE', #3420, #4058, #8070, .T. ) ;
#9077 = ORIENTED_EDGE ( 'NONE', *, *, #3390, .T. ) ;
#9078 = ORIENTED_EDGE ( 'NONE', *, *, #2239, .T. ) ;
#9079 = ORIENTED_EDGE ( 'NONE', *, *, #3497, .T. ) ;
#9080 = VECTOR ( 'NONE', #9702, 1000.000000000000000 ) ;
#9081 = VERTEX_POINT ( 'NONE', #9090 ) ;
#9082 = EDGE_CURVE ( 'NONE', #3408, #7785, #7954, .T. ) ;
#9083 = CARTESIAN_POINT ( 'NONE',  ( 24.15801106952455157, -11.69969252598021470, 0.9346166846356998015 ) ) ;
#9084 = CARTESIAN_POINT ( 'NONE',  ( -22.58891012405898380, 3.599881822999349446, 21.92186014668869731 ) ) ;
#9085 = EDGE_CURVE ( 'NONE', #3960, #6703, #7590, .T. ) ;
#9086 = CARTESIAN_POINT ( 'NONE',  ( -22.94158610945331134, -1.166401873771596431, 17.18491563569468639 ) ) ;
#9087 = CARTESIAN_POINT ( 'NONE',  ( -22.80980135340216464, 0.6333255387409062465, 18.36388136606429455 ) ) ;
#9088 = CARTESIAN_POINT ( 'NONE',  ( 24.24695431651406707, 11.65770506290790998, 0.9497744596051660437 ) ) ;
#9089 = CARTESIAN_POINT ( 'NONE',  ( 2.650276260622774771, 15.30999064362725015, -25.00000000000000000 ) ) ;
#9090 = CARTESIAN_POINT ( 'NONE',  ( -11.07499999999999929, -5.250000000000000000, 22.05000000000000071 ) ) ;
#9091 = EDGE_LOOP ( 'NONE', ( #4927, #1398, #599 ) ) ;
#9092 = AXIS2_PLACEMENT_3D ( 'NONE', #2894, #1328, #8898 ) ;
#9093 = EDGE_CURVE ( 'NONE', #3507, #2779, #6723, .T. ) ;
#9094 = CARTESIAN_POINT ( 'NONE',  ( -26.62500000000000000, 9.985597110541030830, -0.2620528410452180879 ) ) ;
#9095 = LINE ( 'NONE', #2437, #1068 ) ;
#9096 = LINE ( 'NONE', #1473, #5645 ) ;
#9097 = CARTESIAN_POINT ( 'NONE',  ( 7.675000000000000711, 7.100000000000000533, -36.29999999999999716 ) ) ;
#9098 = CARTESIAN_POINT ( 'NONE',  ( -22.79000000000000270, -8.000000000000000000, -37.79999999999999716 ) ) ;
#9099 = CARTESIAN_POINT ( 'NONE',  ( 24.46760342748192230, 12.27469336411876100, -17.79873909219783457 ) ) ;
#9100 = CARTESIAN_POINT ( 'NONE',  ( 10.04334794077035120, 13.77685293241775000, -31.07156462202101110 ) ) ;
#9101 = AXIS2_PLACEMENT_3D ( 'NONE', #4522, #9204, #1662 ) ;
#9102 = EDGE_CURVE ( 'NONE', #8000, #3153, #3706, .T. ) ;
#9103 = EDGE_CURVE ( 'NONE', #1891, #902, #5869, .T. ) ;
#9104 = CARTESIAN_POINT ( 'NONE',  ( 9.010819090634271333, -12.09999999999999964, -29.30000000000000071 ) ) ;
#9105 = AXIS2_PLACEMENT_3D ( 'NONE', #680, #1418, #636 ) ;
#9106 = CARTESIAN_POINT ( 'NONE',  ( -23.53088002968493697, 11.89803653866158406, -0.2334782278379457232 ) ) ;
#9107 = CARTESIAN_POINT ( 'NONE',  ( 25.43566432154295498, 11.26018393840126741, -17.83613658992057083 ) ) ;
#9108 = CARTESIAN_POINT ( 'NONE',  ( 20.62500000000000000, 2.625000000000000000, 25.64663336986835063 ) ) ;
#9109 = CARTESIAN_POINT ( 'NONE',  ( -8.057959053668799498, -14.82099012769895907, -35.90121948100445337 ) ) ;
#9110 = DIRECTION ( 'NONE',  ( 0.000000000000000000, 0.000000000000000000, 1.000000000000000000 ) ) ;
#9111 = DIRECTION ( 'NONE',  ( 0.7071067811865275887, -5.275848315469826043E-17, -0.7071067811865675568 ) ) ;
#9112 = AXIS2_PLACEMENT_3D ( 'NONE', #4301, #671, #6564 ) ;
#9113 = B_SPLINE_CURVE_WITH_KNOTS ( 'NONE', 3,
 ( #1845, #7216, #8739, #4155 ),
 .UNSPECIFIED., .F., .F.,
 ( 4, 4 ),
 ( 1.269001344909715815E-12, 0.002792665829996360000 ),
 .UNSPECIFIED. ) ;
#9114 = CIRCLE ( 'NONE', #779, 0.8500000000000000888 ) ;
#9115 = VERTEX_POINT ( 'NONE', #575 ) ;
#9116 = CARTESIAN_POINT ( 'NONE',  ( -25.92296239535006563, -8.279382366894058265, 5.215323313446760700 ) ) ;
#9117 = ORIENTED_EDGE ( 'NONE', *, *, #2229, .F. ) ;
#9118 = VECTOR ( 'NONE', #9393, 1000.000000000000114 ) ;
#9119 = AXIS2_PLACEMENT_3D ( 'NONE', #5449, #3977, #7731 ) ;
#9120 = DIRECTION ( 'NONE',  ( 1.000000000000000000, 0.000000000000000000, 0.000000000000000000 ) ) ;
#9121 = VERTEX_POINT ( 'NONE', #3561 ) ;
#9122 = CARTESIAN_POINT ( 'NONE',  ( 24.90297464307331410, -11.32198783013068066, -18.88815766153180320 ) ) ;
#9123 = CARTESIAN_POINT ( 'NONE',  ( -16.26996422522890029, -14.98436486854376071, -37.13128962337597727 ) ) ;
#9124 = VECTOR ( 'NONE', #8365, 1000.000000000000000 ) ;
#9125 = CARTESIAN_POINT ( 'NONE',  ( 25.75185937549460036, -12.11275902115984060, -12.03976285529073920 ) ) ;
#9126 = FACE_OUTER_BOUND ( 'NONE', #5819, .T. ) ;
#9127 = VERTEX_POINT ( 'NONE', #8879 ) ;
#9128 = VERTEX_POINT ( 'NONE', #8832 ) ;
#9129 = VERTEX_POINT ( 'NONE', #7453 ) ;
#9130 = AXIS2_PLACEMENT_3D ( 'NONE', #937, #9256, #1717 ) ;
#9131 = ORIENTED_EDGE ( 'NONE', *, *, #2590, .T. ) ;
#9132 = B_SPLINE_CURVE_WITH_KNOTS ( 'NONE', 3,
 ( #7427, #2743, #5887, #9603 ),
 .UNSPECIFIED., .F., .F.,
 ( 4, 4 ),
 ( 0.000000000000000000, 0.005461271170339570755 ),
 .UNSPECIFIED. ) ;
#9133 = CARTESIAN_POINT ( 'NONE',  ( 22.81047109103691284, -12.00000000000000178, 0.8515890499636011857 ) ) ;
#9134 = CARTESIAN_POINT ( 'NONE',  ( -12.50689925202435049, -9.111121834774159822, -37.67958136503546740 ) ) ;
#9135 = CARTESIAN_POINT ( 'NONE',  ( -22.57500000000000284, 3.250000000000000000, 23.09999999999999787 ) ) ;
#9136 = CARTESIAN_POINT ( 'NONE',  ( -22.74301133294635591, -0.6944066239472567181, 19.09285308708592765 ) ) ;
#9137 = CARTESIAN_POINT ( 'NONE',  ( -22.97556235021970394, 1.472391138020966883, 16.91758762849014275 ) ) ;
#9138 = CARTESIAN_POINT ( 'NONE',  ( -13.57500000000000107, 8.572527594031470232E-16, 16.10000000000000142 ) ) ;
#9139 = DIRECTION ( 'NONE',  ( 0.000000000000000000, 0.000000000000000000, 1.000000000000000000 ) ) ;
#9140 = ORIENTED_EDGE ( 'NONE', *, *, #9147, .F. ) ;
#9141 = ORIENTED_EDGE ( 'NONE', *, *, #6517, .F. ) ;
#9142 = ADVANCED_FACE ( 'NONE', ( #4254 ), #9536, .F. ) ;
#9143 = CARTESIAN_POINT ( 'NONE',  ( -24.62500000000000000, -8.000000000000000000, -37.79999999999999716 ) ) ;
#9144 = CARTESIAN_POINT ( 'NONE',  ( -19.31083502193769874, 13.99987239901617997, -38.29817666897894668 ) ) ;
#9145 = CARTESIAN_POINT ( 'NONE',  ( 20.62500000000000000, -2.625000000000000000, 27.64663336986835063 ) ) ;
#9146 = LINE ( 'NONE', #5994, #3141 ) ;
#9147 = EDGE_CURVE ( 'NONE', #8877, #7507, #8783, .T. ) ;
#9148 = DIRECTION ( 'NONE',  ( 1.000000000000000000, 0.000000000000000000, 0.000000000000000000 ) ) ;
#9149 = CARTESIAN_POINT ( 'NONE',  ( -13.96814575050796137, 14.95551785225862140, -19.72792206135790138 ) ) ;
#9150 = CARTESIAN_POINT ( 'NONE',  ( 18.12711504229480042, 12.06257607916016106, -26.29766253434495127 ) ) ;
#9151 = EDGE_CURVE ( 'NONE', #5558, #3256, #1020, .T. ) ;
#9152 = CARTESIAN_POINT ( 'NONE',  ( -22.95974235215743064, 3.940392068791216840, 17.04006978380872184 ) ) ;
#9153 = CARTESIAN_POINT ( 'NONE',  ( -25.49230765510912988, 10.78772412744189602, 0.2176038021380215237 ) ) ;
#9154 = LINE ( 'NONE', #5396, #143 ) ;
#9155 = DIRECTION ( 'NONE',  ( -4.785727636935519874E-32, 1.000000000000000000, 2.710505431213760099E-16 ) ) ;
#9156 = EDGE_CURVE ( 'NONE', #9029, #3256, #8736, .T. ) ;
#9157 = CARTESIAN_POINT ( 'NONE',  ( -16.71190558476984833, -14.98867848927591950, -37.17243836704174953 ) ) ;
#9158 = DIRECTION ( 'NONE',  ( 1.000000000000000000, 0.000000000000000000, 2.881657216719184962E-16 ) ) ;
#9159 = CARTESIAN_POINT ( 'NONE',  ( -24.66829553029680611, -7.535398748450298001, 9.094020611439898261 ) ) ;
#9160 = EDGE_LOOP ( 'NONE', ( #3370, #5418 ) ) ;
#9161 = CARTESIAN_POINT ( 'NONE',  ( 22.62500000000000000, 8.000000000000000000, 23.09999999999999787 ) ) ;
#9162 = ADVANCED_FACE ( 'NONE', ( #8053 ), #668, .F. ) ;
#9163 = ORIENTED_EDGE ( 'NONE', *, *, #7917, .T. ) ;
#9164 = ADVANCED_FACE ( 'NONE', ( #1310 ), #5184, .T. ) ;
#9165 = PLANE ( 'NONE',  #2203 ) ;
#9166 = ORIENTED_EDGE ( 'NONE', *, *, #7658, .T. ) ;
#9167 = CARTESIAN_POINT ( 'NONE',  ( 14.61945554525038737, -12.40387767572213917, -28.61551563769640794 ) ) ;
#9168 = DIRECTION ( 'NONE',  ( 9.112600240694075975E-17, 0.9486832980505136570, -0.3162277660168383853 ) ) ;
#9169 = LINE ( 'NONE', #6156, #3766 ) ;
#9170 = CARTESIAN_POINT ( 'NONE',  ( -24.62500000000000000, -8.000000000000000000, -30.13015151901650057 ) ) ;
#9171 = VERTEX_POINT ( 'NONE', #4298 ) ;
#9172 = ORIENTED_EDGE ( 'NONE', *, *, #9650, .F. ) ;
#9173 = ORIENTED_EDGE ( 'NONE', *, *, #6127, .T. ) ;
#9174 = ORIENTED_EDGE ( 'NONE', *, *, #861, .F. ) ;
#9175 = ORIENTED_EDGE ( 'NONE', *, *, #4209, .F. ) ;
#9176 = EDGE_CURVE ( 'NONE', #7416, #1669, #7471, .T. ) ;
#9177 = AXIS2_PLACEMENT_3D ( 'NONE', #3667, #8158, #1415 ) ;
#9178 = LINE ( 'NONE', #6816, #1005 ) ;
#9179 = CARTESIAN_POINT ( 'NONE',  ( -19.62500000000000000, 15.00000000000000000, -37.29999999999999716 ) ) ;
#9180 = DIRECTION ( 'NONE',  ( 1.000000000000000000, 0.000000000000000000, 2.881657216719184962E-16 ) ) ;
#9181 = CARTESIAN_POINT ( 'NONE',  ( -22.70413965017365499, -0.8893878391921926641, 19.58105264130640677 ) ) ;
#9182 = CARTESIAN_POINT ( 'NONE',  ( 20.62500000000000000, 2.625000000000000000, 26.59663336986834992 ) ) ;
#9183 = CYLINDRICAL_SURFACE ( 'NONE', #4782, 1.999999999999998224 ) ;
#9184 = DIRECTION ( 'NONE',  ( -1.000000000000000000, 0.000000000000000000, 0.000000000000000000 ) ) ;
#9185 = ORIENTED_EDGE ( 'NONE', *, *, #4405, .T. ) ;
#9186 = ORIENTED_EDGE ( 'NONE', *, *, #8024, .T. ) ;
#9187 = EDGE_LOOP ( 'NONE', ( #7380, #3324 ) ) ;
#9188 = CIRCLE ( 'NONE', #2111, 1.049999999999998934 ) ;
#9189 = DIRECTION ( 'NONE',  ( 0.000000000000000000, 0.000000000000000000, 1.000000000000000000 ) ) ;
#9190 = FACE_OUTER_BOUND ( 'NONE', #1491, .T. ) ;
#9191 = AXIS2_PLACEMENT_3D ( 'NONE', #713, #5824, #2825 ) ;
#9192 = CARTESIAN_POINT ( 'NONE',  ( -16.57499999999999929, -2.625000000000000000, 27.64663336986830089 ) ) ;
#9193 = DIRECTION ( 'NONE',  ( -1.000000000000000000, 0.000000000000000000, -2.891205793294680298E-16 ) ) ;
#9194 = ADVANCED_FACE ( 'NONE', ( #2923 ), #5083, .F. ) ;
#9195 = DIRECTION ( 'NONE',  ( 0.000000000000000000, 0.000000000000000000, -1.000000000000000000 ) ) ;
#9196 = LINE ( 'NONE', #5301, #9666 ) ;
#9197 = CARTESIAN_POINT ( 'NONE',  ( -14.85836206505532608, 14.97038234710685067, -38.00336224535707430 ) ) ;
#9198 = VERTEX_POINT ( 'NONE', #8100 ) ;
#9199 = EDGE_CURVE ( 'NONE', #1937, #6554, #3998, .T. ) ;
#9200 = CARTESIAN_POINT ( 'NONE',  ( -22.85227921480078805, 4.533489073065024577, 17.95378373788775761 ) ) ;
#9201 = CARTESIAN_POINT ( 'NONE',  ( -24.14194804430975339, 11.70100732138226896, -0.1513785165235069508 ) ) ;
#9202 = CARTESIAN_POINT ( 'NONE',  ( 15.12500000000000000, 5.250000000000000000, 24.15000000000000213 ) ) ;
#9203 = CARTESIAN_POINT ( 'NONE',  ( -1.047216242102569472, 14.51889478091930741, -14.07559400543268247 ) ) ;
#9204 = DIRECTION ( 'NONE',  ( 0.000000000000000000, 0.000000000000000000, -1.000000000000000000 ) ) ;
#9205 = DIRECTION ( 'NONE',  ( 1.765621858500564986E-16, 2.428612866367529932E-15, -1.000000000000000000 ) ) ;
#9206 = DIRECTION ( 'NONE',  ( 1.000000000000000000, 0.000000000000000000, -1.734723475976805517E-15 ) ) ;
#9207 = DIRECTION ( 'NONE',  ( 0.000000000000000000, 0.000000000000000000, 1.000000000000000000 ) ) ;
#9208 = EDGE_LOOP ( 'NONE', ( #3686, #8519, #8926, #2238 ) ) ;
#9209 = DIRECTION ( 'NONE',  ( -1.000000000000000000, 0.000000000000000000, -2.891205793294680298E-16 ) ) ;
#9210 = ORIENTED_EDGE ( 'NONE', *, *, #3522, .F. ) ;
#9211 = CARTESIAN_POINT ( 'NONE',  ( -19.47655779485608107, -14.32379000772487920, -1.774596669241619074 ) ) ;
#9212 = ADVANCED_FACE ( 'NONE', ( #1991 ), #3610, .F. ) ;
#9213 = CARTESIAN_POINT ( 'NONE',  ( 3.962955628682977682, 14.86675212707044835, -25.06592616873105683 ) ) ;
#9214 = CARTESIAN_POINT ( 'NONE',  ( 9.283005395115257130, -12.76896398059954763, 0.02668225410566095121 ) ) ;
#9215 = CARTESIAN_POINT ( 'NONE',  ( 26.62500000000000000, 5.250000000000000000, 21.10000000000000142 ) ) ;
#9216 = EDGE_CURVE ( 'NONE', #7863, #1678, #9582, .T. ) ;
#9217 = DIRECTION ( 'NONE',  ( -9.221531102568229315E-32, -1.000000000000000000, 5.222823368532319275E-16 ) ) ;
#9218 = CARTESIAN_POINT ( 'NONE',  ( 7.129014785873200033, 17.98421494571415025, -15.00000000000000000 ) ) ;
#9219 = ORIENTED_EDGE ( 'NONE', *, *, #2354, .F. ) ;
#9220 = ORIENTED_EDGE ( 'NONE', *, *, #2283, .T. ) ;
#9221 = ORIENTED_EDGE ( 'NONE', *, *, #2781, .T. ) ;
#9222 = EDGE_LOOP ( 'NONE', ( #4908, #4741, #7430, #3018, #2495, #8436 ) ) ;
#9223 = ORIENTED_EDGE ( 'NONE', *, *, #3082, .T. ) ;
#9224 = ADVANCED_FACE ( 'NONE', ( #7359 ), #618, .F. ) ;
#9225 = VECTOR ( 'NONE', #9, 1000.000000000000000 ) ;
#9226 = EDGE_CURVE ( 'NONE', #3653, #6909, #5557, .T. ) ;
#9227 = EDGE_CURVE ( 'NONE', #2770, #8489, #862, .T. ) ;
#9228 = CARTESIAN_POINT ( 'NONE',  ( -26.84991221830399866, -8.103426060940028819, 5.341209296556019837 ) ) ;
#9229 = FACE_OUTER_BOUND ( 'NONE', #4939, .T. ) ;
#9230 = DIRECTION ( 'NONE',  ( 1.000000000000000000, 0.000000000000000000, 0.000000000000000000 ) ) ;
#9231 = CARTESIAN_POINT ( 'NONE',  ( -0.3581039854802635092, 14.81719192260676721, -25.25073364188883929 ) ) ;
#9232 = DIRECTION ( 'NONE',  ( 0.000000000000000000, 0.000000000000000000, 1.000000000000000000 ) ) ;
#9233 = CIRCLE ( 'NONE', #9715, 6.999999999999999112 ) ;
#9234 = FACE_OUTER_BOUND ( 'NONE', #2769, .T. ) ;
#9235 = CARTESIAN_POINT ( 'NONE',  ( -21.05653770288405013, 8.434924871185872419, -41.79999999999999716 ) ) ;
#9236 = EDGE_LOOP ( 'NONE', ( #8412, #9287, #1160, #190, #1546 ) ) ;
#9237 = VERTEX_POINT ( 'NONE', #8625 ) ;
#9238 = B_SPLINE_CURVE_WITH_KNOTS ( 'NONE', 3,
 ( #8632, #1882, #4139, #7149, #7201, #8820 ),
 .UNSPECIFIED., .F., .F.,
 ( 4, 2, 4 ),
 ( 0.000000000000000000, 0.002226948657385729915, 0.004453897314771454626 ),
 .UNSPECIFIED. ) ;
#9239 = ORIENTED_EDGE ( 'NONE', *, *, #8027, .T. ) ;
#9240 = B_SPLINE_CURVE_WITH_KNOTS ( 'NONE', 3,
 ( #1011, #222, #7562, #7650, #6915, #9084, #3215, #4001, #3170, #9135 ),
 .UNSPECIFIED., .F., .F.,
 ( 4, 2, 2, 2, 4 ),
 ( 0.000000000000000000, 0.2500000000000002220, 0.5000000000000004441, 0.7500000000000002220, 1.000000000000000000 ),
 .UNSPECIFIED. ) ;
#9241 = AXIS2_PLACEMENT_3D ( 'NONE', #829, #5297, #7717 ) ;
#9242 = CARTESIAN_POINT ( 'NONE',  ( 16.62500000000000000, 8.500000000000000000, 15.00000000000000000 ) ) ;
#9243 = VECTOR ( 'NONE', #5667, 1000.000000000000000 ) ;
#9244 = CARTESIAN_POINT ( 'NONE',  ( 22.56627866080044953, 12.50566558229490077, 0.000000000000000000 ) ) ;
#9245 = CARTESIAN_POINT ( 'NONE',  ( -23.90028431222575378, 15.00000000000000000, -4.000000000000000000 ) ) ;
#9246 = B_SPLINE_CURVE_WITH_KNOTS ( 'NONE', 3,
 ( #8895, #4361, #3528, #4217, #7378, #9551 ),
 .UNSPECIFIED., .F., .F.,
 ( 4, 2, 4 ),
 ( 0.000000000000000000, 0.5000000000000000000, 1.000000000000000000 ),
 .UNSPECIFIED. ) ;
#9247 = CARTESIAN_POINT ( 'NONE',  ( -19.62500000000000000, 15.00000000000000000, -7.000000000000000000 ) ) ;
#9248 = CARTESIAN_POINT ( 'NONE',  ( 23.05218785358639622, 12.44769176130746047, 7.031539086775710501E-13 ) ) ;
#9249 = CARTESIAN_POINT ( 'NONE',  ( 19.65217480491233104, 12.83972337393654684, -23.85937280693685736 ) ) ;
#9250 = CARTESIAN_POINT ( 'NONE',  ( -13.57500000000000284, 14.94911571498207614, -4.000000000000014211 ) ) ;
#9251 = ORIENTED_EDGE ( 'NONE', *, *, #2793, .T. ) ;
#9252 = AXIS2_PLACEMENT_3D ( 'NONE', #909, #269, #3902 ) ;
#9253 = ORIENTED_EDGE ( 'NONE', *, *, #849, .F. ) ;
#9254 = CARTESIAN_POINT ( 'NONE',  ( -22.65799686222892717, 3.642063837714869745, 20.28021504012749787 ) ) ;
#9255 = FACE_BOUND ( 'NONE', #2966, .T. ) ;
#9256 = DIRECTION ( 'NONE',  ( 1.000000000000000000, 0.000000000000000000, 0.000000000000000000 ) ) ;
#9257 = CARTESIAN_POINT ( 'NONE',  ( 9.064629140466486490, 12.84456823124598657, -1.109613160903131965E-16 ) ) ;
#9258 = CARTESIAN_POINT ( 'NONE',  ( -22.58098954362762001, 7.101002641892166345, 22.34249898884132435 ) ) ;
#9259 = AXIS2_PLACEMENT_3D ( 'NONE', #6095, #2400, #196 ) ;
#9260 = LINE ( 'NONE', #7141, #5037 ) ;
#9261 = CARTESIAN_POINT ( 'NONE',  ( 20.62500000000000000, -2.625000000000000000, 29.64663336986835063 ) ) ;
#9262 = LINE ( 'NONE', #4669, #5650 ) ;
#9263 = EDGE_LOOP ( 'NONE', ( #9279, #706 ) ) ;
#9264 = CARTESIAN_POINT ( 'NONE',  ( -24.13333808208174958, -9.890549259255990933, 9.315196141025722909 ) ) ;
#9265 = ORIENTED_EDGE ( 'NONE', *, *, #1571, .F. ) ;
#9266 = VECTOR ( 'NONE', #8226, 1000.000000000000000 ) ;
#9267 = B_SPLINE_CURVE_WITH_KNOTS ( 'NONE', 2,
 ( #5671, #7845, #260 ),
 .UNSPECIFIED., .F., .F.,
 ( 3, 3 ),
 ( 0.3461737806631955405, 1.000000000000000000 ),
 .UNSPECIFIED. ) ;
#9268 = AXIS2_PLACEMENT_3D ( 'NONE', #6406, #997, #1100 ) ;
#9269 = EDGE_CURVE ( 'NONE', #6314, #580, #507, .T. ) ;
#9270 = B_SPLINE_CURVE_WITH_KNOTS ( 'NONE', 3,
 ( #8013, #5932, #633, #4263, #7277, #535, #6576, #2882, #3627, #9596 ),
 .UNSPECIFIED., .F., .F.,
 ( 4, 2, 2, 2, 4 ),
 ( 0.000000000000000000, 0.2500000000000000000, 0.5000000000000000000, 0.7500000000000000000, 1.000000000000000000 ),
 .UNSPECIFIED. ) ;
#9271 = CARTESIAN_POINT ( 'NONE',  ( 4.329014785873204652, 15.63421494571415060, -15.00000000000000000 ) ) ;
#9272 = CARTESIAN_POINT ( 'NONE',  ( 3.705881359916794349, 15.05610393835685024, -25.01745300425563201 ) ) ;
#9273 = CARTESIAN_POINT ( 'NONE',  ( 7.829014785873210869, 13.94727521435340023, -26.00000000000000000 ) ) ;
#9274 = CIRCLE ( 'NONE', #3132, 4.000000000000000000 ) ;
#9275 = VECTOR ( 'NONE', #7010, 1000.000000000000000 ) ;
#9276 = CARTESIAN_POINT ( 'NONE',  ( 20.62500000000000000, -2.625000000000000000, 20.55336663013170195 ) ) ;
#9277 = CARTESIAN_POINT ( 'NONE',  ( 25.75185937549460036, -12.11275902115984060, -12.03976285529073920 ) ) ;
#9278 = CARTESIAN_POINT ( 'NONE',  ( 26.62500000000000000, 11.12083830918276028, -12.03976285529073920 ) ) ;
#9279 = ORIENTED_EDGE ( 'NONE', *, *, #5742, .F. ) ;
#9280 = AXIS2_PLACEMENT_3D ( 'NONE', #3587, #5112, #7290 ) ;
#9281 = ORIENTED_EDGE ( 'NONE', *, *, #3182, .F. ) ;
#9282 = ORIENTED_EDGE ( 'NONE', *, *, #200, .F. ) ;
#9283 = EDGE_CURVE ( 'NONE', #1458, #8050, #4183, .T. ) ;
#9284 = VERTEX_POINT ( 'NONE', #8679 ) ;
#9285 = VECTOR ( 'NONE', #4131, 1000.000000000000000 ) ;
#9286 = AXIS2_PLACEMENT_3D ( 'NONE', #206, #6897, #3202 ) ;
#9287 = ORIENTED_EDGE ( 'NONE', *, *, #2059, .F. ) ;
#9288 = CARTESIAN_POINT ( 'NONE',  ( -16.57499999999999929, 5.250000000000000000, 21.10000000000000142 ) ) ;
#9289 = DIRECTION ( 'NONE',  ( 1.000000000000000000, 0.000000000000000000, 0.000000000000000000 ) ) ;
#9290 = CARTESIAN_POINT ( 'NONE',  ( -26.58849759212023756, -8.273836316728770512, 1.212692782303908201 ) ) ;
#9291 = CARTESIAN_POINT ( 'NONE',  ( -0.5206820738645207003, 14.68640579183110617, -25.40661868032602300 ) ) ;
#9292 = VECTOR ( 'NONE', #4322, 1000.000000000000000 ) ;
#9293 = CARTESIAN_POINT ( 'NONE',  ( -26.61244394591149742, 8.685187052398143592, 0.7092207505187455574 ) ) ;
#9294 = EDGE_CURVE ( 'NONE', #9081, #7098, #3062, .T. ) ;
#9295 = CARTESIAN_POINT ( 'NONE',  ( -26.62500000000000000, 5.250000000000000000, 23.09999999999999787 ) ) ;
#9296 = CARTESIAN_POINT ( 'NONE',  ( 25.41356294768195312, -11.26275335099131425, -17.86467245695591544 ) ) ;
#9297 = ORIENTED_EDGE ( 'NONE', *, *, #7917, .F. ) ;
#9298 = ORIENTED_EDGE ( 'NONE', *, *, #5844, .T. ) ;
#9299 = ORIENTED_EDGE ( 'NONE', *, *, #4532, .T. ) ;
#9300 = AXIS2_PLACEMENT_3D ( 'NONE', #591, #5154, #6682 ) ;
#9301 = EDGE_CURVE ( 'NONE', #5417, #379, #7194, .T. ) ;
#9302 = ADVANCED_FACE ( 'NONE', ( #8576 ), #6497, .F. ) ;
#9303 = CARTESIAN_POINT ( 'NONE',  ( -18.79144685044884966, -10.99918730756462004, 2.602085213965209853E-15 ) ) ;
#9304 = CARTESIAN_POINT ( 'NONE',  ( 23.97466646679900037, -11.77060918152916180, 0.9105751988787019746 ) ) ;
#9305 = CARTESIAN_POINT ( 'NONE',  ( -24.16270547866675145, -12.44509434510106161, -1.148364781700349946 ) ) ;
#9306 = CARTESIAN_POINT ( 'NONE',  ( -23.57499999999999929, -8.000000000000000000, -30.13015151901650057 ) ) ;
#9307 = APPLICATION_CONTEXT ( 'configuration controlled 3d designs of mechanical parts and assemblies' ) ;
#9308 = CARTESIAN_POINT ( 'NONE',  ( 24.04016173059192596, 11.74791800399659536, 0.2639003686424941653 ) ) ;
#9309 = CARTESIAN_POINT ( 'NONE',  ( -15.64459460746361508, 14.97803127175124871, -37.07152491153194518 ) ) ;
#9310 = CARTESIAN_POINT ( 'NONE',  ( 7.732911556936729269, 13.95465449349612008, -26.00000000000000000 ) ) ;
#9311 = ORIENTED_EDGE ( 'NONE', *, *, #390, .T. ) ;
#9312 = VERTEX_POINT ( 'NONE', #7984 ) ;
#9313 = DIRECTION ( 'NONE',  ( 0.000000000000000000, -1.000000000000000000, 0.000000000000000000 ) ) ;
#9314 = CARTESIAN_POINT ( 'NONE',  ( -22.57500000000000284, -8.000000000000000000, 23.09999999999999787 ) ) ;
#9315 = CARTESIAN_POINT ( 'NONE',  ( -22.98967002948503335, -3.613558770973781531, 16.80984373666943554 ) ) ;
#9316 = CARTESIAN_POINT ( 'NONE',  ( -14.32126909547973348, 3.889427715606266656, -37.92715840972589803 ) ) ;
#9317 = DIRECTION ( 'NONE',  ( 2.881657216719180031E-16, 0.000000000000000000, -1.000000000000000000 ) ) ;
#9318 = PLANE ( 'NONE',  #9119 ) ;
#9319 = CARTESIAN_POINT ( 'NONE',  ( -26.62500000000000000, 2.600000000000000089, -36.29999999999999716 ) ) ;
#9320 = DIRECTION ( 'NONE',  ( 0.000000000000000000, 0.000000000000000000, 1.000000000000000000 ) ) ;
#9321 = CARTESIAN_POINT ( 'NONE',  ( -6.625000000000000000, -36.63153466595210261, 1.269929114769840040E-15 ) ) ;
#9322 = ORIENTED_EDGE ( 'NONE', *, *, #4115, .T. ) ;
#9323 = CARTESIAN_POINT ( 'NONE',  ( -22.57500000000000284, -5.250000000000000000, 23.09999999999999787 ) ) ;
#9324 = ORIENTED_EDGE ( 'NONE', *, *, #6960, .F. ) ;
#9325 = CARTESIAN_POINT ( 'NONE',  ( -23.19629326595355678, -11.96729085271073956, -0.9890969509039597707 ) ) ;
#9326 = CARTESIAN_POINT ( 'NONE',  ( 12.22901478587320057, 19.28421494571415096, -25.00000000000000000 ) ) ;
#9327 = DIRECTION ( 'NONE',  ( -1.000000000000000000, 0.000000000000000000, 0.000000000000000000 ) ) ;
#9328 = CARTESIAN_POINT ( 'NONE',  ( 19.08215280915358747, -12.90225252785853627, -24.34953684986488653 ) ) ;
#9329 = CARTESIAN_POINT ( 'NONE',  ( -10.37500000000000000, 10.10000000000000497, -6.800000000000010481 ) ) ;
#9330 = CARTESIAN_POINT ( 'NONE',  ( -19.62500000000000000, -7.900000000000000355, -7.000000000000000000 ) ) ;
#9331 = ORIENTED_EDGE ( 'NONE', *, *, #3387, .T. ) ;
#9332 = EDGE_LOOP ( 'NONE', ( #7321, #1256, #7494, #6128, #4942, #2174, #5624, #3310 ) ) ;
#9333 = ORIENTED_EDGE ( 'NONE', *, *, #6376, .F. ) ;
#9334 = ORIENTED_EDGE ( 'NONE', *, *, #742, .T. ) ;
#9335 = ORIENTED_EDGE ( 'NONE', *, *, #556, .T. ) ;
#9336 = ADVANCED_FACE ( 'NONE', ( #1975 ), #3446, .F. ) ;
#9337 = DIRECTION ( 'NONE',  ( 0.000000000000000000, 0.000000000000000000, -1.000000000000000000 ) ) ;
#9338 = LINE ( 'NONE', #8592, #2957 ) ;
#9339 = CARTESIAN_POINT ( 'NONE',  ( -21.29923514659235195, -12.00000000000000000, 6.505745400281710999 ) ) ;
#9340 = CARTESIAN_POINT ( 'NONE',  ( -0.08027685552707794492, 15.31990788717103236, -25.00000000000000711 ) ) ;
#9341 = CARTESIAN_POINT ( 'NONE',  ( -26.61378214122279218, 8.731105188912827941, 0.6699243064443534124 ) ) ;
#9342 = CARTESIAN_POINT ( 'NONE',  ( 1.730477740645985030, -12.09999999999999964, -34.60693595382785048 ) ) ;
#9343 = CARTESIAN_POINT ( 'NONE',  ( -16.57499999999999929, -5.250000000000000000, 23.09999999999999787 ) ) ;
#9344 = ORIENTED_EDGE ( 'NONE', *, *, #7182, .T. ) ;
#9345 = ORIENTED_EDGE ( 'NONE', *, *, #6750, .F. ) ;
#9346 = ORIENTED_EDGE ( 'NONE', *, *, #2352, .T. ) ;
#9347 = VECTOR ( 'NONE', #3474, 1000.000000000000000 ) ;
#9348 = CIRCLE ( 'NONE', #8414, 4.000000000000000000 ) ;
#9349 = EDGE_CURVE ( 'NONE', #1060, #8804, #355, .T. ) ;
#9350 = CARTESIAN_POINT ( 'NONE',  ( -21.17556862445147203, -14.99999999999996980, 4.336808689942016947E-15 ) ) ;
#9351 = ADVANCED_FACE ( 'NONE', ( #7042 ), #8720, .F. ) ;
#9352 = LINE ( 'NONE', #2641, #3258 ) ;
#9353 = CARTESIAN_POINT ( 'NONE',  ( -25.26264215611285024, 11.00000000000000000, 2.602085213965209853E-15 ) ) ;
#9354 = LINE ( 'NONE', #4713, #319 ) ;
#9355 = EDGE_CURVE ( 'NONE', #7158, #60, #1242, .T. ) ;
#9356 = LINE ( 'NONE', #2596, #8343 ) ;
#9357 = CARTESIAN_POINT ( 'NONE',  ( -6.963970097358777700, 14.77876595979244811, -35.64434225945664281 ) ) ;
#9359 = VECTOR ( 'NONE', #1397, 1000.000000000000000 ) ;
#9358 = CARTESIAN_POINT ( 'NONE',  ( 9.627731881092080002, 14.81235149570984078, -25.00000000000000000 ) ) ;
#9360 = ORIENTED_EDGE ( 'NONE', *, *, #7145, .T. ) ;
#9361 = ORIENTED_EDGE ( 'NONE', *, *, #1455, .F. ) ;
#9362 = EDGE_CURVE ( 'NONE', #2778, #3408, #2890, .T. ) ;
#9363 = VECTOR ( 'NONE', #7410, 1000.000000000000227 ) ;
#9364 = CARTESIAN_POINT ( 'NONE',  ( -13.57500000000000107, 0.000000000000000000, 23.09999999999999787 ) ) ;
#9365 = ADVANCED_FACE ( 'NONE', ( #1195 ), #4232, .T. ) ;
#9366 = FACE_OUTER_BOUND ( 'NONE', #5224, .T. ) ;
#9367 = FACE_OUTER_BOUND ( 'NONE', #4059, .T. ) ;
#9368 = DIRECTION ( 'NONE',  ( -3.003850174851609799E-16, 7.509625437129029427E-17, 1.000000000000000000 ) ) ;
#9369 = CARTESIAN_POINT ( 'NONE',  ( -22.58923681735565125, 6.877741869860389379, 21.93057277878799738 ) ) ;
#9370 = CARTESIAN_POINT ( 'NONE',  ( -16.57499999999999929, 2.625000000000000000, 18.55336663013169840 ) ) ;
#9371 = CARTESIAN_POINT ( 'NONE',  ( 19.61737675737511921, -11.99999999999999645, 0.1386340395362347655 ) ) ;
#9372 = CARTESIAN_POINT ( 'NONE',  ( 4.329014785873204652, 14.19919496893260025, -25.80892957471994720 ) ) ;
#9373 = FACE_OUTER_BOUND ( 'NONE', #6272, .T. ) ;
#9374 = EDGE_LOOP ( 'NONE', ( #2560, #3936, #7696, #9677 ) ) ;
#9375 = FACE_OUTER_BOUND ( 'NONE', #2093, .T. ) ;
#9376 = ORIENTED_EDGE ( 'NONE', *, *, #2674, .F. ) ;
#9377 = PRODUCT_DEFINITION_FORMATION_WITH_SPECIFIED_SOURCE ( '任何', '', #7892, .NOT_KNOWN. ) ;
#9378 = CARTESIAN_POINT ( 'NONE',  ( -70.47777777777828589, -12.00000000000000000, 23.09999999999999787 ) ) ;
#9379 = DIRECTION ( 'NONE',  ( -2.881657216719180031E-16, 0.000000000000000000, 1.000000000000000000 ) ) ;
#9380 = CARTESIAN_POINT ( 'NONE',  ( -12.23021198530513587, -13.92685262436252991, -37.63772022470557488 ) ) ;
#9381 = CARTESIAN_POINT ( 'NONE',  ( -7.832487084278935363, -14.80726007662397947, -35.82730784658212997 ) ) ;
#9382 = CARTESIAN_POINT ( 'NONE',  ( 26.62500000000000000, 15.00000000000000000, 5.147263975624269829E-15 ) ) ;
#9383 = CARTESIAN_POINT ( 'NONE',  ( -24.62500000000000000, 8.000000000000000000, -37.79999999999999716 ) ) ;
#9384 = EDGE_LOOP ( 'NONE', ( #333, #4427 ) ) ;
#9385 = ORIENTED_EDGE ( 'NONE', *, *, #396, .T. ) ;
#9386 = ORIENTED_EDGE ( 'NONE', *, *, #1233, .T. ) ;
#9387 = EDGE_LOOP ( 'NONE', ( #1270, #6957 ) ) ;
#9388 = ORIENTED_EDGE ( 'NONE', *, *, #7658, .F. ) ;
#9389 = CARTESIAN_POINT ( 'NONE',  ( 16.62500000000000000, 7.000000000000000000, 13.50000000000000000 ) ) ;
#9390 = DIRECTION ( 'NONE',  ( -0.7071067811865275887, 5.275848315469826043E-17, 0.7071067811865675568 ) ) ;
#9391 = CARTESIAN_POINT ( 'NONE',  ( -24.29854899682855418, -11.63310506690513790, -0.1234373306712780727 ) ) ;
#9392 = CARTESIAN_POINT ( 'NONE',  ( -0.4849673172715467384, 14.71112082353989869, -25.37224390643988770 ) ) ;
#9393 = DIRECTION ( 'NONE',  ( -0.6652809670318279300, -0.7465930852246059901, 0.000000000000000000 ) ) ;
#9394 = CARTESIAN_POINT ( 'NONE',  ( 26.62500000000000355, -11.12083856826526151, -13.35970004414577872 ) ) ;
#9395 = EDGE_LOOP ( 'NONE', ( #3941, #5499, #3335, #6233 ) ) ;
#9396 = VERTEX_POINT ( 'NONE', #7246 ) ;
#9397 = ORIENTED_EDGE ( 'NONE', *, *, #6468, .F. ) ;
#9398 = TOROIDAL_SURFACE ( 'NONE', #2637, 5.000000000000000000, 1.000000000000000000 ) ;
#9399 = EDGE_CURVE ( 'NONE', #5621, #5363, #1964, .T. ) ;
#9400 = CARTESIAN_POINT ( 'NONE',  ( -13.57500000000000107, -7.902763757320330207, 9.591693595492580826 ) ) ;
#9401 = CIRCLE ( 'NONE', #1841, 1.049999999999998934 ) ;
#9402 = DIRECTION ( 'NONE',  ( -1.000000000000000000, 0.000000000000000000, 0.000000000000000000 ) ) ;
#9403 = CARTESIAN_POINT ( 'NONE',  ( -22.62256308275784633, -12.68377223398315934, -1.227924077994377861 ) ) ;
#9404 = DIRECTION ( 'NONE',  ( -1.000000000000000000, 1.652117596168389334E-15, 0.000000000000000000 ) ) ;
#9405 = FACE_OUTER_BOUND ( 'NONE', #3842, .T. ) ;
#9406 = CARTESIAN_POINT ( 'NONE',  ( -12.41455454210075615, 14.92771711638945575, -36.65736892826652138 ) ) ;
#9407 = CARTESIAN_POINT ( 'NONE',  ( 13.16965708596491247, 13.49610295378894342, -25.00000000000000000 ) ) ;
#9408 = ORIENTED_EDGE ( 'NONE', *, *, #3227, .T. ) ;
#9409 = AXIS2_PLACEMENT_3D ( 'NONE', #2049, #5049, #5144 ) ;
#9410 = EDGE_CURVE ( 'NONE', #7274, #5431, #7833, .T. ) ;
#9411 = ORIENTED_EDGE ( 'NONE', *, *, #7005, .T. ) ;
#9412 = LINE ( 'NONE', #1187, #2994 ) ;
#9413 = CARTESIAN_POINT ( 'NONE',  ( 25.62500000000000000, 11.12083830918276028, -12.03976285529073920 ) ) ;
#9414 = CARTESIAN_POINT ( 'NONE',  ( -22.94991123889609597, -4.018317051430109643, 17.11851282115221196 ) ) ;
#9415 = CARTESIAN_POINT ( 'NONE',  ( -14.53289302001721950, -2.600000000000000089, -29.30000000000000071 ) ) ;
#9416 = CARTESIAN_POINT ( 'NONE',  ( -22.61676944294265112, 5.250000000000000000, 21.10000000000000142 ) ) ;
#9417 = LINE ( 'NONE', #5655, #5979 ) ;
#9418 = AXIS2_PLACEMENT_3D ( 'NONE', #3710, #2375, #2325 ) ;
#9419 = CARTESIAN_POINT ( 'NONE',  ( -23.97400160850795103, 12.50190443226898118, -1.167301477422985956 ) ) ;
#9420 = LINE ( 'NONE', #8678, #8803 ) ;
#9421 = DIRECTION ( 'NONE',  ( 1.000000000000000000, 0.000000000000000000, 0.000000000000000000 ) ) ;
#9422 = EDGE_LOOP ( 'NONE', ( #6222, #5926, #7235, #2980 ) ) ;
#9423 = DIRECTION ( 'NONE',  ( 0.000000000000000000, 0.000000000000000000, -1.000000000000000000 ) ) ;
#9424 = EDGE_CURVE ( 'NONE', #9649, #242, #7259, .T. ) ;
#9425 = ADVANCED_FACE ( 'NONE', ( #9373 ), #7338, .F. ) ;
#9426 = CARTESIAN_POINT ( 'NONE',  ( 22.62500000000000000, 0.000000000000000000, 31.09999999999999787 ) ) ;
#9427 = AXIS2_PLACEMENT_3D ( 'NONE', #6696, #5170, #9714 ) ;
#9428 = CARTESIAN_POINT ( 'NONE',  ( 3.705365560019115989, 15.05666600553973744, -25.01735619738742855 ) ) ;
#9429 = CARTESIAN_POINT ( 'NONE',  ( -7.824046050565652166, -13.81407456063389816, -36.84494324425739364 ) ) ;
#9430 = CARTESIAN_POINT ( 'NONE',  ( 7.268711754632683153, -13.98994078458341406, -31.19567853636134558 ) ) ;
#9431 = DIRECTION ( 'NONE',  ( 0.000000000000000000, 0.000000000000000000, 1.000000000000000000 ) ) ;
#9432 = CARTESIAN_POINT ( 'NONE',  ( -25.59450679630785075, -9.475357003913030596, 5.381102404194729516 ) ) ;
#9433 = VERTEX_POINT ( 'NONE', #5212 ) ;
#9434 = VERTEX_POINT ( 'NONE', #8178 ) ;
#9435 = ORIENTED_EDGE ( 'NONE', *, *, #8350, .F. ) ;
#9436 = AXIS2_PLACEMENT_3D ( 'NONE', #5384, #7478, #6729 ) ;
#9437 = EDGE_LOOP ( 'NONE', ( #6810, #3949, #6063, #6365 ) ) ;
#9438 = VECTOR ( 'NONE', #3953, 1000.000000000000000 ) ;
#9439 = AXIS2_PLACEMENT_3D ( 'NONE', #6316, #3951, #6961 ) ;
#9440 = EDGE_LOOP ( 'NONE', ( #7724, #1262, #4173, #4449 ) ) ;
#9441 = CARTESIAN_POINT ( 'NONE',  ( 8.625000000000000000, 12.00000000000000000, 8.000000000000000000 ) ) ;
#9442 = CARTESIAN_POINT ( 'NONE',  ( 7.675000000000000711, -10.09999999999999964, -10.00000000000000000 ) ) ;
#9443 = VECTOR ( 'NONE', #8472, 1000.000000000000000 ) ;
#9444 = CARTESIAN_POINT ( 'NONE',  ( -26.35958641864096919, -9.393553773912509897, 0.7702245138893566434 ) ) ;
#9445 = CARTESIAN_POINT ( 'NONE',  ( -0.8355682175268962508, 14.54943419939108473, -25.71413689809866199 ) ) ;
#9446 = CARTESIAN_POINT ( 'NONE',  ( -0.07145393557424219166, 15.46839443417569981, -25.00000000000000000 ) ) ;
#9447 = EDGE_LOOP ( 'NONE', ( #8611, #9066, #4261, #2142, #7901, #1170, #5318, #1306, #9487, #7864, #4558, #525, #6338, #2205, #6681, #3203, #2092, #4636, #2562, #8541, #3816, #6013, #8290, #8872, #3272, #4843, #9747, #1448, #5595 ) ) ;
#9448 = ORIENTED_EDGE ( 'NONE', *, *, #3985, .T. ) ;
#9449 = ORIENTED_EDGE ( 'NONE', *, *, #6201, .T. ) ;
#9450 = AXIS2_PLACEMENT_3D ( 'NONE', #7504, #9217, #4633 ) ;
#9451 = AXIS2_PLACEMENT_3D ( 'NONE', #7804, #5629, #5477 ) ;
#9452 = AXIS2_PLACEMENT_3D ( 'NONE', #2658, #455, #4080 ) ;
#9453 = CARTESIAN_POINT ( 'NONE',  ( 7.829014785873210869, 13.94727521435340023, -14.00000000000000000 ) ) ;
#9454 = LINE ( 'NONE', #2698, #5769 ) ;
#9455 = CARTESIAN_POINT ( 'NONE',  ( -26.62500000000000000, -10.67871917582954033, -0.5595730586098370818 ) ) ;
#9456 = AXIS2_PLACEMENT_3D ( 'NONE', #9426, #2759, #3349 ) ;
#9457 = CARTESIAN_POINT ( 'NONE',  ( 12.22901478587320057, 14.49486514259852044, -14.99592521518851918 ) ) ;
#9458 = EDGE_CURVE ( 'NONE', #397, #1057, #698, .T. ) ;
#9459 = CARTESIAN_POINT ( 'NONE',  ( 22.79576562226985104, 12.00192119395095602, 0.2936487645704573546 ) ) ;
#9460 = CARTESIAN_POINT ( 'NONE',  ( 10.23163953555540573, 13.75468049281359306, -29.87186349988023082 ) ) ;
#9461 = CARTESIAN_POINT ( 'NONE',  ( 12.62110618829272468, 13.69882925203459401, -14.53298786277081867 ) ) ;
#9462 = VECTOR ( 'NONE', #8899, 1000.000000000000000 ) ;
#9463 = ORIENTED_EDGE ( 'NONE', *, *, #2682, .F. ) ;
#9464 = B_SPLINE_CURVE_WITH_KNOTS ( 'NONE', 3,
 ( #6931, #237, #6977, #3138 ),
 .UNSPECIFIED., .F., .F.,
 ( 4, 4 ),
 ( 0.000000000000000000, 0.005000533879097869734 ),
 .UNSPECIFIED. ) ;
#9465 = DIRECTION ( 'NONE',  ( 4.956352788505163268E-16, 0.000000000000000000, -1.000000000000000000 ) ) ;
#9467 = ADVANCED_FACE ( 'NONE', ( #2162 ), #5851, .T. ) ;
#9466 = DIRECTION ( 'NONE',  ( -1.000000000000000000, 0.000000000000000000, 0.000000000000000000 ) ) ;
#9468 = DIRECTION ( 'NONE',  ( -1.000000000000000000, 0.000000000000000000, 0.000000000000000000 ) ) ;
#9469 = CARTESIAN_POINT ( 'NONE',  ( -12.63717377565650501, 8.868628554746361914, -37.69939847602508820 ) ) ;
#9470 = CARTESIAN_POINT ( 'NONE',  ( -22.59226362629383900, 6.786624743356671985, 21.80827027378035510 ) ) ;
#9471 = CARTESIAN_POINT ( 'NONE',  ( 10.11240787337697888, 14.76772139684161900, -15.00000000000000000 ) ) ;
#9472 = DIRECTION ( 'NONE',  ( -1.492235248152091785E-16, 5.222823368532319275E-16, 1.000000000000000000 ) ) ;
#9473 = CARTESIAN_POINT ( 'NONE',  ( -16.57499999999999929, 2.625000000000000000, 27.64663336986830089 ) ) ;
#9474 = CARTESIAN_POINT ( 'NONE',  ( -10.43261184457493940, -7.900000000000000355, -29.19238815542515297 ) ) ;
#9475 = ORIENTED_EDGE ( 'NONE', *, *, #8920, .F. ) ;
#9476 = CARTESIAN_POINT ( 'NONE',  ( -22.57500000000000284, 13.00000000000000000, -0.2792407799438629823 ) ) ;
#9477 = DIRECTION ( 'NONE',  ( 0.000000000000000000, -1.000000000000000000, 0.000000000000000000 ) ) ;
#9478 = EDGE_CURVE ( 'NONE', #6158, #3209, #5161, .T. ) ;
#9479 = DIRECTION ( 'NONE',  ( 0.000000000000000000, 0.000000000000000000, 1.000000000000000000 ) ) ;
#9480 = CARTESIAN_POINT ( 'NONE',  ( -11.08221753830445699, 13.90386529152031692, -37.46118055407568193 ) ) ;
#9481 = CARTESIAN_POINT ( 'NONE',  ( -6.301778949199938751, -14.75289178637443754, -35.48754555982156234 ) ) ;
#9482 = EDGE_CURVE ( 'NONE', #5226, #2870, #3642, .T. ) ;
#9483 = DIRECTION ( 'NONE',  ( 0.000000000000000000, 0.000000000000000000, 1.000000000000000000 ) ) ;
#9484 = DIRECTION ( 'NONE',  ( 0.000000000000000000, -1.000000000000000000, 0.000000000000000000 ) ) ;
#9485 = ORIENTED_EDGE ( 'NONE', *, *, #1530, .T. ) ;
#9486 = ADVANCED_FACE ( 'NONE', ( #4426 ), #6687, .F. ) ;
#9487 = ORIENTED_EDGE ( 'NONE', *, *, #991, .F. ) ;
#9488 = VERTEX_POINT ( 'NONE', #8034 ) ;
#9489 = ORIENTED_EDGE ( 'NONE', *, *, #1231, .T. ) ;
#9490 = ORIENTED_EDGE ( 'NONE', *, *, #6325, .F. ) ;
#9491 = CARTESIAN_POINT ( 'NONE',  ( 12.49798334620739837, 12.00000000000000000, 1.000000000000000000 ) ) ;
#9492 = LINE ( 'NONE', #8785, #4523 ) ;
#9493 = EDGE_CURVE ( 'NONE', #1383, #9517, #5875, .T. ) ;
#9494 = PLANE ( 'NONE',  #4071 ) ;
#9495 = CARTESIAN_POINT ( 'NONE',  ( -18.21811974579579996, 13.12500000000000000, -38.26673052524024854 ) ) ;
#9496 = ORIENTED_EDGE ( 'NONE', *, *, #8639, .F. ) ;
#9497 = ORIENTED_EDGE ( 'NONE', *, *, #5356, .F. ) ;
#9498 = B_SPLINE_CURVE_WITH_KNOTS ( 'NONE', 2,
 ( #7033, #3288, #6291 ),
 .UNSPECIFIED., .F., .F.,
 ( 3, 3 ),
 ( 0.9734491161897009803, 0.9810268393951430133 ),
 .UNSPECIFIED. ) ;
#9499 = DIRECTION ( 'NONE',  ( -0.7071067811865420216, 0.000000000000000000, 0.7071067811865531239 ) ) ;
#9500 = CARTESIAN_POINT ( 'NONE',  ( 24.15746495181249998, -11.69997307742939974, 0.9376401327063370594 ) ) ;
#9501 = CARTESIAN_POINT ( 'NONE',  ( -22.57500000000000284, 2.625000000000000000, 29.64663336986829734 ) ) ;
#9502 = CARTESIAN_POINT ( 'NONE',  ( 10.11240787120395979, 14.76772139702229936, -25.00000000000000000 ) ) ;
#9503 = CARTESIAN_POINT ( 'NONE',  ( 12.53013026060509638, 13.77962338336422476, -25.36885454681701191 ) ) ;
#9504 = CARTESIAN_POINT ( 'NONE',  ( -25.16583269131955092, 7.100000000000000533, -30.13015151901650057 ) ) ;
#9505 = DIRECTION ( 'NONE',  ( 1.000000000000000000, 0.000000000000000000, 2.881657216719184962E-16 ) ) ;
#9506 = B_SPLINE_CURVE_WITH_KNOTS ( 'NONE', 3,
 ( #3400, #1927, #1775, #4928 ),
 .UNSPECIFIED., .F., .F.,
 ( 4, 4 ),
 ( 0.000000000000000000, 1.000000000000000000 ),
 .UNSPECIFIED. ) ;
#9507 = EDGE_LOOP ( 'NONE', ( #4032, #131, #1456, #3555 ) ) ;
#9508 = CARTESIAN_POINT ( 'NONE',  ( -10.62712255461673827, 12.09999999999999964, -29.30000000000000071 ) ) ;
#9509 = FACE_BOUND ( 'NONE', #6959, .T. ) ;
#9510 = CARTESIAN_POINT ( 'NONE',  ( -22.79198408649251562, -4.624990222334474765, 18.54574731421002909 ) ) ;
#9511 = CARTESIAN_POINT ( 'NONE',  ( -14.70261314302105227, 1.077705233408414731, -37.97280655551548989 ) ) ;
#9512 = VECTOR ( 'NONE', #439, 1000.000000000000000 ) ;
#9513 = FACE_OUTER_BOUND ( 'NONE', #9208, .T. ) ;
#9514 = CARTESIAN_POINT ( 'NONE',  ( 16.62500000000000000, 8.500000000000000000, 15.00000000000000000 ) ) ;
#9515 = DIRECTION ( 'NONE',  ( 0.000000000000000000, 0.7071067811865480168, 0.7071067811865470176 ) ) ;
#9516 = DIRECTION ( 'NONE',  ( 1.000000000000000000, 0.000000000000000000, 0.000000000000000000 ) ) ;
#9517 = VERTEX_POINT ( 'NONE', #1291 ) ;
#9518 = CARTESIAN_POINT ( 'NONE',  ( 19.01159041923554938, 12.91017475506111900, -24.41528594919099859 ) ) ;
#9519 = EDGE_CURVE ( 'NONE', #29, #8126, #5996, .T. ) ;
#9520 = VECTOR ( 'NONE', #6777, 1000.000000000000000 ) ;
#9521 = CARTESIAN_POINT ( 'NONE',  ( -16.57499999999999929, -2.625000000000000000, 27.64663336986830089 ) ) ;
#9522 = CARTESIAN_POINT ( 'NONE',  ( -26.42189189707315222, 9.232224224332918894, 0.8339540929974240679 ) ) ;
#9523 = CARTESIAN_POINT ( 'NONE',  ( 8.288025845439689121, 12.93954433298198836, -31.81620812474032789 ) ) ;
#9524 = CARTESIAN_POINT ( 'NONE',  ( 7.477101401402435066, -13.97417005806975787, -31.10802330260917614 ) ) ;
#9525 = CARTESIAN_POINT ( 'NONE',  ( 25.02004173461745040, -11.30849667863603969, -18.69274818159970053 ) ) ;
#9526 = CARTESIAN_POINT ( 'NONE',  ( 10.61169042085322012, -13.80351761211805872, 0.000000000000000000 ) ) ;
#9527 = VECTOR ( 'NONE', #3770, 1000.000000000000000 ) ;
#9528 = ORIENTED_EDGE ( 'NONE', *, *, #5069, .T. ) ;
#9529 = CARTESIAN_POINT ( 'NONE',  ( 26.62500000000000355, 10.68703114304423529, 0.01212543380779517593 ) ) ;
#9530 = VERTEX_POINT ( 'NONE', #8816 ) ;
#9531 = EDGE_LOOP ( 'NONE', ( #6232, #2922, #4936, #2636 ) ) ;
#9532 = EDGE_LOOP ( 'NONE', ( #168, #3024 ) ) ;
#9533 = EDGE_CURVE ( 'NONE', #4068, #6256, #1953, .T. ) ;
#9534 = EDGE_CURVE ( 'NONE', #5365, #2317, #2409, .T. ) ;
#9535 = EDGE_LOOP ( 'NONE', ( #6659, #5031, #6558, #4950 ) ) ;
#9536 = PLANE ( 'NONE',  #1023 ) ;
#9537 = DIRECTION ( 'NONE',  ( -1.000000000000000000, 0.000000000000000000, 0.000000000000000000 ) ) ;
#9538 = CARTESIAN_POINT ( 'NONE',  ( -13.57500000000000284, -14.25784743878365468, -1.752413967168220843 ) ) ;
#9539 = CARTESIAN_POINT ( 'NONE',  ( -23.12274396702183665, -12.00000000000000000, -0.2770589206607303456 ) ) ;
#9540 = DIRECTION ( 'NONE',  ( -2.820600425940552698E-49, -7.509625437129029427E-17, -1.000000000000000000 ) ) ;
#9541 = VERTEX_POINT ( 'NONE', #3540 ) ;
#9542 = VERTEX_POINT ( 'NONE', #5946 ) ;
#9543 = EDGE_CURVE ( 'NONE', #9576, #9649, #6168, .T. ) ;
#9544 = ADVANCED_FACE ( 'NONE', ( #4325 ), #8857, .F. ) ;
#9545 = FACE_OUTER_BOUND ( 'NONE', #1307, .T. ) ;
#9546 = CARTESIAN_POINT ( 'NONE',  ( 16.62500000000000000, -7.000000000000000000, 13.50000000000000000 ) ) ;
#9547 = DIRECTION ( 'NONE',  ( 1.000000000000000000, 0.000000000000000000, 0.000000000000000000 ) ) ;
#9548 = DIRECTION ( 'NONE',  ( 0.000000000000000000, 1.000000000000000000, 0.000000000000000000 ) ) ;
#9549 = CARTESIAN_POINT ( 'NONE',  ( 12.80927827807954600, 13.58718338110071500, -25.66469132771478456 ) ) ;
#9550 = CARTESIAN_POINT ( 'NONE',  ( 0.000000000000000000, 0.000000000000000000, 0.000000000000000000 ) ) ;
#9551 = CARTESIAN_POINT ( 'NONE',  ( 4.329014785873204652, 14.19919496893259847, -14.00000000000000000 ) ) ;
#9552 = VERTEX_POINT ( 'NONE', #4278 ) ;
#9553 = VECTOR ( 'NONE', #4620, 1000.000000000000000 ) ;
#9554 = CARTESIAN_POINT ( 'NONE',  ( -26.62500000000000000, 10.09999999999999964, -33.09999999999999432 ) ) ;
#9555 = DIRECTION ( 'NONE',  ( -1.000000000000000000, 0.000000000000000000, 0.000000000000000000 ) ) ;
#9556 = CARTESIAN_POINT ( 'NONE',  ( -13.57500000000000107, -7.400000000000000355, 8.471193762254690895 ) ) ;
#9557 = CARTESIAN_POINT ( 'NONE',  ( 9.674999999999998934, 10.09999999999999964, 13.64553149005146082 ) ) ;
#9558 = CARTESIAN_POINT ( 'NONE',  ( -25.87284951123395160, -8.000000000000000000, 5.433257696160829653 ) ) ;
#9559 = CARTESIAN_POINT ( 'NONE',  ( 8.282295850159679063, 14.91516259938647870, -15.00000000000000000 ) ) ;
#9560 = DIRECTION ( 'NONE',  ( 0.000000000000000000, 0.000000000000000000, -1.000000000000000000 ) ) ;
#9561 = CARTESIAN_POINT ( 'NONE',  ( -13.57500000000000107, 13.00000000000000000, -0.2792407799438615390 ) ) ;
#9562 = VERTEX_POINT ( 'NONE', #552 ) ;
#9563 = CARTESIAN_POINT ( 'NONE',  ( 25.80335592520014742, 12.10722739096410194, -16.94481186510294535 ) ) ;
#9564 = CIRCLE ( 'NONE', #6559, 2.000000000000001776 ) ;
#9565 = EDGE_CURVE ( 'NONE', #8652, #7405, #872, .T. ) ;
#9566 = CARTESIAN_POINT ( 'NONE',  ( -26.36675168249862722, -9.499115977366688668, -0.1663719924561368468 ) ) ;
#9567 = AXIS2_PLACEMENT_3D ( 'NONE', #1053, #4095, #6208 ) ;
#9568 = CARTESIAN_POINT ( 'NONE',  ( -26.58016325386659773, 7.963276868065189085, 1.335932803610916153 ) ) ;
#9569 = CARTESIAN_POINT ( 'NONE',  ( -0.07239137861977100463, 15.46844551391894917, -25.00000000000000000 ) ) ;
#9570 = CARTESIAN_POINT ( 'NONE',  ( 17.00222037106059503, 5.243897139143112618, -27.09583481050001907 ) ) ;
#9571 = CARTESIAN_POINT ( 'NONE',  ( 18.18977547499115488, -12.99899126765786939, -26.25107203100665387 ) ) ;
#9572 = CARTESIAN_POINT ( 'NONE',  ( 12.22901478587320057, 14.55519494403439928, -15.00000000000000000 ) ) ;
#9573 = DIRECTION ( 'NONE',  ( 0.000000000000000000, 0.000000000000000000, -1.000000000000000000 ) ) ;
#9574 = ORIENTED_EDGE ( 'NONE', *, *, #2456, .F. ) ;
#9575 = DIRECTION ( 'NONE',  ( 1.000000000000000000, 0.000000000000000000, 0.000000000000000000 ) ) ;
#9576 = VERTEX_POINT ( 'NONE', #2901 ) ;
#9577 = EDGE_LOOP ( 'NONE', ( #8051, #5914, #2817, #8296 ) ) ;
#9578 = EDGE_CURVE ( 'NONE', #8347, #750, #7481, .T. ) ;
#9579 = ORIENTED_EDGE ( 'NONE', *, *, #686, .T. ) ;
#9580 = VECTOR ( 'NONE', #9466, 1000.000000000000000 ) ;
#9581 = ORIENTED_EDGE ( 'NONE', *, *, #2904, .F. ) ;
#9582 = LINE ( 'NONE', #1356, #7772 ) ;
#9583 = CARTESIAN_POINT ( 'NONE',  ( 10.60813119133251625, 12.33890491801196454, 0.2496952227791426060 ) ) ;
#9584 = CARTESIAN_POINT ( 'NONE',  ( -25.68679753257472242, -7.519425456379051909, 6.053741700384610347 ) ) ;
#9585 = DIRECTION ( 'NONE',  ( 0.000000000000000000, 0.000000000000000000, -1.000000000000000000 ) ) ;
#9586 = ADVANCED_FACE ( 'NONE', ( #1382 ), #6732, .F. ) ;
#9587 = DIRECTION ( 'NONE',  ( -1.000000000000000000, 0.000000000000000000, -2.478176394252580155E-16 ) ) ;
#9588 = AXIS2_PLACEMENT_3D ( 'NONE', #1675, #6952, #1630 ) ;
#9589 = ORIENTED_EDGE ( 'NONE', *, *, #3301, .F. ) ;
#9590 = ORIENTED_EDGE ( 'NONE', *, *, #5968, .F. ) ;
#9591 = EDGE_CURVE ( 'NONE', #6171, #5481, #219, .T. ) ;
#9592 = ORIENTED_EDGE ( 'NONE', *, *, #1468, .F. ) ;
#9593 = VECTOR ( 'NONE', #6785, 1000.000000000000000 ) ;
#9594 = CARTESIAN_POINT ( 'NONE',  ( -16.57499999999999929, 2.625000000000000000, 27.64663336986830089 ) ) ;
#9595 = EDGE_CURVE ( 'NONE', #6171, #3056, #6881, .T. ) ;
#9596 = CARTESIAN_POINT ( 'NONE',  ( -22.57500000000000284, -7.250000000000000000, 23.09999999999999787 ) ) ;
#9597 = AXIS2_PLACEMENT_3D ( 'NONE', #3405, #1152, #311 ) ;
#9598 = AXIS2_PLACEMENT_3D ( 'NONE', #9441, #2688, #9337 ) ;
#9599 = PLANE ( 'NONE',  #8945 ) ;
#9600 = LINE ( 'NONE', #9644, #4152 ) ;
#9601 = EDGE_CURVE ( 'NONE', #7267, #816, #3139, .T. ) ;
#9602 = CARTESIAN_POINT ( 'NONE',  ( 12.68389275664015692, 13.65624028476345941, -25.53299066420118280 ) ) ;
#9603 = CARTESIAN_POINT ( 'NONE',  ( -1.122604028082863969, 14.52279140376062117, -14.00000000000000000 ) ) ;
#9604 = PLANE ( 'NONE',  #4163 ) ;
#9605 = VECTOR ( 'NONE', #4621, 1000.000000000000000 ) ;
#9606 = ORIENTED_EDGE ( 'NONE', *, *, #6335, .T. ) ;
#9607 = VECTOR ( 'NONE', #5849, 1000.000000000000000 ) ;
#9608 = CARTESIAN_POINT ( 'NONE',  ( 15.12500000000000000, 2.625000000000000000, 18.55336663013169840 ) ) ;
#9609 = VECTOR ( 'NONE', #44, 1000.000000000000000 ) ;
#9610 = FACE_BOUND ( 'NONE', #9532, .T. ) ;
#9611 = LINE ( 'NONE', #5060, #3149 ) ;
#9612 = DIRECTION ( 'NONE',  ( 0.000000000000000000, 0.000000000000000000, -1.000000000000000000 ) ) ;
#9613 = CARTESIAN_POINT ( 'NONE',  ( 7.892821784336608637, -12.09999999999999964, -29.80643373951744834 ) ) ;
#9614 = LINE ( 'NONE', #2854, #9607 ) ;
#9615 = FACE_OUTER_BOUND ( 'NONE', #1017, .T. ) ;
#9616 = DIRECTION ( 'NONE',  ( 0.000000000000000000, 0.000000000000000000, -1.000000000000000000 ) ) ;
#9617 = VERTEX_POINT ( 'NONE', #5257 ) ;
#9618 = CARTESIAN_POINT ( 'NONE',  ( 24.10094804774717048, 12.32097607832217712, -20.23910493708268277 ) ) ;
#9619 = CARTESIAN_POINT ( 'NONE',  ( -13.15292582382314635, 14.94178165468042252, -8.402127965838475987 ) ) ;
#9620 = FACE_OUTER_BOUND ( 'NONE', #5717, .T. ) ;
#9621 = CARTESIAN_POINT ( 'NONE',  ( 10.76555194180656727, -12.29292342182330877, 0.2894572027033877060 ) ) ;
#9622 = CARTESIAN_POINT ( 'NONE',  ( 25.18985677261009926, -12.18418746560189092, -15.98032509139986423 ) ) ;
#9623 = CARTESIAN_POINT ( 'NONE',  ( 22.30353051211309889, -12.53698625955262003, -21.14382711644890023 ) ) ;
#9624 = CARTESIAN_POINT ( 'NONE',  ( -6.625000000000000000, -8.000000000000000000, 3.420050125084594688E-15 ) ) ;
#9625 = CARTESIAN_POINT ( 'NONE',  ( 7.129014785873200033, 17.98421494571415025, -25.00000000000000000 ) ) ;
#9626 = ORIENTED_EDGE ( 'NONE', *, *, #2071, .F. ) ;
#9627 = CARTESIAN_POINT ( 'NONE',  ( 26.62500000000000355, -9.421271585647016167, 0.3442764223529019563 ) ) ;
#9628 = ORIENTED_EDGE ( 'NONE', *, *, #3741, .T. ) ;
#9629 = ORIENTED_EDGE ( 'NONE', *, *, #5195, .F. ) ;
#9630 = VERTEX_POINT ( 'NONE', #7574 ) ;
#9631 = ORIENTED_EDGE ( 'NONE', *, *, #8214, .F. ) ;
#9632 = CARTESIAN_POINT ( 'NONE',  ( 26.62500000000000000, -8.000000000000000000, -12.03976285529073920 ) ) ;
#9633 = FACE_OUTER_BOUND ( 'NONE', #7100, .T. ) ;
#9634 = LINE ( 'NONE', #2874, #8309 ) ;
#9635 = DIRECTION ( 'NONE',  ( 1.000000000000000000, 0.000000000000000000, 2.881657216719184962E-16 ) ) ;
#9636 = DIRECTION ( 'NONE',  ( -1.000000000000000000, 0.000000000000000000, 0.000000000000000000 ) ) ;
#9637 = VERTEX_POINT ( 'NONE', #879 ) ;
#9638 = EDGE_LOOP ( 'NONE', ( #1963, #3758, #3883, #4739, #6337 ) ) ;
#9639 = VERTEX_POINT ( 'NONE', #45 ) ;
#9640 = EDGE_CURVE ( 'NONE', #8000, #3068, #7159, .T. ) ;
#9641 = DIRECTION ( 'NONE',  ( -1.000000000000000000, 2.164016633576080066E-32, 0.000000000000000000 ) ) ;
#9642 = CARTESIAN_POINT ( 'NONE',  ( -22.64564659272622293, -2.083979104187821285, 20.49655914526449507 ) ) ;
#9643 = LINE ( 'NONE', #3476, #5473 ) ;
#9644 = CARTESIAN_POINT ( 'NONE',  ( -19.62500000000000000, -15.00000000000000000, -39.30000000000000426 ) ) ;
#9645 = FACE_OUTER_BOUND ( 'NONE', #7059, .T. ) ;
#9646 = LINE ( 'NONE', #8163, #947 ) ;
#9647 = APPROVAL_ROLE ( '' ) ;
#9648 = CARTESIAN_POINT ( 'NONE',  ( 12.37756748621787928, 13.96661021784550272, -14.80008649806539367 ) ) ;
#9649 = VERTEX_POINT ( 'NONE', #9149 ) ;
#9650 = EDGE_CURVE ( 'NONE', #7615, #6554, #9196, .T. ) ;
#9651 = CARTESIAN_POINT ( 'NONE',  ( -25.77483087599846456, -9.143235943102848040, 5.161168187383188943 ) ) ;
#9652 = EDGE_CURVE ( 'NONE', #7063, #3472, #2350, .T. ) ;
#9653 = CARTESIAN_POINT ( 'NONE',  ( -24.62500000000000000, -8.000000000000000000, -36.29999999999999716 ) ) ;
#9654 = CARTESIAN_POINT ( 'NONE',  ( -22.62256308275784633, 12.00000000000000000, -0.2792407799438629823 ) ) ;
#9655 = DIRECTION ( 'NONE',  ( 0.5556174052149495113, 0.8314380909136932507, 0.000000000000000000 ) ) ;
#9656 = DIRECTION ( 'NONE',  ( 2.164016633576080066E-32, -1.000000000000000000, -7.509625437129029427E-17 ) ) ;
#9657 = CARTESIAN_POINT ( 'NONE',  ( -25.16583269131955092, 7.100000000000000533, -36.29999999999999716 ) ) ;
#9658 = CARTESIAN_POINT ( 'NONE',  ( -10.43261184457519875, 28.10000000000000142, -16.19238815542514942 ) ) ;
#9659 = DIRECTION ( 'NONE',  ( 1.000000000000000000, 0.000000000000000000, 0.000000000000000000 ) ) ;
#9660 = VERTEX_POINT ( 'NONE', #8410 ) ;
#9661 = CARTESIAN_POINT ( 'NONE',  ( 25.75185937549460036, 12.11275902115984060, -12.03976285529073920 ) ) ;
#9662 = EDGE_CURVE ( 'NONE', #580, #128, #5439, .T. ) ;
#9663 = EDGE_CURVE ( 'NONE', #3466, #6802, #1656, .T. ) ;
#9664 = EDGE_CURVE ( 'NONE', #9029, #9129, #9348, .T. ) ;
#9665 = VECTOR ( 'NONE', #5881, 1000.000000000000000 ) ;
#9666 = VECTOR ( 'NONE', #5388, 1000.000000000000000 ) ;
#9667 = CARTESIAN_POINT ( 'NONE',  ( -25.98108663323632683, -10.22068340119507290, -0.4068944670649415896 ) ) ;
#9668 = CARTESIAN_POINT ( 'NONE',  ( -22.91199948483060922, 11.99914153647505621, -0.9997138454915522887 ) ) ;
#9669 = CARTESIAN_POINT ( 'NONE',  ( -12.46400011888268189, 13.93143525668638816, -37.67321158809962611 ) ) ;
#9670 = CARTESIAN_POINT ( 'NONE',  ( 17.29959334803209359, 4.910178576097319336, -26.88898487928914705 ) ) ;
#9671 = CARTESIAN_POINT ( 'NONE',  ( 18.55986236122889821, -12.95899549045716093, -24.78275314811234864 ) ) ;
#9672 = FACE_OUTER_BOUND ( 'NONE', #7057, .T. ) ;
#9673 = CARTESIAN_POINT ( 'NONE',  ( -13.57499999999999574, 14.25802469893175584, -1.752675336226261926 ) ) ;
#9674 = ORIENTED_EDGE ( 'NONE', *, *, #5915, .F. ) ;
#9675 = CARTESIAN_POINT ( 'NONE',  ( 26.62499999999999289, 10.21831493762924481, 0.09529975248294091095 ) ) ;
#9676 = VERTEX_POINT ( 'NONE', #7527 ) ;
#9677 = ORIENTED_EDGE ( 'NONE', *, *, #3691, .F. ) ;
#9678 = CIRCLE ( 'NONE', #6513, 1.999999999999998224 ) ;
#9679 = EDGE_LOOP ( 'NONE', ( #6102, #6995, #1537, #7568, #2599, #9324, #8392, #6105, #7647, #2043 ) ) ;
#9680 = ORIENTED_EDGE ( 'NONE', *, *, #2160, .T. ) ;
#9681 = DIRECTION ( 'NONE',  ( 1.765621858500564986E-16, 0.000000000000000000, -1.000000000000000000 ) ) ;
#9683 = DIRECTION ( 'NONE',  ( 0.000000000000000000, 0.000000000000000000, -1.000000000000000000 ) ) ;
#9682 = AXIS2_PLACEMENT_3D ( 'NONE', #1511, #8996, #4501 ) ;
#9684 = LINE ( 'NONE', #2925, #2329 ) ;
#9685 = DIRECTION ( 'NONE',  ( 1.000000000000000000, 0.000000000000000000, 0.000000000000000000 ) ) ;
#9686 = DIRECTION ( 'NONE',  ( 0.000000000000000000, 0.000000000000000000, -1.000000000000000000 ) ) ;
#9687 = ORIENTED_EDGE ( 'NONE', *, *, #5966, .T. ) ;
#9688 = ORIENTED_EDGE ( 'NONE', *, *, #6680, .F. ) ;
#9689 = ORIENTED_EDGE ( 'NONE', *, *, #4877, .F. ) ;
#9690 = LOCAL_TIME ( 9, 51, 0.000000000000000000, #8263 ) ;
#9691 = LINE ( 'NONE', #7371, #9347 ) ;
#9692 = LINE ( 'NONE', #4454, #7356 ) ;
#9693 = LINE ( 'NONE', #2740, #7533 ) ;
#9694 = CARTESIAN_POINT ( 'NONE',  ( -26.84991221830399866, -8.103426060940028819, 9.770281504007389373 ) ) ;
#9695 = DIRECTION ( 'NONE',  ( 0.000000000000000000, 0.7071067811865464625, -0.7071067811865485719 ) ) ;
#9696 = APPROVAL_ROLE ( '' ) ;
#9697 = CARTESIAN_POINT ( 'NONE',  ( 8.488759283949530499, -11.43122569245659825, -31.73230799024445048 ) ) ;
#9698 = EDGE_LOOP ( 'NONE', ( #8878, #4098, #6751, #5929, #2868 ) ) ;
#9699 = EDGE_CURVE ( 'NONE', #2183, #471, #1710, .T. ) ;
#9700 = DIRECTION ( 'NONE',  ( 1.492235248152091785E-16, -7.461176240760458925E-17, -1.000000000000000000 ) ) ;
#9701 = CARTESIAN_POINT ( 'NONE',  ( -24.62500000000000000, 8.000000000000000000, -39.30000000000000426 ) ) ;
#9702 = DIRECTION ( 'NONE',  ( -1.334402673828310085E-15, -1.000000000000000000, 0.000000000000000000 ) ) ;
#9703 = CARTESIAN_POINT ( 'NONE',  ( -24.51060504994320866, -7.935166897823593857, 9.620532141584204666 ) ) ;
#9704 = DIRECTION ( 'NONE',  ( 0.000000000000000000, 1.000000000000000000, 8.587739980083199972E-17 ) ) ;
#9705 = DIRECTION ( 'NONE',  ( 0.000000000000000000, 0.000000000000000000, 1.000000000000000000 ) ) ;
#9706 = CARTESIAN_POINT ( 'NONE',  ( -26.62500000000000000, -2.625000000000000000, 27.64663336986830089 ) ) ;
#9707 = ORIENTED_EDGE ( 'NONE', *, *, #9533, .F. ) ;
#9708 = CARTESIAN_POINT ( 'NONE',  ( 23.35689038437434917, 12.41102643364025937, -19.73160167710770097 ) ) ;
#9709 = EDGE_CURVE ( 'NONE', #9552, #7997, #3373, .T. ) ;
#9710 = VECTOR ( 'NONE', #3599, 1000.000000000000000 ) ;
#9711 = CARTESIAN_POINT ( 'NONE',  ( -24.67645333411234887, -11.44422839585161888, -0.04619482448608300262 ) ) ;
#9712 = CARTESIAN_POINT ( 'NONE',  ( -23.29858959624625214, 12.64924272644097947, -1.216414242146985902 ) ) ;
#9713 = CARTESIAN_POINT ( 'NONE',  ( 18.72306947511029662, 12.00267079892757494, -25.84365468150829059 ) ) ;
#9714 = DIRECTION ( 'NONE',  ( 0.000000000000000000, 0.000000000000000000, 1.000000000000000000 ) ) ;
#9715 = AXIS2_PLACEMENT_3D ( 'NONE', #1420, #4412, #5935 ) ;
#9716 = EDGE_CURVE ( 'NONE', #7645, #4882, #5740, .T. ) ;
#9717 = CARTESIAN_POINT ( 'NONE',  ( 11.72693373567775943, -13.63166252398676193, -29.18520808325915183 ) ) ;
#9718 = DIRECTION ( 'NONE',  ( 0.000000000000000000, 0.000000000000000000, -1.000000000000000000 ) ) ;
#9719 = CARTESIAN_POINT ( 'NONE',  ( -16.82014927064014742, 14.30968822239393212, -1.769896074131302566 ) ) ;
#9720 = B_SPLINE_CURVE_WITH_KNOTS ( 'NONE', 3,
 ( #2605, #2446, #3929, #5446, #3289, #401, #8617, #1869, #987, #7882, #6293, #9315, #245, #5503, #3392, #3236, #6394, #9414, #2553, #2654, #5652, #8570, #4664, #8466, #3974, #1817, #7825, #1086, #2798, #3583, #2895, #8672, #1969, #4319, #4177, #8029, #3487, #5746, #4366, #1918, #6491, #1189, #9510, #6446, #4273, #2014, #1329, #8852, #593, #8811, #7333, #6588, #2707, #3637, #2851, #7188 ),
 .UNSPECIFIED., .F., .F.,
 ( 4, 2, 2, 1, 2, 2, 2, 2, 1, 1, 1, 2, 2, 2, 2, 2, 2, 2, 2, 2, 2, 1, 1, 2, 2, 2, 2, 2, 2, 2, 4 ),
 ( 0.000000000000000000, 0.06249999999999564237, 0.09374999999999340805, 0.1093749999999921313, 0.1171874999999911737, 0.1249999999999902300, 0.1874999999999830691, 0.2187499999999799882, 0.2343749999999778511, 0.2421874999999773792, 0.2460937499999766020, 0.2480468749999760747, 0.2499999999999755473, 0.3124999999999850120, 0.3437499999999889533, 0.3593749999999902855, 0.3671874999999916178, 0.3749999999999929501, 0.4375000000000095479, 0.4687500000000170974, 0.4843750000000209277, 0.4921875000000215938, 0.4960937500000220934, 0.4980468750000223155, 0.5000000000000225375, 0.6250000000000149880, 0.6875000000000121014, 0.7187500000000107692, 0.7500000000000093259, 0.8750000000000046629, 1.000000000000000000 ),
 .UNSPECIFIED. ) ;
#9721 = EDGE_LOOP ( 'NONE', ( #4248, #4906, #4160, #9628, #6509, #19, #8721, #2273 ) ) ;
#9722 = CARTESIAN_POINT ( 'NONE',  ( 26.62500000000000355, -10.08069068229815812, 0.1285456895479441808 ) ) ;
#9723 = ORIENTED_EDGE ( 'NONE', *, *, #8556, .F. ) ;
#9724 = EDGE_CURVE ( 'NONE', #9198, #8838, #9132, .T. ) ;
#9725 = ORIENTED_EDGE ( 'NONE', *, *, #6976, .F. ) ;
#9726 = ORIENTED_EDGE ( 'NONE', *, *, #7699, .T. ) ;
#9727 = AXIS2_PLACEMENT_3D ( 'NONE', #281, #4860, #6279 ) ;
#9728 = VECTOR ( 'NONE', #4976, 1000.000000000000000 ) ;
#9729 = ORIENTED_EDGE ( 'NONE', *, *, #5282, .F. ) ;
#9730 = DIRECTION ( 'NONE',  ( -1.000000000000000000, 0.000000000000000000, 0.000000000000000000 ) ) ;
#9731 = DIRECTION ( 'NONE',  ( 1.000000000000000000, 0.000000000000000000, 2.881657216719184962E-16 ) ) ;
#9732 = LINE ( 'NONE', #670, #5458 ) ;
#9733 = CARTESIAN_POINT ( 'NONE',  ( -22.51074685317618318, -11.57820821025981317, 8.605745400281712421 ) ) ;
#9734 = CARTESIAN_POINT ( 'NONE',  ( -26.62500000000000000, 11.00000000000000000, -4.000000000000000000 ) ) ;
#9735 = EDGE_LOOP ( 'NONE', ( #5139, #5677, #9334, #8638, #2237 ) ) ;
#9736 = EDGE_LOOP ( 'NONE', ( #819, #1108 ) ) ;
#9737 = VECTOR ( 'NONE', #2973, 1000.000000000000000 ) ;
#9738 = ORIENTED_EDGE ( 'NONE', *, *, #1091, .F. ) ;
#9739 = CARTESIAN_POINT ( 'NONE',  ( -16.57499999999999929, -2.625000000000000000, 26.59663336986829663 ) ) ;
#9740 = CIRCLE ( 'NONE', #5468, 6.999999999999999112 ) ;
#9741 = DIRECTION ( 'NONE',  ( 0.000000000000000000, -7.242684271981951989E-17, -1.000000000000000000 ) ) ;
#9742 = CARTESIAN_POINT ( 'NONE',  ( -22.88097141683693536, 0.8188260212981034458, 17.69422503983547301 ) ) ;
#9743 = DIRECTION ( 'NONE',  ( 1.000000000000000000, 0.000000000000000000, 0.000000000000000000 ) ) ;
#9744 = CARTESIAN_POINT ( 'NONE',  ( -25.54054415919495113, 11.75032004146287967, -0.9167733471542859336 ) ) ;
#9745 = PLANE ( 'NONE',  #9682 ) ;
#9746 = VECTOR ( 'NONE', #490, 1000.000000000000000 ) ;
#9747 = ORIENTED_EDGE ( 'NONE', *, *, #1354, .F. ) ;
#9748 = B_SPLINE_CURVE_WITH_KNOTS ( 'NONE', 2,
 ( #5137, #3565, #4447 ),
 .UNSPECIFIED., .F., .F.,
 ( 3, 3 ),
 ( 0.08816404660611880384, 0.1835034202300999950 ),
 .UNSPECIFIED. ) ;
#9749 = VECTOR ( 'NONE', #6071, 1000.000000000000000 ) ;
#9750 = VECTOR ( 'NONE', #2826, 1000.000000000000000 ) ;
#9751 = CARTESIAN_POINT ( 'NONE',  ( -24.41746279225635163, -10.71143678692332735, 6.505745400281711888 ) ) ;
#9752 = CARTESIAN_POINT ( 'NONE',  ( -24.42361805431617583, -8.250766195921332979, 9.901413092113102721 ) ) ;
#9753 = CARTESIAN_POINT ( 'NONE',  ( -23.16053390593274841, -15.00000000000000000, -23.53553390593269867 ) ) ;
#9754 = AXIS2_PLACEMENT_3D ( 'NONE', #251, #5400, #4576 ) ;
#9755 = DIRECTION ( 'NONE',  ( -1.000000000000000000, 0.000000000000000000, -1.765621858500564986E-16 ) ) ;
#9756 = CARTESIAN_POINT ( 'NONE',  ( -11.96499999999999986, 10.09999999999999964, -29.30000000000000071 ) ) ;
#9757 = DIRECTION ( 'NONE',  ( 0.000000000000000000, 0.000000000000000000, -1.000000000000000000 ) ) ;
#9758 = ORIENTED_EDGE ( 'NONE', *, *, #7520, .F. ) ;
#9759 = CARTESIAN_POINT ( 'NONE',  ( -1.122604028082863969, 14.52279140376062117, -14.00000000000000000 ) ) ;
ENDSEC;
END-ISO-10303-21;
